method,length,sample_idx,rmse_p,range_p,nrmse_p
unguided_dpf,50,0,0.03213812766725863,0.18777114914471416,0.21194865204920668
guided_dpf,50,0,0.008951932555780945,0.18689036010281432,0.059986500141071125
unguided_dpf,50,1,0.019410002217211564,0.20177150518321865,0.10936461006229152
guided_dpf,50,1,0.007132071707610478,0.21093052857056502,0.04498466755730975
unguided_dpf,50,2,0.03565877457911492,0.13153864072539426,0.5860161118533578
guided_dpf,50,2,0.004813946316765264,0.13296086533117685,0.07595707308325578
unguided_dpf,50,3,0.033132980019493254,0.10622401561000634,0.48523677798178655
guided_dpf,50,3,0.02305107259878871,0.11714704217708675,0.24100674797525715
unguided_dpf,50,4,0.022700707912742858,0.18767046305404808,0.14111673055557963
guided_dpf,50,4,0.009379212027245827,0.17870861113383305,0.05306005221604477
unguided_dpf,50,5,0.03529315145387502,0.254539112700263,0.1374023101889775
guided_dpf,50,5,0.011982456092219757,0.24164313688497088,0.051026333653802956
unguided_dpf,50,6,0.02756889047199197,0.2097251286236871,0.24176271299453936
guided_dpf,50,6,0.008028297624680618,0.2105619460410494,0.056893997837204724
unguided_dpf,50,7,0.0355979596655037,0.2248662376905659,0.16165685869844293
guided_dpf,50,7,0.008689241605624906,0.21421979037150016,0.06851271573838197
unguided_dpf,50,8,0.016685352264709616,0.25109028704313324,0.06562814107788782
guided_dpf,50,8,0.00412125080636752,0.25644598532193685,0.015641383717808766
unguided_dpf,50,9,0.02482089791586319,0.21854100344996993,0.15643185997853837
guided_dpf,50,9,0.006703272728103237,0.2290371670128607,0.03812259990004471
unguided_dpf,50,10,0.0162259456351293,0.18997720014667893,0.13733726407937327
guided_dpf,50,10,0.006094225072680713,0.18892327214460028,0.03776381010596599
unguided_dpf,50,11,0.034262182125154805,0.16522113953935336,0.47299402171197996
guided_dpf,50,11,0.012280361445588582,0.164578403531913,0.12216566859305474
unguided_dpf,50,12,0.03585729897289433,0.35041482578067856,0.1295569391359349
guided_dpf,50,12,0.020743246779653324,0.3282508591710436,0.08486117999309893
unguided_dpf,50,13,0.042272739575268975,0.15106532439487627,0.3494543662733574
guided_dpf,50,13,0.007773368297213253,0.15587629703170994,0.06905406462902537
unguided_dpf,50,14,0.04084300183650089,0.2807033510618668,0.1370212668614198
guided_dpf,50,14,0.0041442719658065395,0.2770912931749044,0.014398868314756758
unguided_dpf,50,15,0.05285294930625092,0.19200929555390114,0.6021233709129078
guided_dpf,50,15,0.01195145617830195,0.19874924441910993,0.10960692267962546
unguided_dpf,50,16,0.01914934999607293,0.2243670031502024,0.10812038001082479
guided_dpf,50,16,0.004055466361636839,0.22687504916604015,0.015821600551641838
unguided_dpf,50,17,0.047093579907085924,0.29816640040979564,0.24170406302222966
guided_dpf,50,17,0.015110952764203952,0.2898251193356505,0.06099860083544987
unguided_dpf,50,18,0.03854547162327438,0.20095365350595615,0.20883655000172108
guided_dpf,50,18,0.007288903133600643,0.20083018035224443,0.0657788068619227
unguided_dpf,50,19,0.01951272877815983,0.06079599228490492,0.7487234331643356
guided_dpf,50,19,0.0058331530675603425,0.05776302347473855,0.10615399802170689
unguided_dpf,100,0,0.007418991846507621,0.4345170722493695,0.04793995738353082
guided_dpf,100,0,0.0062149106124276855,0.4354790156960174,0.028878282435302632
unguided_dpf,100,1,0.013072810398515678,0.2535476613071144,0.10775584230989467
guided_dpf,100,1,0.0048252498535184376,0.25361866013904816,0.020244084249971483
unguided_dpf,100,2,0.026310950912917987,0.5388764058713611,0.04544688847869555
guided_dpf,100,2,0.010135674387799018,0.5636480611576966,0.019081860958133415
unguided_dpf,100,3,0.017522318096631833,0.4600471545906733,0.08179386159322814
guided_dpf,100,3,0.009730438640188915,0.45792233578924674,0.03554148457139997
unguided_dpf,100,4,0.02097216308428566,0.4448083245218082,0.07337644948438057
guided_dpf,100,4,0.0056403396636708686,0.44656846858090987,0.01645344329929772
unguided_dpf,100,5,0.011668619579832002,0.40292940709004216,0.22243557341555983
guided_dpf,100,5,0.005866835684963291,0.4029780868136886,0.07690261343078508
unguided_dpf,100,6,0.013543766242352142,0.5295988003092891,0.02403456128045701
guided_dpf,100,6,0.0036889939732910795,0.5331613671026729,0.007221588936294185
unguided_dpf,100,7,0.009871268271794529,0.42739981486407896,0.036804559079033246
guided_dpf,100,7,0.007388127069215099,0.4288891389140379,0.022909028665688076
unguided_dpf,100,8,0.03414197751627753,0.5711035718432781,0.05956864200355372
guided_dpf,100,8,0.004338715202008097,0.5699432487886756,0.0078030181103414115
unguided_dpf,100,9,0.014261682589040953,0.45520643393622057,0.049932926710737464
guided_dpf,100,9,0.005234176076963421,0.4504150956496102,0.011239256492616603
unguided_dpf,100,10,0.04005783038030655,0.35032252357306426,0.18068708473863673
guided_dpf,100,10,0.013478405317678134,0.35204606897029445,0.06028312809916664
unguided_dpf,100,11,0.018418081147121238,0.45334340440867105,0.05417851786298363
guided_dpf,100,11,0.0038855500570078526,0.4432585835791362,0.009511151796448373
unguided_dpf,100,12,0.014845843966244976,0.3570055012169219,0.08248237456525986
guided_dpf,100,12,0.0038752138140374973,0.36981876780157,0.017638674815298013
unguided_dpf,100,13,0.022750094810608783,0.35478854620130246,0.15310000358372733
guided_dpf,100,13,0.006521955040087588,0.3549534937400151,0.019641930448163036
unguided_dpf,100,14,0.015749378764283537,0.4576889319006127,0.04258220963514878
guided_dpf,100,14,0.003486739423755139,0.4624860610213469,0.0073305578387507135
unguided_dpf,100,15,0.00893007363543857,0.4877547613407593,0.016561937376582538
guided_dpf,100,15,0.011669868798814834,0.4857334993704148,0.026973970435682715
unguided_dpf,100,16,0.020471090886535998,0.3347987614463827,0.6635348197287604
guided_dpf,100,16,0.005286542071451955,0.33569256385792867,0.1290214586715779
unguided_dpf,100,17,0.00966734265524206,0.45686805145456216,0.032380130994395885
guided_dpf,100,17,0.004528383470596758,0.45653623551752914,0.015323699694705315
unguided_dpf,100,18,0.01935429008067925,0.5092360215586057,0.03767230241979218
guided_dpf,100,18,0.009745217791362054,0.5098431245586473,0.018734967410345218
unguided_dpf,100,19,0.03066627990409727,0.44959450314503185,0.07152037389538819
guided_dpf,100,19,0.00793165274885506,0.4496202615389981,0.02013392423821415
unguided_dpf,150,0,0.009487940009768936,0.5953882946227362,0.019075255403204042
guided_dpf,150,0,0.008869468313527466,0.596058272301617,0.02131595259916405
unguided_dpf,150,1,0.011393073530769357,0.7483735123674894,0.013834898984516111
guided_dpf,150,1,0.0064093772942567925,0.7504270468692384,0.008166463129493968
unguided_dpf,150,2,0.023945229305371584,0.6744945478615304,0.07116992007413094
guided_dpf,150,2,0.005896826575405827,0.6844909248699266,0.009929693635210464
unguided_dpf,150,3,0.021366647747906014,0.6381474592186853,0.055395439707231674
guided_dpf,150,3,0.0052996039451514605,0.6398142171785591,0.006410234562273645
unguided_dpf,150,4,0.01938625111504452,0.7286747102336978,0.025900425179332397
guided_dpf,150,4,0.006909039852403709,0.7342459002050217,0.009512664577807013
unguided_dpf,150,5,0.025946571388129013,0.6615299976699266,0.05301099567301907
guided_dpf,150,5,0.005522875971319084,0.6458776266660796,0.00958532034997453
unguided_dpf,150,6,0.011347153510438112,0.6325395409428644,0.034437873740568975
guided_dpf,150,6,0.0035353814172055,0.6315068655431509,0.009509274964035417
unguided_dpf,150,7,0.010032554777899506,0.7877981132926121,0.012225265440290574
guided_dpf,150,7,0.007549718164403402,0.785008363332882,0.009857569715066293
unguided_dpf,150,8,0.008018346332279245,0.4672777477519701,0.09125936962482427
guided_dpf,150,8,0.009120345533072545,0.471562382342061,0.09727724449786912
unguided_dpf,150,9,0.03849556045676076,0.6803956728922552,0.07219736437573004
guided_dpf,150,9,0.004015709039514895,0.6749930397252211,0.006640840328712558
unguided_dpf,150,10,0.005128063267012464,0.6157922672627144,0.017108809403835013
guided_dpf,150,10,0.008364384791224448,0.6124331185974855,0.019328165531145833
unguided_dpf,150,11,0.029931671733646498,0.5915754533122839,0.05931543316422857
guided_dpf,150,11,0.004614544391849151,0.5961755066095097,0.009717848627655424
unguided_dpf,150,12,0.025883668203978073,0.7596663143733821,0.033964793277115234
guided_dpf,150,12,0.006616627934647197,0.7284278860538537,0.009788722630943984
unguided_dpf,150,13,0.03553589182295048,0.6000464874939322,0.1119844951284481
guided_dpf,150,13,0.005744818282084661,0.6105478206798193,0.029724689060905612
unguided_dpf,150,14,0.010469258021415443,0.6074201279865052,0.12529887953064203
guided_dpf,150,14,0.005849070677993901,0.6079254384087164,0.028871860004040708
unguided_dpf,150,15,0.023521644798486552,0.6664308457453515,0.02779106493663383
guided_dpf,150,15,0.01196177777949234,0.6720126553736167,0.014431664843560907
unguided_dpf,150,16,0.01266308948514372,0.3989879090998754,0.04367834914184703
guided_dpf,150,16,0.0098298184554109,0.4066424322951688,0.040270205748933814
unguided_dpf,150,17,0.06914612100972076,0.7119126105597798,0.12728653706277637
guided_dpf,150,17,0.009546624380644847,0.7188166129783221,0.016051833317608507
unguided_dpf,150,18,0.024067129176125034,0.2523775906482563,0.1329493615296193
guided_dpf,150,18,0.0024768998314425327,0.2511250370988267,0.011746821843225952
unguided_dpf,150,19,0.011042413037358085,0.6580807351488452,0.01769046878670086
guided_dpf,150,19,0.00946957305045289,0.6587922453345478,0.016273973940532507
unguided_dpf,200,0,0.014647314428640751,0.8189859488947672,0.0380146909503648
guided_dpf,200,0,0.009939768485667182,0.811292875435954,0.017602101453474798
unguided_dpf,200,1,0.056810262406024305,1.0106045400419186,0.05630591536200678
guided_dpf,200,1,0.007792240594397533,1.062635834235313,0.007030310795690535
unguided_dpf,200,2,0.015719288810521436,0.832205268793406,0.12498849176005329
guided_dpf,200,2,0.00765802361586692,0.8382504833296854,0.02215985407825774
unguided_dpf,200,3,0.029621277460575277,0.8063263701160563,0.05071287746499444
guided_dpf,200,3,0.012826419356909738,0.8070076540167075,0.022771959678707765
unguided_dpf,200,4,0.03509662120310412,0.750502395266533,0.1238183257509946
guided_dpf,200,4,0.012717994954047044,0.7542018765419481,0.04241004996476411
unguided_dpf,200,5,0.03240930087592034,0.8850487066808418,0.040137511842647446
guided_dpf,200,5,0.006468941825276418,0.8869213199442186,0.008346722591008876
unguided_dpf,200,6,0.011583856580927093,0.8242996899931946,0.03214763615198881
guided_dpf,200,6,0.00735866546891565,0.8131637342155518,0.02908971899573866
unguided_dpf,200,7,0.027982735076557973,0.843913695438908,0.05071177340795858
guided_dpf,200,7,0.009468616313762562,0.8522337927924474,0.018494079192403593
unguided_dpf,200,8,0.023334598195553124,0.7182068994746418,0.23297434539434425
guided_dpf,200,8,0.016574073338771485,0.7248918394924169,0.23998088286951427
unguided_dpf,200,9,0.04247549808790102,0.905930202643301,0.040566955919281604
guided_dpf,200,9,0.006551984756806961,0.9463927320365674,0.006411766016162696
unguided_dpf,200,10,0.012338124395010752,0.8470429008445205,0.022793655003003815
guided_dpf,200,10,0.004656612525872819,0.8505219444507254,0.006790514483497808
unguided_dpf,200,11,0.05098732885719992,0.941225689611828,0.04118004310319743
guided_dpf,200,11,0.053565961922715954,0.9717466050528478,0.046209642265483096
unguided_dpf,200,12,0.015172405789004842,0.517969503451264,0.1315262492341526
guided_dpf,200,12,0.014156572869068037,0.5281621174515772,0.12210511754058524
unguided_dpf,200,13,0.021785271759190594,0.592438449782655,0.03889982504221021
guided_dpf,200,13,0.011736942132866355,0.5911790784749922,0.019201384662381457
unguided_dpf,200,14,0.019620440480484738,0.9564024461506412,0.023824320715203396
guided_dpf,200,14,0.006999234056932994,0.948393852345295,0.008232959715645125
unguided_dpf,200,15,0.02066668911497888,0.5810347255631435,0.12033955607647555
guided_dpf,200,15,0.005890378549788774,0.5723022000448187,0.03717225772769159
unguided_dpf,200,16,0.007969432940279277,0.6857827330711664,0.08656551013899667
guided_dpf,200,16,0.00750303154047158,0.6850065679893751,0.07647858284113694
unguided_dpf,200,17,0.028954343752144004,0.9334415250622715,0.06441362757872236
guided_dpf,200,17,0.0072758794206595374,0.9540732842989262,0.009858599420772362
unguided_dpf,200,18,0.011006301049282428,0.821669956855735,0.012799507447925152
guided_dpf,200,18,0.008114559816680642,0.8248231549166049,0.009144044802788505
unguided_dpf,200,19,0.039158776575277915,1.0542803592733563,0.04100870671734067
guided_dpf,200,19,0.0067399605040754295,1.0521364786192602,0.006492992144432823
unguided_dpf,250,0,0.01598313212512626,1.1653563541683918,0.02462193698939395
guided_dpf,250,0,0.006917374490489704,1.1538592111428454,0.0072816630251539465
unguided_dpf,250,1,0.023921278609137304,1.2644183310262858,0.018534619291286535
guided_dpf,250,1,0.009956436123383289,1.2473955748882988,0.007979596180710733
unguided_dpf,250,2,0.01895016226583438,0.9312601805191839,0.10596483577653727
guided_dpf,250,2,0.020383101761357506,0.9289142199134823,0.11505436788385831
unguided_dpf,250,3,0.024440860797719316,0.951003738751473,0.2219963466757486
guided_dpf,250,3,0.012376191421103092,0.9518043188216883,0.10551282547335239
unguided_dpf,250,4,0.043679311900912766,1.1303316787866737,0.033382103055952336
guided_dpf,250,4,0.01726426468373726,1.1319927069509126,0.015231771926656182
unguided_dpf,250,5,0.012510393892281481,1.216372291847144,0.01095099819782902
guided_dpf,250,5,0.007837128766595028,1.2183617780742584,0.006337140669972381
unguided_dpf,250,6,0.018969049214537678,1.1403470711934165,0.027758528497815713
guided_dpf,250,6,0.006083423512262479,1.1390183020247098,0.0072804939830448155
unguided_dpf,250,7,0.013991366003442642,0.8801127737895523,0.022093460670548255
guided_dpf,250,7,0.017748650442531724,0.8719302757981756,0.020003098471476966
unguided_dpf,250,8,0.02588009094208052,1.1786272019840496,0.022736208986382237
guided_dpf,250,8,0.025127287588815866,1.1739522672183,0.020611275822978187
unguided_dpf,250,9,0.030772768459967254,1.057089283197448,0.03306539221589546
guided_dpf,250,9,0.011985524250652219,1.0871034035950735,0.011116975746280774
unguided_dpf,250,10,0.021804137400471824,1.1406412300841164,0.0313509624598294
guided_dpf,250,10,0.013993983017218532,1.1483370284996877,0.019636705719701407
unguided_dpf,250,11,0.025400286173796277,1.0857226203171197,0.022188438392652873
guided_dpf,250,11,0.017158393717495498,1.0932704696562487,0.020106731922494684
unguided_dpf,250,12,0.013701839873659255,1.1904292401794099,0.013501213558951173
guided_dpf,250,12,0.013537102349266679,1.1881174685195217,0.010863573305486868
unguided_dpf,250,13,0.012872998951646284,0.9746471526976498,0.012900027371446866
guided_dpf,250,13,0.013090816337534575,0.9720366063631897,0.012765562488092257
unguided_dpf,250,14,0.20840909298321134,0.6669107268809417,4.278840188014329
guided_dpf,250,14,0.019000642580859643,0.47254993356025926,0.0851806170208634
unguided_dpf,250,15,0.029705518742020504,1.3430945507541512,0.027395463079543343
guided_dpf,250,15,0.010930325667014379,1.3301118691289229,0.009234790559003624
unguided_dpf,250,16,0.013493100590828826,0.7748089051578,0.021529909035788466
guided_dpf,250,16,0.0058871875835507445,0.7730939277243882,0.006834387140511385
unguided_dpf,250,17,0.016682611675161177,1.2127182659291822,0.016588512631700334
guided_dpf,250,17,0.016261283223394544,1.1962827077958096,0.012290768788904784
unguided_dpf,250,18,0.02167224467074505,1.3262690018053334,0.015794289087465618
guided_dpf,250,18,0.005132908597891183,1.3241309171765814,0.003918300789661255
unguided_dpf,250,19,0.018839967315140614,1.217771178186747,0.01465986675327839
guided_dpf,250,19,0.006329971928908555,1.205937856467069,0.005548206658160957
unguided_dpf,300,0,0.016675955118300792,1.2123145519261447,0.01603352967197793
guided_dpf,300,0,0.043436306212424815,1.2049407718364373,0.04161033777964105
unguided_dpf,300,1,0.012825379819349392,1.163082350228299,0.017703922922879093
guided_dpf,300,1,0.019805514578145136,1.1687149683450546,0.022238442605438058
unguided_dpf,300,2,0.08014295683239356,1.4040859698633472,0.05618238207861317
guided_dpf,300,2,0.014256702843840377,1.3584463446132216,0.012845070363307723
unguided_dpf,300,3,0.0330735571293841,0.8454101808893785,0.0663682543086186
guided_dpf,300,3,0.031749599247728806,0.8467045029146436,0.05138033643314554
unguided_dpf,300,4,0.02162860358168887,1.3324562341906712,0.01876932056886592
guided_dpf,300,4,0.008972033583459096,1.3380787110899695,0.009891959517791468
unguided_dpf,300,5,0.031438780714549135,1.0891110843842793,0.03465248096523126
guided_dpf,300,5,0.015038435705572758,1.1015455651294401,0.01509475484719381
unguided_dpf,300,6,0.05188983787326756,1.008295313951122,0.3640863506926724
guided_dpf,300,6,0.010479860367684024,1.1349362664074996,0.014319431095163968
unguided_dpf,300,7,0.02594552836560037,1.4057033001261303,0.018571126256754795
guided_dpf,300,7,0.024389684648819517,1.431307249621628,0.014879183816852874
unguided_dpf,300,8,0.024572375802387598,1.2015946969727713,0.03015503764306383
guided_dpf,300,8,0.008662953167100206,1.2129953564117606,0.014174920638140465
unguided_dpf,300,9,0.017947627821064578,1.1099879691773193,0.013859202447170054
guided_dpf,300,9,0.01378995744888867,1.1078306864816836,0.011418534753901338
unguided_dpf,300,10,0.022951085596332483,0.8692656876164477,0.08337187744554482
guided_dpf,300,10,0.012762572569602755,0.8785619773206639,0.021836190518374942
unguided_dpf,300,11,0.00875428420749025,0.8248288026581273,0.012404536595958443
guided_dpf,300,11,0.00894104736259996,0.828946465854051,0.012105811811564837
unguided_dpf,300,12,0.010592508685150602,1.0212250268015712,0.01674264199425825
guided_dpf,300,12,0.010956391920960679,1.0128569639920826,0.02105953833261409
unguided_dpf,300,13,0.0963527265303727,1.3766947017007902,0.06505192636018527
guided_dpf,300,13,0.016090946632177826,1.3902401665329576,0.01129820573943116
unguided_dpf,300,14,0.016576736510349185,1.3914365794379713,0.009930615042981454
guided_dpf,300,14,0.007280945388377008,1.3901351636298098,0.005752897224573339
unguided_dpf,300,15,0.021402738446229082,1.2699244196098838,0.017860144298782406
guided_dpf,300,15,0.007550660346944345,1.263996424077628,0.006420448127642299
unguided_dpf,300,16,0.01550248260091939,1.5724857724165282,0.010432866049341023
guided_dpf,300,16,0.01073428266833592,1.5697981026618566,0.007284232109081958
unguided_dpf,300,17,0.01121449789899095,1.0037170767449777,0.018641888192254197
guided_dpf,300,17,0.006916860616805326,0.9934292583216529,0.008971757202246121
unguided_dpf,300,18,0.0281934193094265,1.2202004168071585,0.03360473726283771
guided_dpf,300,18,0.01746162356218604,1.2853025808503196,0.01656287966574968
unguided_dpf,300,19,0.02579616043231987,1.3431909346290791,0.034293390785020146
guided_dpf,300,19,0.016019613810639374,1.3570819436700676,0.023145690945658114
unguided_dpf,350,0,0.03741420237676601,1.489774651228,0.021145219782799495
guided_dpf,350,0,0.06366993366119549,1.4820269996825413,0.04001315813670928
unguided_dpf,350,1,0.027861835789420603,1.4963232118640637,0.02338788049772582
guided_dpf,350,1,0.00777907492054124,1.5190154643042197,0.005849920725259701
unguided_dpf,350,2,0.029872062068246052,1.4883599027842938,0.025972258956087197
guided_dpf,350,2,0.006040584518586268,1.4625321650931271,0.005218777807293379
unguided_dpf,350,3,0.04442041751628841,1.1717712554794302,0.08712304662797432
guided_dpf,350,3,0.02923430957358424,1.1846398335132378,0.053908080500245835
unguided_dpf,350,4,0.06286050675202941,1.4511739527731002,0.07320966703399205
guided_dpf,350,4,0.014063142723544197,1.4161124446606088,0.025525196760308923
unguided_dpf,350,5,0.1099005964440483,1.3566734846293553,0.1009512615704647
guided_dpf,350,5,0.0293763165630133,1.4160346024159178,0.034459445642723456
unguided_dpf,350,6,0.04146366896033412,1.6623340378088365,0.022617279292981032
guided_dpf,350,6,0.03838661082812769,1.6789361355742976,0.0185541390287928
unguided_dpf,350,7,0.023075584814649858,1.6169254695772992,0.03521456634238193
guided_dpf,350,7,0.029274939649988174,1.6094834155493647,0.04736922870342893
unguided_dpf,350,8,0.06839590629375801,1.692125968955259,0.03739978249008488
guided_dpf,350,8,0.04652662870592785,1.685178609787938,0.026116021795648387
unguided_dpf,350,9,0.023871849182478273,1.2990256529814694,0.017278859397902017
guided_dpf,350,9,0.02532476730090845,1.2961301801989535,0.019297008118750212
unguided_dpf,350,10,0.2597299466913904,1.2086073131887998,0.3405470921746027
guided_dpf,350,10,0.013901094709841246,0.9392507050909896,0.01915176309889869
unguided_dpf,350,11,0.03258824486917692,1.4303131009420784,0.03237107689559884
guided_dpf,350,11,0.009665218524437056,1.415567736601605,0.008721505601381052
unguided_dpf,350,12,0.023803509057048988,1.6588194686605988,0.01295903527243813
guided_dpf,350,12,0.006309042891090769,1.6462443869419296,0.0037914318583076247
unguided_dpf,350,13,0.028756086652798444,1.3755502603194172,0.06035405762174088
guided_dpf,350,13,0.011111727395157743,1.3605938530765729,0.024265455612549374
unguided_dpf,350,14,0.009291594534501754,1.669876664180966,0.006517698754736681
guided_dpf,350,14,0.010180007256576114,1.6657682093233568,0.007337216690391756
unguided_dpf,350,15,0.1788399805292813,1.684671163608283,0.09848964335897732
guided_dpf,350,15,0.06092639273805948,1.6962213515277267,0.03144419397764462
unguided_dpf,350,16,0.03706758936552624,1.6984671826578424,0.021721348103297344
guided_dpf,350,16,0.014605544482227074,1.7054165902297111,0.00837771247043863
unguided_dpf,350,17,0.018925761355358586,1.536066960843474,0.03151440876687735
guided_dpf,350,17,0.01779988348558076,1.5588394436081963,0.020486366228757515
unguided_dpf,350,18,0.06761586015934526,1.8456035134145878,0.05249445891096661
guided_dpf,350,18,0.013232108543165035,1.7815281026075833,0.011503953526424587
unguided_dpf,350,19,0.035842171667528074,1.46329702043527,0.03274981694084789
guided_dpf,350,19,0.039913052868502316,1.5581212953284176,0.03367728811088966
unguided_dpf,400,0,0.03284635633452606,1.6355450703738772,0.01816519777261297
guided_dpf,400,0,0.061830937754283395,1.6233037272091952,0.03992313701933597
unguided_dpf,400,1,0.08871568248832819,1.8215751029392688,0.04848026507439306
guided_dpf,400,1,0.0359113434532844,1.7979657588220033,0.020463992439341328
unguided_dpf,400,2,0.08408006888469342,1.3381791720365452,0.08798546486466004
guided_dpf,400,2,0.010516578023391085,1.3099277741849036,0.015510098142306755
unguided_dpf,400,3,0.034139191579265434,1.8128270161891293,0.029640191111649252
guided_dpf,400,3,0.035144065190599455,1.8250725769983305,0.029185162712578597
unguided_dpf,400,4,0.18583250114473407,1.3764580571882326,0.21730482670715576
guided_dpf,400,4,0.11450826468698048,1.4344190029307409,0.11819868321993754
unguided_dpf,400,5,0.09956680775729682,1.7319835383854727,0.07084015104346329
guided_dpf,400,5,0.029134503226842922,1.6130753325744855,0.0219824415281745
unguided_dpf,400,6,0.020199676853474634,2.062729046110729,0.009840937847715467
guided_dpf,400,6,0.009271929208559779,2.0565040340331198,0.004916291857807126
unguided_dpf,400,7,0.02627265373192239,1.6538413474405507,0.033193419694600095
guided_dpf,400,7,0.017204451557103564,1.6463324299681243,0.018300791245045526
unguided_dpf,400,8,0.06382238653957509,1.1301520142533712,0.10716198374339903
guided_dpf,400,8,0.05574238545618182,1.1364836380633054,0.08983765545249406
unguided_dpf,400,9,0.01669980956169154,1.630148548785973,0.018535568228207466
guided_dpf,400,9,0.010852193865204035,1.6593564647448638,0.009466883405938
unguided_dpf,400,10,0.02486909415644593,1.400767029745954,0.01865562222019584
guided_dpf,400,10,0.05599942448591502,1.3860831014554131,0.039951157263914065
unguided_dpf,400,11,0.03445568149233028,1.8626567146222979,0.027706160592650863
guided_dpf,400,11,0.007429175106651115,1.8584250846117263,0.005143359506925287
unguided_dpf,400,12,0.010008384934407585,2.069030370600643,0.00544091009798683
guided_dpf,400,12,0.0148837450194831,2.0738633462718448,0.008220991413193332
unguided_dpf,400,13,0.10603868044811982,1.8462788850354783,0.05456426494870661
guided_dpf,400,13,0.0508091113150441,1.8729302363044864,0.024733448625358607
unguided_dpf,400,14,0.07861945625507188,1.560316969217087,0.050633756273305276
guided_dpf,400,14,0.010415219659562264,1.6018763239438243,0.009464098346295366
unguided_dpf,400,15,0.023183915853645574,1.6858124760752808,0.04273053356228521
guided_dpf,400,15,0.020394693386862364,1.7257371623331867,0.03474492428789907
unguided_dpf,400,16,0.07634659465396426,1.6832091999643266,0.23985507353646063
guided_dpf,400,16,0.023382614859066352,1.6415310065123452,0.15130452385561874
unguided_dpf,400,17,0.06686394486030517,1.6637531576535374,0.04371238732197739
guided_dpf,400,17,0.0355369253038455,1.6845880492312053,0.022763041822680682
unguided_dpf,400,18,0.05594689255908029,1.8057442876089709,0.04647052245632597
guided_dpf,400,18,0.04178182800813171,1.764828987786597,0.039094220338629006
unguided_dpf,400,19,0.03577923684935428,1.5300557351794686,0.4473790661193566
guided_dpf,400,19,0.00905759939294259,1.5805683332358944,0.015429454961379476
unguided_dpf,450,0,0.05229525945981559,1.9181937711495223,0.05252095464386233
guided_dpf,450,0,0.086275852046595,1.8860063598961851,0.11009450708346451
unguided_dpf,450,1,0.034550789793963414,1.7025351421691866,0.06019299781793399
guided_dpf,450,1,0.022062194333402674,1.7999718708356331,0.027724497151457705
unguided_dpf,450,2,0.03436281153237081,1.5098914369078476,0.03155588689318084
guided_dpf,450,2,0.06883328774563123,1.516269103723969,0.04030367330016669
unguided_dpf,450,3,0.06274053236863691,2.305618354863436,0.03220037320775085
guided_dpf,450,3,0.046295465360098376,2.298444121535306,0.026143705810949557
unguided_dpf,450,4,0.05384742336658454,1.3803148635955482,0.22110042490997692
guided_dpf,450,4,0.03372672351665843,1.4452317917702624,0.17540203465386248
unguided_dpf,450,5,0.014699710262385804,1.4145939200797182,0.010627923247807572
guided_dpf,450,5,0.03260345527638331,1.4565958304514905,0.01967762611335698
unguided_dpf,450,6,0.056655951398674485,1.7739040011608103,0.028455560639274263
guided_dpf,450,6,0.05669180289876916,1.7731787176338036,0.02887278397350869
unguided_dpf,450,7,0.05171652414353176,1.1968369091447806,0.18085545255299476
guided_dpf,450,7,0.03511003792882248,1.1992053792047523,0.10570550981539723
unguided_dpf,450,8,0.024934007737755764,1.6819028514982033,0.0219474266216748
guided_dpf,450,8,0.05728128378086802,1.6264876075029155,0.07249546721362256
unguided_dpf,450,9,0.029165511705599962,1.8547111393594458,0.021074173942320567
guided_dpf,450,9,0.02721604840144258,1.8397796911525315,0.021773323266805745
unguided_dpf,450,10,0.016584181271081504,2.3046096717393074,0.007070769115130309
guided_dpf,450,10,0.0064822687358093226,2.3229260101532963,0.002757758292998083
unguided_dpf,450,11,0.08823945503181363,1.5971407188446696,0.36228390350513323
guided_dpf,450,11,0.0379881929076345,1.710692386146418,0.06824148351212013
unguided_dpf,450,12,0.080091009544498,1.496357751233324,0.14300694980577672
guided_dpf,450,12,0.006695626471983703,1.4353230445697154,0.024986757294062644
unguided_dpf,450,13,0.05755480128144244,1.2328373416097642,0.15620481803902697
guided_dpf,450,13,0.02648042041004541,1.2859974722945842,0.05036842156254804
unguided_dpf,450,14,0.04424940417188908,1.8140406118119523,0.12807158352849501
guided_dpf,450,14,0.015598688261540707,1.765610512993753,0.052782990952042926
unguided_dpf,450,15,0.22677463141525012,2.092806770356362,0.1231053084742097
guided_dpf,450,15,0.02718450868749077,1.806731561146625,0.02595883482379442
unguided_dpf,450,16,0.05060180203347225,1.8551687480612156,0.07748718208195765
guided_dpf,450,16,0.024835159613365132,1.7930691288027092,0.04955186627124864
unguided_dpf,450,17,0.09542828471847953,1.886526481126807,0.04687254844624231
guided_dpf,450,17,0.014930158636240929,1.9258659427935492,0.007162695312584177
unguided_dpf,450,18,0.051259146086440575,1.7950465878592892,0.11791213984764796
guided_dpf,450,18,0.036010349922455255,1.854246409212536,0.04645198012380012
unguided_dpf,450,19,0.1153193760516401,2.827715916082795,0.04408443562413705
guided_dpf,450,19,0.02237606351063573,2.717058298229906,0.009559476328553229
unguided_dpf,500,0,0.011523280422343811,2.1218944930792287,0.00869126945262185
guided_dpf,500,0,0.046807247337675495,2.0889557772153986,0.039776218863093606
unguided_dpf,500,1,0.05169594176611017,2.1901514138346942,0.03517990832351364
guided_dpf,500,1,0.026385184776717113,2.3031023661729173,0.015154654068691426
unguided_dpf,500,2,0.10392606568107782,1.7519124143368447,0.2985497884438401
guided_dpf,500,2,0.00818108509853263,1.65562422160299,0.028362957504173936
unguided_dpf,500,3,0.03434438008672685,2.1069189091142775,0.02841028300419253
guided_dpf,500,3,0.02656282897933594,2.1094035867340053,0.023903575031114038
unguided_dpf,500,4,0.12144831501438542,2.380825582026548,0.04628560382939476
guided_dpf,500,4,0.08930413813313103,2.3452375707784565,0.03340917659101176
unguided_dpf,500,5,0.06119936727368014,2.4594251028337393,0.028100533729726786
guided_dpf,500,5,0.014446286881485125,2.4318805964227597,0.006863031606317931
unguided_dpf,500,6,0.07923132732913296,1.4745236485935076,0.8184023316205775
guided_dpf,500,6,0.022101717252650754,1.5991130834625151,0.04483962645293813
unguided_dpf,500,7,0.8355088553758928,2.516254209395887,0.27470022834800667
guided_dpf,500,7,0.08064706682467811,1.835560264980545,0.08091335755941055
unguided_dpf,500,8,0.05627315626119463,1.948049838717344,0.026295624037440225
guided_dpf,500,8,0.01808685348271148,1.909182966369645,0.008379359427805622
unguided_dpf,500,9,0.010975565807440366,2.143497347677333,0.011960616285894385
guided_dpf,500,9,0.006799212227319079,2.169294218143834,0.006315192912448124
unguided_dpf,500,10,0.04479198707188633,2.955249634869498,0.016385888542544896
guided_dpf,500,10,0.012774309273315633,2.844515529804346,0.0044962572998914355
unguided_dpf,500,11,0.04195558065688703,2.584948992731713,0.014694782087203465
guided_dpf,500,11,0.023045402667111473,2.5754907375213865,0.008494342142257963
unguided_dpf,500,12,0.052893248854750836,2.198721603285031,0.05492518346674938
guided_dpf,500,12,0.04304238420422338,2.20826912808975,0.046003599250682176
unguided_dpf,500,13,0.11132443446532059,1.8660059836245473,0.06255361076185637
guided_dpf,500,13,0.17465436235372986,1.9506909234238865,0.0854480484757202
unguided_dpf,500,14,0.1436813270490179,1.8157186515462385,0.3253415468036483
guided_dpf,500,14,0.07200901572885358,1.841627107020827,0.08927878245084202
unguided_dpf,500,15,0.06298990642688294,2.369858408922441,0.03440080569057255
guided_dpf,500,15,0.042403197302541606,2.331862831040188,0.025020731865859677
unguided_dpf,500,16,0.06133269983554346,2.0498269141558674,0.041668434377377404
guided_dpf,500,16,0.06134764990727818,2.0609738599761784,0.04076952567824319
unguided_dpf,500,17,0.011486435274154258,2.948709446029756,0.003935293074202813
guided_dpf,500,17,0.0204037885779601,2.9093464052464846,0.007344614000360089
unguided_dpf,500,18,0.10511618246600989,1.9005943200697661,0.17406377174778317
guided_dpf,500,18,0.021456892368558144,1.9313586819451383,0.036512127515567434
unguided_dpf,500,19,0.04101107108743802,2.069977384447095,0.06811321913137346
guided_dpf,500,19,0.03387015237049058,2.0586652043996416,0.05768313508726286
unguided_dpf,550,0,0.011029237453907992,2.378206527725814,0.006842906393372743
guided_dpf,550,0,0.053238775565766276,2.3416624853560486,0.03597971924045093
unguided_dpf,550,1,0.22762111565761986,2.4569853600630838,0.07640405075022665
guided_dpf,550,1,0.11058131413659594,2.376621280475166,0.03902587056239277
unguided_dpf,550,2,0.05194562844271126,2.897930432651689,0.020454373392023325
guided_dpf,550,2,0.06866460917336165,2.9736240154702642,0.02753260676439141
unguided_dpf,550,3,0.011437613073266127,2.5304165028355654,0.006695216943590307
guided_dpf,550,3,0.036502608036272186,2.594495155636593,0.02192845486479661
unguided_dpf,550,4,0.03247770317903983,2.1374057416958694,0.015768315953485785
guided_dpf,550,4,0.012374904998095501,2.1907243967375845,0.006067690198462053
unguided_dpf,550,5,0.05008607401676005,2.154522693662823,0.1002023370642821
guided_dpf,550,5,0.024207553548998274,2.157121889326501,0.11243803302931106
unguided_dpf,550,6,0.04205153626839849,2.139588063576125,0.04995750212638731
guided_dpf,550,6,0.04673251688822888,2.136309944206585,0.05316870684993293
unguided_dpf,550,7,0.0700682102283942,2.173506622389271,0.07301714859805591
guided_dpf,550,7,0.029367284119539223,2.1100246850246336,0.04037035662288288
unguided_dpf,550,8,0.025379819122169887,2.661057838435515,0.01084803330784396
guided_dpf,550,8,0.01516474825999311,2.675641834029758,0.006445623214420927
unguided_dpf,550,9,0.04840851600332811,2.533677805435627,0.025666005828754668
guided_dpf,550,9,0.01422999856834263,2.616949700165645,0.0062114992280204616
unguided_dpf,550,10,0.05073361636504011,2.4416415641271905,0.07975981258965383
guided_dpf,550,10,0.08060001959490867,2.4108156129967946,0.16718891744922823
unguided_dpf,550,11,0.08913923554286189,2.979088437091255,0.03206040625586549
guided_dpf,550,11,0.14884259374178901,2.9402269467976474,0.05730570551601113
unguided_dpf,550,12,0.09071309365029985,1.9194532247425584,0.1252455215133583
guided_dpf,550,12,0.10533179958225179,1.817697321291213,0.2230738266748614
unguided_dpf,550,13,0.035782462374390436,2.249385643369534,0.15206984191009768
guided_dpf,550,13,0.03247848012982935,2.240759946986255,0.10546876902211379
unguided_dpf,550,14,0.3585409246559404,2.218712386957325,0.22096457847936787
guided_dpf,550,14,0.09446122138534609,1.8959906622279277,0.6282735920866428
unguided_dpf,550,15,0.07414902948629924,1.429293762327112,0.0879638594558285
guided_dpf,550,15,0.0470112297006068,1.3390558497770204,0.157790652591699
unguided_dpf,550,16,0.014492374968636495,2.084281226246675,0.01222286999857901
guided_dpf,550,16,0.039690439872141894,1.9878583229238975,0.050941397783920074
unguided_dpf,550,17,0.048722300405079653,2.2791110300755175,0.1279712773926099
guided_dpf,550,17,0.024605403546230156,2.2308496358680556,0.12417740814338647
unguided_dpf,550,18,0.05081916051655997,2.4583853723237525,0.04127921455047411
guided_dpf,550,18,0.17302202456877033,2.293467165567887,0.21376904176687614
unguided_dpf,550,19,0.039190641041399646,2.7424317068680586,0.015538919198484978
guided_dpf,550,19,0.03864083592886473,2.7393763894318854,0.014978496955073922
unguided_dpf,600,0,0.03277608590596182,2.519316642009082,0.015004501098976131
guided_dpf,600,0,0.0971199064315244,2.4814959003226944,0.051140121139009294
unguided_dpf,600,1,0.06490612063800379,2.470607647194782,0.023122650104757937
guided_dpf,600,1,0.12300867631599166,2.5198725888812357,0.04126082898417849
unguided_dpf,600,2,0.09485417573086169,2.85212406334729,0.029947337555493975
guided_dpf,600,2,0.0834059197572156,2.8544316651961608,0.02648757166027992
unguided_dpf,600,3,0.20322177540248018,3.4243388478679933,0.05323864573371543
guided_dpf,600,3,0.19702307791040877,3.4222693949503054,0.05149196621673272
unguided_dpf,600,4,0.016313140340290883,2.826161862321919,0.006701713518590533
guided_dpf,600,4,0.04717357730018645,2.8817855065692304,0.02032791507527212
unguided_dpf,600,5,0.02458562821544366,1.5774392693898143,0.01927194996889671
guided_dpf,600,5,0.02669813882348766,1.5680520254645203,0.01932951934566243
unguided_dpf,600,6,0.06433655678378446,2.4885751003471372,0.03168307632265204
guided_dpf,600,6,0.024284879697663533,2.3844887908340415,0.01292842747941871
unguided_dpf,600,7,0.056708962178829335,2.7775232154984884,0.02095429953484162
guided_dpf,600,7,0.032453402365916116,2.757981213994888,0.012282952272563555
unguided_dpf,600,8,0.04787370736897547,1.8768346496317674,0.035623733548110735
guided_dpf,600,8,0.04877029772692934,1.9305313559866322,0.02723776595252247
unguided_dpf,600,9,0.020646027735775754,2.409740339256322,0.02130133761292043
guided_dpf,600,9,0.02223739964178409,2.44482952709989,0.018373618877549205
unguided_dpf,600,10,0.023694400021410864,2.4569728934510446,0.044363048203991784
guided_dpf,600,10,0.03594263089847586,2.4426538698629225,0.1365988238278618
unguided_dpf,600,11,0.3582452354752912,3.259327097612261,0.10336399623975485
guided_dpf,600,11,0.22881994704136624,3.182852713824117,0.07336897691227746
unguided_dpf,600,12,0.0918651998326901,2.517923980806867,0.25666508814986827
guided_dpf,600,12,0.01927756009237627,2.723144097233664,0.017391587038601726
unguided_dpf,600,13,0.04909509074486093,2.345904280947237,0.18200989045317428
guided_dpf,600,13,0.07920803763832476,2.3981457832436224,0.17635340493014426
unguided_dpf,600,14,0.022355872666601117,3.2487744118995323,0.007305651089468422
guided_dpf,600,14,0.008086512548779103,3.20744056570665,0.0026639812804062526
unguided_dpf,600,15,0.18478845363951002,2.767490895636764,0.09470142197055409
guided_dpf,600,15,0.0595551225051581,2.575262805518728,0.04850226901810839
unguided_dpf,600,16,0.10166187137188988,2.1680507017775272,0.06564996382799483
guided_dpf,600,16,0.020961679197034674,2.104534361922264,0.019255380541956673
unguided_dpf,600,17,1.3035011670393426,2.6408997315788483,0.8026318131082725
guided_dpf,600,17,0.1278989135733529,2.580004730751399,0.04546823920879801
unguided_dpf,600,18,0.025576467930712072,3.34185420154022,0.00722441830775173
guided_dpf,600,18,0.027552205582262623,3.272229134977285,0.007912043878492403
unguided_dpf,600,19,0.11794120376724694,2.4275329269884818,0.052066350283106966
guided_dpf,600,19,0.05809689429457687,2.4211625231770997,0.024888077183987885
unguided_dpf,650,0,0.04357607863770347,2.900159884544026,0.02167427294165238
guided_dpf,650,0,0.09180934986451499,2.862633758729993,0.050492657212257715
unguided_dpf,650,1,0.142231729653667,2.4835631717430933,0.04712858105111206
guided_dpf,650,1,0.1124251881182623,2.464602174552212,0.03697854120548887
unguided_dpf,650,2,0.11524930592778194,3.0135311535505456,0.09645747741540911
guided_dpf,650,2,0.04842719955436797,2.889518512755411,0.06753191738446318
unguided_dpf,650,3,0.38065849379103317,3.295389661711699,0.12191673619870073
guided_dpf,650,3,0.30710744019003106,3.292702523973505,0.09096752052598157
unguided_dpf,650,4,0.24975187063479157,2.1377763959658442,0.10143930406866943
guided_dpf,650,4,0.1529743984329359,2.1682753562477592,0.059585678359965734
unguided_dpf,650,5,0.07765253970436847,2.9089517213071336,0.02325801190458124
guided_dpf,650,5,0.07169248172639181,2.9113085694279692,0.022485157470385774
unguided_dpf,650,6,0.15830620533751624,2.465804812783226,0.6002182147852876
guided_dpf,650,6,0.06456344251915203,2.5720949448231227,0.09242855995381845
unguided_dpf,650,7,0.0830711853273695,2.9298408616230645,0.048948970988246125
guided_dpf,650,7,0.04271672337103274,3.117106396182098,0.018423457340052695
unguided_dpf,650,8,0.06153097389760557,2.3745420653514135,0.10278890704090497
guided_dpf,650,8,0.11872995376302305,2.2569623891065427,0.5474337960587522
unguided_dpf,650,9,0.07716046825663424,2.5018389887689447,0.30889485200115663
guided_dpf,650,9,0.02205090227742508,2.6117422837340185,0.035200720203993834
unguided_dpf,650,10,0.1610963424029926,2.601740881915902,0.10291627747348858
guided_dpf,650,10,0.3149294236542967,2.8000518994407053,0.1360959897482435
unguided_dpf,650,11,0.02391652827947119,2.9260388560014476,0.010001259672336005
guided_dpf,650,11,0.045812251116321735,2.9701189314617857,0.021064995844434345
unguided_dpf,650,12,0.0624914206945729,2.970731812615934,0.04265164248033595
guided_dpf,650,12,0.01740958285626674,2.858841703850992,0.01186986479270595
unguided_dpf,650,13,0.08762682439558833,3.2932291095050217,0.03013787524584761
guided_dpf,650,13,0.030107394012767172,3.102337369041378,0.01368512452474701
unguided_dpf,650,14,0.05924991436829322,2.686671867880636,0.023660083637515917
guided_dpf,650,14,0.07668869104323385,2.6755087585188218,0.030690885706913
unguided_dpf,650,15,0.09342734201485892,3.133176065933831,0.03895257935598987
guided_dpf,650,15,0.024475601409702275,2.9590778938070774,0.008418973320115762
unguided_dpf,650,16,0.056704120256626266,2.99405312396483,0.028533124201128524
guided_dpf,650,16,0.024061073479375306,2.9486779209643075,0.013173554128231105
unguided_dpf,650,17,0.060468896227907375,3.3825302914977122,0.01682993199970506
guided_dpf,650,17,0.024475909934198677,3.37960880578755,0.006841176568431181
unguided_dpf,650,18,0.17457140034376092,1.9941977099880095,0.07738982974485571
guided_dpf,650,18,0.030262480900026905,1.9578661411441844,0.017074943798167302
unguided_dpf,650,19,0.017183718865637205,2.514206815891358,0.011398074582042337
guided_dpf,650,19,0.03249015554764397,2.45238326843111,0.03473757066874177
unguided_dpf,700,0,0.017481484917081135,2.8483509130840106,0.012959803985504838
guided_dpf,700,0,0.08666134652043127,2.772093879368858,0.0955846541189142
unguided_dpf,700,1,0.06902864551615236,2.742186823009204,0.022797230383091237
guided_dpf,700,1,0.142293248888397,2.7724522883170635,0.04228589089507075
unguided_dpf,700,2,0.1045215390443975,3.013038091334882,0.1363913482780584
guided_dpf,700,2,0.017511006423352928,3.04583597833153,0.014081434139228105
unguided_dpf,700,3,0.3075544221780184,3.579683934033501,0.07436793623947961
guided_dpf,700,3,0.3023555663274759,3.5827814316603273,0.07350535048719935
unguided_dpf,700,4,0.07885624861995626,2.8387402760928064,0.026969001664905012
guided_dpf,700,4,0.09958691209767541,2.8515445053185347,0.03459484112897971
unguided_dpf,700,5,1.4502501054113812,3.9465035909466373,0.29601402872010346
guided_dpf,700,5,0.14499296133290265,3.246803847513753,0.05016291844819994
unguided_dpf,700,6,0.042534302940076034,3.083683428862981,0.012295171950078463
guided_dpf,700,6,0.09651980344232118,3.0452567005051847,0.028713203022612776
unguided_dpf,700,7,0.017897803328186402,2.4590864554054943,0.012555126419277758
guided_dpf,700,7,0.02902461042336764,2.45781537487621,0.026166658930635956
unguided_dpf,700,8,0.13452373071532708,2.4981448880846813,0.05182600790594727
guided_dpf,700,8,0.040882631992305137,2.5218743066237477,0.018883643925374845
unguided_dpf,700,9,0.19443994845930587,2.6041336216033253,0.4732858767341754
guided_dpf,700,9,0.09709550456570452,2.9884866817012363,0.04994331603621471
unguided_dpf,700,10,0.2868960419374378,3.315534367448533,0.14436194648982306
guided_dpf,700,10,0.2595604100472452,3.2669161001851026,0.13913159122761842
unguided_dpf,700,11,0.5268663266318584,3.464494468357453,0.24845460202601535
guided_dpf,700,11,0.03497289329548347,3.251498176920434,0.01795503760247619
unguided_dpf,700,12,0.13705505851381874,2.199410867673812,0.20901751968881435
guided_dpf,700,12,0.023353150084354807,2.1880681777837925,0.02999854116531825
unguided_dpf,700,13,0.05208294516240295,3.2577610020707795,0.022283713946620123
guided_dpf,700,13,0.08185117291126266,3.3123851248435856,0.033227845836506016
unguided_dpf,700,14,0.23288025381436017,3.662587358558381,0.06930493258007983
guided_dpf,700,14,0.1953040640615498,3.674350825723602,0.05576725500210524
unguided_dpf,700,15,0.12397583511114779,3.5612045776198387,0.03350415800765291
guided_dpf,700,15,0.10491016866645735,3.5456676045203253,0.02858684284407959
unguided_dpf,700,16,0.13572997484455898,2.8968519543991036,0.04212506512230113
guided_dpf,700,16,0.08858709175359393,2.884964960941943,0.0282166858444567
unguided_dpf,700,17,0.12968484476749362,2.926643020056354,0.07122326782603024
guided_dpf,700,17,0.06556269590437014,2.82129601342041,0.042227664638354416
unguided_dpf,700,18,0.03860065900402642,2.908751768104395,0.04104797684400299
guided_dpf,700,18,0.07378245193184683,2.8370506856247477,0.2474774112796496
unguided_dpf,700,19,0.09894499540854919,2.869246667281263,0.06589125872367439
guided_dpf,700,19,0.028009306208887797,3.0217125554253266,0.012537306490641269
unguided_dpf,750,0,0.044558563155340264,2.895647455158205,0.08509332106405953
guided_dpf,750,0,0.0653872109384754,2.841161461236224,0.5077215727005704
unguided_dpf,750,1,0.43622157330436057,3.2377878392906987,0.1283359661368862
guided_dpf,750,1,0.22692555344814203,3.2410451418122794,0.058843042484771436
unguided_dpf,750,2,0.09167943693478102,3.29939731895608,0.11466258971891458
guided_dpf,750,2,0.134601357306174,3.3149472297818843,0.14461049165335169
unguided_dpf,750,3,0.11557760630343546,3.688450735861983,0.0328666129172078
guided_dpf,750,3,0.16535846765283396,3.6775101045430696,0.05082411822135983
unguided_dpf,750,4,0.5501018205205758,3.047885312190267,0.14856065604646077
guided_dpf,750,4,0.18326459783325322,3.0813933929657615,0.06423899117814029
unguided_dpf,750,5,0.05984616789109406,3.2230838507138166,0.05071793364485555
guided_dpf,750,5,0.09187967572947109,3.1423346203709817,0.10451840724748755
unguided_dpf,750,6,0.15708099437420653,3.2957836799016555,0.244331940677865
guided_dpf,750,6,0.17695998126782742,3.2646808531123184,0.3284917540927909
unguided_dpf,750,7,0.17741612672593274,2.6123200932878734,0.22777012106467054
guided_dpf,750,7,0.08741945903144531,2.2678672915044493,0.3136512681191693
unguided_dpf,750,8,0.04192828756537124,3.093488471967593,0.054393212660166806
guided_dpf,750,8,0.07771419485531056,3.2898284108140707,0.06074869649054615
unguided_dpf,750,9,0.36902082508175527,2.517084587354424,0.13452522048247953
guided_dpf,750,9,0.04822784948647971,2.803174876550049,0.015061961947626129
unguided_dpf,750,10,0.03429799852145571,3.500897042854582,0.01767757798983959
guided_dpf,750,10,0.08387467035231146,3.390728601150286,0.06314114830578697
unguided_dpf,750,11,0.1467925191710197,3.435745691543133,0.055039636928806555
guided_dpf,750,11,0.15036053350934828,3.546820211458131,0.053089512704495946
unguided_dpf,750,12,0.15589433261179747,2.8400033059672083,1.1582406481946654
guided_dpf,750,12,0.016884119095679034,3.121230325388789,0.010079455198369504
unguided_dpf,750,13,0.023763081042094042,2.3140300392049906,0.01761337285698715
guided_dpf,750,13,0.23198531453263424,2.0895136182964027,0.4150723574509205
unguided_dpf,750,14,0.021904090738843984,3.6579577806449812,0.007115750875609159
guided_dpf,750,14,0.015249634606457582,3.617051900655421,0.005037815537054869
unguided_dpf,750,15,0.06908197440223394,2.98769992200263,0.03143317488451062
guided_dpf,750,15,0.08634434087618457,2.9668233569485114,0.0417501492324673
unguided_dpf,750,16,0.12090502556197301,1.7928217736375938,0.06002289143331576
guided_dpf,750,16,0.025840260876061175,1.8184805582157193,0.02590789585424216
unguided_dpf,750,17,0.1170234642587874,3.7334572086797437,0.02964271783745412
guided_dpf,750,17,0.1262621114567325,3.7103308474063628,0.03028863314593065
unguided_dpf,750,18,0.08162349689273034,4.0537840652622235,0.019883234128506722
guided_dpf,750,18,0.030229436151692327,4.1134361429532165,0.0075554007100738195
unguided_dpf,750,19,0.03509602625789103,3.0148372843158473,0.012882158688989594
guided_dpf,750,19,0.08596219129211109,3.0800067826118642,0.027858210669260957
unguided_dpf,800,0,0.027488413733116474,3.2779138884975185,0.012972387284338615
guided_dpf,800,0,0.0748139546910897,3.209050952743075,0.046310896249128736
unguided_dpf,800,1,0.03616998080842817,3.1640630656821913,0.012113649319828728
guided_dpf,800,1,0.07398397440235088,3.15987753723503,0.02244759909225119
unguided_dpf,800,2,0.2533596879075814,3.386243717537427,0.9622474501136279
guided_dpf,800,2,0.1496974599429392,3.560427284029918,0.1865252979408706
unguided_dpf,800,3,0.13553148709296978,3.8387378216057577,0.05231076900662596
guided_dpf,800,3,0.1400341969887482,3.8284966720018025,0.05560332091244593
unguided_dpf,800,4,0.12136070464074729,4.547516479608849,0.027838362248272425
guided_dpf,800,4,0.0836719189386932,4.373923710445587,0.022491700528191688
unguided_dpf,800,5,0.17480489373731448,3.444449645716196,0.06526335670118276
guided_dpf,800,5,0.10353341887646529,3.330979781002565,0.04381112569175133
unguided_dpf,800,6,0.03680505431997871,2.7621591562643277,0.018832115572611215
guided_dpf,800,6,0.10370351080897616,2.797087718440919,0.041017551922579394
unguided_dpf,800,7,0.028898496220920444,2.452985507462548,0.025095375095589175
guided_dpf,800,7,0.050953520964765096,2.5115194627580375,0.04889386362965912
unguided_dpf,800,8,0.17458073157573506,4.128388330880575,0.04476598065706013
guided_dpf,800,8,0.05777283415523211,4.221581045516456,0.013451211989387946
unguided_dpf,800,9,0.14102406375632479,3.3839322007640456,0.056610348496321065
guided_dpf,800,9,0.01762506746773804,3.210091402623687,0.008639560703717181
unguided_dpf,800,10,0.2444926720135082,2.604488088274072,0.18535467362448288
guided_dpf,800,10,0.16235316998101001,2.450952092220333,0.21020945133082683
unguided_dpf,800,11,0.13414819146069365,3.2354068232164424,0.07225654348067018
guided_dpf,800,11,0.1977278670143585,3.2291378714931764,0.11169465660629119
unguided_dpf,800,12,0.1400439451317843,2.756622009903389,0.08955059378148598
guided_dpf,800,12,0.09850977777834286,2.7276704132229663,0.07084389620125156
unguided_dpf,800,13,0.09471002963857922,2.8079730415758646,0.19797073561237902
guided_dpf,800,13,0.03806042265945777,2.893236670880027,0.04266941457835094
unguided_dpf,800,14,0.1490970054982755,3.1808078591951294,0.04760370778763857
guided_dpf,800,14,0.0320567465586557,3.149448033282193,0.017528806142215327
unguided_dpf,800,15,0.12063127616371982,2.5209650311257716,0.08421626044948309
guided_dpf,800,15,0.05021477903005517,2.4526540878939964,0.04384078013091026
unguided_dpf,800,16,0.5587158336527001,3.0068021715356275,0.23839742827142088
guided_dpf,800,16,0.04728838911215908,2.300514820393015,0.05630039946649346
unguided_dpf,800,17,0.1687948250553332,3.473793108784515,0.05556974255446993
guided_dpf,800,17,0.1433572690164266,3.5021038906146553,0.04664977107048766
unguided_dpf,800,18,0.14346489660872877,2.425493081194165,0.18525856941298136
guided_dpf,800,18,0.20380426782079417,2.4220528856013757,0.16610989044161184
unguided_dpf,800,19,0.036002123518407404,3.275450417123661,0.021290471713094897
guided_dpf,800,19,0.07818802960630977,3.239805493994691,0.05378959797373944
unguided_dpf,850,0,0.03954986098075617,3.501334921371646,0.024992111677826678
guided_dpf,850,0,0.08740925523214732,3.4548946115402988,0.07074519501827642
unguided_dpf,850,1,0.1941799361889628,3.041326674965281,0.0774335493904137
guided_dpf,850,1,0.30003648792091303,3.060043270879142,0.1200612333149001
unguided_dpf,850,2,0.16066312846717942,3.8311894431139937,0.050650587808176294
guided_dpf,850,2,0.15532237596329737,3.842393769133567,0.04855585395969788
unguided_dpf,850,3,0.21851950300257228,2.8573846981193953,0.07676534802286779
guided_dpf,850,3,0.03782913940733388,2.7510055978075396,0.01711957792324847
unguided_dpf,850,4,0.323809899617661,3.3287552914238936,0.19566830476182018
guided_dpf,850,4,0.23634883234864834,3.2194204434081737,0.1661684275056203
unguided_dpf,850,5,0.32882860412754195,4.517289657430902,0.075697606351236
guided_dpf,850,5,0.20581499809476056,4.4522088794062284,0.04580997692550597
unguided_dpf,850,6,0.09944905936636317,4.354917456052955,0.022053923936837652
guided_dpf,850,6,0.15105985721093892,4.307914881025346,0.034511505837084615
unguided_dpf,850,7,0.062168414436435816,3.4809949987491717,0.19818303399523665
guided_dpf,850,7,0.0847573197115193,3.6456572700826904,0.08926555558730544
unguided_dpf,850,8,0.42074241088242736,2.9751794908792433,0.20950694817944834
guided_dpf,850,8,0.34638662021422495,3.004235262846228,0.14878070763795193
unguided_dpf,850,9,0.14703837204575343,3.009037635238073,0.1617553246549103
guided_dpf,850,9,0.11362881368171274,3.0490424917210714,0.10639415712201182
unguided_dpf,850,10,0.1666327755110013,4.020129614120145,0.04669282357434415
guided_dpf,850,10,0.1537611735401392,4.032046826951983,0.04277664029659738
unguided_dpf,850,11,0.19286033650421505,2.762780306820137,0.1645887020846409
guided_dpf,850,11,0.16191344796400264,2.7401132880627035,0.1609817056279691
unguided_dpf,850,12,1.8510360071189005,3.871360446668478,1.0327180896062769
guided_dpf,850,12,0.295664918054477,3.037815221590526,0.14640065566857532
unguided_dpf,850,13,0.12175219524967874,3.410653163013698,0.034683637686467934
guided_dpf,850,13,0.031557171885242825,3.460314092740291,0.008536074506769359
unguided_dpf,850,14,0.2668514197376442,3.5543167674105773,0.06365863317270352
guided_dpf,850,14,0.08413699096096024,3.4930789083229272,0.0245512848384134
unguided_dpf,850,15,0.1881993275042527,2.787989993668996,0.16904011282557077
guided_dpf,850,15,0.185999035564576,2.789147280395152,0.1693552581459037
unguided_dpf,850,16,0.29777936682206824,3.8105205772577677,0.0859234382018702
guided_dpf,850,16,0.14983426552979864,3.9783158875271076,0.042745777426004834
unguided_dpf,850,17,0.06489091065299198,2.984836533923406,0.04364311837523611
guided_dpf,850,17,0.15338882490424358,3.132345727046859,0.07568108413028439
unguided_dpf,850,18,0.18413549495001133,4.273174836645897,0.03668115481210696
guided_dpf,850,18,0.30029970195694017,4.331539658086581,0.05571470565879707
unguided_dpf,850,19,0.06817901770121666,3.549059437692966,0.01959661080781396
guided_dpf,850,19,0.047457948467981036,3.542553411750229,0.01351926892455816
unguided_dpf,900,0,0.1305679149751987,3.740070085964014,0.1617449546090655
guided_dpf,900,0,0.10222245267051651,3.813120100272181,0.09507669887748482
unguided_dpf,900,1,0.5055736817132662,2.9313010817724585,0.2971378992946537
guided_dpf,900,1,0.4629985362229367,2.903165537813866,0.28347325519836064
unguided_dpf,900,2,0.316421870425135,4.414755946424986,0.05780433551798527
guided_dpf,900,2,0.19465288128850985,4.40200968388259,0.037853395401602034
unguided_dpf,900,3,0.03198020461767681,2.82492059294735,0.02278479759330015
guided_dpf,900,3,0.03053056497197348,2.8237106668524397,0.02232527511928239
unguided_dpf,900,4,0.2887808316957117,2.70921241731546,0.2137850445903807
guided_dpf,900,4,0.27512434456836676,2.7110001927856864,0.20151123742126686
unguided_dpf,900,5,0.13978065107876214,3.142102680619318,0.09044175761360031
guided_dpf,900,5,0.07137604237683129,3.210284825744351,0.04990703433781898
unguided_dpf,900,6,0.32933715971979033,3.554272686009181,0.07702637085416282
guided_dpf,900,6,0.3344671606726935,3.5346600273092093,0.07783239673724364
unguided_dpf,900,7,0.5147124231200281,5.3834818571140275,0.09306742295217833
guided_dpf,900,7,0.1327677944910537,4.605814185205202,0.03775685670479808
unguided_dpf,900,8,0.2520754322860263,3.783171538011184,0.1746162954916697
guided_dpf,900,8,0.14459475453290752,3.663632235875349,0.118311875441285
unguided_dpf,900,9,0.32040453712731437,5.000204275097526,0.06352750197194627
guided_dpf,900,9,0.09420485479248157,4.83428182676412,0.019572789125183235
unguided_dpf,900,10,0.026486545612059074,3.67322158718119,0.011304002991523884
guided_dpf,900,10,0.2570125515850188,3.4742209235276515,0.3910224091829777
unguided_dpf,900,11,0.45469059195468886,4.955876797988947,0.16294644116561405
guided_dpf,900,11,0.26556814033408566,4.77855439503006,0.133259821745435
unguided_dpf,900,12,0.2771790927437408,4.467338804255651,0.07297520863175705
guided_dpf,900,12,0.18166039710968396,4.583542868266146,0.04261690490284913
unguided_dpf,900,13,0.2543701161458263,3.475026521650173,0.06276487993491014
guided_dpf,900,13,0.15942703675238165,3.483831938332718,0.04243478872518001
unguided_dpf,900,14,0.6658163574423469,4.110000727451901,0.18313125937378386
guided_dpf,900,14,0.2767741197715323,4.17950897433179,0.06142427644828
unguided_dpf,900,15,0.05975500801456076,3.3751420886122596,0.021145929643946782
guided_dpf,900,15,0.1153623808637913,3.2789560161494453,0.040544334700985514
unguided_dpf,900,16,0.03656464286051669,3.8563595795774037,0.01079419939566973
guided_dpf,900,16,0.3392013374234326,3.9004698514353255,0.07516983302533038
unguided_dpf,900,17,0.4020118453724675,4.484914629742995,0.08267920616676967
guided_dpf,900,17,0.16976741132663867,4.525179910526251,0.03766695862462923
unguided_dpf,900,18,0.08552123648991716,4.342652598453024,0.02049537035915635
guided_dpf,900,18,0.03529164030509835,4.331530453872463,0.010108813935950976
unguided_dpf,900,19,0.1026990934086776,4.38750679728447,0.022170293481782993
guided_dpf,900,19,0.04478086366394498,4.364268653031932,0.009241494913107924
unguided_dpf,950,0,0.039744207998217145,4.515506651615543,0.012941215956433336
guided_dpf,950,0,0.04795480400751373,4.511164485625964,0.015839101686292226
unguided_dpf,950,1,0.08917569661928464,4.244958248904459,0.01926708801923592
guided_dpf,950,1,0.29120808351175403,4.169085277668965,0.07386896737836779
unguided_dpf,950,2,1.4493446054239154,6.285004428185068,0.19732752795787856
guided_dpf,950,2,1.1057410043001856,5.946538419652211,0.17179959423426075
unguided_dpf,950,3,0.0654244889741289,3.791767878322998,0.02229287373034915
guided_dpf,950,3,0.04332008257728576,3.8521283895958427,0.014843106822464596
unguided_dpf,950,4,0.4426853978959017,3.590546844081102,0.18920753596364046
guided_dpf,950,4,0.42853447892951685,3.576523014953622,0.18713012763732437
unguided_dpf,950,5,0.28679108103518514,4.034575351478574,0.17026942417080382
guided_dpf,950,5,0.19115334032061423,3.8122507097363587,0.19537375982315408
unguided_dpf,950,6,0.7433269106724669,5.530985382722488,0.19990908173541122
guided_dpf,950,6,0.666268630823413,5.463578272010849,0.1937956214319597
unguided_dpf,950,7,0.12452971805745695,3.211855122270283,0.08463366981867902
guided_dpf,950,7,0.38119239967239177,3.1001156758749513,0.2303195705181885
unguided_dpf,950,8,0.4924303616147423,3.3063690540255606,0.25657728701975063
guided_dpf,950,8,0.11466125298246545,3.8649536250872956,0.03393932498428003
unguided_dpf,950,9,0.14767986895195043,4.560960839560838,0.02962694640928169
guided_dpf,950,9,0.03676214399420851,4.438766878052108,0.009009078109343061
unguided_dpf,950,10,0.9719079958424383,3.758769889869768,0.2184000205443182
guided_dpf,950,10,0.646557792634049,3.6556297943385334,0.1737379627317668
unguided_dpf,950,11,0.19440401687722994,4.119537930940698,0.06260018753409545
guided_dpf,950,11,0.19089442339848728,4.107275942069215,0.06205766576551446
unguided_dpf,950,12,0.3534749841414004,2.583474068587077,0.19905881468548528
guided_dpf,950,12,0.26119312768406905,2.456264825492837,0.17165655427903523
unguided_dpf,950,13,0.30066779716322783,3.9676704337237205,0.1589742536216581
guided_dpf,950,13,0.2857748657403159,3.9541040594670087,0.15617286149700615
unguided_dpf,950,14,0.36974882530252523,3.175683143998653,0.19876066726364025
guided_dpf,950,14,0.20651982101587343,3.26782868493936,0.09221878415806067
unguided_dpf,950,15,0.14084286808666158,5.124383489144555,0.02472721798669412
guided_dpf,950,15,0.2434402407166849,5.112130866491007,0.04326263994245202
unguided_dpf,950,16,0.32236701275768537,4.2835862830915845,0.06256133275213778
guided_dpf,950,16,0.02211816808081903,4.23016439204904,0.006318670643550138
unguided_dpf,950,17,0.8025278831377815,4.297300656111736,0.2922038467945428
guided_dpf,950,17,0.3535993857667991,3.8840741324771195,0.2626483488201495
unguided_dpf,950,18,0.35756242369092145,4.756155108104015,0.09041078292082111
guided_dpf,950,18,0.21129038211838344,4.745934058458452,0.0491430294308609
unguided_dpf,950,19,0.36379778469065477,3.8310335804711024,0.1080187334017753
guided_dpf,950,19,0.2525665934889701,3.741446288638393,0.06139874491008199
unguided_dpf,1000,0,1.1719659017617536,5.529916403836911,0.17639741589997993
guided_dpf,1000,0,0.5983647103471932,5.142371121256076,0.11882706682016525
unguided_dpf,1000,1,0.14833576613068733,3.8619407294391146,0.04465361423850919
guided_dpf,1000,1,0.2068739770879203,3.832046071561494,0.05984318886246833
unguided_dpf,1000,2,0.7112531378414874,5.625122297656318,0.14483687431706857
guided_dpf,1000,2,0.7496076321075419,5.716336884594231,0.14701447487804722
unguided_dpf,1000,3,0.24948378800597734,4.7689624158874215,0.08489835690385945
guided_dpf,1000,3,0.11815354668790767,4.609778237417089,0.04181964051021869
unguided_dpf,1000,4,0.06094705164242834,4.405230772434809,0.01395784956327837
guided_dpf,1000,4,0.08965311199328974,4.371083608705329,0.01912669125269379
unguided_dpf,1000,5,0.9076303194507701,4.583774724172161,0.22577308041529798
guided_dpf,1000,5,0.7225309723341713,4.260157877232455,0.27194815360776015
unguided_dpf,1000,6,0.6730141425611859,6.214960766159092,0.0976676346732661
guided_dpf,1000,6,0.550611116194879,5.998219601513668,0.08961880903413365
unguided_dpf,1000,7,0.04226820121682239,3.9282638608629656,0.06700061805773619
guided_dpf,1000,7,0.08936325966939351,4.034959117428685,0.11031628330206733
unguided_dpf,1000,8,0.23937662809560756,4.559334095983448,0.08008510092317037
guided_dpf,1000,8,0.2070566025316176,4.6005694150383905,0.06577138774384225
unguided_dpf,1000,9,0.09151025465752526,4.006422650734085,0.12854806296153756
guided_dpf,1000,9,0.07037872745843239,4.117454783811549,0.062687342647537
unguided_dpf,1000,10,0.13813527310307058,5.088164027515345,0.025359246973904154
guided_dpf,1000,10,0.14929205301051032,5.109798536031358,0.030714963370459637
unguided_dpf,1000,11,0.11126485549305747,3.8056342331673356,0.03237818110502753
guided_dpf,1000,11,0.11567705587440245,3.8321126691899594,0.03226340967888427
unguided_dpf,1000,12,0.11730493007071659,4.123828005564172,0.034526168404613096
guided_dpf,1000,12,0.20935658871280552,4.341440365597111,0.05787030704604416
unguided_dpf,1000,13,0.7371260162902052,4.2476817415774795,0.3585893273757568
guided_dpf,1000,13,0.5606669439309583,4.008408522231422,0.4610312977453304
unguided_dpf,1000,14,0.25328174056970004,4.65693932197335,0.08887616893117001
guided_dpf,1000,14,0.17194975428377324,4.691682227633925,0.05492277989886652
unguided_dpf,1000,15,0.16510553937260847,4.653500663251781,0.035199044664232376
guided_dpf,1000,15,0.08814337556842848,4.585699308617735,0.021550925362495348
unguided_dpf,1000,16,1.663317188860246,5.565479244021599,0.2531134713860252
guided_dpf,1000,16,0.6340864887436092,5.061035591079814,0.1090904049482755
unguided_dpf,1000,17,0.7254825965773767,4.515931773665813,0.19997336664499288
guided_dpf,1000,17,0.44258253164968764,4.760240996976598,0.0933635445123804
unguided_dpf,1000,18,0.8092494378722233,4.951314166031901,0.19390881406290786
guided_dpf,1000,18,0.6181263038605903,4.689426469168583,0.19614828301755985
unguided_dpf,1000,19,0.1556288155863245,2.3453864792413257,0.05893813560944497
guided_dpf,1000,19,0.26880582479603743,2.345468381633864,0.0959872499352265
unguided_diffusion,50,0,0.006736941699368455,0.18267543848741344,1.842922955582538
guided_diffusion,50,0,0.002710629263046147,0.1832427944616779,0.9085328686643224
unguided_diffusion,50,1,0.010498977062701238,0.23804796070163134,0.04161477043740481
guided_diffusion,50,1,0.007704807980178853,0.23737603778689528,0.030353793017679237
unguided_diffusion,50,2,0.00758718033746329,0.23351318473550178,0.034624045926107024
guided_diffusion,50,2,0.005230184268221193,0.2337722021001413,0.022092930460666623
unguided_diffusion,50,3,0.02475596642885862,0.28967003875519953,0.08363966906861821
guided_diffusion,50,3,0.009492120100144686,0.28626138636691106,0.032819403514415375
unguided_diffusion,50,4,0.010923814613678808,0.15110961225978775,0.1252241125387095
guided_diffusion,50,4,0.006156348951066734,0.15088577701521624,0.07303820414711899
unguided_diffusion,50,5,0.015445877970495533,0.25688435738335097,0.06028033566156973
guided_diffusion,50,5,0.009084338870166825,0.2569682469022976,0.034755450990926036
unguided_diffusion,50,6,0.005182196021798508,0.20160108088573503,0.12575931658420672
guided_diffusion,50,6,0.0037383345735768035,0.20147558185598358,0.11027341099020256
unguided_diffusion,50,7,0.03160515012916736,0.24518214199758534,0.15632406800330678
guided_diffusion,50,7,0.012855931983696556,0.24117816745741924,0.052447920121804666
unguided_diffusion,50,8,0.03269948735430365,0.18502755072245947,0.4102640386285829
guided_diffusion,50,8,0.007623892486264124,0.18296753293558013,0.09973599953801364
unguided_diffusion,50,9,0.006674020350117416,0.21778236558698394,0.03594337210620937
guided_diffusion,50,9,0.0035986869199617477,0.21775626903387882,0.017460755565711805
unguided_diffusion,50,10,0.020964266059346825,0.23660018659159787,0.09645585310846334
guided_diffusion,50,10,0.00755952121840565,0.23574706642417767,0.03384468190545372
unguided_diffusion,50,11,0.019215359290673473,0.17135273603141854,0.1870902596377467
guided_diffusion,50,11,0.0076344181902151835,0.17194917274422558,0.07896764874695032
unguided_diffusion,50,12,0.007501492119528303,0.20034346337017536,0.03604647013294288
guided_diffusion,50,12,0.005272865352965017,0.20015312975357633,0.025563455936654333
unguided_diffusion,50,13,0.020641752571074205,0.23467814196733816,0.0907976440304537
guided_diffusion,50,13,0.015069731989610967,0.23716183099606547,0.06219927520808827
unguided_diffusion,50,14,0.019894740680574095,0.2817127427880597,0.07654943783706857
guided_diffusion,50,14,0.006687448752812586,0.28065908426673286,0.025107188756008574
unguided_diffusion,50,15,0.03299631107282865,0.12245387555404874,0.553291666967833
guided_diffusion,50,15,0.01695628011023634,0.11077182664232203,0.39448648877783254
unguided_diffusion,50,16,0.009678954886751625,0.23057458859016186,0.05065470016658507
guided_diffusion,50,16,0.003019458844928611,0.23380231946964192,0.015989469329301936
unguided_diffusion,50,17,0.01848154244433609,0.26126176550326397,0.07500262434924522
guided_diffusion,50,17,0.004879907537261173,0.265267558978173,0.020111989400304082
unguided_diffusion,50,18,0.016061626995991868,0.22428797964904715,0.08858243566121861
guided_diffusion,50,18,0.00517830779837346,0.2247174816725012,0.02624768928137675
unguided_diffusion,50,19,0.015661088742857026,0.21879066150424054,0.10310595690314169
guided_diffusion,50,19,0.010298662401777207,0.217161685042232,0.06713276699327816
unguided_diffusion,100,0,0.006611753715589262,0.37315491620819935,0.5100759802315973
guided_diffusion,100,0,0.004271584542547093,0.37570503829042323,0.14483906158351945
unguided_diffusion,100,1,0.01515435515962764,0.4858307965414866,0.028236846659472487
guided_diffusion,100,1,0.014985717843636483,0.4839056590967889,0.029575356503977773
unguided_diffusion,100,2,0.008143487606331915,0.4782610672332572,0.01754772026817154
guided_diffusion,100,2,0.006598025469037763,0.4792294595143984,0.014043138167856814
unguided_diffusion,100,3,0.028379686778876968,0.590640921825286,0.047833137320942735
guided_diffusion,100,3,0.010958774815413576,0.5848771924133964,0.017570402168158653
unguided_diffusion,100,4,0.013043070902807338,0.30749591835084056,0.07946021068378178
guided_diffusion,100,4,0.00852692061086989,0.30701020931417305,0.050691585311366784
unguided_diffusion,100,5,0.015859080553107367,0.5250802885151155,0.029974517093085597
guided_diffusion,100,5,0.010149173435591985,0.5257032616577111,0.01867120500269069
unguided_diffusion,100,6,0.008893977027161612,0.413709086373283,0.13594572461961077
guided_diffusion,100,6,0.007806164165327302,0.41319441244512234,0.13822982925071908
unguided_diffusion,100,7,0.036101601573905184,0.5065783415299071,0.07753237298458278
guided_diffusion,100,7,0.022180557136143114,0.497229760597804,0.04806381296230724
unguided_diffusion,100,8,0.03340303212020435,0.378494143686741,0.20416011089153452
guided_diffusion,100,8,0.007633951133830176,0.3720689808228293,0.05882707003504419
unguided_diffusion,100,9,0.00677966520841565,0.44388062801185324,0.017346285706700656
guided_diffusion,100,9,0.004884135520463223,0.44406959116255323,0.012046312834150865
unguided_diffusion,100,10,0.02271685805995016,0.4824671027379792,0.0500613742566158
guided_diffusion,100,10,0.009237150006041958,0.4813624703618286,0.018847616072536006
unguided_diffusion,100,11,0.019581321383826688,0.3494508335427902,0.09333035447168352
guided_diffusion,100,11,0.009095124168817612,0.3491882667829942,0.04221883986970667
unguided_diffusion,100,12,0.008117415327132635,0.4109156091814274,0.019177927437722068
guided_diffusion,100,12,0.006509663733147274,0.41058691783742746,0.015646545866298562
unguided_diffusion,100,13,0.021357330772356655,0.48112431284327134,0.04574005024513251
guided_diffusion,100,13,0.015184861853430156,0.48650377632309577,0.030446292498387192
unguided_diffusion,100,14,0.020488073048497656,0.5756469493287754,0.03756938097443258
guided_diffusion,100,14,0.00846026433421868,0.5735826871316673,0.014605575850458102
unguided_diffusion,100,15,0.04590209343298605,0.2658416829350993,0.2841008929936136
guided_diffusion,100,15,0.026892032999700232,0.23845160084205838,0.2525472000698143
unguided_diffusion,100,16,0.012805238775482335,0.4684761760435852,0.03377195065911537
guided_diffusion,100,16,0.0046970861753786826,0.47589254114834434,0.012100983932596671
unguided_diffusion,100,17,0.01884219294078357,0.5314525984537939,0.03665854105049591
guided_diffusion,100,17,0.004667795249367515,0.5389286054651158,0.009099009066093618
unguided_diffusion,100,18,0.019575064243373453,0.45734047932981614,0.05107665273125578
guided_diffusion,100,18,0.007980140054285791,0.45855064238347976,0.018498725570389906
unguided_diffusion,100,19,0.026813603401539945,0.44472927963634046,0.07715386123399046
guided_diffusion,100,19,0.019104752509102704,0.44119173487867175,0.05539157513819749
unguided_diffusion,150,0,0.00709621993827856,0.5655535447411294,0.2163799294304787
guided_diffusion,150,0,0.006901750564692079,0.5704667856850825,0.12436464554549125
unguided_diffusion,150,1,0.021306334420610234,0.731066735889573,0.02748908958104292
guided_diffusion,150,1,0.024543553731176643,0.7272054034351311,0.03503666993232182
unguided_diffusion,150,2,0.010317204408513398,0.7275075100343583,0.01626403405421231
guided_diffusion,150,2,0.009955065757833363,0.7296354208187191,0.01657029276084014
unguided_diffusion,150,3,0.034399980762483025,0.8883746039745105,0.03958203885772208
guided_diffusion,150,3,0.011880422446641892,0.8826963023413223,0.012394255326174075
unguided_diffusion,150,4,0.014695861482724273,0.464164865438548,0.061430123677091185
guided_diffusion,150,4,0.010387072835433428,0.4633869808741677,0.04069072005246158
unguided_diffusion,150,5,0.0180906834467619,0.7923043303449141,0.02255996321277791
guided_diffusion,150,5,0.011457849315661376,0.7939437114297213,0.013761400193339643
unguided_diffusion,150,6,0.014467687193556658,0.6268430915300887,0.16610639913570138
guided_diffusion,150,6,0.01340243725648109,0.625671285438535,0.171783006262016
unguided_diffusion,150,7,0.04825696001982532,0.7729479368286736,0.07038241747548357
guided_diffusion,150,7,0.03531938923126574,0.7570930696799006,0.05565701622253064
unguided_diffusion,150,8,0.035524499008718034,0.5704859163564575,0.14942366341676258
guided_diffusion,150,8,0.00831361235615727,0.5574098321143999,0.04433785253931417
unguided_diffusion,150,9,0.006865127772957149,0.6713271991449266,0.011351680715115565
guided_diffusion,150,9,0.005038811583513672,0.6719783163245995,0.007779050741528004
unguided_diffusion,150,10,0.028042073717386224,0.7283360008834351,0.03970163400949748
guided_diffusion,150,10,0.013710489785191926,0.7277150704364518,0.017664318689796416
unguided_diffusion,150,11,0.019866061061820567,0.5266083041289903,0.06389444887940489
guided_diffusion,150,11,0.010538335890856773,0.5239753443676128,0.03194414017994291
unguided_diffusion,150,12,0.011125150071225212,0.624759067023716,0.017472557241639517
guided_diffusion,150,12,0.010019699714131027,0.6243522208816593,0.015867427602248393
unguided_diffusion,150,13,0.023922403040312405,0.7256451913540537,0.034589607185517686
guided_diffusion,150,13,0.017132526740421757,0.7342331004088241,0.02358229295821841
unguided_diffusion,150,14,0.023031246815187995,0.8683043860338318,0.027410493798698147
guided_diffusion,150,14,0.01063860586840522,0.8653292183846966,0.011673743176997028
unguided_diffusion,150,15,0.06469005067632458,0.4255213994364413,0.2313668661614399
guided_diffusion,150,15,0.03962830294361303,0.3793853452751908,0.21517420195405515
unguided_diffusion,150,16,0.01719403471529007,0.7048659297347296,0.030786236305361758
guided_diffusion,150,16,0.006842236100765591,0.7173564933031146,0.011647300775215022
unguided_diffusion,150,17,0.018551490341751443,0.7997747443694244,0.023508325008874776
guided_diffusion,150,17,0.0069539308638244006,0.81015879052163,0.008449396664125548
unguided_diffusion,150,18,0.023532637217468875,0.6885628907706355,0.03947103114713475
guided_diffusion,150,18,0.01088353365119426,0.6909253678636768,0.01592512582784496
unguided_diffusion,150,19,0.04150271367867636,0.6670045431809052,0.0716383476259724
guided_diffusion,150,19,0.030956570688522117,0.6613615640264346,0.05381156003911073
unguided_diffusion,200,0,0.00822030426582161,0.7584924159094735,0.13949545151414683
guided_diffusion,200,0,0.010971706845011276,0.7664546724479503,0.13485001289519125
unguided_diffusion,200,1,0.030379733963418216,0.9768674866417367,0.031120980609204596
guided_diffusion,200,1,0.03756824274719123,0.9703359132347473,0.04303853363614806
unguided_diffusion,200,2,0.012596971537520138,0.9782730167926846,0.015696258179017132
guided_diffusion,200,2,0.013108411938683588,0.9820141335925534,0.017288396099481594
unguided_diffusion,200,3,0.043045271423231335,1.1827048704425396,0.03744350873309515
guided_diffusion,200,3,0.014242296502954535,1.180888812020246,0.011063326925208538
unguided_diffusion,200,4,0.015572442115612845,0.6218388878649298,0.04964741870780053
guided_diffusion,200,4,0.011669432335896247,0.6207437739949437,0.033115796764757524
unguided_diffusion,200,5,0.02316133832521694,1.057793187992066,0.0216299574100477
guided_diffusion,200,5,0.015577792517913627,1.0609767318949581,0.014046856691310394
unguided_diffusion,200,6,0.021246399840021347,0.8412761597181508,0.1803919320673153
guided_diffusion,200,6,0.019769491322088616,0.8391794843001965,0.18706636872372065
unguided_diffusion,200,7,0.06074008194597145,1.0412601665241283,0.06823208181214459
guided_diffusion,200,7,0.046732998832882476,1.0177948784765498,0.05733768995518076
unguided_diffusion,200,8,0.03828149928197035,0.7626450096817116,0.12350773962390511
guided_diffusion,200,8,0.009362185140876889,0.7406215723427477,0.04214599195323593
unguided_diffusion,200,9,0.006871791964152638,0.9006040542850345,0.008464503665664055
guided_diffusion,200,9,0.004985212975449955,0.9019642976361629,0.005504548071569128
unguided_diffusion,200,10,0.03492618159347778,0.9737304495902411,0.03593120335666609
guided_diffusion,200,10,0.01878286141814471,0.9744361160333878,0.017483677119753616
unguided_diffusion,200,11,0.020494810867754773,0.7031522329140306,0.0483739634024919
guided_diffusion,200,11,0.011595476250929096,0.6966667599466528,0.026018892986419514
unguided_diffusion,200,12,0.014065063696590066,0.8423451694963878,0.016471592012051752
guided_diffusion,200,12,0.012317652440292695,0.8419231308882219,0.014421476365530844
unguided_diffusion,200,13,0.02546312974940725,0.9685939830448578,0.02758006583160864
guided_diffusion,200,13,0.017548439758434176,0.980651971092144,0.018202230461289725
unguided_diffusion,200,14,0.027357594482220606,1.159621904415647,0.02400081233256084
guided_diffusion,200,14,0.014096348760436125,1.155800765511651,0.011414578344681856
unguided_diffusion,200,15,0.09108191931967059,0.598283611962428,0.21712085371875647
guided_diffusion,200,15,0.05553192391923225,0.531598491211504,0.19687318899245843
unguided_diffusion,200,16,0.022372451765212586,0.9405734786134157,0.03038976314191136
guided_diffusion,200,16,0.00935653424844724,0.9590460697137851,0.011775954696605688
unguided_diffusion,200,17,0.01930925264774909,1.069559690835869,0.017920634328743246
guided_diffusion,200,17,0.01068146237469833,1.082471014021195,0.009533982581597862
unguided_diffusion,200,18,0.02915236443021407,0.9165322268824707,0.036177916849526544
guided_diffusion,200,18,0.014910870185731567,0.9204774850875594,0.016241108291530193
unguided_diffusion,200,19,0.05772368960201948,0.8845994785849401,0.06943822070188375
guided_diffusion,200,19,0.04375986078021651,0.8766473470960321,0.05317778039219604
unguided_diffusion,250,0,0.011414730038945121,0.9524302165591441,0.1297383343393322
guided_diffusion,250,0,0.01686145875620091,0.9641281007692042,0.14204889325958384
unguided_diffusion,250,1,0.04165972929578971,1.2227898052927726,0.03618514318468941
guided_diffusion,250,1,0.05268771735089056,1.2128034366581018,0.051426571526376204
unguided_diffusion,250,2,0.014769284961784352,1.2274235119303798,0.015322167248232885
guided_diffusion,250,2,0.016243360739547484,1.2332353794111617,0.017665168769371815
unguided_diffusion,250,3,0.053186042592505874,1.4717465986742615,0.03733287307882471
guided_diffusion,250,3,0.01779586375547852,1.4782646365622139,0.01089731156339848
unguided_diffusion,250,4,0.01574197533608108,0.7805820272126686,0.0393513602285519
guided_diffusion,250,4,0.012510651269381242,0.779162333873289,0.02668002119864414
unguided_diffusion,250,5,0.029732966391494347,1.3217941545809586,0.022314775972705328
guided_diffusion,250,5,0.021110243601666686,1.3271053001698498,0.015363775235095254
unguided_diffusion,250,6,0.028963629493547444,1.0590977465762623,0.1767959798740454
guided_diffusion,250,6,0.026842109598288894,1.0558153646884856,0.18189848254606142
unguided_diffusion,250,7,0.07584533421051899,1.3103567877697995,0.0697845950119819
guided_diffusion,250,7,0.058249055030660385,1.278232140488637,0.05850321266311178
unguided_diffusion,250,8,0.04439457936639681,0.9563445812055981,0.12285906486577647
guided_diffusion,250,8,0.011118806842059632,0.9230583153868864,0.041863127923953976
unguided_diffusion,250,9,0.006908649787648997,1.1306739728309436,0.006824761281440019
guided_diffusion,250,9,0.005361427276810997,1.1329938648074391,0.0046498057154474234
unguided_diffusion,250,10,0.044951691131617844,1.2180392464939116,0.03637169596120462
guided_diffusion,250,10,0.02624878300704302,1.221068734686846,0.019449819667963168
unguided_diffusion,250,11,0.022866790855363056,0.8809188531825033,0.04505783306123858
guided_diffusion,250,11,0.01355949593153367,0.8691811178698071,0.02603310678430462
unguided_diffusion,250,12,0.015133959470379307,1.0607795880476507,0.014149489133223612
guided_diffusion,250,12,0.013154581015350483,1.0604058770478455,0.012273145073756028
unguided_diffusion,250,13,0.027277022583605023,1.2083263883865236,0.02350927891192081
guided_diffusion,250,13,0.017765492522646583,1.2241320018892703,0.01470389420819186
unguided_diffusion,250,14,0.034270343213254804,1.4513883065272701,0.02366843419503707
guided_diffusion,250,14,0.019499936276859337,1.4467141122223204,0.012661159737980472
unguided_diffusion,250,15,0.12041188950542543,0.7793645603784727,0.20690958462237571
guided_diffusion,250,15,0.07339234020017964,0.6919323320113845,0.1841044315787398
unguided_diffusion,250,16,0.02952978729667038,1.1751093048622798,0.03226280265382826
guided_diffusion,250,16,0.012614377869914472,1.2004590132206667,0.012525571724399722
unguided_diffusion,250,17,0.022690026109213654,1.3424456956885447,0.016670029399431335
guided_diffusion,250,17,0.016268572422501487,1.3575799592823616,0.011528142792320862
unguided_diffusion,250,18,0.03654444335040121,1.1405736773952324,0.03682465533901271
guided_diffusion,250,18,0.020712223992489346,1.1466108130507449,0.018637816984303484
unguided_diffusion,250,19,0.07545130313657648,1.0985397035493663,0.06933549455098804
guided_diffusion,250,19,0.05764747963640491,1.0880766062223837,0.05376409363051373
unguided_diffusion,300,0,0.0142263648014401,1.14888378844472,0.1209462332382004
guided_diffusion,300,0,0.022491032343909267,1.1650144869010706,0.13949705145758534
unguided_diffusion,300,1,0.051973745664337656,1.4682702972512793,0.03884883981568862
guided_diffusion,300,1,0.06740850264458932,1.4540676359967997,0.0573221121899223
unguided_diffusion,300,2,0.018092591437553967,1.4772348688852934,0.01609348016372936
guided_diffusion,300,2,0.020775552418816418,1.485577362854504,0.019153052809416055
unguided_diffusion,300,3,0.0644751286181371,1.7518296157350948,0.0380576796324843
guided_diffusion,300,3,0.020958375416120622,1.7716098981280426,0.010714510867105701
unguided_diffusion,300,4,0.015697457793301842,0.9409641131826181,0.03178963169034368
guided_diffusion,300,4,0.013285543048391227,0.9392463977920088,0.021898757423092913
unguided_diffusion,300,5,0.03711701016219344,1.5838925245680482,0.023402227210127722
guided_diffusion,300,5,0.02735058094135538,1.5919583734709033,0.016768685777306294
unguided_diffusion,300,6,0.037814930577115165,1.282089070486056,0.1623081156606476
guided_diffusion,300,6,0.03473502885050312,1.2773701484519029,0.16465587195031953
unguided_diffusion,300,7,0.09348896530066308,1.5822471256073662,0.0725605041851163
guided_diffusion,300,7,0.07170924901827071,1.540428198722033,0.06085568152298768
unguided_diffusion,300,8,0.05577041555878204,1.1518148051707482,0.13835671240233502
guided_diffusion,300,8,0.015618529995478565,1.1049313347960197,0.065930103102685
unguided_diffusion,300,9,0.00698023298304068,1.3620370918840343,0.005783469855853135
guided_diffusion,300,9,0.006133189233035706,1.365567128371084,0.004542519745682705
unguided_diffusion,300,10,0.05794221223078341,1.458153854392909,0.03902916248010756
guided_diffusion,300,10,0.035766868319470034,1.4646419964498225,0.02223872605954807
unguided_diffusion,300,11,0.030098425369566972,1.0627557003915877,0.0526761434362665
guided_diffusion,300,11,0.01958819539707581,1.0444976113081155,0.03522506207213555
unguided_diffusion,300,12,0.020216041670873482,1.2790833506716324,0.015807794765586452
guided_diffusion,300,12,0.018128959015248875,1.2788262190425346,0.014144444341495914
unguided_diffusion,300,13,0.029130918516168936,1.441512001888591,0.02089631859666252
guided_diffusion,300,13,0.01780154713693147,1.4613703952816375,0.012250476712284589
unguided_diffusion,300,14,0.04289155096217422,1.7424766909338458,0.024506073874790313
guided_diffusion,300,14,0.02616978344490543,1.7368672285464666,0.014253363210187447
unguided_diffusion,300,15,0.15206781298583935,0.964175020345667,0.20042764579478856
guided_diffusion,300,15,0.09313159709712138,0.8569592172460189,0.17647531573769715
unguided_diffusion,300,16,0.03844449137849943,1.407214535372259,0.035141726571537475
guided_diffusion,300,16,0.01661516730771743,1.4402987986224243,0.013624494726076625
unguided_diffusion,300,17,0.02636690818808361,1.6143510736884974,0.01612102136468481
guided_diffusion,300,17,0.02458345831980198,1.6314430084459808,0.014563889588662707
unguided_diffusion,300,18,0.04643813894423147,1.3596976718367808,0.04046101418017218
guided_diffusion,300,18,0.028785857379630065,1.368407835890216,0.022831345947437614
unguided_diffusion,300,19,0.09596473331608292,1.308978229302265,0.07103450864549656
guided_diffusion,300,19,0.07381435685655241,1.2958452827213431,0.055717532640784904
unguided_diffusion,350,0,0.017603078178954828,1.3472627054627504,0.12493467981982435
guided_diffusion,350,0,0.028418601658059206,1.3685568367041094,0.14193635819833275
unguided_diffusion,350,1,0.06259725064592288,1.7176902389264395,0.041215450573536455
guided_diffusion,350,1,0.08301355844105991,1.6986280197525758,0.0626111950566212
unguided_diffusion,350,2,0.02196877521227601,1.729514210944617,0.01693064246128712
guided_diffusion,350,2,0.026130272884001344,1.7408487938766966,0.020693948469543647
unguided_diffusion,350,3,0.07712223122300248,2.0236731503179115,0.03938237364525864
guided_diffusion,350,3,0.023789388603927642,2.062263679073061,0.010690219544221884
unguided_diffusion,350,4,0.015911958607685007,1.1031860498417183,0.026972687228652342
guided_diffusion,350,4,0.014297791224178152,1.1012329075906397,0.018713572101711363
unguided_diffusion,350,5,0.04617200517507547,1.8426287400112804,0.025239963247518565
guided_diffusion,350,5,0.03441349457199671,1.8541203360003855,0.01827958873114943
unguided_diffusion,350,6,0.048427499100383554,1.5117341135843103,0.14754833128487374
guided_diffusion,350,6,0.0442975596834436,1.5053402306001031,0.1479523843219812
unguided_diffusion,350,7,0.11391968752649106,1.8585019447285605,0.07580900091481362
guided_diffusion,350,7,0.08785835531701874,1.8059593647651606,0.06411416445979168
unguided_diffusion,350,8,0.06782742220366543,1.3522892020602315,0.15236751626350284
guided_diffusion,350,8,0.020202703871253256,1.2894201446998341,0.10273163382076927
unguided_diffusion,350,9,0.00691760206938771,1.5943324909632661,0.004956703602412046
guided_diffusion,350,9,0.006708394289321293,1.599330682778285,0.0043539059832311934
unguided_diffusion,350,10,0.07459821745682227,1.6910894315760048,0.043681438605459234
guided_diffusion,350,10,0.047673058317137584,1.7023877061989972,0.025817806943646455
unguided_diffusion,350,11,0.041647562044657284,1.2491677319492587,0.06402712220093511
guided_diffusion,350,11,0.029309684957161835,1.2232345956303428,0.04781950834655004
unguided_diffusion,350,12,0.023994813475054545,1.498242979115064,0.0160864943014971
guided_diffusion,350,12,0.02182123036927346,1.4981780998679,0.014595424014012181
unguided_diffusion,350,13,0.03000929563099455,1.6707924755845116,0.01855915838036797
guided_diffusion,350,13,0.01703030418412974,1.6951272515712574,0.010019391506814494
unguided_diffusion,350,14,0.05164413444702252,2.030087245939957,0.0252400212817105
guided_diffusion,350,14,0.032933486555503426,2.0233103103098644,0.015435044257342352
unguided_diffusion,350,15,0.1841534467364312,1.1491832142966285,0.19445762191138838
guided_diffusion,350,15,0.11417990571786209,1.0233175296225683,0.17206831471662118
unguided_diffusion,350,16,0.049383127962410955,1.635943739997879,0.0389212636041476
guided_diffusion,350,16,0.021600254284965426,1.6775566286838968,0.015107947234324607
unguided_diffusion,350,17,0.030152338861192386,1.8850962678416838,0.015808032037912655
guided_diffusion,350,17,0.034389541124361094,1.9040974111461793,0.017497658862338405
unguided_diffusion,350,18,0.05901597409119271,1.5718970552376479,0.04700750176305204
guided_diffusion,350,18,0.039057205656948445,1.5839247920809738,0.028642223670855005
unguided_diffusion,350,19,0.11857085611132778,1.5141045667123354,0.07359679026290321
guided_diffusion,350,19,0.09160912394174252,1.4981784096166653,0.058243849172447265
unguided_diffusion,400,0,0.021983784825542824,1.5468849180973576,0.1387840075390753
guided_diffusion,400,0,0.035606967189950774,1.5741051917805304,0.14980887274111884
unguided_diffusion,400,1,0.07235471708949191,1.9703853499620567,0.04221139869462628
guided_diffusion,400,1,0.09849546217288045,1.9459210093661816,0.06621607258445862
unguided_diffusion,400,2,0.026645671550795325,1.986404979228633,0.017966642093825275
guided_diffusion,400,2,0.03235945727192859,2.001194609092895,0.022204422423319648
unguided_diffusion,400,3,0.09079550830559253,2.2850763389157156,0.0412650283029827
guided_diffusion,400,3,0.026010906619097787,2.349008826315839,0.010504805272528747
unguided_diffusion,400,4,0.01614039230696474,1.264090054539768,0.023301291651509484
guided_diffusion,400,4,0.015432985965855314,1.2619881842864216,0.01646837547123156
unguided_diffusion,400,5,0.05693292491744798,2.0966646970731078,0.02763001992851316
guided_diffusion,400,5,0.04256802362240338,2.1122995170669383,0.020010260304099158
unguided_diffusion,400,6,0.06145596615886691,1.7503035899577453,0.13489788938679936
guided_diffusion,400,6,0.05590466895451784,1.7420086866646562,0.13364760088573843
unguided_diffusion,400,7,0.13629786956558657,2.1414809675878677,0.07845720575903978
guided_diffusion,400,7,0.10550809053708905,2.0772147570872233,0.06675143593789241
unguided_diffusion,400,8,0.08199611488752535,1.5577493915145393,0.16701730515363922
guided_diffusion,400,8,0.02567784496610058,1.4763443090595665,0.1563684555111375
unguided_diffusion,400,9,0.006794755154058147,1.8251755864397703,0.004284795465287498
guided_diffusion,400,9,0.008247535109869518,1.8319059449762058,0.005035565060495091
unguided_diffusion,400,10,0.09344278057219617,1.9193692676421967,0.049344276995907765
guided_diffusion,400,10,0.06114428375715077,1.9371147585127686,0.029801381311239005
unguided_diffusion,400,11,0.055452372064291267,1.4385812262837145,0.07462854108105549
guided_diffusion,400,11,0.040457379887414206,1.4039151825540495,0.05927739397670733
unguided_diffusion,400,12,0.027101634708461466,1.7169114138498507,0.01591842575721322
guided_diffusion,400,12,0.02496750995666963,1.717113661888167,0.014635035817266703
unguided_diffusion,400,13,0.03291243261957407,1.8921739588781497,0.01814178671127846
guided_diffusion,400,13,0.017603404863171284,1.9214899248933914,0.009116341460858532
unguided_diffusion,400,14,0.06311093772286239,2.313284646670585,0.026945742703981784
guided_diffusion,400,14,0.04143725408312116,2.3048975720689175,0.017104215330476857
unguided_diffusion,400,15,0.21679065287508661,1.3355900886148424,0.1901134141580044
guided_diffusion,400,15,0.1358277016987425,1.1921760589059391,0.1691429230528013
unguided_diffusion,400,16,0.06347233863269626,1.8607856232908475,0.04387770484346366
guided_diffusion,400,16,0.028197851430641338,1.9116197971132944,0.01710099940223667
unguided_diffusion,400,17,0.03511255110747027,2.1554839904770584,0.01616149622422731
guided_diffusion,400,17,0.045085646479268715,2.1764523402014833,0.020065364472885056
unguided_diffusion,400,18,0.07361552139578188,1.7756552194324113,0.056016333385923246
guided_diffusion,400,18,0.05119077849018847,1.7916915530651503,0.0360485062764767
unguided_diffusion,400,19,0.14372093860105217,1.7139261228421911,0.07684536396374325
guided_diffusion,400,19,0.11155240407697779,1.6951294697314836,0.061426684435787304
unguided_diffusion,450,0,0.027968047569832327,1.7461716874757212,0.1533840920497799
guided_diffusion,450,0,0.044617138988167715,1.7801186099444368,0.1580317927975697
unguided_diffusion,450,1,0.08239207124118696,2.2266522673703903,0.042945989636415945
guided_diffusion,450,1,0.114653859876982,2.196369008062628,0.06922099930765648
unguided_diffusion,450,2,0.03200791244150666,2.250750571360862,0.018916921695591466
guided_diffusion,450,2,0.03947564957328978,2.2694582212061567,0.023577652946148484
unguided_diffusion,450,3,0.1071232108506313,2.5292047923213734,0.04458688695589147
guided_diffusion,450,3,0.026943935621223037,2.627206279340171,0.009800952344687554
unguided_diffusion,450,4,0.016780123324630962,1.4203475343366012,0.021159596827022596
guided_diffusion,450,4,0.01672032871472683,1.4181919588500245,0.014936555637109966
unguided_diffusion,450,5,0.06966178970261418,2.3453042775449577,0.03055951239050826
guided_diffusion,450,5,0.051811612462337675,2.36581666793135,0.021913955799892817
unguided_diffusion,450,6,0.07651924695642871,1.9991031371028478,0.12406271905904936
guided_diffusion,450,6,0.06946158930827312,1.9886873530646119,0.12180679180223514
unguided_diffusion,450,7,0.1613580201229394,2.43155011863309,0.08088488928062136
guided_diffusion,450,7,0.12521942251305537,2.3546140587033357,0.06912272434344711
unguided_diffusion,450,8,0.09862466877755716,1.7660454341729654,0.18224667455437515
guided_diffusion,450,8,0.032730938337008256,1.6638882995125177,0.23423499180179055
unguided_diffusion,450,9,0.006757337882775202,2.0550660048475446,0.0038191154363687425
guided_diffusion,450,9,0.010268792860198545,2.063771536808821,0.0058810981389413345
unguided_diffusion,450,10,0.11521828086903148,2.140712772490441,0.05614701117945298
guided_diffusion,450,10,0.07669414447563215,2.1667291454824693,0.03422588662747095
unguided_diffusion,450,11,0.07176491915474249,1.630386721642125,0.08387051759395507
guided_diffusion,450,11,0.053297874211435774,1.5860552889888122,0.06934477887499621
unguided_diffusion,450,12,0.032411719435840265,1.9371576240003676,0.016941319627531204
guided_diffusion,450,12,0.030490830808719376,1.9376962693654451,0.015909327171906528
unguided_diffusion,450,13,0.03641159237556984,2.1058469273487197,0.018474118295240986
guided_diffusion,450,13,0.018789837008213805,2.1406445286140254,0.008860024855396135
unguided_diffusion,450,14,0.0762493301846124,2.592188879414398,0.02897100004512763
guided_diffusion,450,14,0.05086492195615092,2.581594497578843,0.018827518318062383
unguided_diffusion,450,15,0.24975522092112348,1.525317295244121,0.18650445724690382
guided_diffusion,450,15,0.1575262503415478,1.3650397723539893,0.16674748239763185
unguided_diffusion,450,16,0.07880488684013921,2.0815782830573926,0.048592611758034615
guided_diffusion,450,16,0.03541122446882645,2.142214573834436,0.018962575303686034
unguided_diffusion,450,17,0.03956996155934689,2.4211911105053345,0.016264197843658706
guided_diffusion,450,17,0.05813268293544702,2.4443928080620636,0.02306194028243616
unguided_diffusion,450,18,0.08929087220091565,1.9716338810751564,0.06720944914979654
guided_diffusion,450,18,0.0642146979772225,1.9923395379707165,0.04464342877278501
unguided_diffusion,450,19,0.1733948447689887,1.9102296310047004,0.0812561135683582
guided_diffusion,450,19,0.13566504389143427,1.8886406178084345,0.06584610402451394
unguided_diffusion,500,0,0.035363594538553596,1.9427661585105245,0.17872397435849577
guided_diffusion,500,0,0.05544321019114015,1.98429681358749,0.17254054498943736
unguided_diffusion,500,1,0.09387854691691234,2.4864636430829536,0.044457299595185656
guided_diffusion,500,1,0.13321760157463094,2.4498737729987123,0.07332660284073046
unguided_diffusion,500,2,0.0361561505911425,2.5209511786821515,0.018770074192591496
guided_diffusion,500,2,0.04561690731811117,2.5440402788054945,0.02382658841438419
unguided_diffusion,500,3,0.12450065662190164,2.7514911455994677,0.04872444234766766
guided_diffusion,500,3,0.02768102623820977,2.8938742370514876,0.00920961814910927
unguided_diffusion,500,4,0.018000489178479483,1.56937419594339,0.020069956374329092
guided_diffusion,500,4,0.01837043330909029,1.5672504586677263,0.014087781829359386
unguided_diffusion,500,5,0.08413555412613379,2.5879474952203387,0.0338745734121046
guided_diffusion,500,5,0.06210276102542852,2.614079316711302,0.023977028034399658
unguided_diffusion,500,6,0.0941181797201641,2.2567666105293016,0.11664242984844915
guided_diffusion,500,6,0.08552445244373787,2.2440132603030647,0.11383298539458427
unguided_diffusion,500,7,0.18926767986568724,2.727277140046167,0.08318234958260966
guided_diffusion,500,7,0.1470912374636743,2.6368295529762897,0.07130924252328376
unguided_diffusion,500,8,0.11673732747697835,1.9751975208939936,0.19719905735463036
guided_diffusion,500,8,0.039701922897795526,1.8526920494580936,0.31397958837924694
unguided_diffusion,500,9,0.0068491261305734215,2.28602809816168,0.003505299599278682
guided_diffusion,500,9,0.011906028188393522,2.296935031161937,0.006310071745389126
unguided_diffusion,500,10,0.14017484323287052,2.353582187050161,0.06422311166915101
guided_diffusion,500,10,0.09442231310271725,2.389877563669917,0.03911103694604379
unguided_diffusion,500,11,0.09116368100988066,1.8243825756589196,0.09262761323299322
guided_diffusion,500,11,0.06854192378995229,1.7695975239370263,0.07874367411618698
unguided_diffusion,500,12,0.03884749960831718,2.1619330881311942,0.018219934408114345
guided_diffusion,500,12,0.037182495300913936,2.1628810362598725,0.017409722000166574
unguided_diffusion,500,13,0.041878855033144,2.3145746802646046,0.02019138263297021
guided_diffusion,500,13,0.02163592738592354,2.355360531919755,0.009712454932323204
unguided_diffusion,500,14,0.09027253667517987,2.8666093291943926,0.030941316911777945
guided_diffusion,500,14,0.06079065231078449,2.853068188067548,0.020442579503793374
unguided_diffusion,500,15,0.28393603853690697,1.7163994143523755,0.18415472388102616
guided_diffusion,500,15,0.18061080040063227,1.5389154808868897,0.16682967831487502
unguided_diffusion,500,16,0.09515829461485521,2.2984481027825723,0.05323707546022181
guided_diffusion,500,16,0.042704579990238384,2.369390271364114,0.020561434981919178
unguided_diffusion,500,17,0.04456691913865266,2.6817457643627676,0.01656096296058274
guided_diffusion,500,17,0.07217204282114048,2.7079760408383255,0.025849226595081418
unguided_diffusion,500,18,0.10576097138856205,2.16460864714309,0.08011464666702607
guided_diffusion,500,18,0.07774384568912361,2.1875067414036367,0.054320517354991375
unguided_diffusion,500,19,0.20577191107522383,2.102276997738023,0.08557972189159795
guided_diffusion,500,19,0.16185124902780004,2.0781429414067243,0.06992090817228301
unguided_diffusion,550,0,0.044335212095980625,2.1355658653719107,0.22093947692882798
guided_diffusion,550,0,0.06823692061224405,2.1855617025807095,0.1948707548038954
unguided_diffusion,550,1,0.10695189031579623,2.7447140628134363,0.04657955617769083
guided_diffusion,550,1,0.15392131405817597,2.7010637479889077,0.07839151030230371
unguided_diffusion,550,2,0.03970836102044777,2.7940151827112274,0.018344812438601074
guided_diffusion,550,2,0.051374835130499896,2.8219414104994,0.023796717308691765
unguided_diffusion,550,3,0.14295208549432276,2.947419385137188,0.05404587770437988
guided_diffusion,550,3,0.028068369515190605,3.143771466919457,0.008680404322448827
unguided_diffusion,550,4,0.019787467649655204,1.708342341526567,0.019471215328674855
guided_diffusion,550,4,0.020492983537733666,1.706324959235923,0.013718561985687333
unguided_diffusion,550,5,0.10057581324475907,2.824238167355803,0.037687362463568706
guided_diffusion,550,5,0.07378347496070414,2.8567856627160673,0.02634176019703796
unguided_diffusion,550,6,0.1145658216473922,2.522336585995966,0.111883799910114
guided_diffusion,550,6,0.10422667545591739,2.5070357488679824,0.1087463324859418
unguided_diffusion,550,7,0.21800199479102908,3.02692886582011,0.08459276577850655
guided_diffusion,550,7,0.16956773596322808,2.922180327373997,0.07267878030719453
unguided_diffusion,550,8,0.1365742985362059,2.180818974230613,0.21814360306011082
guided_diffusion,550,8,0.04729827522781036,2.0421727138179713,0.40398142095022854
unguided_diffusion,550,9,0.006941974749959498,2.517338203052734,0.0032334551626331115
guided_diffusion,550,9,0.013965395145827736,2.5306631963484283,0.00689572568220748
unguided_diffusion,550,10,0.16677918630301924,2.558569307687796,0.07317497563138148
guided_diffusion,550,10,0.11329898704820289,2.6073861555817412,0.044202389262696457
unguided_diffusion,550,11,0.11287562480313458,2.020998070146939,0.09968614442213801
guided_diffusion,550,11,0.08587997335770829,1.9552092132058905,0.08688029336059651
unguided_diffusion,550,12,0.046931378420363996,2.3881552345153714,0.019915596417011173
guided_diffusion,550,12,0.045447025185993,2.3896127061927723,0.019253672078230415
unguided_diffusion,550,13,0.04925246489080776,2.5151431859902145,0.023084819154655125
guided_diffusion,550,13,0.025999172757713837,2.562378290605688,0.011443308498145795
unguided_diffusion,550,14,0.1057759337619173,3.135658952993372,0.03306576872955166
guided_diffusion,550,14,0.07155878178336471,3.1182878208587894,0.02210059109356463
unguided_diffusion,550,15,0.3207273102394311,1.9092963256725959,0.1831510024020244
guided_diffusion,550,15,0.20646545210912884,1.7142480750035916,0.16919969779072966
unguided_diffusion,550,16,0.11355034359482859,2.51169145686589,0.058191462007178556
guided_diffusion,550,16,0.0509291552405887,2.593382807086607,0.02227666391107469
unguided_diffusion,550,17,0.04879897684534574,2.9390730192829704,0.016513918548384566
guided_diffusion,550,17,0.08793977059570142,2.969190785639576,0.028740289831073577
unguided_diffusion,550,18,0.12345899422809374,2.3572155291867145,0.09446384491811456
guided_diffusion,550,18,0.09222415842405092,2.3797821922865445,0.06530263457968197
unguided_diffusion,550,19,0.24078112724147685,2.287751261096222,0.08991155726173672
guided_diffusion,550,19,0.18983487283675682,2.261351795982641,0.07367700309608824
unguided_diffusion,600,0,0.055269998206944164,2.3244819822622746,0.27000809599540326
guided_diffusion,600,0,0.0832649047218701,2.383839967853469,0.21803074375117829
unguided_diffusion,600,1,0.12117982773280367,3.000579343576881,0.049070632719006226
guided_diffusion,600,1,0.17641769285449527,2.949070859086074,0.08429174734886576
unguided_diffusion,600,2,0.04422292788118918,3.066846062765699,0.018462535382667705
guided_diffusion,600,2,0.05819097248149344,3.1000190565132386,0.024244057977235684
unguided_diffusion,600,3,0.16193475166845306,3.1220014926807758,0.06036166635709713
guided_diffusion,600,3,0.028628856375536093,3.371816914239805,0.008383367035961936
unguided_diffusion,600,4,0.021362052290136362,1.8383750651470663,0.019030127215490484
guided_diffusion,600,4,0.02329091630989209,1.8365407318176974,0.013839694778879676
unguided_diffusion,600,5,0.1192628352573114,3.054898395002232,0.04207453749867431
guided_diffusion,600,5,0.08679408291756524,3.094703251426234,0.02895996288765813
unguided_diffusion,600,6,0.13773343796179835,2.796579879437127,0.10869319798128939
guided_diffusion,600,6,0.12557698533847433,2.77852676834938,0.10538615356179278
unguided_diffusion,600,7,0.2489610770650803,3.328433630417127,0.08614427559399145
guided_diffusion,600,7,0.1934666976005828,3.208530559685446,0.07405827963180626
unguided_diffusion,600,8,0.16005512121610901,2.3811461746166,0.2502627463994919
guided_diffusion,600,8,0.05751900707000095,2.2396591600853726,0.4122372375529808
unguided_diffusion,600,9,0.007237012635434814,2.7485221218779485,0.0031366923050482258
guided_diffusion,600,9,0.016968716740870315,2.7644267207637605,0.007836003769424579
unguided_diffusion,600,10,0.19549689840237802,2.753287968308524,0.08369112454750782
guided_diffusion,600,10,0.1335428162878939,2.817111251051094,0.04975247282394252
unguided_diffusion,600,11,0.13809050079756116,2.2228078017962822,0.10603663565977545
guided_diffusion,600,11,0.10570235013819203,2.145868069715365,0.09392030493290027
unguided_diffusion,600,12,0.057637756888129145,2.612182168493361,0.022353416447875304
guided_diffusion,600,12,0.05638919899517897,2.614293206702704,0.021832787126149653
unguided_diffusion,600,13,0.05399525433985155,2.7111237027147084,0.02484765385210852
guided_diffusion,600,13,0.027622030006333547,2.765314204757479,0.011847073702547138
unguided_diffusion,600,14,0.12295274028479619,3.397729048945249,0.03540510769628178
guided_diffusion,600,14,0.08364248939616721,3.3756033056581636,0.02395664555816925
unguided_diffusion,600,15,0.3587922855512425,2.1058594342983277,0.1821952991496698
guided_diffusion,600,15,0.2335195789675559,1.89256482095208,0.1715538428965556
unguided_diffusion,600,16,0.13389558741596078,2.7212358785152997,0.06333326888747068
guided_diffusion,600,16,0.06032704406691051,2.8140219534163786,0.024155514058952082
unguided_diffusion,600,17,0.05407027600552306,3.191599977789286,0.01681208829859801
guided_diffusion,600,17,0.10434299645209412,3.226541243253486,0.03139785896116168
unguided_diffusion,600,18,0.14246935948870595,2.550553423005113,0.11044922481595316
guided_diffusion,600,18,0.10763291879868146,2.5727152690089663,0.07735433684877274
unguided_diffusion,600,19,0.28077838820360124,2.466097442322771,0.09519162824224496
guided_diffusion,600,19,0.22205861484061398,2.4377200614695425,0.07815829505162183
unguided_diffusion,650,0,0.06718394330885304,2.509603490156794,0.3259588930048681
guided_diffusion,650,0,0.09979339988566356,2.579159686814084,0.24164510333514366
unguided_diffusion,650,1,0.13595943611122416,3.255741248166928,0.051424478160239234
guided_diffusion,650,1,0.20026485683101056,3.1960260920055603,0.09020648427957738
unguided_diffusion,650,2,0.05029966753465637,3.335200442539179,0.019130641489832612
guided_diffusion,650,2,0.06688557897546477,3.374002712260245,0.025270576458303096
unguided_diffusion,650,3,0.18156459103597947,3.2852090989827523,0.06727450461558203
guided_diffusion,650,3,0.029877352289863,3.5774562455517045,0.008428966396080617
unguided_diffusion,650,4,0.0234030688086531,1.960991342228386,0.018916147961631154
guided_diffusion,650,4,0.02691357854317381,1.959142289041332,0.01439385724009123
unguided_diffusion,650,5,0.1400202376764128,3.280079721938448,0.04697760998213518
guided_diffusion,650,5,0.10116404618724822,3.327965428659851,0.03183292943835859
unguided_diffusion,650,6,0.16420255410640186,3.0787287803393415,0.10717554063950224
guided_diffusion,650,6,0.15010473603986318,3.0577291460752662,0.1038311239009676
unguided_diffusion,650,7,0.2815994495673651,3.630701080172866,0.0877152016930078
guided_diffusion,650,7,0.2189809804702312,3.494723636823483,0.07559777895664478
unguided_diffusion,650,8,0.18681109573021706,2.577390667947368,0.2921734772038113
guided_diffusion,650,8,0.06965152108523477,2.458457243502913,0.29276491302832064
unguided_diffusion,650,9,0.007737195710675757,2.979798006902366,0.003143598601729429
guided_diffusion,650,9,0.020381736348261178,2.9983863771419537,0.008752936627651172
unguided_diffusion,650,10,0.22535696888109066,2.94005125347346,0.09569566973914219
guided_diffusion,650,10,0.15432552763514001,3.0206186209664403,0.05566075759536804
unguided_diffusion,650,11,0.16488614977349839,2.430107853493039,0.1104647349709657
guided_diffusion,650,11,0.12762350717041124,2.3423102898489554,0.09971247236810667
unguided_diffusion,650,12,0.07022006092185752,2.830840625963083,0.025153309811871815
guided_diffusion,650,12,0.06925633880999944,2.833810060497551,0.02476628551374384
unguided_diffusion,650,13,0.05934170993648322,2.905947292887808,0.02708226584785536
guided_diffusion,650,13,0.029743732588184094,2.9676552285809574,0.012549126636148246
unguided_diffusion,650,14,0.14235234451798173,3.6502747693324515,0.03813586697876163
guided_diffusion,650,14,0.09735038087023302,3.622504818454845,0.026109299781099826
unguided_diffusion,650,15,0.3992931317566481,2.3034851716684135,0.1825521264562122
guided_diffusion,650,15,0.26262442160970206,2.0701895972136035,0.1760124549102263
unguided_diffusion,650,16,0.1560633806968035,2.9261610233144744,0.06859206690956515
guided_diffusion,650,16,0.07047318561175313,3.0302687639671073,0.0260020565464507
unguided_diffusion,650,17,0.059357370869825364,3.438827714193932,0.017064267885582296
guided_diffusion,650,17,0.12213026149334483,3.480037327343092,0.03409244156691828
unguided_diffusion,650,18,0.1620541187994944,2.745640403724181,0.1272226987888929
guided_diffusion,650,18,0.12353616518500299,2.767264712626938,0.0900718158254832
unguided_diffusion,650,19,0.32573468084165347,2.6361172477591333,0.10128595114080603
guided_diffusion,650,19,0.2585399408695274,2.606096086509868,0.08331376694332127
unguided_diffusion,700,0,0.08014374198694323,2.6905431869937195,0.39080881473544044
guided_diffusion,700,0,0.1177645080503794,2.7680082892909894,0.2726021397599942
unguided_diffusion,700,1,0.15142283835561554,3.51115786682616,0.053341841492188624
guided_diffusion,700,1,0.2253098393428747,3.4437468022179787,0.09517480401692673
unguided_diffusion,700,2,0.057592070923664175,3.5988481643644135,0.02012395719920654
guided_diffusion,700,2,0.0769951346671253,3.6436792830199285,0.026620352413304047
unguided_diffusion,700,3,0.20241978483485842,3.437459889934104,0.07499095171497061
guided_diffusion,700,3,0.031152139006732058,3.762874384558311,0.00855245425442768
unguided_diffusion,700,4,0.02583476615312395,2.086327702436384,0.019125244939178523
guided_diffusion,700,4,0.030777161721118107,2.083778077778192,0.0150259096061636
unguided_diffusion,700,5,0.16294026729115285,3.498555758489951,0.052438193176968954
guided_diffusion,700,5,0.11716576413512818,3.5553531695327814,0.03504433324555932
unguided_diffusion,700,6,0.19448352013726514,3.367523122400533,0.10714877713835973
guided_diffusion,700,6,0.17832087223745982,3.343431860251338,0.10385351370218114
unguided_diffusion,700,7,0.3159603006913089,3.932378394104892,0.08928957626248417
guided_diffusion,700,7,0.245936827719501,3.779128246672187,0.07717495255401725
unguided_diffusion,700,8,0.21810070183884722,2.771924639674657,0.3467650977866721
guided_diffusion,700,8,0.08528356805774716,2.685176247817339,0.24007058361687136
unguided_diffusion,700,9,0.00860868043374636,3.2097385483100527,0.0033140872573141785
guided_diffusion,700,9,0.024473620136200375,3.231103506029179,0.009756373919528919
unguided_diffusion,700,10,0.25642589374025837,3.126096375721712,0.10883035801675651
guided_diffusion,700,10,0.17569130566829472,3.2196985833084315,0.06207081649747748
unguided_diffusion,700,11,0.19540082269497974,2.6374711498741363,0.1154393819922634
guided_diffusion,700,11,0.15305599815577364,2.539322763997699,0.10613206854417419
unguided_diffusion,700,12,0.08455420662977446,3.040157947031458,0.028274950810290727
guided_diffusion,700,12,0.0839525619090065,3.0442607825338777,0.02802393625997403
unguided_diffusion,700,13,0.06558998131078041,3.101185370561818,0.0299406366840651
guided_diffusion,700,13,0.03232273954356163,3.1709506256661864,0.013536210223631722
unguided_diffusion,700,14,0.16235866965588622,3.8909435255972937,0.04085793760287757
guided_diffusion,700,14,0.11139239163624877,3.856661672646846,0.028244125341614763
unguided_diffusion,700,15,0.44373936118346274,2.5036274665209715,0.18434772911387873
guided_diffusion,700,15,0.2948475580887662,2.2496092095415126,0.18236909871295523
unguided_diffusion,700,16,0.17966509971518044,3.125218011310609,0.07391697431315564
guided_diffusion,700,16,0.08106918504370646,3.2408030429296137,0.027744934784075175
unguided_diffusion,700,17,0.063842236582465,3.6823782715270035,0.01707127945783922
guided_diffusion,700,17,0.14236970214193007,3.7313814087849817,0.037110089515887755
unguided_diffusion,700,18,0.1831487283814778,2.940684742088177,0.14551791326916577
guided_diffusion,700,18,0.1408266171067268,2.961559544999583,0.10392759787192135
unguided_diffusion,700,19,0.37455145828508907,2.7939936310615905,0.10811888389316315
guided_diffusion,700,19,0.2982245169349596,2.762566321318745,0.08900172109571619
unguided_diffusion,750,0,0.09515752286651906,2.8636248096442833,0.46137560751023265
guided_diffusion,750,0,0.1381230683755903,2.9451631569239844,0.3154493932714157
unguided_diffusion,750,1,0.16851218010812366,3.768789583059742,0.05500554709388888
guided_diffusion,750,1,0.2525543018863099,3.695071156067572,0.09910866447663545
unguided_diffusion,750,2,0.0657667994085478,3.855518207626883,0.021268120701581402
guided_diffusion,750,2,0.08808335037441951,3.906796095190502,0.02809378023891379
unguided_diffusion,750,3,0.22667780273049223,3.5782298168757443,0.08418854551061687
guided_diffusion,750,3,0.03188755813824586,3.9292645764639347,0.008556414894892865
unguided_diffusion,750,4,0.02855959338314651,2.217510187578741,0.019424580902430762
guided_diffusion,750,4,0.0348318546080395,2.214357000444283,0.015665746661412204
unguided_diffusion,750,5,0.1889203813686732,3.710247659363354,0.058770919116621745
guided_diffusion,750,5,0.1355020326080348,3.7768099237319532,0.03878842567095647
unguided_diffusion,750,6,0.22738750483799008,3.6644895243825886,0.1071353134768231
guided_diffusion,750,6,0.20898470861348284,3.637248244138391,0.10384051180960178
unguided_diffusion,750,7,0.35316782142937053,4.231073372126681,0.09141383153128584
guided_diffusion,750,7,0.27489029648580593,4.058918289027663,0.07921527882044344
unguided_diffusion,750,8,0.25443411963497065,2.9684869553214646,0.4073432068739204
guided_diffusion,750,8,0.10451865769597642,2.914663190730273,0.21819371077731076
unguided_diffusion,750,9,0.010554545208430459,3.4374022864335037,0.003919478301408114
guided_diffusion,750,9,0.02971446536758675,3.4615970182719398,0.011030361177176174
unguided_diffusion,750,10,0.2895090190585144,3.3101946659112653,0.12321938168675976
guided_diffusion,750,10,0.19854091764367263,3.414700562166191,0.069143356104456
unguided_diffusion,750,11,0.22922947141908845,2.8409054597333383,0.120899301484655
guided_diffusion,750,11,0.1814980696942995,2.732873614815464,0.11296583287038564
unguided_diffusion,750,12,0.09979809682893888,3.238214105129329,0.03145512362480324
guided_diffusion,750,12,0.09967173664721474,3.243754892131775,0.03135201879288799
unguided_diffusion,750,13,0.0728118655217197,3.3016424040517887,0.033349831096682804
guided_diffusion,750,13,0.035378952319909465,3.38007467997277,0.01481377139308594
unguided_diffusion,750,14,0.18299948350334327,4.118317680752777,0.04364985646605515
guided_diffusion,750,14,0.12572992247037718,4.076661715929686,0.030418717394504552
unguided_diffusion,750,15,0.4911770715342237,2.7125593357629625,0.1854410506215817
guided_diffusion,750,15,0.3284398680249068,2.439029402838313,0.1867088191824353
unguided_diffusion,750,16,0.20581947592819602,3.3172334863404704,0.07978171271570915
guided_diffusion,750,16,0.0930257198962043,3.4444413287856546,0.0297077319660746
unguided_diffusion,750,17,0.06832337593067953,3.9224974013348857,0.01706906374076523
guided_diffusion,750,17,0.1638415484827405,3.980798112698265,0.04010193976211875
unguided_diffusion,750,18,0.20652350722951252,3.1340331273244213,0.165597829622155
guided_diffusion,750,18,0.1608192830992258,3.1539474243363284,0.11937003455689697
unguided_diffusion,750,19,0.42679574859594344,2.9357454690512435,0.11583480617102215
guided_diffusion,750,19,0.340765327471769,2.9029314556132033,0.09543048519315007
unguided_diffusion,800,0,0.11219791514240336,3.0285412831610086,0.5411398677396909
guided_diffusion,800,0,0.16085499801604183,3.113858176121545,0.36531740903703597
unguided_diffusion,800,1,0.18818016318392491,4.026484954713701,0.05686128850144715
guided_diffusion,800,1,0.28287319165635155,3.948161285317777,0.10267600041147375
unguided_diffusion,800,2,0.07572490275749105,4.097919690060784,0.022795189446452997
guided_diffusion,800,2,0.10118890648090194,4.156194635006948,0.029984631757032
unguided_diffusion,800,3,0.25674997032642904,3.704941749621316,0.09566568460896528
guided_diffusion,800,3,0.0318197563552243,4.079981023748431,0.008339390786294169
unguided_diffusion,800,4,0.0316434457662196,2.3523852300740047,0.020042443449808118
guided_diffusion,800,4,0.03905573845279525,2.348745013380956,0.016448169399278546
unguided_diffusion,800,5,0.2181549509009899,3.9154701762859516,0.06597710615464451
guided_diffusion,800,5,0.1564327893628691,3.992537765209454,0.04306851848258073
unguided_diffusion,800,6,0.26208752064594193,3.9704950459524504,0.10661673825280356
guided_diffusion,800,6,0.2413140073959135,3.940133717550104,0.10329583808197688
unguided_diffusion,800,7,0.3930850948306443,4.523395336091857,0.09418907018967344
guided_diffusion,800,7,0.306609666217864,4.330469188109148,0.08208691735357326
unguided_diffusion,800,8,0.2927788902335909,3.1696004468498256,0.4579163302219585
guided_diffusion,800,8,0.12426820239216603,3.1416506536503817,0.2078143042653375
unguided_diffusion,800,9,0.013087908086220026,3.6620833682192875,0.004634785710141789
guided_diffusion,800,9,0.035625127353751715,3.6891053980845037,0.012346301853009485
unguided_diffusion,800,10,0.3249706363307531,3.4897581254033234,0.1387790824707321
guided_diffusion,800,10,0.22353236199307505,3.6067505373864592,0.07673825490748772
unguided_diffusion,800,11,0.26640341791411853,3.040466651892444,0.1263434762319992
guided_diffusion,800,11,0.21329827505409946,2.9234639858564706,0.11973208437307387
unguided_diffusion,800,12,0.11629451183164656,3.425719217709471,0.03481290993095872
guided_diffusion,800,12,0.11690020576235098,3.4329725684431867,0.034907840288457385
unguided_diffusion,800,13,0.08361065328424873,3.5017284572858123,0.03876433827811035
guided_diffusion,800,13,0.04183851863380076,3.5894874282771916,0.01775262282924019
unguided_diffusion,800,14,0.20513564090620887,4.332368705884563,0.04675880163468762
guided_diffusion,800,14,0.14113666418595702,4.282529228255673,0.03286248381775302
unguided_diffusion,800,15,0.5406101592202215,2.9307662412546214,0.18471804422457935
guided_diffusion,800,15,0.36247763958953927,2.6398385401191025,0.1880818571256703
unguided_diffusion,800,16,0.23470646996985114,3.5005392833850397,0.08634551180450807
guided_diffusion,800,16,0.106654198973523,3.6395201649528146,0.03198211975859675
unguided_diffusion,800,17,0.0722926747467705,4.155818692612351,0.017006251689576996
guided_diffusion,800,17,0.1876476592107638,4.224788495786027,0.04331149290708192
unguided_diffusion,800,18,0.23138888833551222,3.327301525729738,0.1869500959396976
guided_diffusion,800,18,0.1818330122690283,3.3460648147722227,0.1356310803511627
unguided_diffusion,800,19,0.48214456549282597,3.059763765537473,0.12446605554864539
guided_diffusion,800,19,0.3861494951486983,3.0254684024216485,0.10278012471968863
unguided_diffusion,850,0,0.13006743682551672,3.186896764563107,0.6273440255646017
guided_diffusion,850,0,0.18506375744829595,3.2767608682949927,0.4190826214799846
unguided_diffusion,850,1,0.2107133618960614,4.2787299527171285,0.059288665551779356
guided_diffusion,850,1,0.3162049474525462,4.196913960145565,0.10681261525013386
unguided_diffusion,850,2,0.08741205668977413,4.322480450038841,0.024804250762030727
guided_diffusion,850,2,0.11627463647329915,4.3884672907115,0.03239465078555854
unguided_diffusion,850,3,0.2903340286087592,3.8148232771763504,0.1084319077417341
guided_diffusion,850,3,0.0318849213479971,4.214226664140539,0.008184074892040276
unguided_diffusion,850,4,0.03481035977630124,2.4882345684593052,0.02085627171431509
guided_diffusion,850,4,0.043283919966581645,2.484235879482999,0.01730725906117951
unguided_diffusion,850,5,0.25123175940494136,4.110770683087897,0.07423440442065075
guided_diffusion,850,5,0.18054920365844193,4.1989612135545205,0.04801432995856569
unguided_diffusion,850,6,0.2994325146264002,4.2840989340005216,0.10607489446137837
guided_diffusion,850,6,0.2761291879184637,4.2507875016370535,0.1027185945122064
unguided_diffusion,850,7,0.43701149169334436,4.805294883339989,0.09795604626504607
guided_diffusion,850,7,0.34167321370717607,4.589798278923159,0.08592883550325663
unguided_diffusion,850,8,0.33359714376487454,3.379006250306267,0.49213536238478334
guided_diffusion,850,8,0.1441807570584457,3.366271021085092,0.2049022058835446
unguided_diffusion,850,9,0.015604263488438375,3.882007587367136,0.0052373225850346865
guided_diffusion,850,9,0.04168709624181446,3.911870752106781,0.013540402935449383
unguided_diffusion,850,10,0.3621101103740451,3.664753444942939,0.15515726472918615
guided_diffusion,850,10,0.2499779116330408,3.796188118112532,0.0844448778648799
unguided_diffusion,850,11,0.3082398293710053,3.2357728652120183,0.13182937620344334
guided_diffusion,850,11,0.24938277256137698,3.1123236488969024,0.12628159545877457
unguided_diffusion,850,12,0.1354556250823884,3.602543037294721,0.03875506477369092
guided_diffusion,850,12,0.13680320493714576,3.6117417813341226,0.03902323248818975
unguided_diffusion,850,13,0.09400342513521419,3.6995044455789206,0.0443306344600971
guided_diffusion,850,13,0.047778215871930076,3.7954177916225222,0.020530954753985527
unguided_diffusion,850,14,0.2295327678410618,4.534221591457891,0.05036642709918276
guided_diffusion,850,14,0.1582184518082452,4.475522996123644,0.035723448742586525
unguided_diffusion,850,15,0.5947663815635492,3.156280604646188,0.18353002307338528
guided_diffusion,850,15,0.3982162584252682,2.8501459187110267,0.18784361100854716
unguided_diffusion,850,16,0.26619815862632573,3.672889328357589,0.09366953114340064
guided_diffusion,850,16,0.12177042042454171,3.8237610892669953,0.03450601352169985
unguided_diffusion,850,17,0.07573667920356274,4.380905525794565,0.016884264020112602
guided_diffusion,850,17,0.21368734617566512,4.46087941062522,0.0467734719948474
unguided_diffusion,850,18,0.25744276211573064,3.5214211122410943,0.20936274106841601
guided_diffusion,850,18,0.20316687485286686,3.538744931830484,0.1524800232659296
unguided_diffusion,850,19,0.5401065526483243,3.166927401121645,0.13393010363724908
guided_diffusion,850,19,0.4340136983687661,3.13105559349833,0.11098028201816533
unguided_diffusion,900,0,0.14867070943868851,3.343956761034342,0.6376975549861503
guided_diffusion,900,0,0.21054358973788012,3.4325898723365484,0.4745386837930545
unguided_diffusion,900,1,0.23433541300872843,4.52239400042532,0.062210925575327806
guided_diffusion,900,1,0.3507123730267044,4.437329064612448,0.11188476077653642
unguided_diffusion,900,2,0.10078108527117936,4.528766970469801,0.027316368692498663
guided_diffusion,900,2,0.13324210552203974,4.603150730918979,0.035326880105367435
unguided_diffusion,900,3,0.3267757735391101,3.906061097896926,0.12223829923342178
guided_diffusion,900,3,0.03204012394839122,4.329563833090233,0.008098598605832867
unguided_diffusion,900,4,0.037825326659229275,2.622380838840311,0.021351607029484188
guided_diffusion,900,4,0.04733753966703467,2.6181600175383384,0.017860119071571527
unguided_diffusion,900,5,0.28779063233887786,4.291012586579175,0.08379690947177627
guided_diffusion,900,5,0.20764987684481875,4.3910283450579595,0.053703752615071966
unguided_diffusion,900,6,0.3393215026174848,4.606712250114871,0.1050404842486427
guided_diffusion,900,6,0.3133909634491669,4.570890181317638,0.10164511346642081
unguided_diffusion,900,7,0.4844905608430811,5.068815802654519,0.10277358233460639
guided_diffusion,900,7,0.37976404133373004,4.829245443576938,0.09077864597233111
unguided_diffusion,900,8,0.3778054988233694,3.597839004730657,0.5089204229537891
guided_diffusion,900,8,0.16492491883240737,3.5877173476307624,0.20759599905214698
unguided_diffusion,900,9,0.01846292494017732,4.09737344051906,0.005842482925799042
guided_diffusion,900,9,0.04840324348505864,4.13009928487392,0.01477094113591971
unguided_diffusion,900,10,0.40190553055413764,3.833178051083836,0.17249040260351398
guided_diffusion,900,10,0.27898043140413625,3.980224788281591,0.09250206502016935
unguided_diffusion,900,11,0.3525385765260834,3.4267737249663397,0.13599236413314025
guided_diffusion,900,11,0.28873701253846423,3.301803343848642,0.13146510713549558
unguided_diffusion,900,12,0.15744907449046794,3.768798757469097,0.04328256484758808
guided_diffusion,900,12,0.1595568717005739,3.780188005760895,0.043705801938316385
unguided_diffusion,900,13,0.10457477054529381,3.8971265607663548,0.05024702641947771
guided_diffusion,900,13,0.05407445360706407,4.001229474833652,0.02339463756572825
unguided_diffusion,900,14,0.2552505408797677,4.72453079875752,0.054256893157844356
guided_diffusion,900,14,0.17622882737506673,4.6563817429071195,0.038832529825635904
unguided_diffusion,900,15,0.6551580091569135,3.3890130338607496,0.18245989250377903
guided_diffusion,900,15,0.4365083649176489,3.069003436811663,0.1869487769023537
unguided_diffusion,900,16,0.30024482529160473,3.8321329639493893,0.10193263580587573
guided_diffusion,900,16,0.13829932950868146,3.99493499380439,0.03727697969366254
unguided_diffusion,900,17,0.07953291085413831,4.599932977481794,0.016871263446519246
guided_diffusion,900,17,0.2411165203240099,4.690330275954796,0.05042281957423415
unguided_diffusion,900,18,0.2856363423181737,3.7135094870931553,0.23327564932299075
guided_diffusion,900,18,0.2258111737291848,3.7288954982322675,0.17027837003968815
unguided_diffusion,900,19,0.60062674076994,3.256534263769659,0.1443412713136548
guided_diffusion,900,19,0.4842164340087156,3.2189307578371547,0.12003438528664734
unguided_diffusion,950,0,0.1690271834717069,3.50420413776135,0.5485352019538151
guided_diffusion,950,0,0.23820984566185574,3.5798621178379832,0.5333207833358838
unguided_diffusion,950,1,0.25851981018943565,4.7553250445647945,0.06581901270762187
guided_diffusion,950,1,0.3858230082235136,4.66629451247897,0.11865927090812566
unguided_diffusion,950,2,0.11501657752484562,4.71550741598868,0.030094170956569886
guided_diffusion,950,2,0.1513029144378545,4.798769023446745,0.03856400429207295
unguided_diffusion,950,3,0.3658445670549893,3.98555180101882,0.13694588320339032
guided_diffusion,950,3,0.032038379581340974,4.4246907546825165,0.008017538685822884
unguided_diffusion,950,4,0.04058749602785746,2.7518824497548593,0.021680865357900505
guided_diffusion,950,4,0.05117500403543823,2.7475732046900436,0.0183294757732424
unguided_diffusion,950,5,0.3273442130614893,4.4606986978986605,0.09446374018264163
guided_diffusion,950,5,0.2368275837563857,4.567018557940734,0.06007688052127127
unguided_diffusion,950,6,0.3796832934855228,4.939907759614679,0.10290269094195481
guided_diffusion,950,6,0.35107464971980096,4.902310390306088,0.09943595904114678
unguided_diffusion,950,7,0.5353497609311185,5.308782413287717,0.10861219738977268
guided_diffusion,950,7,0.4203780081621165,5.043885925200832,0.09651998832566351
unguided_diffusion,950,8,0.42474852684159276,3.8232977660307697,0.5121632115069757
guided_diffusion,950,8,0.1864458709313649,3.8052708895199348,0.21229012697756414
unguided_diffusion,950,9,0.02116041005400179,4.309043241450009,0.006308376195859215
guided_diffusion,950,9,0.055207372635676356,4.344580494813183,0.015852444859970973
unguided_diffusion,950,10,0.44381789581626907,3.9945604868895734,0.19049743428285928
guided_diffusion,950,10,0.31012905915454686,4.157034099081678,0.10094334959153771
unguided_diffusion,950,11,0.3975154112653128,3.6117426783663493,0.13845105670976723
guided_diffusion,950,11,0.3297938608907473,3.4917824632192485,0.13485201587589365
unguided_diffusion,950,12,0.1833181715700886,3.9289087463512242,0.04856895454519756
guided_diffusion,950,12,0.18627728820983935,3.9428766059460556,0.04914289189115159
unguided_diffusion,950,13,0.11606429777598841,4.093775076767348,0.056866057204307104
guided_diffusion,950,13,0.061715121036749594,4.208906291710916,0.02660568637406265
unguided_diffusion,950,14,0.2820593218027792,4.902277794343199,0.058386429841834196
guided_diffusion,950,14,0.19475071799140686,4.8240766208314385,0.04210682233232691
unguided_diffusion,950,15,0.7229745937455037,3.626546066258772,0.1821968674911918
guided_diffusion,950,15,0.4777060485467453,3.292761089016924,0.18648684999038004
unguided_diffusion,950,16,0.3372062582027601,3.9759927407471065,0.11141741490987604
guided_diffusion,950,16,0.15655793657380998,4.15070723508039,0.040394680583446814
unguided_diffusion,950,17,0.08324266746033437,4.810683228330086,0.01687870381385505
guided_diffusion,950,17,0.27032996388423386,4.9104765231688745,0.054396792231720004
unguided_diffusion,950,18,0.31576843577183716,3.9008596893010217,0.2583450620160922
guided_diffusion,950,18,0.25012330545622025,3.9135730258428514,0.18903028676514413
unguided_diffusion,950,19,0.6623537343784337,3.3271356995856523,0.15544639142632546
guided_diffusion,950,19,0.535048899877648,3.2844415123362514,0.12950521473322818
unguided_diffusion,1000,0,0.19143208528898273,3.649803197698848,0.5217796953429353
guided_diffusion,1000,0,0.26844678835663116,3.718068628068512,0.5956007439551727
unguided_diffusion,1000,1,0.28370373004851085,4.974178443984188,0.0704830385852594
guided_diffusion,1000,1,0.422172705935415,4.881057396789105,0.12796313973151077
unguided_diffusion,1000,2,0.12948104792262072,4.8766787801070475,0.033086690507483224
guided_diffusion,1000,2,0.1698631163087848,4.968909413734192,0.04210251290100392
unguided_diffusion,1000,3,0.405938317051913,4.059549953384738,0.15188439032867637
guided_diffusion,1000,3,0.031695512766212575,4.501220430085815,0.00784415044698427
unguided_diffusion,1000,4,0.04372227246593866,2.873696948457947,0.022045930869327202
guided_diffusion,1000,4,0.05556525375819291,2.86923077915988,0.019312323714601537
unguided_diffusion,1000,5,0.3695999562548504,4.625709995310124,0.10579924894631094
guided_diffusion,1000,5,0.2678249727338075,4.727511053039845,0.06717489309986606
unguided_diffusion,1000,6,0.42155387151243423,5.278761735449329,0.10056387172172183
guided_diffusion,1000,6,0.39018667866623175,5.240377363741414,0.09702200067169355
unguided_diffusion,1000,7,0.5893552388923333,5.523641713369979,0.11532241069950344
guided_diffusion,1000,7,0.4633003727750615,5.2321249638769665,0.10302235625471783
unguided_diffusion,1000,8,0.4752227140904853,4.052962824996114,0.5114363254479497
guided_diffusion,1000,8,0.20927470333662127,4.021784198617783,0.21728056903608658
unguided_diffusion,1000,9,0.022908458647839813,4.515290362721815,0.006477632560137982
guided_diffusion,1000,9,0.061188633118063974,4.553514221241788,0.016570295459915608
unguided_diffusion,1000,10,0.4867332437467711,4.14995040605188,0.20929874454839292
guided_diffusion,1000,10,0.34219440118164685,4.325398785639731,0.1101310902513214
unguided_diffusion,1000,11,0.4446494781696208,3.7833926210106417,0.1407724818118354
guided_diffusion,1000,11,0.3742444997637904,3.6751771958924775,0.13844135879851308
unguided_diffusion,1000,12,0.21248811134359147,4.081471734213939,0.05447935580149904
guided_diffusion,1000,12,0.21646236660088478,4.098638671192414,0.055210060610758005
unguided_diffusion,1000,13,0.1284584464686183,4.297434701038662,0.06359024417535522
guided_diffusion,1000,13,0.0695627651312984,4.428344680908343,0.02955198424240089
unguided_diffusion,1000,14,0.3096512165376507,5.0651539681137585,0.06269750101065613
guided_diffusion,1000,14,0.21353441510411394,4.976401178269576,0.04549831681986625
unguided_diffusion,1000,15,0.7998589159553297,3.866614569897681,0.18326646824654733
guided_diffusion,1000,15,0.5223542962274389,3.5187580712721718,0.187095136318006
unguided_diffusion,1000,16,0.3779119329410054,4.10187395064341,0.12274254340591091
guided_diffusion,1000,16,0.17724538087033315,4.288436031749595,0.0440976286690103
unguided_diffusion,1000,17,0.08677146210098219,5.010114489677231,0.016920766203526543
guided_diffusion,1000,17,0.3019035843887849,5.1174899220232986,0.058915066539938915
unguided_diffusion,1000,18,0.3476843881669285,4.083486234936415,0.2846120514903893
guided_diffusion,1000,18,0.27569417066564345,4.092592040778658,0.20855586612247556
unguided_diffusion,1000,19,0.7261746405370353,3.3858840470286844,0.16731235171766165
guided_diffusion,1000,19,0.5871888477349414,3.3285233182427962,0.13978146181381038
