combo,system,policy,length,num_samples,seed,ung_nmse_q_mean,ung_nmse_q_std,ung_nmse_q_p25,ung_nmse_q_median,ung_nmse_q_p75,ung_nmse_q_p99,gui_nmse_q_mean,gui_nmse_q_std,gui_nmse_q_p25,gui_nmse_q_median,gui_nmse_q_p75,gui_nmse_q_p99,d_nmse_q_mean,d_nmse_q_std,d_nmse_q_p25,d_nmse_q_median,d_nmse_q_p75,d_nmse_q_p99,ung_nmse_p_mean,ung_nmse_p_std,ung_nmse_p_p25,ung_nmse_p_median,ung_nmse_p_p75,ung_nmse_p_p99,gui_nmse_p_mean,gui_nmse_p_std,gui_nmse_p_p25,gui_nmse_p_median,gui_nmse_p_p75,gui_nmse_p_p99,d_nmse_p_mean,d_nmse_p_std,d_nmse_p_p25,d_nmse_p_median,d_nmse_p_p75,d_nmse_p_p99,ung_hamres_mean,ung_hamres_std,ung_hamres_p25,ung_hamres_median,ung_hamres_p75,ung_hamres_p99,gui_hamres_mean,gui_hamres_std,gui_hamres_p25,gui_hamres_median,gui_hamres_p75,gui_hamres_p99,d_hamres_mean,d_hamres_std,d_hamres_p25,d_hamres_median,d_hamres_p75,d_hamres_p99,all3_win_count,win_nmse_q_count,win_nmse_p_count,win_hamres_count
2dof_sinusoidal_L50_N100_seed10,2dof,sinusoidal,50,100,10,45.961566095710815,334.4744754692532,0.15088344305602938,0.4390602898577639,1.4020470530583096,555.3912362074174,0.9750463344484019,4.946589766702299,0.005525339760042606,0.01345871256475091,0.05186736320707051,28.37540315701563,-44.986519761262414,331.6034006296066,-1.3440740944112965,-0.3992663450673859,-0.14883528496121295,0.012305769227347474,10197.182811823715,57991.969430387195,17.59879041944613,89.09586370898583,355.1360322332537,232046.67463368725,68.8240516428907,257.2786485856462,0.6751583878800054,2.243457974147184,11.837883556703012,1429.0350086496696,-10128.358760180823,57831.48130391706,-347.39016476898405,-87.55699019241568,-15.509176164293393,-0.14002736521490483,7.102093793153763,5.411763482995132,2.114250421524048,5.9680495262146,11.075101613998413,21.550917491912852,0.13214728772640227,0.12928981269884907,0.05072775483131409,0.0852404236793518,0.16696809232234955,0.5204712617397317,-6.969946505427361,5.372809702271174,-11.015661865472794,-5.782440602779388,-2.020002394914627,-0.4239502948522567,97,98,99,100
2dof_sinusoidal_L100_N100_seed10,2dof,sinusoidal,100,100,10,0.44380851159305384,2.5228752469379327,0.015710786776854654,0.037677668260283084,0.09718881105826863,3.174358204657737,0.0507038927397474,0.20067653305177607,0.0027816204954453846,0.007250598771898334,0.014194759673617482,0.9972079743560746,-0.39310461885330655,2.4133470335855582,-0.08294521597319171,-0.026578909198626578,-0.012023968209511468,0.005347198814187589,304.2051985782922,1510.4540602122077,1.083277672649599,3.9235982991014184,15.329824712234036,9514.352752200046,15.991455077923687,74.95849322950394,0.11234310044934814,0.2864605433598575,1.6626033604773665,499.6751366216838,-288.2137435003686,1452.359078089718,-11.98951658658103,-2.7207179676050526,-0.7269667606923921,0.9578512701657537,1.7960218358039857,1.6858177746675285,0.5863287895917892,1.2744296789169312,2.577897846698761,7.228399829864514,0.045107113122940065,0.06464690056698638,0.014319553971290588,0.02565377950668335,0.05314628779888153,0.1935692304372807,-1.7509147226810455,1.649256284800523,-2.521382987499237,-1.2603553533554077,-0.5516745299100876,-0.2184064155817031,87,92,94,100
2dof_sinusoidal_L150_N100_seed10,2dof,sinusoidal,150,100,10,0.8500045065858456,5.049412250059354,0.005143388126021182,0.014613408770182234,0.05424425839896495,35.286589029910324,0.13870476020154066,0.8613507503922189,0.0014751313477251212,0.003372650976752858,0.010004666419393099,4.719146245382777,-0.7112997463843052,4.219602989838925,-0.03403234629901717,-0.00841508525763093,-0.0023407006395014664,0.03043860230005455,112.51948159049407,788.262337232182,0.5060922936350282,1.8617992824209662,6.515445949743717,2285.3096232566836,3.5001327847190855,19.359032641530657,0.11148149205268044,0.22196818644011576,0.8175933179321287,30.118237312828356,-109.01934880577497,769.8504902923266,-4.9435428439815645,-1.5277950271176124,-0.25647338236457434,0.5224063063576918,2.093811948299408,1.8853972713531373,0.6482596546411514,1.5209466218948364,3.111643135547638,9.204335546493539,0.042062143683433535,0.04537834120612699,0.012843057513237,0.02979254722595215,0.05140791833400726,0.19698773682117518,-2.0517498046159743,1.86036851042358,-3.0620786249637604,-1.4564655721187592,-0.6210882067680359,-0.20405078053474382,86,91,94,100
2dof_sinusoidal_L200_N100_seed10,2dof,sinusoidal,200,100,10,3.253864250732811,25.55697257407807,0.002845263383424103,0.008998403858204492,0.04388041587826859,48.24390320353567,0.31439148036148357,1.782217752113218,0.0007349038685996838,0.0016184433053158874,0.005845821326383325,6.510276683973063,-2.939472770371326,25.289876233234814,-0.02218904059643113,-0.005372292896732339,-0.001034055802447383,0.25582682061607787,167.81166602911614,1469.8922141900166,0.4249170757889691,1.062005952884396,7.7946388229637265,740.4072956400456,19.82801318810073,179.43550597038697,0.09901672530005928,0.27436504045547816,0.8647425768351076,62.497489020559094,-147.98365284101544,1290.643423558503,-7.124584945559587,-0.7212052241936965,-0.27164473748833157,0.20053038663045256,1.962534105181694,2.018649198636064,0.57225601375103,1.1815562844276428,2.877915918827057,9.003004598617556,0.03166093647480011,0.02855466229243294,0.014649942517280579,0.021431446075439453,0.03757067024707794,0.1469295507669449,-1.9308731687068938,2.0015056565082863,-2.8498400300741196,-1.1520087122917175,-0.563067153096199,-0.12916423320770262,84,91,91,100
2dof_sinusoidal_L250_N100_seed10,2dof,sinusoidal,250,100,10,0.29095017417616803,2.2299892126744503,0.0039814866298834226,0.012021547125681016,0.03524298660282191,3.7503740151157516,0.01894009754542294,0.05308086723954631,0.000911723470468097,0.002502285706394632,0.009781704883886274,0.2761777642088335,-0.27201007663074506,2.190011183071687,-0.018575670537568117,-0.006188975069212529,-0.0023367733695109608,0.024880191429827617,98.43119430136149,815.5972735714049,0.5223595920424832,1.3049178161828872,5.784607842334157,396.14040737357317,5.320293768679086,25.162486417560526,0.09394414370789603,0.2393629707463556,0.5787375949993152,104.4626960427657,-93.11090053268242,792.7801766073109,-4.705432075716541,-1.0335001418924874,-0.3086046846695729,-0.009381428000252628,2.599903964996338,2.097812744628822,1.0687090754508972,2.1982545852661133,3.4257498383522034,9.876542482376099,0.03416712105274201,0.029271695628407767,0.016822680830955505,0.02554464340209961,0.04100458323955536,0.13536045432090787,-2.5657368439435957,2.0784502825138547,-3.4077617824077606,-2.178295463323593,-1.0433917045593262,-0.17404143452644333,95,95,99,100
2dof_sinusoidal_L300_N100_seed10,2dof,sinusoidal,300,100,10,1.4840329656186995,10.92887131581921,0.0034017619627493517,0.00884334012799096,0.0318793013521141,26.346274537217496,0.24986005214747983,1.564514796066654,0.0008203703900527028,0.0029679684205927434,0.008094256817360165,8.548596361861186,-1.2341729134712198,9.593185707783475,-0.024000112754935254,-0.005484185445737989,-0.0018199105784582948,0.012227857582584708,40.097866502154325,324.968486532041,0.30491879863731924,1.0334031876509346,3.3410718979804335,194.93726319946148,19.20028080060503,170.61309342433253,0.07837839450740013,0.22576201574017485,0.8413989354115159,61.21684287403761,-20.89758570154931,154.9205109301688,-2.5713646428093644,-0.6643127690996504,-0.11648939851653492,0.9529039089424133,2.2762939274311065,2.016156488109203,0.6999128758907318,1.8375813961029053,3.1703301668167114,9.313231430053714,0.0251692533493042,0.01957963620877594,0.011465072631835938,0.021704375743865967,0.029345571994781494,0.09988690912723545,-2.2511246740818023,2.0023367167511577,-3.1407448798418045,-1.8283018469810486,-0.686061292886734,-0.16263147592544552,82,90,91,100
2dof_sinusoidal_L350_N100_seed10,2dof,sinusoidal,350,100,10,0.6094554995454492,3.5757876644317883,0.0029614410118635713,0.011888149991302555,0.04801837199510267,10.338400910927485,0.1277693629913004,0.5376937851188535,0.0008710350595982899,0.0036772023834778823,0.017814458552777128,2.0443038639548803,-0.4816861365541489,3.0795633912390565,-0.024708721713898082,-0.004797341488552039,-0.0014408813544673593,0.030832013018679705,80.12575519019947,737.1963778404884,0.3037297834973036,1.130621833501093,5.9149757827857625,193.41863763899684,7.642029985229844,59.73136969307385,0.08127611330770099,0.2951372704126402,1.431884861764397,28.852936606175383,-72.48372520496964,677.567635192974,-3.670715591672934,-0.6575273847791147,-0.11161870786407978,0.8677627245782941,2.6437998110055925,2.339977005885726,0.7712090611457825,1.715867817401886,3.6719329357147217,9.368849668502808,0.027854779958724974,0.02297851925259134,0.013757646083831787,0.021359115839004517,0.0313086211681366,0.13857562422752387,-2.6159450310468673,2.3268930560470897,-3.653432250022888,-1.6903493404388428,-0.764626145362854,-0.17590865731239316,78,85,89,100
2dof_sinusoidal_L400_N100_seed10,2dof,sinusoidal,400,100,10,0.06419085596347661,0.21565935835369385,0.002202740740046496,0.006926871492224412,0.02188309839851755,1.2659925229185274,0.02153442621018537,0.08527929383081614,0.0005845427807689349,0.002090339970514243,0.0082011239430567,0.2223428930193585,-0.04265642975329124,0.15518436098070928,-0.014973655975428365,-0.0027528943042416107,-0.0009266213506224505,0.01588782318427596,5.62775332329678,25.651425873525472,0.3808782869194576,1.158071847358603,2.7839597983294095,39.2917516756695,2.227158077769871,7.291362916024611,0.08766351169326514,0.24033598639691273,0.9421709612610802,40.5450472272113,-3.4005952455269086,24.158261446701857,-1.6821668484139445,-0.6798496499441784,-0.1045497802561199,11.198670656621603,2.790754880309105,2.45376163944277,0.5900405943393707,2.400720715522766,4.158182382583618,8.614822168350232,0.032001121044158934,0.03395840992517618,0.015172913670539856,0.024014770984649658,0.03750374913215637,0.13530004560947498,-2.758753759264946,2.432152141405863,-4.110908031463623,-2.3855063915252686,-0.5633736252784729,-0.14945457458496078,73,84,86,100
2dof_sinusoidal_L450_N100_seed10,2dof,sinusoidal,450,100,10,0.3284799640882711,1.503261048354699,0.00364850571975088,0.009261793234240312,0.06482083478272734,6.126383729984513,0.10201854587901726,0.39034756492157097,0.0009304269177403436,0.003757475257000556,0.021913237709754663,1.904729036403751,-0.22646141820925383,1.2233229275665731,-0.021971867693211904,-0.004535379305817592,-0.001024306690535964,0.04107805356706971,13.178923110743993,88.05190960041054,0.208117852728216,0.8787974104120817,3.4469219676492253,77.8279344446267,3.012357064291203,14.055186552921473,0.05968962594023365,0.21212079877483644,1.115796731773993,82.36154644003992,-10.166566046452786,76.42103004637545,-2.116812681820499,-0.4041308290263842,-0.0731469768134034,1.0458494905470792,3.4347024083137514,3.020060223454671,0.9286258369684219,2.544638514518738,4.663044571876526,11.163963346481326,0.041178445219993594,0.03409206622915461,0.01583532989025116,0.027951717376708984,0.05843260884284973,0.15597969472408302,-3.3935239630937577,2.9946898788248766,-4.622987315058708,-2.4954619705677032,-0.9007705599069595,-0.19062257945537564,75,85,88,100
2dof_sinusoidal_L500_N100_seed10,2dof,sinusoidal,500,100,10,1.7036281180527666,12.290478288357855,0.002645189868750984,0.009352953617687664,0.0311896150522753,27.86106616819651,0.6026300380435089,3.7140962343938364,0.0010249049593073535,0.003285433424077601,0.010752543570375623,11.288429765655204,-1.100998080009258,8.680148028856337,-0.013494479767986057,-0.0038412084551055986,-0.0007665228562030952,0.7523343533833697,4.460621947191908,14.323183516507019,0.3719421837112453,1.0117518588947314,2.808604067207227,40.20273481762571,3.7686811667221773,22.24909544425727,0.07772183132583489,0.28990499498764366,0.9016437266585742,30.30610991623022,-0.6919407804697295,9.668663979204565,-1.7675644732544715,-0.42908900767693203,-0.10898252991504714,11.58470845217081,2.9896852642297747,2.7654429900753232,0.8402507156133652,2.185624599456787,4.639988899230957,10.778018207550062,0.033076159954071045,0.027502031973406862,0.015795007348060608,0.02387017011642456,0.04519599676132202,0.15061406672000888,-2.9566091042757034,2.745000222053866,-4.590807020664215,-2.163135200738907,-0.8186295926570892,-0.2619374233484267,75,84,86,100
2dof_sinusoidal_L550_N100_seed10,2dof,sinusoidal,550,100,10,0.2892850120022936,1.814943879224028,0.0021953017888718456,0.007328435519129527,0.036205897205824886,6.170328959110406,0.07164055509200938,0.3704291003484875,0.0008436234325504769,0.0022001960609603108,0.014510215152699606,2.5467828068929927,-0.21764445691028425,1.5003166774332153,-0.022192897426847637,-0.0036668007274312238,-0.0008500928476912742,0.02005800152524303,9.992751288833984,78.2377001103721,0.38141041156122324,1.0291920689913605,2.3558444898220143,26.036135590643827,1.2528224846127989,2.9823911431254517,0.0829376792902634,0.33458749018740713,1.147235478191075,11.067746470456505,-8.739928804221186,75.98643391414082,-1.2413578408978996,-0.5616329098538541,-0.054214375906768725,1.1390531287830716,3.555083375573158,3.2471808456219806,1.020251989364624,2.7982749938964844,4.824464678764343,13.285248003005997,0.04533748924732208,0.03735463792995506,0.019891634583473206,0.03225123882293701,0.05761438608169556,0.1679626929759983,-3.5097458863258364,3.2145938161732883,-4.778574988245964,-2.7666344344615936,-0.9982180744409561,-0.2232675743103025,70,84,83,100
2dof_sinusoidal_L600_N100_seed10,2dof,sinusoidal,600,100,10,0.12515922109495103,0.5512328896176463,0.0023786534139583096,0.006027277409940052,0.03443438654291587,1.4749969674221401,0.06686833127941656,0.3040377655144979,0.0006653600348986257,0.0027425870129751985,0.011941715784542624,1.903286493574704,-0.05829088981553445,0.3218831530013258,-0.0176776008053711,-0.002570901491503885,-0.00039308766859407846,0.05339519965869257,4.747945412498686,17.488145901203406,0.2534689237761516,0.7759648457361625,2.520882515749772,55.22448006069019,1.3494773617357947,3.7226606773746385,0.11828691308590152,0.35910007971093905,0.8498414288031443,12.294744024535449,-3.398468050762892,16.23683156916402,-1.6059608710493647,-0.39692466981447494,-0.040910347128021246,0.48679900806542564,3.7871040964126585,3.576528225522745,1.0555436313152313,2.893165111541748,4.762298822402954,16.35523332595826,0.06222237706184387,0.05912172694284492,0.023327946662902832,0.04773378372192383,0.07798382639884949,0.21373107671737776,-3.724881719350815,3.5238088610626632,-4.7014821618795395,-2.8312149047851562,-1.0105619132518768,-0.2208273351192473,68,78,81,100
2dof_sinusoidal_L650_N100_seed10,2dof,sinusoidal,650,100,10,0.14704706852266985,0.5976199325417352,0.002279797003692464,0.006913406120696696,0.02588498454625862,2.168436794292438,0.06755118554739913,0.38031125842216396,0.0007635228149913202,0.0028289083063916098,0.012523364461747887,1.1858622702094377,-0.07949588297527076,0.2937340482376818,-0.016685204543016405,-0.0037837145641426203,-0.0011409652038331442,0.013518919059755267,3.9656334397672333,11.742987416311005,0.37939582940091343,0.9771305554401898,2.3946094887116,54.36651501320364,1.7195615499968695,4.016102095936741,0.10602644389721896,0.37632126771626606,0.9496003497850551,21.58504377456975,-2.2460718897703638,8.490356521934693,-1.5974891061985346,-0.49571157693756657,-0.04647105564436302,2.1594406945974676,2.9825030261278154,2.780450214812691,0.7383323609828949,2.230794906616211,4.479233741760254,9.659123258590737,0.03856632888317108,0.032041828068857685,0.019421905279159546,0.03125351667404175,0.050925225019454956,0.10308803319931119,-2.943936697244644,2.7567435136140794,-4.451333120465279,-2.1999216973781586,-0.6980687826871872,-0.2275441676378249,78,90,86,100
2dof_sinusoidal_L700_N100_seed10,2dof,sinusoidal,700,100,10,0.7726644235999209,5.168779127542161,0.0022609274682912637,0.00827938585785861,0.03511890688789106,15.441506711051861,0.14931593077001476,0.8652785650377619,0.0007739625996382974,0.0028609315145235363,0.008127262288791006,2.8544634065956886,-0.6233484928299062,4.72589909511929,-0.023274908012349382,-0.0047943463451298185,-0.000746747292602275,0.004321888459565335,3.177088363657396,6.893991884985929,0.45774418686254587,1.3722471868848336,2.9650086949691303,39.288752592057875,2.2128365746642618,4.80094481157354,0.16923192497662953,0.5881107887460654,1.8597146595414373,28.383597086307297,-0.9642517889931332,4.692436791877559,-1.0562706992434472,-0.27904758765750537,0.002916314789996502,9.421799788726657,4.337520374059677,3.401415582809914,1.3906451761722565,3.3298778533935547,6.698973178863525,13.087936983108534,0.14492810904979705,0.12340936690009192,0.05135141313076019,0.09555965662002563,0.21155975759029388,0.46435834586620484,-4.19259226500988,3.2866621916864345,-6.492647439241409,-3.2361981868743896,-1.3305255323648453,-0.29489682912826487,64,85,75,100
2dof_sinusoidal_L750_N100_seed10,2dof,sinusoidal,750,100,10,0.29536246943476996,1.6588792017154883,0.0018658500091556446,0.00743008998005761,0.0465828976891843,3.075323170221614,0.37985370887443176,3.378075081638226,0.0008459053198749348,0.002088394896170666,0.01662112947332166,1.2549883769463288,0.08449123943966176,1.803367356645356,-0.01972221604572129,-0.0032538411618203,-0.0004798647639061336,0.3342029917815996,3.06438460709559,7.962214034347296,0.385309045382345,0.8657741790357013,3.260575794406141,43.745060768846585,2.2366160114877163,8.187622639561441,0.12515428627003566,0.32968617531161193,1.0650053791885,32.439165282638434,-0.8277685956078737,3.9542553552282604,-0.8484599498838044,-0.28837208236441436,-0.048492869402347524,5.739159448122576,4.751507592201233,3.6258692223773497,1.6481009721755981,4.279930353164673,7.079010486602783,15.273088912963871,0.2645688194036484,0.2368027714190315,0.09875373542308807,0.17240411043167114,0.38680505752563477,0.8270826256275207,-4.4869387727975845,3.410783447911108,-6.6576870530843735,-4.069542616605759,-1.5580690205097198,-0.2218522363901136,71,85,85,100
2dof_sinusoidal_L800_N100_seed10,2dof,sinusoidal,800,100,10,0.3402861949429794,1.6651473393514231,0.0021926582660963083,0.007333410154082871,0.041499729373497767,5.803427244973505,0.14543086958200607,0.7670394694142709,0.000904414528308058,0.0031523528036763184,0.014940124654579393,2.0843178683625583,-0.19485532536097336,0.9778949493317626,-0.01848132263475162,-0.0032609619520741775,-0.0005300097754233807,0.061114427481375216,2.5983644832408648,4.886892001172324,0.2993196505173167,0.8215170794338122,2.696774450398225,25.05134358852117,1.809499548575915,4.114143818380786,0.14437845056637638,0.38725374998273826,1.5021990862676489,21.307933226461415,-0.7888649346649488,2.3261339618213936,-1.0058317705821083,-0.2659228171029774,-0.051941783135681235,5.0400158029698146,4.762180262804032,3.832868596325173,1.4182720184326172,3.6631665229797363,7.677567958831787,13.772634162902836,0.3320551735162735,0.29120788068848796,0.10560762882232666,0.1821136772632599,0.5213284641504288,1.0069467794895175,-4.430125089287758,3.577489417014395,-7.094520106911659,-3.4336661398410797,-1.3191604316234589,-0.25456803798675526,70,80,83,100
2dof_sinusoidal_L850_N100_seed10,2dof,sinusoidal,850,100,10,0.3044203632636074,1.9897127239314667,0.004382144272484781,0.01309781327758053,0.04748802822620522,1.7413082675751719,0.24341449324808434,1.874731162059514,0.00157949317342446,0.005978228700890657,0.017041135257703816,1.1092417448087581,-0.06100587001552302,0.18215444507938391,-0.021384116278824673,-0.00444775861971326,-0.0006888840578049947,0.02737147969098699,3.7470388253242577,12.002903604556451,0.3146755735737906,1.3696394982587419,2.925429474575995,39.59599214461776,2.5571598500517494,11.555525425094654,0.1595161395544393,0.5357046673326248,1.949728922840568,11.303231188148162,-1.1898789752725079,3.889918991622324,-1.0608362493321328,-0.3109895682761403,-0.03928986315290823,1.7903209787775642,4.483954803943634,3.651531700195529,1.2027060687541962,3.716311812400818,6.537788987159729,14.657010717391977,0.28010475397109985,0.30578627319780644,0.09257462620735168,0.1763179898262024,0.28424301743507385,1.487033524513245,-4.203850049972534,3.4012352324342188,-6.30327695608139,-3.5430581271648407,-1.03606578707695,-0.2434668427705762,71,84,83,100
2dof_sinusoidal_L900_N100_seed10,2dof,sinusoidal,900,100,10,0.0756041653721399,0.25805806665516345,0.0021688138743706925,0.006372411754409999,0.0307170776310578,1.1803675124700261,0.042615361102288724,0.13528485355014627,0.0014494558553813151,0.003161766732737167,0.014605796587471492,0.5220885088265752,-0.03298880426985116,0.14257290831775885,-0.011269709636100746,-0.002125700748194661,-0.00022337177905160842,0.1618787212138533,5.289462555486629,25.17417250626863,0.46384433485696663,0.8638828666537217,2.2976149464509645,52.0697325018784,3.7901044456159947,20.7488523504636,0.158369583741619,0.5482327229121291,1.4655507365874412,25.08427328009357,-1.499358109870635,5.427849529292906,-0.8333233090127693,-0.3265807622990128,-0.02346858220894657,1.5705167929016637,5.1127458190917965,3.8295346320332047,2.0539095401763916,4.466594934463501,7.626987457275391,14.30948101997376,0.43333023250103,0.3599011689592595,0.15739434957504272,0.313444584608078,0.5886214375495911,1.6504516339302064,-4.679415586590767,3.501311734831891,-6.982657298445702,-4.116285175085068,-1.928212732076645,-0.31499421894550284,62,78,77,100
2dof_sinusoidal_L950_N100_seed10,2dof,sinusoidal,950,100,10,0.07358261618351096,0.20960277881637487,0.0025603082348868568,0.009849441779892523,0.034927885603192446,1.090139006516133,0.03484007791776363,0.13217877837980496,0.0014172166109567613,0.005411613786773888,0.01867375626458108,0.421588220454235,-0.0387425382657473,0.13422579752333788,-0.012256886383585979,-0.0036674477685721936,5.787738164599233e-06,0.045405258136797466,2.062490827244236,2.768804428462859,0.4152072155540714,1.13118092422495,2.2729516989120713,12.40335248829367,1.3123908396121127,2.0618747404610676,0.22395488884964787,0.5982458232813637,1.2852025549384374,9.43290568445376,-0.7500999876321234,1.623637387503331,-0.8056280445605721,-0.2488196801010452,-0.00877034896280518,0.8718410349272866,5.1685320973396305,4.264604153855125,1.5236180424690247,4.0475263595581055,7.439464211463928,18.380478496551515,0.6557459133863449,0.6285645572272649,0.23145143687725067,0.4051739275455475,0.8010950833559036,2.7417393016815206,-4.512786183953285,3.7127350551519074,-6.768692255020142,-3.626137912273407,-1.3473368436098099,-0.2734339630603789,59,75,76,100
2dof_sinusoidal_L1000_N100_seed10,2dof,sinusoidal,1000,100,10,0.1599758397678909,0.7051226155660624,0.005361882167607995,0.01864528463306041,0.049011564428684734,4.7209686567659634,0.13783005186152045,0.8498568431857777,0.0018402586472584467,0.008828587077466251,0.026004266180301047,1.3329472878433133,-0.022145787906370434,0.5616242937711212,-0.01838597956112243,-0.005481267797640715,-0.0009943202578299604,0.16607327455094587,2.381993655830277,5.990501324871628,0.3736141657136592,0.841759426565687,2.0639659296782678,33.2738318495962,1.7855255560572036,5.086803702964238,0.22845018009137308,0.4703196574400178,1.349391149765436,31.358690973929523,-0.5964680997730736,1.4995693575692288,-0.5595608667902511,-0.23569466804156686,-0.026001718033243422,1.529541693777673,5.976259964704513,4.576358733941124,2.6106149554252625,5.12456750869751,8.535539150238037,17.402175102233908,0.9151384484767914,0.7622360309397102,0.3428505212068558,0.6424068510532379,1.3317276239395142,2.833695738315586,-5.061121516227722,3.8649520483218565,-7.164266601204872,-4.381266266107559,-2.2430786192417145,-0.230785573720932,66,84,79,100
2dof_sinusoidal_L1050_N100_seed10,2dof,sinusoidal,1050,100,10,0.1675701572238104,0.5526512782532832,0.004055721658851499,0.016315858030081166,0.0718722390058975,2.4250858260875034,0.13731186281064514,0.5586433392460971,0.0018483510515084484,0.006847527669764472,0.04946890940481116,3.333532698488936,-0.0302582944131653,0.21692285236226394,-0.027010258823790278,-0.004263965691719667,6.772460685857799e-05,0.12126620167849747,1.4804500036354253,1.8572846910502951,0.3440024119156861,0.7487275777131327,1.9246535711913189,7.891727785843494,1.1007394387134923,2.065106025208898,0.19608908689835222,0.4718177682614479,1.1748571244589425,8.032195950959158,-0.3797105649219325,1.118088950409984,-0.6121600622143397,-0.19650290085883665,-0.02589693843795384,2.6152945207904024,5.8786141097545626,3.7444890461595772,3.1238672137260437,5.042275905609131,8.408943891525269,15.314460105896016,0.9246301263570785,0.581293386313997,0.4409680515527725,0.7512242496013641,1.4082050323486328,2.5119347357749953,-4.9539839833974835,3.193702589301983,-7.25313338637352,-4.422206819057465,-2.6012827455997467,-0.2744581454992289,61,73,81,100
2dof_sinusoidal_L1100_N100_seed10,2dof,sinusoidal,1100,100,10,0.37207864256222445,1.734785004751474,0.006456108539536921,0.013645369114461446,0.06758661407698971,7.551348925362109,0.1307319484689575,0.47392579931371365,0.0028013463984562573,0.007553449171035818,0.03451146894131105,1.9428045887973961,-0.2413466940932671,1.4696246360749226,-0.018135384760231642,-0.005044964304245822,-0.000885749582088919,0.10021063056200326,1.7497582062105181,2.8359474979372283,0.511200970942487,0.8822962973767532,1.7670132892815031,13.640983273738799,1.1591336295693144,1.8846628719055898,0.3309750080299889,0.5399462336065904,1.1638571732836065,9.806057117691823,-0.5906245766412036,1.2456308384321548,-0.6152111441685815,-0.17392478652673488,-0.05648928328275095,0.4062726629639113,7.501442999243737,5.042481896209268,3.7947609424591064,7.1532886028289795,10.402592658996582,21.555513610839856,1.5416791725158692,1.1348541825467038,0.6638038456439972,1.2403948307037354,2.1417895555496216,4.768876943588261,-5.959763826727867,3.973059848051903,-8.238159507513046,-5.728787302970886,-2.9955125749111176,-0.07398610293865088,71,84,84,99
2dof_sinusoidal_L1150_N100_seed10,2dof,sinusoidal,1150,100,10,0.3735021929989822,1.4739745688360673,0.008603906227484578,0.026192986680108186,0.08511765867626032,6.10805822047101,0.3185970032910871,1.4932442078644712,0.005302890919041243,0.013886518706176713,0.04805428064948644,8.15691698346065,-0.05490518970789502,0.4921116682708875,-0.02031807781605547,-0.004653681554528821,-0.0005159627387213309,0.3171140320660145,4.146868110566466,18.681695940164623,0.5560958539584733,1.2292371192005196,2.369853877874944,31.10901009138872,1.8453690472966968,3.823675213276634,0.4184502729307888,0.8144214573020128,1.885049770226145,16.723922563680585,-2.301499063269769,15.373631382153697,-0.8107927152539268,-0.1733664974275808,-0.05220371982548755,0.4363049021647538,8.859051219820977,5.039311298590577,4.69790256023407,8.094465732574463,12.055963277816772,20.895517368316657,2.4015884017944336,1.4842024031678507,1.1089628040790558,2.0942742824554443,3.576159358024597,6.15250887870789,-6.457462818026543,3.732174680827628,-8.85858416557312,-6.136990606784821,-3.645529329776764,0.31293133020401115,67,79,86,96
2dof_sinusoidal_L1200_N100_seed10,2dof,sinusoidal,1200,100,10,0.33487622949817536,0.9096681850991615,0.013492552643937441,0.032071251404147225,0.18594651672574353,4.6672409700123625,0.2630459268840763,0.7908316250510895,0.00896147249719292,0.024028600452229865,0.1113946812183327,4.146962098816405,-0.07183030261409912,0.29021185544644507,-0.0334001266777269,-0.0055192844068065365,0.0007780467149184019,0.3687920662635234,3.118535915586945,6.440246643818134,0.5327933485336278,1.2309418334619473,2.8028840291632644,34.998016565323006,1.756294465537144,2.5531344733347545,0.43453309651671607,0.8678575612227304,2.074253503334141,12.835530407749093,-1.362241450049801,4.6610659296166626,-0.7650379331997034,-0.20025188145168646,-0.05833905765492055,0.42931292214002653,12.813469688892365,5.314323329840877,9.48263430595398,12.156845569610596,15.58335828781128,25.519703807830822,3.782300892472267,1.9847057590159878,2.2464120388031006,3.3714828491210938,5.233897805213928,8.011373205184936,-9.031168796420097,3.6785575612153187,-11.005243182182312,-8.546714782714844,-7.2152069211006165,-0.13185759782790776,67,71,88,99
2dof_gp_L50_N100_seed10,2dof,gp,50,100,10,27.20083643711272,148.18869760305157,0.18646969509643246,0.5563006003636656,1.6845048911991989,681.9534372772445,0.5602402555547208,2.494873728033296,0.005165560204029799,0.01397258597986007,0.07645285891182686,8.072704468262396,-26.64059618155799,146.0297753453156,-1.572319359930677,-0.5027184628776271,-0.1561265488033841,0.15255366461740763,1758.5782960108804,5204.474679776758,16.31380725398509,60.93338474015501,466.90616385179567,27242.502802807605,26.418910947107864,94.72228429416383,0.652612373236405,1.7546262273699096,6.153143238062195,629.4634181949805,-1732.159385063772,5147.101148865111,-460.65088285550974,-59.4032094167936,-16.054869937997694,0.8820999365329582,7.093134554624558,5.412071574813902,2.1911619305610657,6.051628589630127,10.756829977035522,20.437252922058132,0.1355755364894867,0.1328532038570841,0.04691842198371887,0.08412396907806396,0.16372893750667572,0.5274884134531032,-6.957559018135071,5.381906497684743,-10.613192707300186,-5.891800135374069,-2.063264638185501,-0.3149415075778959,96,98,98,100
2dof_gp_L100_N100_seed10,2dof,gp,100,100,10,7.523332963740392,71.41377321910807,0.014955162037710155,0.033146893524151844,0.10584069471854451,26.260420990322817,0.09790480067315388,0.5167424670985263,0.0028338118690875405,0.006683131115753323,0.022434287056046276,3.035377444363422,-7.425428163067239,70.99010402368167,-0.09479099331660332,-0.025895841648026788,-0.010800028626790038,0.010521669023057675,98.01934592345256,586.1860713429033,1.0318273341484205,3.3482366434315365,11.099483885330727,1767.2633568993315,7.6185980600980985,41.17922357013581,0.125222519176482,0.31979544230576445,0.750648354416515,242.99494274740084,-90.4007478633545,549.7245364281642,-9.728742921377822,-2.2903867463071124,-0.8295864400641726,0.7446621385678609,1.878793515563011,1.88258611018024,0.5705858618021011,1.3849860429763794,2.284716844558716,8.940476617813115,0.04656240463256836,0.06606090274815224,0.014180898666381836,0.029583781957626343,0.05610324442386627,0.179307424426081,-1.8322311109304428,1.8521532660147337,-2.255815774202347,-1.3524487912654877,-0.548168420791626,-0.2053990519046783,90,91,97,100
2dof_gp_L150_N100_seed10,2dof,gp,150,100,10,0.4041414898909428,2.082056960506346,0.00650628922481968,0.01768447404320693,0.061642261170730725,4.813504667270499,0.04004696936738722,0.11610148688664343,0.0012713431615448498,0.003869805928929105,0.007627673071531222,0.547899083197806,-0.3640945205235556,2.055097664830985,-0.035413700657001966,-0.011764186434747309,-0.0038392697472679144,0.054067807523472664,19.631755675929604,81.75721439370967,0.8689046720070045,2.0318158143321154,5.4881050558371225,406.07610061522394,1.872264740385138,7.716904875033881,0.10692838825518239,0.28259928837991977,0.7603986303183796,33.20916382893256,-17.75949093554447,75.25963210086935,-4.77321964788949,-1.696248299816908,-0.5041584940453832,0.14964670772673452,2.085776655077934,1.8476626057316978,0.6343074887990952,1.5402451753616333,2.8532530665397644,7.827990832328811,0.041370639204978944,0.04428325195521199,0.016946181654930115,0.026781290769577026,0.051969558000564575,0.17025477468967523,-2.0444060158729553,1.8251659260890518,-2.8444421142339706,-1.483261615037918,-0.6249354332685471,-0.1916251438856123,89,94,95,100
2dof_gp_L200_N100_seed10,2dof,gp,200,100,10,0.5112333792694708,2.431962962894097,0.003112337981255954,0.009463523670689955,0.0469291804832477,14.419667532782304,0.17164142644105174,1.0234299528626383,0.0007471719532099355,0.002073302448435832,0.004550371098446106,2.0274405509039166,-0.3395919528284191,1.8295659885446105,-0.02032602414215906,-0.005331284228233417,-0.0013874554299667056,0.5283160565155006,9.72795271588414,31.143574972173248,0.5234287125282144,1.5465489460034174,5.089278569628995,154.98845200775693,1.7899252753280148,7.094869498716539,0.06894944503294156,0.32800718990805844,0.9585148903982426,24.386854111577108,-7.938027440556125,28.60223578012376,-3.481196407173379,-0.8137468705080807,-0.2525862267118641,2.4145918977997605,2.0623173725605013,1.9620488061646923,0.6875162720680237,1.2927442789077759,2.7908438444137573,8.6373436832428,0.033426205515861514,0.02899541689332147,0.016537398099899292,0.02383100986480713,0.038694873452186584,0.14521540045738227,-2.0288911670446397,1.9431028967424713,-2.7672497928142548,-1.2670628130435944,-0.6734025180339813,-0.13314519584178922,82,88,90,100
2dof_gp_L250_N100_seed10,2dof,gp,250,100,10,0.24748221799854075,1.7262041288591983,0.005037564499903557,0.01124996690847255,0.034951804843545216,3.196061662005494,0.028139214743326032,0.10531542301904996,0.0009731252270975463,0.002514747612547036,0.008775269535159846,0.6552840734587748,-0.21934300325521477,1.6583255414567026,-0.020976503721493223,-0.0071470016864050405,-0.0027271058417580635,0.021665650889255,5.453705084232894,10.590229127396551,0.6576615186221039,2.1829403183917657,5.054140408136457,52.50512267132544,1.185036759139154,5.013824212957306,0.09148911094955126,0.27579583499540694,0.639407911090345,10.351202455297182,-4.268668325093739,10.240113617132772,-4.544006062529183,-1.744567572388069,-0.3080745243259423,4.715621375491782,2.6624975210428237,2.2114108690103076,1.0089535564184189,2.215657591819763,3.463486909866333,9.597571582794194,0.03851832449436188,0.029920454924210266,0.0186377614736557,0.030630648136138916,0.044250279664993286,0.1193336647748951,-2.623979196548462,2.1913063053140593,-3.431831404566765,-2.169738084077835,-0.9778276979923248,-0.1643524289131164,86,89,97,100
2dof_gp_L300_N100_seed10,2dof,gp,300,100,10,0.3691378828027771,2.2985359498381888,0.004133345084660673,0.0139033795450739,0.034490026786177574,3.7880472384936907,0.05330805891052717,0.2224969594464052,0.0009559532803119881,0.0027891322786809157,0.006885177679074994,0.9123269650823177,-0.3158298238922498,2.2487003278045354,-0.02562118422294183,-0.006536992811621412,-0.0022091080415627823,0.019836775911394697,10.233379134777508,58.87660436547155,0.6358634684571383,1.550001669952986,4.718357432359474,56.85466103523461,1.5143733947909237,4.438997282576844,0.13392884028589006,0.334624298726297,0.8532663155883864,24.235816385790667,-8.719005739986581,58.76864188446865,-2.579726179037186,-0.9125924621882205,-0.25644077594733994,2.4174003795980177,2.3409214544296266,2.0023917074608977,0.7669311016798019,1.9153226017951965,3.4075685143470764,9.821837968826294,0.03370424628257752,0.020545989085015183,0.020799756050109863,0.028472602367401123,0.04126928746700287,0.10932273387908939,-2.307217208147049,1.9902373046201474,-3.379628613591194,-1.8860702514648438,-0.7450660169124603,-0.20874303221702553,78,91,85,100
2dof_gp_L350_N100_seed10,2dof,gp,350,100,10,0.16704643739726044,0.49279260383534984,0.0037414020191517024,0.01144819828613156,0.05328277658202715,2.3770409041155713,0.051056164652846306,0.16858718412988957,0.0011679784222763184,0.0033424314309605974,0.013346498745489163,0.934660492450106,-0.11599027274441412,0.3582425694157927,-0.03929047100355032,-0.007485605356070617,-0.001771686228857315,0.02060362345218981,3.522488842533721,6.185021447795342,0.6030677652806242,1.254052712972853,3.4754167332848582,23.826548411874153,1.2267610125037738,2.2947709228799975,0.1273365954761974,0.39434465470519714,1.0458721199514023,11.23993044908282,-2.2957278300299473,4.916091333297223,-2.1760404273113148,-0.6563448157614443,-0.20842757300186443,1.9483487375421757,2.7067301309108736,2.3613599557742573,0.7943660616874695,1.856520175933838,3.6990675926208496,9.614349718093873,0.038863309621810914,0.029566382976180278,0.021006107330322266,0.030298948287963867,0.047668471932411194,0.1396636199951176,-2.6678668212890626,2.34319357409854,-3.6650676131248474,-1.8267295062541962,-0.7648843675851822,-0.15928347051143646,75,88,82,100
2dof_gp_L400_N100_seed10,2dof,gp,400,100,10,1.586620527859871,10.393955166407327,0.003145187307777352,0.011979171884967145,0.055501760293908506,46.887279007044846,0.6861787940814288,4.8010889594936685,0.0006071694695999774,0.002797226037578377,0.013205219290844603,15.232912181142554,-0.9004417337784422,5.691813932725876,-0.03779834064798247,-0.00631103342247762,-0.002218890863169389,0.011225492529955472,9.179792279243456,56.86722309184916,0.6785807341156562,1.6154719472041394,3.952574571383208,39.0572930890612,3.423787112598616,21.47594534620667,0.15777227138109656,0.45223357783903406,1.2333596052019296,13.230822793790617,-5.7560051666448375,35.491954392198146,-2.229755764941888,-0.8848894188379348,-0.25125130925256944,1.231511379648348,2.7964331090450285,2.385765932628111,0.5789498686790466,2.315652012825012,4.055025339126587,8.488302173614521,0.04660634219646454,0.03437197037816576,0.025304526090621948,0.036749452352523804,0.055969372391700745,0.14842154622077997,-2.7498267668485643,2.3658172497727294,-4.022447422146797,-2.2694608569145203,-0.5490916818380356,-0.19320464313030242,83,92,88,100
2dof_gp_L450_N100_seed10,2dof,gp,450,100,10,0.24193114483749306,0.7237420157187601,0.0036229876361323914,0.014974664112304241,0.07917973618366358,4.03700445212227,0.07466204098265146,0.2038722357099139,0.0010296874523676757,0.0033180351847701254,0.01665654134051133,0.9532922172949744,-0.16726910385484162,0.5717915137645584,-0.04729257683577327,-0.009197781978542405,-0.0018392474905935216,0.03460117064770697,3.0874714446619915,4.918645596775111,0.5057904184343606,1.4072579332637976,3.7775253153405,21.447647112636762,1.8013885441840145,3.851270849328781,0.2221468770378,0.6893946580383064,1.6346212881625923,12.660955815826055,-1.2860829004779768,2.6210928896415795,-1.4924979501502502,-0.533505229472875,-0.12276428319618282,1.9934583070196819,3.484367248415947,3.145610325710981,0.9821818619966507,2.752811074256897,4.762719988822937,12.64306964874268,0.06474619448184966,0.042469999823081576,0.03335811197757721,0.05413168668746948,0.08658286929130554,0.19410657882690477,-3.4196210539340974,3.117633401234484,-4.666842967271805,-2.7054924368858337,-0.9153373092412949,-0.21451482713222483,73,89,81,100
2dof_gp_L500_N100_seed10,2dof,gp,500,100,10,0.07609392053953874,0.2575898658892029,0.00314975831593383,0.008467952651160173,0.0378242820601795,0.7003011537268428,0.03061213038092847,0.10113487853648037,0.000890595817482564,0.0028939703803114976,0.011275315825000746,0.6378068615669485,-0.04548179015861027,0.24519245899554337,-0.02281888324032438,-0.004230758871827752,-2.3977798399052902e-05,0.05814534329660087,2.689238605626867,4.129629235632692,0.5456191718025157,1.4679380138056892,2.5421420678052753,21.748876702890612,1.5971801668493077,2.570278286630805,0.21097960314376174,0.7286298059974331,1.731562326785938,13.522947864824825,-1.0920584387775591,3.6029928260522075,-1.0558124674832468,-0.257871527709587,0.02059851396453509,4.980278911238042,3.022701417207718,2.900362507673556,0.6529711186885834,2.022530674934387,4.664203643798828,11.898837499618539,0.05825381815433502,0.037313345856534536,0.032279208302497864,0.051305949687957764,0.07104447484016418,0.19079683482646947,-2.9644475990533827,2.8767262264805393,-4.6033210307359695,-1.9963114857673645,-0.6115748286247253,-0.21330603182315805,58,77,73,100
2dof_gp_L550_N100_seed10,2dof,gp,550,100,10,0.24086473041774684,1.0228227508330523,0.0032869853531116867,0.010070083370356059,0.035615032829487255,2.9954617183695937,0.07895531052558444,0.30512171217442363,0.0009519804259450464,0.0031508560108629716,0.014048242438713986,1.1892193966292413,-0.16190941989216243,1.009803344160485,-0.02417851400591135,-0.005708031449169187,-0.0005658362061436195,0.5404552263745822,2.1472347973391637,3.0124231416640277,0.49913496010894964,1.1397335103894835,2.557360717107157,16.91467011507976,1.6394271234075317,2.4048436188572375,0.2520014632781,0.6680849189827914,2.1580542537332303,9.539012071971412,-0.5078076739316318,1.6880035593246714,-0.8960042241979286,-0.14768786701513192,0.19271499138390774,2.204870404665687,3.3536458510160445,3.2162016268603177,0.9557785391807556,2.279799699783325,4.934213399887085,13.75594274520875,0.07175261080265045,0.040536571881774,0.04130472242832184,0.06378084421157837,0.09384164214134216,0.23043995678424845,-3.2818932402133942,3.186548419391728,-4.848383232951164,-2.225237727165222,-0.9087235033512115,-0.2506036585569377,55,81,62,100
2dof_gp_L600_N100_seed10,2dof,gp,600,100,10,0.07555044891027175,0.16094157694241787,0.002571419098825531,0.012350396393666889,0.05763554351610194,0.6681626627925268,0.039018188946603354,0.10192696435550658,0.0009904786515284342,0.004097697989660787,0.020810722821527343,0.5054539285175161,-0.03653225996366842,0.11263418230598553,-0.03131107851769631,-0.003594259922541945,-0.00021814767789350248,0.08622459084975684,1.6481801756891843,2.3866137477771687,0.45050574759615936,0.8829628592003738,1.6881757044235624,12.323822616389483,1.1613379077899093,1.7236540127494961,0.22890460057700088,0.635565425039797,1.2370672212978706,7.437522125496351,-0.4868422678992752,2.05859086149363,-0.7538764427338267,-0.15926841432001657,0.08101624284542806,4.930349244906381,3.8827668577432632,3.424937823220053,1.1589745879173279,3.093199133872986,5.175968408584595,13.873287620544454,0.09715536534786225,0.06595870196913123,0.05431446433067322,0.08595257997512817,0.1290075033903122,0.23036122798919834,-3.785611492395401,3.369398771156668,-5.091015011072159,-3.0441741347312927,-1.0918697267770767,-0.23026797711849206,56,77,68,100
2dof_gp_L650_N100_seed10,2dof,gp,650,100,10,0.16226871850194255,0.8419205923244548,0.0031080623712025583,0.006966535955475396,0.03018015748915972,1.3755406966407127,0.18828271723514461,1.3241701745818681,0.0011262463410232407,0.0027350921927814273,0.009133733931699372,1.5905444379992506,0.026013998733202003,0.5138254146727261,-0.01475359604274472,-0.004296613970829791,-0.00032385827810614846,0.7077279203817801,1.756446954549596,1.6741372694013814,0.5634891250068955,1.3038538721799167,2.5917076988898717,7.808009534856101,1.5228663599979952,2.0013081236503223,0.28741341177986657,0.8785219288640299,1.7213848305320838,9.444471888857546,-0.23358059455160135,1.5314861525281078,-0.8456740940519667,-0.14824755302854403,0.21904110652515651,4.679516495319471,3.0184041905403136,2.7263162410602453,0.9591836780309677,2.108777642250061,4.527799367904663,9.470995807647743,0.07338556587696075,0.03611839105197642,0.052755653858184814,0.06712597608566284,0.09403376281261444,0.14171823680400913,-2.945018624663353,2.70370781396346,-4.443184331059456,-2.0147504806518555,-0.8574382960796356,-0.23824880421161646,55,77,64,100
2dof_gp_L700_N100_seed10,2dof,gp,700,100,10,0.3412550567872821,1.9595508724582198,0.0029838003941338592,0.009431493540190202,0.03997982267139463,8.704361638408841,0.05153747464623692,0.17688230895762308,0.0009692919310345687,0.002837606952782165,0.013714062116849573,0.7974858416132198,-0.2897175821410452,1.9064738725564803,-0.021738150028246174,-0.004087405858272854,-0.0002503934928145134,0.08954452975712802,1.7419893525561685,1.7760167041398296,0.49747674933848285,0.971690711696475,2.438831999451069,6.694386725367615,1.6870951691329361,2.351735995873101,0.29608870194186815,0.8716677243056583,1.8911071177847691,11.295878518908593,-0.05489418342323219,1.4176824914837205,-0.49005396955185593,-0.09489684171118185,0.33659949239988207,5.61735861611131,4.5308204674720765,3.4089118839075256,1.697341501712799,3.4260956048965454,6.782649040222168,13.593486576080332,0.22420227408409119,0.1603743607667106,0.10539650917053223,0.1692025065422058,0.29617732763290405,0.6693698865175264,-4.306618193387985,3.2613718096441198,-6.416983976960182,-3.295162945985794,-1.5397424548864365,-0.3515883409976953,51,78,61,100
2dof_gp_L750_N100_seed10,2dof,gp,750,100,10,0.4425792518239835,1.787889618611462,0.003189349798487542,0.01271865942959915,0.043746225809422015,11.140525338371754,0.14677508763868358,0.5001435484912172,0.0010110802269398063,0.004084143450617812,0.021528001897723564,2.696265667038385,-0.2958041641853,1.4401191277139267,-0.01895529172668803,-0.004557780761151561,-0.0006870597395179319,0.08544300895547524,2.154459939130858,4.954539425664849,0.5047362911973792,0.9817111839456076,2.359293610316015,16.848825587213465,1.5885908315420636,2.260221632099109,0.2851289487582065,0.7869146929266164,1.8586474437643012,10.716152158047272,-0.5658691075887949,3.7924096613073908,-0.450233438663715,-0.09433397854812872,0.2737209573691513,7.04982572184474,4.819269210696221,3.588926437892983,2.1836538910865784,4.125730752944946,6.6178189516067505,15.447204847335817,0.35499410450458524,0.26059975323736834,0.1723092943429947,0.26456791162490845,0.5175279378890991,1.2273102211952214,-4.464275106191635,3.345720013979654,-6.148914322257042,-3.902134358882904,-2.015481010079384,-0.2319369792938231,49,78,62,100
2dof_gp_L800_N100_seed10,2dof,gp,800,100,10,0.15998257007749708,0.7229151355561311,0.001970862007359071,0.009333218701883906,0.034363397799218515,4.791973850121144,0.09929865190299746,0.45570439932032336,0.0008793006492935881,0.0028512820842771067,0.01881102572349898,2.034234651039612,-0.060683918174499675,0.6723644938049543,-0.01210270835758884,-0.00301326468794178,-0.0001357465668902025,1.0717693154357149,2.38070141389413,5.248365435955278,0.5014577553385224,1.1455285167267464,2.1832392933859786,14.244715412438474,2.097772701672348,4.6111529536950275,0.2656697008309016,0.7353290885862723,2.039325826554441,27.315380063078784,-0.28292871222178095,3.4189002984719443,-0.6412025364900676,-0.12504578335747957,0.12073434984039402,8.12790040900961,4.8453809201717375,3.7880586485832786,1.696081519126892,3.895238161087036,7.73688542842865,13.611392698287968,0.39439849972724916,0.30016050435070524,0.17497505247592926,0.25711214542388916,0.5529361516237259,1.1011287438869484,-4.450982420444489,3.529279436846507,-6.923705145716667,-3.6223268508911133,-1.5769413709640503,-0.27026298582553837,59,81,65,100
2dof_gp_L850_N100_seed10,2dof,gp,850,100,10,0.3707593417201784,2.088973584913779,0.003482552798059383,0.010912348054309086,0.048243885553293994,6.2068867740110925,0.18117515341083357,0.8523214847990525,0.0009493623099215054,0.0049200671019902185,0.031713991427896895,4.8707541557025165,-0.18958418830934487,1.5032851088595203,-0.020614907560589094,-0.0031503245236998143,-0.0001256404124710811,0.148270795782052,2.1083229432697426,2.5939510216029165,0.6625131816366218,1.083758299716293,2.73199650946634,11.407391076810756,1.9336420056965014,3.0642221749317713,0.3789451593670074,0.764180928983475,2.0050548441421965,16.172856896871405,-0.17468093757324143,1.6732899960451173,-0.7272731108052289,-0.17123936746995028,0.0710020309726785,4.842977926429165,4.541063251495362,3.721745257892304,1.2501177787780762,3.755690097808838,7.0351855754852295,16.238690567016604,0.37918238759040834,0.38380341257074857,0.15960770845413208,0.2408677637577057,0.38937659561634064,1.9068428850173957,-4.161880863904953,3.4168818806343597,-6.275738999247551,-3.428488075733185,-1.11210198700428,-0.32671019732952106,58,76,70,100
2dof_gp_L900_N100_seed10,2dof,gp,900,100,10,0.34012771990805185,2.2123579308218133,0.0036294529245744587,0.008298480450437233,0.023887375181275795,6.399569442866439,0.06441439383326865,0.2155119877625879,0.0017516572405958048,0.005344285478592167,0.015711051348102835,0.9586000164112969,-0.2757133260747832,2.0366636029630256,-0.010935434718754775,-0.0017979531054217513,0.00047146006140312644,0.1587250761374219,2.7061518985240105,5.308130811489828,0.6165494381427685,1.168174669093308,2.9707814992747172,15.430426384154739,2.5369812384834614,6.1374655906059346,0.34379553006644503,0.777378878028046,2.7327770638220756,24.430903796554727,-0.16917066004054945,1.759122324774638,-0.5456637485531575,-0.1372548456767969,0.12289734139804771,6.804988023885052,5.1542957675457,3.7650840427332524,1.9815627336502075,4.4728169441223145,7.285377144813538,15.187839393615723,0.5117906004190445,0.395442816754914,0.22972875833511353,0.38824498653411865,0.6442320793867111,1.7138512194156659,-4.6425051671266555,3.4227924335489015,-6.358722135424614,-3.9856430888175964,-1.7218371331691742,-0.339174666404724,51,70,65,100
2dof_gp_L950_N100_seed10,2dof,gp,950,100,10,0.2020794830149903,0.8385558830432712,0.002144430502321543,0.00603219948631702,0.030678369750920993,4.504844806150769,0.18419904196762282,1.2543181367671559,0.0017009513412786785,0.0034363090696613603,0.015678839309280407,1.9054344271911234,-0.017880441047367496,0.7752448335415665,-0.01047095592555944,-0.0016115687060334217,0.0008944175207807202,0.3166865227767437,2.346722899134075,4.236805034848381,0.5842728646339775,1.2548718799871867,2.640218641552359,14.691440754210639,1.9877196783814401,3.908642231318923,0.44293730179231905,1.0267324035319096,2.142358768123879,21.62893379931867,-0.35900322075263474,1.5417487976411859,-0.6933067236666155,-0.14247038880460217,0.22555816393260208,2.43555484094765,5.314091509580612,4.2522504156470395,1.9142055809497833,3.747888445854187,8.290266275405884,18.01681468963623,0.7740043902397156,0.6419743405417107,0.3119327127933502,0.5084945559501648,1.0490460991859436,2.817733771800997,-4.540087119340897,3.6774961218001425,-7.212722957134247,-3.1639763712882996,-1.602845773100853,-0.22943048775196076,45,64,64,100
2dof_gp_L1000_N100_seed10,2dof,gp,1000,100,10,0.09545932257810177,0.3919765091159038,0.004950736068171616,0.015493122702425135,0.04063704444366508,2.6362053587251992,0.03535913839491032,0.09316617570280346,0.002933747425921831,0.008028679817924461,0.025770713588485775,0.5181154250723118,-0.06010018418319146,0.31299167370321207,-0.01826897055335377,-0.004393003217867668,0.00016718885207605438,0.08939145023318923,2.0552960966619054,2.823876839981471,0.48639815099567785,1.097131862358423,2.4478036525021785,11.051690863108977,1.5767398499910177,1.8969397535380121,0.3830504533112939,0.8626996893848238,2.019916112594861,7.968772742091012,-0.4785562466708877,1.534288541507583,-0.6597296393622144,-0.16033416958248758,0.10257925086649909,1.370436283864128,6.235249980688095,4.471070157749601,2.639743685722351,5.4013590812683105,9.158426284790039,17.241456604003933,1.0013047128915786,0.7682192780070082,0.46928393840789795,0.7211337089538574,1.4389092922210693,3.145891516208653,-5.233945267796517,3.762902054277826,-7.496800661087036,-4.557621777057648,-2.247250020503998,-0.2839293050765986,52,73,65,100
2dof_gp_L1050_N100_seed10,2dof,gp,1050,100,10,0.2233901853225689,0.821217556016779,0.003636353317431097,0.01285498812747186,0.10355658772850326,4.740885875106541,0.15022688362102388,0.6112491814644941,0.002409511592305986,0.006302317854229981,0.04699761706257865,1.9471799713660947,-0.07316330170154503,0.48838216646475063,-0.015481347424249744,-0.0041556754059231815,0.000214391768920693,0.2266035303409359,1.9199297242098678,2.1814993278002164,0.6913875813882085,1.3086343822307809,2.1306321414382374,9.742448772984963,1.582866174118986,1.984410492954936,0.4730543434893877,0.8941107250699369,1.6260574690672847,8.885354515023222,-0.3370635500908817,1.001266130054027,-0.699239902191108,-0.1357373461634263,0.07545447798123281,2.9560019865122737,6.260047554373741,3.7611947676015487,3.3686439394950867,5.350076913833618,8.873890399932861,15.18770909309388,1.0832491898536682,0.6169673551334114,0.5850877612829208,0.8703942894935608,1.5705516040325165,2.5409149980545047,-5.176798364520073,3.1775759854250953,-7.46949303150177,-4.531127989292145,-2.719292253255844,-0.41018381476402216,48,73,67,100
2dof_gp_L1100_N100_seed10,2dof,gp,1100,100,10,0.2900838077504643,1.114439048739559,0.004510438062556542,0.01386076748325808,0.06879796714885393,5.077018897347867,0.3554130694343226,2.390520733794285,0.0026002924113310948,0.008041732582465102,0.03317269858578694,4.220079403577135,0.06532926168385844,1.50919678189124,-0.01720940420702281,-0.004809892825751127,-0.000693888328526476,1.582173963404722,2.1387767670477755,3.1922252142001732,0.6026264981036986,1.087042769274802,2.0896832659629245,17.73921803252188,1.7020101685426463,2.7538414413447643,0.44292864942033827,0.8688777815639893,1.6396159748852053,10.341739652384982,-0.4367665985051298,1.5738653167328405,-0.4320857396958784,-0.17061390438730809,-0.0036886020534541153,1.601734326208179,7.63904135465622,5.087399786194632,3.3823405504226685,6.777272462844849,10.883646488189697,22.374923782348635,1.630765468478203,1.1406479042145374,0.758512333035469,1.1930055618286133,2.172410488128662,5.177091522216799,-6.008275886178017,4.011900005596195,-8.724704444408417,-5.4846475422382355,-2.6479302793741226,-0.29108743548393207,65,79,75,100
2dof_gp_L1150_N100_seed10,2dof,gp,1150,100,10,0.3829121599428407,1.398296639090218,0.008606569810227706,0.024512666975817818,0.13257758874356998,4.994570079309967,0.3933340732881966,2.4505015969834303,0.0047512946398174565,0.015928792134991362,0.06827670208527131,3.229327265775174,0.01042191334535586,1.2890611419094389,-0.03406862051944012,-0.006431244301403532,-0.0006654523516465109,0.38305096511776754,3.1132384918572895,9.665699124469903,0.7391877215373349,1.3703276684174255,2.4779807445202593,36.38380632701257,1.746417038056067,2.4211014999807206,0.5614988769683068,1.011451458518971,2.198178208548523,15.904007651100263,-1.3668214538012229,7.752632866371027,-0.6291918032588248,-0.21492647744274276,-0.04004376257873532,0.40554290758924927,8.983246782422066,4.979595031942202,5.055985689163208,9.044451713562012,12.392141819000244,19.163806190490742,2.4639944750070573,1.4481790608827614,1.2331872582435608,2.1961677074432373,3.4153509736061096,6.10373501300812,-6.519252307415009,3.7218161087732384,-9.246485710144043,-6.34105908870697,-4.1780605763196945,0.26355010390281974,71,82,86,97
2dof_gp_L1200_N100_seed10,2dof,gp,1200,100,10,0.27178512387100767,0.9462919739226118,0.011456561261120112,0.030568874886887032,0.10405899163613225,4.67045239306902,0.16892902262578713,0.509915504231817,0.008459577451251026,0.022742739443249872,0.09643766319121282,3.2134521140676395,-0.10285610124522053,0.5968838629864816,-0.02105757953855944,-0.0027627312127010426,0.002916655184420679,0.1259907577766461,5.3309460472263455,21.839702372637788,0.8807302374233289,1.4187701242772714,2.6836892552838956,144.35549474473854,2.379119309719364,5.928582770828395,0.5741060165185409,1.020802606968152,2.1274133034206724,29.638000193055007,-2.9518267375069827,16.196107286300688,-0.7330077127634748,-0.2876817973183844,-0.10144446531504087,0.24216223859293998,12.974193522930145,5.3553887273579015,9.541935205459595,12.326621532440186,17.371997356414795,26.048035659790045,3.8721587723493576,1.990752586888956,2.3156766295433044,3.6785824298858643,5.254823088645935,7.575274367332461,-9.102034750580788,3.7214822438204442,-10.996539235115051,-8.428160429000854,-6.948100179433823,-0.39313022494315525,60,66,87,99
2dof_zero_L50_N100_seed10,2dof,zero,50,100,10,19.137476990467565,93.26972977107962,0.17355025009264075,0.40271084972284055,1.3404680778009372,613.7158011945953,28.525752319172923,277.2613424306503,0.004789861235825234,0.015865469564724545,0.0528740595945146,57.04019379506589,9.388275328705356,228.18667675760082,-1.1387139212726967,-0.37844329418071143,-0.14291844578971358,31.264072040636268,4292717.638714331,17677482.52328404,8.08814762896465,103.34007770297472,16610.475542351014,64897856.66301757,94744.89060410019,385859.59163682145,0.17298014061603115,3.153436898467124,507.6930283769873,804849.7399376538,-4197972.748110231,17501911.773747142,-12858.130187961122,-101.17204751312161,-7.128199171916528,1.92334935896337,7.044799082279205,5.398505971724997,2.2148277759552,6.074620485305786,11.03201961517334,21.55131807327273,0.11948562741279602,0.12873641428140273,0.032572031021118164,0.07273983955383301,0.14797000586986542,0.48590238928795,-6.9253134548664095,5.366096636188725,-10.895276591181755,-5.991392195224762,-2.1517402678728104,-0.3831614923477168,93,97,96,100
2dof_zero_L100_N100_seed10,2dof,zero,100,100,10,10.178309641649255,89.95378593558183,0.013248696562965595,0.03118008666553959,0.09502364542811535,105.49640600197459,74.605692184369,741.3963748909038,0.002941837264049815,0.006856444627934306,0.017692302655368454,81.6552935238424,64.42738254271974,652.0309063356565,-0.07095891406536074,-0.023842400375824333,-0.007692447753159895,65.53408715268696,951294.6159383882,5461722.397198171,0.9573409841439725,7.8877433224218665,202.30693739578595,19258323.140093174,66323.001656408,351934.2386041878,0.10365118102662702,0.8290797720843464,18.638903610893685,2176719.73495984,-884971.6142819802,5135434.153232363,-70.83306865530614,-4.22414155075421,-0.21281434290913073,673.9599780265594,1.7417889910936355,1.6973223625870142,0.5499954074621201,1.2549833059310913,2.2331038117408752,7.420795378685009,0.03938382923603058,0.062305167088802474,0.010159030556678772,0.021524101495742798,0.04335226118564606,0.1660728836059591,-1.702405161857605,1.6640235739369327,-2.21824711561203,-1.2368848621845245,-0.5184632539749146,-0.16689531385898565,81,91,89,100
2dof_zero_L150_N100_seed10,2dof,zero,150,100,10,28.59117953176476,249.74717794767537,0.00457875806170779,0.012373244811761473,0.051354907243628525,368.89348218698893,0.3321454938690416,2.3737141200703533,0.0012698232573474326,0.0032986190491103924,0.009197825666584319,6.2127208714939215,-28.259034037895713,248.87038665413834,-0.03468433173523145,-0.008845542665920466,-0.0024502883659237662,0.023521053018434886,1312112.2737702946,9016547.354585167,0.9411695579147681,13.944754716706996,207.56656310244554,11400055.165229231,104627.19650342371,755519.2071945976,0.22736905751617378,2.819229899755839,143.30236593624215,1111251.3399194828,-1207485.077266871,8276795.387965922,-105.69496214763987,-3.9489084084896238,-0.3807136786504649,10888.048489527335,2.0677228450775145,1.8514589627827402,0.6427218914031982,1.4181230664253235,2.9339840412139893,8.615145750045784,0.03533835411071777,0.04050599607424444,0.010135799646377563,0.023995399475097656,0.04431149363517761,0.17543160200119068,-2.032384490966797,1.827802978822744,-2.8766604214906693,-1.3903327584266663,-0.6211754530668259,-0.1802797913551327,82,93,87,100
2dof_zero_L200_N100_seed10,2dof,zero,200,100,10,0.23449319529981014,0.7829590918757559,0.0021395663264249243,0.00796146974089126,0.031475361145813716,3.0872146533399887,0.0822064364556753,0.39215246130741266,0.0007750825465817735,0.001554329536275605,0.006488197558983751,0.977094246192922,-0.15228675884413484,0.6605386434778623,-0.014286892438184106,-0.005323598257663233,-0.0006822126101511726,0.3485017872281405,478018.2795312567,2176618.3456816273,0.8153346190310151,4.7093265061125384,266.38025498842643,7303958.248945285,31891.65668310175,131355.00347275488,0.24640591163233794,2.013174769391264,102.93367701387854,541029.336134282,-446126.622848155,2060655.3996484575,-159.32695257474563,-2.4297675685860542,-0.1738223363036633,19.50102805491403,1.9330254632234574,1.9281305371889306,0.6175829619169235,1.2012684345245361,2.6896690726280212,8.437469367980958,0.02848648130893707,0.028339210064896696,0.010687798261642456,0.020031362771987915,0.03361727297306061,0.14151588022708897,-1.9045389819145202,1.9095555125665948,-2.572465479373932,-1.1933184564113617,-0.5981179624795914,-0.14038844108581536,72,86,85,100
2dof_zero_L250_N100_seed10,2dof,zero,250,100,10,0.09767031204343929,0.5336768045642345,0.0032239590392410707,0.011301407863775459,0.026717783339163276,1.4144999525984732,0.018349108053242434,0.059652509027242964,0.0009109263965358817,0.002377796210641695,0.006147725945329012,0.2591422348513033,-0.07932120399019685,0.4997541119077938,-0.02117435101077082,-0.006946666597825155,-0.0017052147221697797,0.08257095894645132,2694236.219251079,14286721.336838938,1.558042197450921,14.358394003219626,45715.94478213717,36977007.18346095,256903.1237039116,1117382.0924668321,0.3146673544205905,9.449433646473368,8239.867591440265,6659914.7964511085,-2437333.0955471676,13948936.306023303,-19567.964344570075,-4.3520074065835415,-0.257956802324719,3479.375356085974,2.5757595938444138,2.122968956711524,1.0869493782520294,2.204880714416504,3.438632071018219,9.571208515167239,0.03083374261856079,0.027362956164063507,0.012421995401382446,0.022247642278671265,0.03743597865104675,0.11326917707920103,-2.544925851225853,2.103988409045797,-3.4028849452733994,-2.1958636939525604,-1.0686081796884537,-0.18034312188625332,83,94,87,100
2dof_zero_L300_N100_seed10,2dof,zero,300,100,10,0.4432458319902872,2.518210936003072,0.0023640553175722457,0.007401073158334551,0.020591396002176916,8.33343349888902,0.06343793242280946,0.31272206695260424,0.000758317481986458,0.002304490993331884,0.007366207602776283,1.684912009507225,-0.3798078995674778,2.285605094418698,-0.012064806929341294,-0.0034243579864896645,-0.0007919425317280339,0.004426464837553797,785966.9062985522,2638169.296469357,1.4837644235310918,21.669426563544043,7841.181952831661,7666616.6959370915,238631.36589159365,1095874.803540854,0.5235625315241914,8.84154725715154,11226.48545762833,4015330.1864257976,-547335.5404069584,1693333.4883894722,-240.68646430056447,-2.637826344151968,-0.02419054031360185,25366.20172034127,2.2461686116456985,2.0014459461994445,0.7282841503620148,1.6824591159820557,3.273184597492218,9.773028240203864,0.02173472225666046,0.017475732302283713,0.00940413773059845,0.016412079334259033,0.026199012994766235,0.08045669019222262,-2.2244338893890383,1.9881767612731258,-3.2537893652915955,-1.669332504272461,-0.7169575542211533,-0.21072219848632803,72,89,78,100
2dof_zero_L350_N100_seed10,2dof,zero,350,100,10,0.21403375129424862,1.2874750299486892,0.002404585341380365,0.008541082680554936,0.03171028527431154,8.287930427132206,0.03242760064418621,0.1615230637505881,0.0007685912420923851,0.002538320383414769,0.009606338187148185,0.728454511279783,-0.18160615065006244,1.143573133250163,-0.014569293560491112,-0.004558728004891742,-0.0011310913579565274,0.00915236463295939,2100910.166316964,6726944.65557733,0.6547491759798731,8.27422881471738,12353.649900855018,37318766.3867367,357126.8827893314,1905463.3652872173,0.43296047037276897,4.72722035431938,2342.252430128565,5719512.6826225035,-1743783.2835276327,5979013.574654391,-287.98365440936516,-1.1521278810080742,-0.08474089705684229,129450.81650980489,2.6279646903276443,2.335609265952111,0.7995020151138306,1.8114487528800964,3.798784852027893,9.812600898742676,0.024451364278793335,0.023927276884244997,0.010690778493881226,0.01566016674041748,0.030944600701332092,0.14406271457672123,-2.603513326048851,2.3204414199029895,-3.78129243850708,-1.790190875530243,-0.7904338389635086,-0.15401543080806732,70,89,80,100
2dof_zero_L400_N100_seed10,2dof,zero,400,100,10,0.280415709816299,1.8892885164913713,0.0019316020752063805,0.005000878976797171,0.018105788189393807,3.3605340469459284,0.19967346995384042,1.6936725443095169,0.0005894332110688476,0.0019857506430560356,0.007516036524967684,1.382286452900293,-0.08074223986245858,0.33752261196829264,-0.01199883545313575,-0.0024712667429596198,-0.0006065523998428818,0.004009743163570915,1597790.7714371688,6810294.745217129,0.9523144348633468,15.088036264342223,116981.3931395338,22298534.256178826,253583.23426554393,1198496.7777041856,0.4873570904534164,10.576948271175745,27012.21457183643,2252966.7385321693,-1344207.5371716246,5696994.608811101,-3348.177903429141,-1.6134913141521252,-0.0779169532677943,201492.9003280213,2.7634415966272354,2.41384758463308,0.5622078627347946,2.3098948001861572,4.156768560409546,8.479418277740493,0.02775695323944092,0.027576703756069864,0.012163206934928894,0.02027261257171631,0.030451029539108276,0.11969820737838782,-2.7356846433877946,2.3960273120326487,-4.134680941700935,-2.2926045358181,-0.549635648727417,-0.15960461556911457,73,90,81,100
2dof_zero_L450_N100_seed10,2dof,zero,450,100,10,2.7074773808360355,24.50610375242824,0.0029231753131770057,0.008704843388552784,0.05460299506397967,10.192038444349501,0.2600650726157605,1.4526858297205827,0.0009091652730703557,0.003806650855746622,0.01661861247750157,10.027571148393353,-2.447412308220275,23.513897669280134,-0.012522975840933374,-0.002944079585016515,-0.0006685388916038094,0.18806244073607192,2736257.258224601,8762019.487907898,3.2855812538077345,207.23252818708093,901492.3513014221,50486353.23037005,877245.31005629,2752580.927843299,1.4802190448473898,81.99459961251443,133559.38397005538,15343196.58998716,-1859011.9481683103,6338870.346635981,-242758.28985750268,-25.09405468265799,-0.30861876654732534,1327962.754414083,3.4275593894720076,2.991188456275898,0.9663083553314209,2.6512460708618164,4.607524037361145,10.694595308303835,0.0388373613357544,0.03454403519869921,0.013180837035179138,0.026404112577438354,0.05505162477493286,0.15569393932819378,-3.3887220281362533,2.9650242557034923,-4.561549961566925,-2.6407848596572876,-0.9505306333303452,-0.16045159041881552,76,87,86,100
2dof_zero_L500_N100_seed10,2dof,zero,500,100,10,1.1578056535315007,8.703929463187096,0.0023549446536551893,0.006147031035768823,0.01782896613194953,10.530193413526343,0.3814384824526391,2.5895590305400864,0.0009745006119478395,0.0024566471210267764,0.0115127316541297,5.43104550588476,-0.7763671710788617,6.198800652025242,-0.006788132597757672,-0.002166033879988092,-0.0005570546926320602,0.03865811275064795,2889350.685976963,9208742.080094682,2.7249772822135707,85.82575164123362,743100.2857647112,36344727.19216485,834810.4771628458,2730726.4824400446,3.0516775850119586,65.20309172992624,135388.1463106976,12354563.201708874,-2054540.2088141183,7992853.952436152,-634749.9893471809,-11.443324210924017,-0.1945366641851414,412799.7982067682,2.9424272459745406,2.8268115934214486,0.7005473077297211,2.125459671020508,4.350595593452454,11.510598573684701,0.02931347906589508,0.025420729158214517,0.013459160923957825,0.020251184701919556,0.03744952380657196,0.12157639861106885,-2.9131137669086455,2.807638297370889,-4.29013954102993,-2.1074546575546265,-0.680513322353363,-0.19975099265575372,76,87,86,100
2dof_zero_L550_N100_seed10,2dof,zero,550,100,10,0.4763629701916576,2.950676969008371,0.0019365232135307587,0.005610722459724557,0.029132699585292646,15.907942914322145,0.34042201908017167,2.055349619980046,0.0008186958973012329,0.0019532664766261486,0.011675953370725923,14.500432371996382,-0.13594095111148585,1.0558569159880589,-0.00965475576500133,-0.0019631262444054012,-0.0005963693990832923,0.23602193439914743,3460837.802773804,10876570.68185923,2.2631302318727013,73.53683567353949,504046.96173452993,50625352.74662839,1183794.8444800093,3357589.6393676004,1.3792652765655682,44.401248424105425,116810.34606098317,16893706.575044677,-2277042.9582937937,8977420.722590234,-160785.20914239108,-5.064894078844173,-0.21682681064870735,2512489.5300465846,3.4181182384490967,3.191062158074494,0.8824234008789062,2.7408835887908936,4.709775328636169,13.29968803405763,0.03858947515487671,0.033386149264080914,0.017127692699432373,0.02675420045852661,0.049171432852745056,0.15622480571270017,-3.37952876329422,3.1618023028504703,-4.652435347437859,-2.724293887615204,-0.8671662956476212,-0.16181634306907652,74,85,84,100
2dof_zero_L600_N100_seed10,2dof,zero,600,100,10,0.3901248509416417,2.6965958379180575,0.0020953936810424105,0.006025343580178135,0.038363745933736065,5.177584712837773,0.35874961073459055,2.341428229419871,0.0007562803925822751,0.0025696753063178344,0.016427693524294254,10.043200168585036,-0.031375240207051285,0.7269038469747445,-0.010114925914071243,-0.0021486091689582546,-0.00030165641384652663,0.07209204299315496,4357797.583574952,9447036.492456084,4.928673691680778,847.9892372456849,2277874.3117430215,43865075.92654481,2014692.4607085823,6557133.445007371,3.626486179003871,447.20520221501573,427581.476222373,20885754.100220297,-2343105.1228663702,5823579.474894037,-728554.2390079754,-7.103257873013225,-0.09077732357508163,832783.3376282519,3.7373298341035843,3.379534906329059,1.0262858867645264,2.950087070465088,4.839901089668274,12.838966827392602,0.049551122188568116,0.04851856300838738,0.017438754439353943,0.038042545318603516,0.06158439815044403,0.1732466882467279,-3.687778711915016,3.337237915663382,-4.799685940146446,-2.9063075184822083,-0.9964285343885422,-0.18815811336040497,66,83,79,100
2dof_zero_L650_N100_seed10,2dof,zero,650,100,10,0.21569727810265718,1.035019899112676,0.0019839959146896275,0.0063590403862288595,0.017017246387728592,4.730515516501448,0.10187066937363762,0.4976806486794784,0.0007888357169753716,0.002415654540636667,0.00937323774549632,3.3754486974228692,-0.11382660872901956,0.59831939496854,-0.008554241865868296,-0.002458047922581536,-0.0012234396081134732,0.0006569593278916772,2802537.68670233,11601044.135378134,2.0410927622257304,70.35294641925732,511401.433959124,43596090.613346465,1458513.9776125664,7115647.601459187,1.269810917301382,34.64276362799323,117167.38248153758,43257289.366992146,-1344023.7090897635,6734342.1934625115,-91842.08593180028,-5.883275540188778,-0.02423806319547197,636138.9448808067,2.8960596174001694,2.7722493742523295,0.6522106379270554,1.946183443069458,4.381383299827576,9.448960952758833,0.032163109183311465,0.027477053640198097,0.016440361738204956,0.023814082145690918,0.043764978647232056,0.09774348080158299,-2.863896508216858,2.7506226275953973,-4.350689634680748,-1.922426164150238,-0.6410859227180481,-0.2033508747816085,76,95,81,100
2dof_zero_L700_N100_seed10,2dof,zero,700,100,10,0.2524816806052271,1.1478373299582831,0.0018342813868251985,0.0045235635817073095,0.01911450515704707,7.685006293530295,0.12058075360489823,0.6340029214302864,0.0008737241000285575,0.0025168890434347805,0.00924201393701954,4.003829822905079,-0.13190092700032888,0.5453461567202795,-0.00971182518985854,-0.0012274161787087464,-0.00029215484070283025,0.02278790085529287,4168155.0337743456,11983797.592917798,1.7764369501439643,76.06032323465564,2610196.933653979,34316754.548384346,2008672.0702999684,5714515.976646235,1.3710238029663144,35.7998193765487,432060.7733717862,35310488.10357729,-2159482.9634743766,7731593.384363201,-202891.8296900102,-4.625782499367399,0.0007192515475191435,1819986.1865324466,4.348151193261146,3.3565938329000633,1.4778021574020386,3.352378487586975,6.65981912612915,13.013352746963514,0.12094722032546996,0.10952696595058756,0.04155018925666809,0.07417809963226318,0.17515972256660461,0.4386718815565119,-4.227203972935676,3.253242625209533,-6.4859499633312225,-3.270505040884018,-1.4319819658994675,-0.2455240708589553,67,85,75,100
2dof_zero_L750_N100_seed10,2dof,zero,750,100,10,0.5614877847814718,2.9969500885514346,0.0013968943658830462,0.00485210114683067,0.03778328621691384,20.784046233277333,0.2825194726673358,1.6189285145486072,0.0007670672262992007,0.002688213082235881,0.021275388649143755,5.355130740108044,-0.278968312114136,1.751985696287116,-0.009541195724481581,-0.001467594759166723,-0.0001131261440338268,0.35501168412807443,3699075.4835531134,9851188.692618039,4.33155606761113,261.78475491847547,1435436.144214445,40751150.47125791,2492545.5096936016,8091919.320106759,3.5985206385205615,205.99609051761266,587880.6112606262,38135404.87495411,-1206529.9738595118,7101713.834097307,-400641.75735507335,-14.966155918703983,-0.0644817581105558,17989947.174727708,4.656409265398979,3.579534109018828,1.8780101239681244,4.100187301635742,6.575408220291138,15.015926542282113,0.2129212337732315,0.1990348342039324,0.06403441727161407,0.14005976915359497,0.28910383582115173,0.720323368906977,-4.443488031625748,3.396661899435119,-6.269318506121635,-3.913781523704529,-1.7923584133386612,-0.1680590677261351,62,80,78,100
2dof_zero_L800_N100_seed10,2dof,zero,800,100,10,0.71968233023863,5.87288848838294,0.0015587161671623722,0.005412454262309159,0.04037903118020565,3.8861796605327994,0.2060074241398481,1.2909078017886153,0.0006597965274286644,0.0027875811654115585,0.02750955107671536,2.287022020737377,-0.5136749060987821,4.603695255643485,-0.009425902536087268,-0.002045825893118037,-0.00034809791092366344,0.048518473657011375,7859032.532793841,20652309.416350815,15.409404391546222,4766.294127834912,4976407.804886825,91681273.87929957,2877164.6837892113,10347245.242585363,8.703934506862,1604.6092864275297,721821.5451406284,60000632.74060626,-4981867.84900463,14287716.11212079,-1139669.955382144,-24.33545510970569,-0.2676970127529885,3178205.0542105436,4.683676362037659,3.706076829120399,1.5185186862945557,3.456209421157837,7.843721389770508,13.021858596801762,0.23640153527259827,0.21665623774992868,0.06880585849285126,0.1336767077445984,0.3741495907306671,0.7898955506086353,-4.44727482676506,3.5176169356400906,-7.481660082936287,-3.27077716588974,-1.4244771152734756,-0.2629508453607558,70,84,81,100
2dof_zero_L850_N100_seed10,2dof,zero,850,100,10,0.37999749451121767,1.6971279967482074,0.003084881046122481,0.008103955354591477,0.02978822237558679,5.446410044065071,0.2813476950976668,1.237924664529556,0.001095651291357961,0.004514977733748633,0.014849446820849727,6.888303382707062,-0.09864979941355086,0.6656432783891675,-0.01143426534417252,-0.002392958051232714,-0.00024302886979401161,0.6072201874692541,4025739.519052527,10989081.671847595,6.356817566439569,271.92167368480585,1404740.8046812813,58862185.77031624,2044101.8772118827,5391033.130433291,4.744405133137994,192.8171940068604,649599.603159537,26231469.95443675,-1981637.6418406444,7396190.015587676,-215566.4839331031,-3.542835229286214,0.03550966205572931,3496325.044974582,4.392609784007073,3.609349352647619,1.1652064621448517,3.7799072265625,6.593105316162109,15.047474889755254,0.24298979997634887,0.346634052587534,0.05092942714691162,0.10905081033706665,0.23524588346481323,1.598767532110215,-4.149619984030724,3.356427750575238,-6.2799264788627625,-3.5714776515960693,-1.0814931839704514,-0.23294252216815942,62,83,72,100
2dof_zero_L900_N100_seed10,2dof,zero,900,100,10,1.1313783265318431,6.320057688023894,0.002510498644109703,0.006954637308849657,0.026923221804982314,28.90747952177383,0.690900734026912,4.136653137289983,0.0008732912569683164,0.004126913903215793,0.015687252174068418,16.93558659324361,-0.44047759250493085,4.738829748912503,-0.006177510442739301,-0.0018445436130716667,-0.00013312676087195665,0.27349846416553075,9531679.27681745,35441425.2566651,2.276628503806438,529.2009249643731,4651378.1882403195,137107387.8877209,4516917.495634258,19819900.867083043,2.048497169068048,324.7813749737676,1177099.1326872034,116627989.98834647,-5014761.7811831925,18022627.363200653,-1417203.8150759344,-5.400876756232088,0.05496935164363151,2154659.0313018453,5.002263986468315,3.643663831711156,1.7373809814453125,4.620840072631836,7.154996871948242,13.988815240859987,0.31553283870220183,0.2593788425034309,0.10612672567367554,0.2275618314743042,0.45194125175476074,1.0904551053047185,-4.686731147766113,3.404926272033567,-6.720190152525902,-4.394988119602203,-1.5818656384944916,-0.24949810922145843,60,77,74,100
2dof_zero_L950_N100_seed10,2dof,zero,950,100,10,0.4981846546736288,3.3974091490271037,0.002267578679315822,0.007535951105054353,0.03413386285613779,10.268513778549679,0.15190971168651124,1.1928021957422128,0.0012619445915348275,0.004503082402342071,0.017513830479957245,0.9195431622386878,-0.34627494298711775,3.241074585809175,-0.009307488885768905,-0.0016068086364644059,4.206761327920028e-05,0.03795893539922339,9991968.056082511,28582630.303278256,4.745955104314399,35128.06428297337,6094157.332842469,164242676.34256378,5370322.131070993,20340336.947534256,4.067787302595532,27733.90387465722,1821773.1667703204,72618569.89972249,-4621645.925011521,22094990.446527448,-1948396.8715801158,-7.749939015148107,-0.03288610772740534,15542739.306680541,5.090089028477669,4.190735776653935,1.6897684633731842,3.8706915378570557,7.985402822494507,17.17351293563843,0.5897528380155563,0.63853195312776,0.15668818354606628,0.35111549496650696,0.7192351669073105,2.769255523681642,-4.500336190462113,3.663837954434214,-7.182784631848335,-3.417365252971649,-1.4356236010789871,-0.18735250055789918,58,74,77,100
2dof_zero_L1000_N100_seed10,2dof,zero,1000,100,10,0.4317234043113769,2.3969860095911044,0.003872923669926148,0.012427088412138639,0.043913276695347836,14.456372261979904,0.1316651147800109,0.687971018352344,0.0017689701353028743,0.008001044058751235,0.02126401127726902,2.2269028400184334,-0.30005828953136604,1.8758711749516301,-0.012356527077342867,-0.0027747631741844424,-9.323881070037545e-05,0.2948174247641479,8788489.098786276,22854452.32608737,10.696331208460988,202311.24125198534,5574248.713207407,97901674.94252959,3683439.9901858564,9343338.544921445,8.051450416751095,39338.93960474715,1659504.6217441116,43881689.889125295,-5105049.10860042,17780939.504220918,-1795027.7639513973,-524.920944794846,-0.040104059224296676,4333171.348232221,6.006745082139969,4.552523232138796,2.5360026955604553,5.252056121826172,7.977753162384033,16.88851753234865,0.9066888982057572,0.7671022228341551,0.3340665102005005,0.63016077876091,1.2865315079689026,3.086370584964754,-5.100056183934211,3.8360833814254574,-6.989353269338608,-4.5283181965351105,-2.191228285431862,-0.16749595284461974,64,79,79,100
2dof_zero_L1050_N100_seed10,2dof,zero,1050,100,10,0.10413167975635652,0.393088694401204,0.0029373482926368277,0.008974109637080153,0.037900718594823954,2.295693260872,0.07102606672339397,0.2579996074218224,0.00168843945812773,0.005309900072154119,0.03181387381682566,1.3837393962598272,-0.03310561303296256,0.251319083350997,-0.011051127909853516,-0.0027488064790043513,-0.00012536319632074511,0.40520411362168585,7905378.908409429,19501748.622221757,7.047729055436117,26575.078596886597,4909472.961214238,86343576.5914713,3236781.544356339,9129398.72959288,5.265277471332158,11687.316883364765,1158474.0991650717,47351149.07698472,-4668597.364053089,14981657.061593516,-887271.5479011909,-48.95344051166151,-0.1520138106109736,2178953.4692639895,6.0667350900173185,3.730813044907533,2.920906126499176,5.504373073577881,8.911530017852783,14.940874605178836,0.9209731465578079,0.5869138930947867,0.4386916160583496,0.7499049007892609,1.3741495609283447,2.294852738380433,-5.145761943459511,3.1738995514207415,-7.472812086343765,-4.858918637037277,-2.5367264449596405,-0.2859431570768352,63,77,81,100
2dof_zero_L1100_N100_seed10,2dof,zero,1100,100,10,7.405824402895529,49.92048500904086,0.00396475977280604,0.01271399827982047,0.03534221256655605,192.56758907786084,0.9745092281367856,8.869580722090713,0.0017409981138285532,0.006038803231248206,0.02037408876570104,3.4405307062557053,-6.431315174758742,49.09861199254817,-0.013260658732827897,-0.0029825640061969284,-0.0004737340804726463,0.09863610792802616,9347627.156138742,40329266.087307595,3.3674847193958426,14260.41465844297,3166674.68917426,62216858.02381518,4518409.593110275,19094940.635906912,2.1168351613259953,6960.231111381125,1017388.2114832094,41185887.76024724,-4829217.563028467,22024210.85773833,-1274049.2508982103,-8.756807445289926,-0.06974668794706353,2566844.9869138277,7.497206221818924,5.024694023559096,3.512257754802704,6.876705646514893,10.075138330459595,22.941594600677494,1.5025722712278367,1.1388415353672174,0.613075003027916,1.1174845099449158,2.019770920276642,4.858256392478947,-5.994633950591087,3.952778941361782,-8.31606376171112,-5.574141800403595,-2.829665571451187,-0.11760179758071886,73,86,81,100
2dof_zero_L1150_N100_seed10,2dof,zero,1150,100,10,0.6103196158359288,4.270253879767166,0.008191720170396335,0.019907680142307503,0.05342521931858907,4.004917247115866,0.9127142023586883,7.693136122411576,0.0040952629167520975,0.01181731798566691,0.03234139334068429,6.4116523565807215,0.3023945865227592,3.4617574094930594,-0.02226565966505316,-0.005253496348993069,-0.0007946485679013837,2.4699305891729177,8508731.277055176,23192662.816833004,2.66338486924251,97.59588295397951,2195717.8434763956,107838131.7685288,3510220.6848302097,10767685.00043015,2.087823777253557,59.719259791797626,1521654.2254754298,60683558.01241725,-4998510.592224966,16170561.343708696,-340868.4559386119,-5.34372350239592,-0.14866840988971528,612801.321484902,8.800355209708213,4.946228608179798,4.7144575119018555,8.427505016326904,11.95222544670105,20.1312530899048,2.343217716217041,1.4755416607860106,1.0657166838645935,2.052516460418701,3.413906693458557,6.113008532524111,-6.457137493491173,3.638796503298096,-8.941135287284851,-6.259182691574097,-3.6005281805992126,0.28401179552078537,69,86,80,96
2dof_zero_L1200_N100_seed10,2dof,zero,1200,100,10,1.447819053537472,7.6240656758083665,0.009691411971387976,0.022882927877414912,0.09847372709688773,35.13763715632264,0.5987243044627174,2.7285348356531354,0.006811568079798047,0.016837882721509843,0.05752549156791133,16.528123847477623,-0.8490947490747541,6.752310447092016,-0.02544975318530613,-0.005979048132576311,-0.0009773327522824603,5.180275695861607,22146778.140768778,52809973.52733963,9.837348843981246,1538.6696478148265,18931740.583489202,281696742.74384,9974721.216897383,25330125.17526295,8.171529216342275,1351.3389457041699,6514002.273884146,112046482.31846592,-12172056.923871396,34979790.91718124,-8093202.77079973,-127.37505149604934,-0.4489806778166672,2570986.3793045147,12.831828064918518,5.346839027637201,9.375823974609375,12.09707498550415,16.995972633361816,26.24025474548341,3.7751572233438493,2.0020207740171565,2.197026252746582,3.5385308265686035,5.150784611701965,7.694136605262757,-9.056670841574668,3.6851099410469708,-11.02553927898407,-8.552862405776978,-6.8727410435676575,-0.6610662531852673,68,77,83,99
2dof_spline_L50_N100_seed10,2dof,spline,50,100,10,13.67430965673092,61.68563823172828,0.19264480766622755,0.45386289323231077,1.484314057796132,283.7644719437033,0.6816357735631317,2.406621506611233,0.005833990657886622,0.020721483356431605,0.06965304404049417,15.436534999133078,-12.992673883167788,59.66397450551794,-1.406987938922366,-0.4479925198189957,-0.1699143690513306,0.0076175956777907745,676.5041325051117,1246.9854794017235,27.03716940557451,102.91819268205505,642.5826664016736,5090.9084022879,23.65298398968206,61.03000556689231,0.7591209865626503,3.368383659170375,11.265701781549428,286.2355600422985,-652.8511485154295,1232.330226687086,-605.1650356114731,-85.02747370323637,-23.730614804578877,117.21941123281903,6.9917580169439315,5.466573115109573,2.2898406386375427,5.991511583328247,11.000989437103271,20.922140884399447,0.14543637216091157,0.13465097661738254,0.04815281927585602,0.09532788395881653,0.21209926903247833,0.6205443650484086,-6.84632164478302,5.436563067678406,-10.65606002509594,-5.857504963874817,-2.221998766064644,-0.3510875105857843,94,97,96,100
2dof_spline_L100_N100_seed10,2dof,spline,100,100,10,5.51613889265591,37.87068991417635,0.015531600276500756,0.03934316646350097,0.10022441184842774,217.20037096380324,1.0482994397136525,7.129239296649715,0.003437655183871941,0.008574873255985438,0.02560168675331771,37.92470335331544,-4.4678394529422585,31.510904832241977,-0.08514867398106653,-0.032348167332054506,-0.008311280040094527,0.06201562355796801,27.021426127661343,80.12378294331593,1.4241544359606828,4.466906463468389,19.89157629367958,386.7662769863333,7.877565966487671,41.236955731753326,0.23531220254347285,0.6645232489597799,2.02860850226241,55.6411836352324,-19.143860161173667,84.92010156405136,-12.528882275102983,-2.4704919879399565,-0.6171446893359724,31.822975318818482,1.8436748266220093,1.8208212237082604,0.5544915050268173,1.322100579738617,2.2931873202323914,7.03694997787478,0.05505184829235077,0.0722578922194977,0.02167809009552002,0.03762045502662659,0.06537829339504242,0.17744531393051405,-1.7886229783296586,1.7764806972978247,-2.268162563443184,-1.2885701954364777,-0.5273399651050568,-0.21371448218822459,84,92,92,100
2dof_spline_L150_N100_seed10,2dof,spline,150,100,10,0.6487876178716735,3.1872624496424953,0.005127602777186399,0.01452933489678265,0.05618188534403442,14.530867143258634,0.48669317931784967,3.019657278995157,0.0015041620571390496,0.004458650857297809,0.014403521851181022,16.356726458695892,-0.16209443855382394,3.85306069788451,-0.0402763414899739,-0.00810292067319925,-0.002425100355529324,15.190035111363526,9.474481303300383,26.505641214370552,0.8307303014317258,1.975833304199433,7.2282841830616675,87.73508830938813,2.434178394068168,6.491630435616837,0.19263715006536186,0.5635752377821522,1.6898589994494417,29.910532049775657,-7.040302909232213,25.43965441825197,-4.304518592262909,-1.183142075752262,-0.12463778708421847,10.169262284178314,2.1373732858896255,1.9071183038426065,0.6333184540271759,1.4657261967658997,3.122338652610779,8.399712953567516,0.053424686789512635,0.04652477188553638,0.020534291863441467,0.04242503643035889,0.06769885122776031,0.2329037427902224,-2.083948599100113,1.8795769364775896,-3.067017585039139,-1.416040450334549,-0.5974598377943039,-0.21285415768623292,74,87,82,100
2dof_spline_L200_N100_seed10,2dof,spline,200,100,10,1.4963146284810862,12.544618861704603,0.0030853331010064207,0.010824437273937799,0.04594278051796012,17.090419875089175,0.035457786222039205,0.09908932499458128,0.001382518975190808,0.003050971961804879,0.009912530596155695,0.42639743244456996,-1.4608568422590473,12.500599684178717,-0.0296367443173911,-0.007056961235599464,-0.0006147442855030077,0.06389504436429363,4.852082534124488,8.531711557126272,0.6125698177412653,2.09973775680987,4.597192704011999,48.17456489049444,2.157425086069328,4.815799318085033,0.18487740032538824,0.4108633517869411,1.6411045105612918,18.495878310706328,-2.6946574480551613,7.496104916482943,-2.9983877255257942,-0.6736269183656887,-0.08059824402132612,13.1226011523598,1.9958537441492081,1.951422633271147,0.5712778121232986,1.287244200706482,2.785437524318695,7.895553588867192,0.04813373446464539,0.034941979736631094,0.026376590132713318,0.03645181655883789,0.05798269808292389,0.19396223425865192,-1.9477200096845626,1.9361062448469395,-2.7113382816314697,-1.2510868906974792,-0.524550125002861,-0.1482450848817824,66,81,79,100
2dof_spline_L250_N100_seed10,2dof,spline,250,100,10,3.643624341670789,23.49328486189545,0.004453841374467257,0.010300277881485246,0.027631071079041253,137.2870875006486,1.1500489087263435,7.874253579148622,0.001061044882704384,0.0031870415120543094,0.009215303484305076,52.859124468248204,-2.493575432944446,18.953095621800337,-0.01610333754828126,-0.005657223951812177,-0.000795198252630141,0.2918274779829851,24.346541470371484,202.4778345168236,0.7019776006598325,1.8857312915445141,4.343274813371737,57.94300586112756,1.9349761847777764,4.313417649375512,0.2228045232384463,0.5141185465367393,1.2470966739075482,23.355396434303465,-22.41156528559371,200.28125950334834,-2.5553051066640506,-0.9969222614843719,-0.17783058148642727,0.5950229421607793,2.637426029443741,2.21623872854425,1.0328752398490906,2.0131919384002686,3.7653294801712036,10.15962718009949,0.062249789834022524,0.04109423889560833,0.0360446572303772,0.05015680193901062,0.08000871539115906,0.16253072261810372,-2.575176239609718,2.193106287145234,-3.675398603081703,-1.9422398507595062,-0.9979603886604309,-0.19548420250415796,71,81,87,100
2dof_spline_L300_N100_seed10,2dof,spline,300,100,10,0.0991412135013392,0.3021029787979003,0.003169977195162529,0.011699930721750518,0.03783115543131997,1.6924921921276843,0.040326659857973075,0.16429783801467848,0.0013865320503413433,0.0034408212279231714,0.00942901595430851,0.4430607531156693,-0.058814553643366116,0.17776837470176415,-0.024255636597699536,-0.005912726965573082,-0.00010180734536578717,0.079003860429604,3.070659764074437,6.082312888491982,0.5676024967603777,1.448518141447083,3.628157378145401,15.037850698167858,1.4418090709401568,2.8149954329036446,0.26527710144768507,0.5126405734671104,1.3778253630610666,7.963611757627207,-1.6288506931342805,4.018574652180096,-1.8247751001337695,-0.4710579557972594,-0.0028981649236151687,2.888603568929976,2.3883837807178496,2.044627719819502,0.9286127388477325,1.7768818736076355,3.28901469707489,9.807122688293466,0.058519935607910155,0.03387820413497921,0.036642104387283325,0.05021384358406067,0.07636325061321259,0.14094108879566244,-2.3298638451099394,2.0346199253168247,-3.258151948451996,-1.7326947450637817,-0.8596768975257874,-0.24487302422523483,60,77,75,100
2dof_spline_L350_N100_seed10,2dof,spline,350,100,10,0.08093322047716,0.21028397131517435,0.003222139753246708,0.009932368224834752,0.037802251264978486,1.0871264873406805,0.05343877524698075,0.3063260820536359,0.0013309008250493944,0.003541159630485216,0.012108082643833475,0.527267968292932,-0.027494445230179253,0.3193530548775857,-0.02402124583921832,-0.004216559206836437,-0.0008465721433463889,0.054928786760194914,2.795652591664011,4.602651068578183,0.6785122549270591,1.5629396209084563,3.1885244902916865,22.856393345514505,1.1157779705108608,1.2372386954417822,0.2610948090890777,0.7710535084872785,1.2894439815824286,4.903939526226158,-1.6798746211531497,4.078146002259942,-1.6081730069605877,-0.5628676541431716,-0.027695753326281502,1.0844742742388294,2.8099119383096696,2.426158039117967,1.0267277359962463,1.9126485586166382,3.815337300300598,9.718814630508426,0.07219298183917999,0.0461913378721921,0.044676318764686584,0.05901363492012024,0.09175154566764832,0.22788008034229335,-2.7377189564704896,2.4042024821328294,-3.718150794506073,-1.8522801399230957,-0.9801005423069,-0.2418097394704815,64,81,78,100
2dof_spline_L400_N100_seed10,2dof,spline,400,100,10,0.17830749491000256,0.8087521269005451,0.003196228396972004,0.008417381984614402,0.03716813988079054,3.7586308666309414,0.13108354022923815,0.5623830737889584,0.0009072961658400494,0.0031024374997157397,0.012756333356534984,2.82370951158862,-0.047223954680764374,0.47164475431836395,-0.016036631152394676,-0.0041673554919202955,-0.0006553525089327088,1.0993898184614186,2.328906078567047,3.775272264606178,0.5546919410897944,1.2763462531095309,2.540446286758411,18.209879425032238,1.4382985534625319,2.0519012628137863,0.3284789327619877,0.6849018175825026,1.6467554830105562,10.305670532553982,-0.8906075251045157,3.0893940388251675,-0.9403952529469377,-0.2351427585218036,0.025906619345460926,2.518428347774193,2.8156001269817352,2.3979153906941724,0.6462099850177765,2.1253820657730103,4.240406155586243,9.102029523849488,0.08764200091362,0.049010513079399326,0.058997705578804016,0.07362619042396545,0.10064688324928284,0.266958578824997,-2.727958126068115,2.3709791587789226,-4.136118799448013,-2.0840263664722443,-0.5824724435806274,-0.18517818689346308,64,82,74,100
2dof_spline_L450_N100_seed10,2dof,spline,450,100,10,0.4814901825158223,1.5998653601061354,0.005582830593616039,0.015560898711352439,0.1105824030105024,4.9022938153723725,0.18280172814792703,0.7192933067766785,0.0013760941806750192,0.0057042330964345855,0.03800414722980369,3.3492677430705813,-0.2986884543678954,1.3928618553696848,-0.027358467183628624,-0.00667054171018668,-0.0007338710446376424,0.16827644927952584,1.9694727591697534,2.0345354209704967,0.5685202240981748,1.2959560120884785,2.780476334511708,8.381780058046786,1.4979068522032117,1.8286681979058463,0.33444165109468826,0.7891182666753189,1.9477144773425434,7.947619138435036,-0.4715659069665427,1.350205949281906,-0.8204690466132742,-0.288535954195294,0.03947064961212585,3.378540788954676,3.64786714553833,3.046073108065014,1.1411626935005188,2.9461421966552734,4.900290012359619,12.021363506317138,0.11265554070472718,0.061489020349024204,0.06605349481105804,0.09738332033157349,0.141914963722229,0.29029697775840785,-3.535211604833603,3.0098711460906262,-4.793984442949295,-2.8289670646190643,-1.0258467197418213,-0.22464290797710396,63,86,70,100
2dof_spline_L500_N100_seed10,2dof,spline,500,100,10,1.7914059885307865,14.42572754539311,0.0037918572189745876,0.009234547730442716,0.04317860766449749,8.21306881430783,0.754217389757818,4.658071974160557,0.0012659423099118394,0.0046797941584524605,0.01732308457318227,18.50650217989446,-1.0371885987729683,10.196361955234556,-0.020216004584037432,-0.003503956824731023,0.00031635685643766423,1.689952585026545,2.682829866983509,3.5303895659567823,0.599025114104377,1.372301652037578,3.274381967482844,18.785531022353755,1.9826630648612633,2.598454465916219,0.45070437324506346,0.9914089504684884,2.196176888581401,10.98630943290695,-0.7001668021222456,2.5924039101903187,-1.062099795291848,-0.15127362769805053,0.1538635948720739,5.117667922409926,3.2487187618017197,3.0006497099215492,0.8337603211402893,2.4504822492599487,4.735225439071655,13.45944334030152,0.11709759950637817,0.05661621508625847,0.08207714557647705,0.10584104061126709,0.13604696094989777,0.30927772879600535,-3.1316211622953416,2.970179149216665,-4.614214673638344,-2.367640644311905,-0.7232301980257034,-0.20779730439186092,49,73,64,100
2dof_spline_L550_N100_seed10,2dof,spline,550,100,10,0.20752509049396559,1.0083362480454063,0.002665232992613378,0.009107952370806329,0.055507402525709355,3.9101674682422205,0.07694200135646041,0.3935165060871847,0.0015533015421169123,0.005179385557983702,0.023772633569263787,0.6711369148109241,-0.13058308913750516,0.6541536091964905,-0.021141269610306254,-0.0038823597676919007,0.0004063830836555413,0.13466622426397373,2.066882943609167,2.8885068236567464,0.5604695420342614,1.1460614107570213,2.3055993238536656,9.003161341869127,1.4637701869032633,1.4753350899331255,0.48697349105556487,0.8919206677339713,2.09582692724293,6.342048871725192,-0.6031127567059038,2.4824649489778645,-0.646482756451825,-0.09258644233050817,0.17877144724295874,2.8707878230490613,3.4751457494497298,3.1970131439759855,0.9590862095355988,2.646221399307251,4.9726022481918335,13.85158901214601,0.1354220825433731,0.06338507903086323,0.08877314627170563,0.12271416187286377,0.17117667198181152,0.3197836077213288,-3.339723666906357,3.1561611436794004,-4.812704220414162,-2.4818435311317444,-0.8481516242027283,-0.23864572763442987,47,67,62,100
2dof_spline_L600_N100_seed10,2dof,spline,600,100,10,0.6101462416238396,3.5367346701653704,0.0024010280623413664,0.010525797168601563,0.05591148933504077,16.435850417115812,0.16280053311948214,0.6417070155712543,0.0016826402643990933,0.004434067497415086,0.028586008586084618,3.2040365371671786,-0.44734570850435756,2.984774056871621,-0.02482202642026328,-0.0021044904645831928,0.000837061047897701,0.14428653711377853,2.0725836748437887,2.5370530211640796,0.5813843368386878,1.1493120351840267,2.4905124121727464,10.390449041476932,1.6954542713757323,1.9847688596757893,0.39401595067272854,0.9717335336957893,2.0037013580940553,8.305870343633035,-0.3771294034680565,2.1708174266154083,-0.6232471679561677,-0.17303281514755095,0.08010403446726602,4.642039542379459,3.8331249457597734,3.4619552552490918,1.3109729588031769,2.829441547393799,5.187320351600647,13.695565567016622,0.16471525728702546,0.08302652794506317,0.1086646020412445,0.1416187584400177,0.20817455649375916,0.4890205270051956,-3.6684096884727477,3.3999686578445414,-5.023254632949829,-2.7033070027828217,-1.1841775625944138,-0.2170305067300796,49,69,64,100
2dof_spline_L650_N100_seed10,2dof,spline,650,100,10,0.11405132164098308,0.6659983536743964,0.002806393379678775,0.01009225773964888,0.02338402926110277,1.9988997538765734,0.08399226217447144,0.6539595282740593,0.0017300994804591268,0.005043074784638427,0.012527815835968606,0.4604682149888305,-0.030059059466511676,0.1807102453518997,-0.011807011320951187,-0.002684682236543557,8.11083999111749e-06,0.04962619444184926,2.0750348956730855,2.444894038542074,0.5916944559768854,1.317609447918326,2.418278777573128,7.879580357191651,1.967261334914263,2.861509537352107,0.49006982987080305,1.0330643258947245,2.3234844972892272,9.7843724156319,-0.10777356075882233,1.418954477674962,-0.5575837192305779,-0.056382467422176244,0.2433505672744143,4.038275788781069,2.8996005702018737,2.770948034315245,0.9654128104448318,1.9000168442726135,4.300991773605347,9.922164640426681,0.15099114120006563,0.06526798318033283,0.10065478086471558,0.14756616950035095,0.18582399189472198,0.32810015499591866,-2.7486094290018084,2.743617357281205,-4.095413833856583,-1.7304153442382812,-0.757549911737442,-0.24784909129142751,43,75,56,100
2dof_spline_L700_N100_seed10,2dof,spline,700,100,10,0.16687411573514663,0.7132273314378523,0.0025479242641974847,0.007564519027504808,0.04652041064849587,2.3222377904930442,0.48964581955131214,2.8213258613712444,0.001799242853661618,0.004507594356877794,0.02126484621490752,16.823836194834936,0.32277170381616554,2.1798203390003543,-0.010661875437996772,-0.001140132463852,0.000968422682664084,14.501598404341893,2.2548921329834104,2.7288182655105775,0.6379337919225394,1.3842375726246243,3.0950968720652536,11.349007537022917,2.077160866995195,2.760519224351805,0.49781212662334895,1.0199386403517292,2.6784942574860033,12.911112741710905,-0.1777312659882151,1.4026811971322994,-0.7508629554752448,-0.12666853228673647,0.19220425470533584,3.21370393263629,4.3829937064647675,3.44645893518347,1.3989915251731873,3.474134683609009,6.930359125137329,13.427926626205458,0.2869433355331421,0.14499322963675895,0.18358591198921204,0.254665344953537,0.3612843006849289,0.718289296627046,-4.096050370931625,3.319959167725545,-6.528983771800995,-3.160021036863327,-1.2563723176717758,-0.29760045945644326,45,62,66,100
2dof_spline_L750_N100_seed10,2dof,spline,750,100,10,0.6188504583787,4.49259730099068,0.002728187022469795,0.010796598925098544,0.06273660108038603,4.118675572079787,0.2368151699481057,1.2105449028665864,0.0014366083399360876,0.004666998777821969,0.031474508106611745,5.23232918146028,-0.38203528843059437,3.4552110493146055,-0.02102783032569224,-0.0023057810136033917,0.00018990409042295197,0.34757323843042204,2.0140696856472236,1.9234913204323174,0.7236428637267263,1.3612166425171015,2.6437177023586207,8.177317895072726,1.8351891836153873,2.348107245512546,0.48628165511983257,0.9861919824025678,2.1399835717842377,13.183147031280457,-0.1788805020318362,1.509954405106648,-0.7270451241357858,-0.12055549782359654,0.19115069970201204,5.0260057263962565,4.7280526852607725,3.616848918397873,1.950497329235077,3.716254949569702,6.264074087142944,15.361680297851573,0.41029529452323915,0.24669524393995132,0.2262050062417984,0.3357539176940918,0.5230211466550827,1.1002906632423424,-4.317757390737533,3.3952622663736274,-5.879985332489014,-3.334983468055725,-1.69296233355999,-0.19778075218200683,49,72,66,100
2dof_spline_L800_N100_seed10,2dof,spline,800,100,10,1.312881514906128,8.665449116271374,0.0020505106938165396,0.011084994412628689,0.05042934400646133,44.656194617855206,0.356349741362695,2.541411563790068,0.001512710022216166,0.00781363575415507,0.038063746050874654,3.255614523498245,-0.9565317735434329,6.6185790610749935,-0.01184166160800008,-0.0011412044235892954,0.000816151143791631,0.5402341816779425,2.023121871587508,1.9915811272981452,0.5996687735645831,1.4056830264378917,2.625309998483927,9.884477113362552,1.5156402103187734,1.5092777321366624,0.5145525827740065,0.9356479830138622,2.0597679274447596,6.190042603323505,-0.507481661268735,1.6149898655861024,-0.9206566782868955,-0.06895681320554266,0.1626273362380827,2.38230295554581,4.7173442769050595,3.672609912786556,1.3074734807014465,3.878989100456238,7.798412322998047,12.388882255554208,0.45149013459682463,0.27661860770276747,0.2436164915561676,0.33252108097076416,0.5731599777936935,1.2209276986122133,-4.2658541423082355,3.4537014022762866,-7.128733739256859,-3.5397439002990723,-1.1136038303375244,-0.2998715037107466,46,68,58,100
2dof_spline_L850_N100_seed10,2dof,spline,850,100,10,0.06625038903809927,0.21228921101457623,0.0031933579108134867,0.012513743617775274,0.03262198194188959,0.659495396134893,0.046257359308953604,0.18845153127466135,0.0021203350619686465,0.006999037352327991,0.023266499445517452,0.6290596562408588,-0.01999302972914568,0.06853242240910591,-0.013549595478822394,-0.0020944770412851125,0.0005212053223993806,0.027849066027025454,1.8880283578673132,1.909926678225162,0.7393751827581048,1.2599001594976835,2.2811767884534717,8.472057431517719,1.6766001037073948,1.6888418300405377,0.4937608241610356,1.0303379447142649,2.2192882997708825,6.701390720537374,-0.21142825415991828,0.9771586406363536,-0.38820245155398725,-0.1060497797736277,0.14474302325051475,1.8342226653638374,4.467460392713547,3.5094535059880343,1.5405967235565186,3.7312347888946533,6.541953086853027,15.584660797119145,0.429157075881958,0.315581122051388,0.23831477761268616,0.33495014905929565,0.4713006913661957,1.6168820881843584,-4.0383033168315885,3.25902441535429,-5.959211155772209,-3.5190336406230927,-1.287967026233673,-0.2750868058204651,50,71,63,100
2dof_spline_L900_N100_seed10,2dof,spline,900,100,10,0.15771387835789222,0.7572929895965089,0.0039209462797320065,0.012221715924619733,0.04010154962554997,2.161804298169861,0.1984646876544954,1.5351650023217809,0.0019489213587824796,0.006709686807310042,0.02113334838616867,1.8287026554567587,0.04075080929660311,0.8506774796985693,-0.010634748358682194,-0.0023288546169298536,6.099324867896116e-05,0.2106675471650286,1.9085964929490202,1.708474204705795,0.7811842609247448,1.2919746476980605,2.546680334024382,8.401989832064796,1.64704529178638,1.5024899609537148,0.647158996942259,1.185127171874477,2.1207425635419663,7.246909211135652,-0.2615512011626403,1.0813344102094247,-0.4198116945499073,-0.08762951384069728,0.1547884592716527,1.6507565750509592,5.016127431988716,3.6327666712729387,1.9635814428329468,4.362414121627808,7.134424448013306,14.297318544387819,0.5362074220180512,0.2993395505373407,0.3232957571744919,0.460813969373703,0.6819470524787903,1.4767343521118166,-4.479920009970665,3.3731864218672105,-6.53893706202507,-3.958002209663391,-1.6549709290266037,-0.2937948268651962,47,75,58,100
2dof_spline_L950_N100_seed10,2dof,spline,950,100,10,0.18312594040333363,0.8166352749086381,0.002540186412863576,0.010855244106471946,0.04105326782080954,2.9121706150845243,0.08248655664393986,0.34029494577807706,0.0019207713867830478,0.006711564330860086,0.02565578207278556,2.377411798185501,-0.10063938375939378,0.5845123260818381,-0.010289394514857445,-0.0017297711855164596,0.0004834178855797958,0.0739901368434799,1.9533216940242255,2.5577593119651616,0.5895607628195186,1.1457029816968598,2.3371435298084506,8.102374876951421,1.732969403230963,2.186089326406516,0.4660806077472294,0.9147243958483625,2.2289045988850424,9.925910914712112,-0.2203522907932623,1.1113248231125745,-0.42250285800387755,-0.08826031273955197,0.14539058311795525,2.4602709915189136,5.136196365952491,4.090561138147428,1.9295915961265564,3.9024577140808105,7.484340071678162,17.29203763961792,0.782722737789154,0.5724122180239783,0.3899991065263748,0.5708685517311096,0.890581950545311,2.7234010815620437,-4.3534736281633375,3.5961329062291205,-6.521039918065071,-3.209015816450119,-1.3849799633026123,-0.26009344220161384,51,71,65,100
2dof_spline_L1000_N100_seed10,2dof,spline,1000,100,10,0.5803022957409181,3.226580140855131,0.004895258825891224,0.014008921819977474,0.0421413304813637,8.74895728902717,0.7848983685921682,4.683508134793058,0.0030994103108162767,0.008159899849449839,0.03326881522616064,20.398621435142925,0.2045960728512502,3.8439795873670297,-0.011487078654020058,-0.001472650552037643,0.001798818298205278,11.872792333303861,2.0168770761576447,1.9271775853923365,0.6890978836091991,1.3092521550408613,2.7299942510592956,9.074473568015886,1.8060691638300355,1.845104663564854,0.48583574480961056,1.2139499889080057,2.2161463750693335,8.52145264343213,-0.21080791232760882,1.0342779204565573,-0.4746364879055602,-0.10087224295415781,0.1657877053038036,1.839081436588983,6.027820578217506,4.47576854338504,2.5971280336380005,5.187334060668945,8.337436437606812,16.433207645416278,1.0455372035503387,0.6902323923228606,0.5920291244983673,0.8154369592666626,1.3655794262886047,3.124295892715455,-4.982283374667167,3.842052129050347,-7.064889639616013,-4.357990235090256,-1.9276688396930695,-0.1769155538082121,45,64,59,100
2dof_spline_L1050_N100_seed10,2dof,spline,1050,100,10,0.3042458222130281,1.9281821089728428,0.004435023826594553,0.013214788032607847,0.03728987265095963,3.7258949730885886,0.16366907330554248,0.7675447606990234,0.001962487005860665,0.008270123682516482,0.029580586266483078,3.371234206634453,-0.14057674890748564,1.2270606308350278,-0.00967854108733068,-0.002833053539988122,-8.071946337505383e-05,0.15534153084466934,2.2442974376757294,3.4564520984198723,0.6555447428055128,1.2796562251921257,2.3205590410520585,19.953722567816545,2.060180204564045,3.499329941384184,0.5839238686964388,1.0838696486782737,2.0203224953370014,22.7403965270287,-0.1841172331116841,0.9781312639461719,-0.4197003255941526,-0.14088118026306168,0.05698691150019847,2.8506830091819158,6.171412253379822,3.538787440350437,3.5117300152778625,5.847979545593262,8.958200931549072,14.491572618484502,1.1074624699354172,0.542130273595165,0.6884871423244476,0.9761118590831757,1.469350904226303,2.404862332344056,-5.0639497834444045,3.0398352252919705,-7.3098838329315186,-4.8394975066185,-2.715980812907219,-0.34266352295875485,52,76,66,100
2dof_spline_L1100_N100_seed10,2dof,spline,1100,100,10,0.2632516653631448,1.46692828872569,0.004048299803912833,0.01650275138115466,0.06273357421041577,2.9959279786471136,0.0649557180050527,0.16548076443809864,0.0026922428419605595,0.006080736307323191,0.034456371363512775,0.7799319653836889,-0.19829594735809217,1.4133342262018092,-0.019661318758474995,-0.004104772113684841,-0.0005581672046189516,0.02435800048145229,2.14422011450035,2.229720469193726,0.7805683958302976,1.4502417077518757,2.5120004637120235,10.636739651728067,1.7779392742389037,2.160509253013675,0.5600890636913867,1.030158008432692,2.103519825872212,10.75141384347414,-0.366280840261446,0.838920024516682,-0.6326185229084051,-0.22275323301774808,5.312901242407464e-05,0.6378473723764415,7.657000787854194,5.072375531309383,3.60395085811615,7.282097339630127,10.46854019165039,22.761746616363535,1.6983743315935136,1.1083480949757534,0.8525272011756897,1.3466285467147827,2.1890116333961487,5.056526718139652,-5.958626456260681,4.0363959675183105,-8.39648187160492,-5.623581051826477,-2.840521514415741,-0.1248132443428034,66,86,75,100
2dof_spline_L1150_N100_seed10,2dof,spline,1150,100,10,0.5003107085117314,2.372131119655876,0.00651845264046493,0.021243494602540214,0.058678748313732786,13.146365358224983,0.1946702536744457,0.6887734213262504,0.0044633189220169445,0.01330235919833592,0.030588279477943608,2.8818460697864627,-0.30564045483728575,1.968360732069311,-0.020083948753556236,-0.0037347415773523974,-0.0001978849181467368,0.8185342718449409,6.407086097465889,40.785636995233936,0.9031006760287155,1.7142867690840464,2.8637336599445193,22.487065997681757,2.469996302958017,6.606831049506854,0.7600635752246677,1.4010561651639888,2.0822954943124543,14.612132960746061,-3.937089794507873,34.395754548789874,-0.5811459652915192,-0.23910197927326338,-0.022570322986181834,0.4447274425908051,8.906944500803947,4.949983597943912,4.977661848068237,8.687389373779297,12.464040279388428,21.117760066986087,2.4983206009864807,1.411393499912855,1.3117376565933228,2.2911360263824463,3.4734524488449097,6.29636839389801,-6.408623899817467,3.7125571759989087,-9.04097193479538,-6.5225924253463745,-3.6546293050050735,0.20306734323501843,63,76,80,96
2dof_spline_L1200_N100_seed10,2dof,spline,1200,100,10,0.26850986203593136,0.7319254979203876,0.01123616445715708,0.026882923254459776,0.14180378774202856,3.0053572062200775,0.19507456148429506,0.5792309986856546,0.008198263070667747,0.01913461213179677,0.07829536592213866,2.3489885700685447,-0.07343530055163631,0.22430755660198182,-0.030523617250873582,-0.005006005703990144,9.335867819761567e-05,0.21191229591206504,4.2110697719475185,16.48546537893002,0.9508555761864762,1.5967994548352262,3.185959198413084,18.53236080053353,2.2567668872296256,5.267154030237631,0.7899861134111951,1.2906346518877967,2.4380913169475917,11.407575927823146,-1.9543028847178925,11.34261854934789,-0.7181891329033976,-0.2918277549799422,-0.08186635517555661,0.38818533453500054,12.893210511207581,5.185726762545374,9.15067458152771,12.414018630981445,16.89402675628662,26.863815269470216,3.879887480735779,1.94803235306797,2.52197927236557,3.6432602405548096,5.287180304527283,7.64435657978058,-9.013323030471803,3.587269198800925,-10.723384499549866,-8.902013897895813,-7.045480847358704,-0.7666721677780113,64,74,84,100
3dof_sinusoidal_L50_N100_seed10,3dof,sinusoidal,50,100,10,174.92015273698638,859.8949654054044,4.3036986626733,8.129928224495988,22.388670463207202,2512.1491235172434,96.20897076190948,464.3670200567409,1.5619120711821437,2.9713966313141262,8.975713698433609,2798.0463675222622,-78.71118197507687,902.0571627174763,-14.043697333943477,-2.771642987661062,-0.8887893655180616,2774.786761962399,45.73580865366635,306.56566513596624,0.3511090172408968,0.7326631582535879,2.2260201305642617,770.3919855678056,2.9064385024688635,15.403384940052678,0.0438082758214126,0.13870861642555715,0.49381425153277,23.220755612566094,-42.82937015119748,302.9280404172643,-1.6431552362092445,-0.5663909260551975,-0.2676850561306726,-0.0001857652099982721,0.4190273692458868,0.5188886107346554,0.19721725955605507,0.3323408514261246,0.46489693969488144,3.6785959863662723,0.1264421015442349,0.4345011656502351,0.014502197504043579,0.024429182521998882,0.06513348035514355,2.777142848968508,-0.2925852677016519,0.18143293158077722,-0.3830803227610886,-0.28491633106023073,-0.15636615152470767,-0.018437919020652747,80,81,99,100
3dof_sinusoidal_L100_N100_seed10,3dof,sinusoidal,100,100,10,22.787489589165652,77.01808125278775,1.6680767096416007,4.3195230980249795,13.35592245206718,219.29796575448862,16.67544874489167,69.05602089627467,0.3228683499443207,1.8235414779299006,7.810554760094587,177.21276346541686,-6.11204084427397,100.62604714884222,-5.824439773107594,-1.5564286177201827,0.48853218820993893,166.81597684174662,1.5409934773829121,5.217189086691922,0.02748206276080862,0.059599694671988446,0.5091041521564761,22.36263253565575,0.1142495230179776,0.4228108994284019,0.0022796266644957066,0.005984893077104329,0.024327024187010247,2.283901637110089,-1.4267439543649345,4.910055170031732,-0.49695313095441146,-0.056428159449613616,-0.023393132193171965,0.0016504685964210852,0.04683183474349789,0.05675257606209647,0.010526001453399658,0.033953072503209114,0.057218254543840885,0.28853983253240634,0.00640563577238936,0.01834705303921039,0.0009148320241365582,0.002213339088484645,0.0062039694748818874,0.039428745545447584,-0.04042619897110853,0.04777384429549579,-0.053477178822504357,-0.027089853771030903,-0.006977916011237539,-0.0011854031780967468,70,73,97,100
3dof_sinusoidal_L150_N100_seed10,3dof,sinusoidal,150,100,10,32.49055614408906,135.65491599195676,1.5390181647710492,3.7254524821517503,9.756943561272937,774.786604592372,4.801867456004304,8.285150497463787,0.30463479867587795,1.0893835521277717,5.861053027294198,42.97751982735818,-27.688688688084753,135.097771818531,-5.157629457067326,-1.2923180598660355,0.133032951510646,33.019140458940505,0.9665524096241144,3.1647069106073302,0.011388095503738677,0.05094440319682989,0.17276774032013648,16.860628554842975,0.0519329368429218,0.17614178803611105,0.001460873021231663,0.004209054699966082,0.02044490387711646,0.7775544154488125,-0.9146194727811928,3.0884995374881163,-0.15218268925205924,-0.042501438839530406,-0.009332577408597746,0.0035525680588947214,0.06034656458999962,0.07513798910037667,0.014203737722709775,0.031854113563895226,0.07561611570417881,0.3299531960487374,0.006965838552714558,0.024443056874904456,0.0008618931169621646,0.0017389854183420539,0.004660934442654252,0.08853693947196076,-0.05338072603728506,0.07057631908932727,-0.06688048684736714,-0.028763514768797904,-0.011431088489189278,-0.001277655898156807,69,72,96,100
3dof_sinusoidal_L200_N100_seed10,3dof,sinusoidal,200,100,10,10.559858225248433,15.34611353916091,0.8909269655921789,3.3966748795647135,13.112565545316775,69.38938860710346,6.223156250991183,27.017619055142436,0.1786552844047652,0.777042237316325,3.6881224018139687,34.5112055251821,-4.336701974257252,29.480678846781665,-7.4493750927679825,-1.4080508303510921,-0.09202236342030631,24.375792992879123,0.4854835919670542,1.5604046846734594,0.006143791888199911,0.023186812235211556,0.08653206954652275,7.190656308882932,0.12539284827800143,0.5660306512366132,0.0007429392199060519,0.0025220506304877207,0.012375365642670883,3.8891350461823064,-0.36009074368905275,1.1306410296996683,-0.06228579832472006,-0.019217765137866195,-0.0022307788105124285,0.05372661452687238,0.047447369828587396,0.08793199418720275,0.010267874458804727,0.02090289257466793,0.05081475991755724,0.2477096393704443,0.009083099304698408,0.051510106499447414,0.0007628202583873644,0.0015248656854964793,0.003597865579649806,0.051066731922330875,-0.038364270523888994,0.05025644660872834,-0.047343612008262426,-0.01622207929904107,-0.00730224495055154,-0.0009030184755101787,72,77,94,100
3dof_sinusoidal_L250_N100_seed10,3dof,sinusoidal,250,100,10,12.711214633640587,61.02920842137547,0.4071481148208944,2.3152223363297164,7.59880379084231,94.04692021009465,6.3708678862844375,26.949683058304842,0.18679683854885437,0.9937773684118723,4.255614250189157,52.8424168068113,-6.340346747356149,65.74993951689007,-3.6336934011109125,-0.30334150821585315,0.3277442356353252,49.63613175956524,0.497250023882227,2.072896027301712,0.0045774624597072,0.015322202297657685,0.0825420240883152,12.464280943669012,0.1364842704710512,0.5380436181507536,0.0011365384418555683,0.00372918593836758,0.025144285560839093,3.2751153659308487,-0.3607657534111759,1.7020509381725533,-0.06774838631925725,-0.008316418352219728,-0.0017488521550241781,0.08794716626563179,0.08843436706578359,0.11123568369483476,0.016688983887434006,0.0650719441473484,0.11542800813913345,0.5236609667539608,0.016954373300395672,0.06646278920908244,0.0013583700638264418,0.003008345956914127,0.007650524377822876,0.432326526641846,-0.07147999376538791,0.07985790720410209,-0.10057043333654292,-0.044935525045730174,-0.01401081689982675,-0.0014185540645848952,61,64,93,100
3dof_sinusoidal_L300_N100_seed10,3dof,sinusoidal,300,100,10,10.001685810445109,27.166730287876213,0.3857452887333377,2.7261650899227043,6.880928701667979,97.00823006004742,3.161738574103075,7.85065904790587,0.05970822457805735,0.8175139786853294,2.721953731819627,42.5641787277604,-6.839947236342033,27.882917288655218,-3.8027859740902197,-0.5443489545408497,-0.008228094432687802,31.946374186943224,0.5121767640613255,3.037367343809484,0.0060076174925955,0.031162377288409912,0.13835287302615673,4.804222170986579,0.4147641608868684,3.274101107386869,0.000958101603573413,0.004346189356914269,0.026016704606821067,2.5386500938746286,-0.09741260317445716,4.13919652270348,-0.10198791104337693,-0.01044933231007589,-0.002904234997823324,2.4404657810956314,0.049737060489133,0.06957104489090205,0.010108500951901078,0.024891257286071777,0.05662690009921789,0.34025142192840624,0.006739869659941178,0.020263343088331977,0.0006214181630639359,0.0017136932001449168,0.0040769478073343635,0.0778197591006761,-0.042997190829191824,0.06069073003213641,-0.04740412108367309,-0.019548813419532962,-0.0077786234905943274,-0.001041879291587974,73,77,92,100
3dof_sinusoidal_L350_N100_seed10,3dof,sinusoidal,350,100,10,14.604200100615017,97.10744877637356,0.27719229753025265,1.7085281222302178,4.204202415842983,72.00138369662328,4.801202466594864,18.150885745689074,0.11306667447113652,0.4711988289870753,2.9690897396210487,41.1682268918157,-9.802997634020151,97.10123165269897,-1.4591309530284713,-0.15609092591220391,0.3692953327190778,27.597465780149687,0.33491811208354166,1.5334735743067707,0.0071473275128262174,0.03788850631761957,0.13511693291192917,4.683509981281923,0.09916060046346825,0.4663180329254967,0.0021070499883797953,0.0059855112694820025,0.02348705626004363,2.029872172490222,-0.23575751162007338,1.5660072277800585,-0.09537041007935387,-0.025803386271631562,-0.0018060911880741597,0.544276041137804,0.0492303315224126,0.05825209136845818,0.013727099169045687,0.02734263800084591,0.06603026762604713,0.2775253957509999,0.011629927047033561,0.030057393877336743,0.0008621812012279406,0.0025877952575683594,0.006741732708178461,0.14770020097494163,-0.03760040447537904,0.04921036705190125,-0.051237964999018004,-0.017852604651125148,-0.007374574546702206,0.0013537473604083175,52,59,82,98
3dof_sinusoidal_L400_N100_seed10,3dof,sinusoidal,400,100,10,8.130821832480995,18.96204594563895,0.360479875520066,1.8010418878498182,6.790769384793166,81.47763298158432,3.1041462781124194,15.186848741351177,0.11723963880829763,0.43780967158143125,1.3308935506735127,19.23135071624497,-5.026675554368577,23.903442294211807,-5.206538753655313,-0.7515601057288832,-0.05096540791968668,12.998689064798228,0.5871374769637864,2.4544705516796275,0.010258951192056047,0.034479633224684544,0.17047127572044934,6.183868207868582,0.2257248075452258,1.2690870830673908,0.0020902587602269988,0.009077565162316488,0.03269085830257995,3.457945279903241,-0.36141266941856043,2.45413879540038,-0.07574142638509943,-0.01679738487888209,-0.0027793736228305535,0.9539773106595436,0.05421246924903244,0.06969557531778234,0.010125537868589163,0.029936651699244976,0.0716024786233902,0.3246369501948361,0.007335217648505932,0.02001522187562946,0.0010146002459805459,0.002240638015791774,0.005921672214753926,0.0652973549813038,-0.046877251600526505,0.06160532065939809,-0.05840227376029361,-0.0231164307333529,-0.007690827653277665,-0.0013528913701884443,75,82,85,100
3dof_sinusoidal_L450_N100_seed10,3dof,sinusoidal,450,100,10,6.1599071187963155,13.61716294030609,0.3416235041479643,1.4425370583613395,5.000015637929685,68.07821648159234,10.28979424879422,42.614863930162834,0.131056179590143,0.5579322042801896,1.694651790441003,251.08755458235606,4.129887129997902,43.55321450257768,-1.8079885334559984,-0.34346572263823877,0.04373754930290008,250.89838739574188,0.9308556858919195,3.801851879434809,0.010016799742302147,0.03694448043025771,0.19501193596421817,16.959113828639225,0.06519367444487034,0.1549839459179532,0.003413117021789512,0.012596401199237914,0.042779167564705664,0.6572675639671924,-0.8656620114470492,3.733667634205783,-0.11276300527306916,-0.020455835064081204,-0.0021595043866220105,0.03413607660544731,0.0748415776155889,0.08112773924820303,0.01277455734089017,0.04501666873693466,0.1123407781124115,0.3520868727564819,0.006556085947377142,0.011032910049445229,0.0011654496775008738,0.003214180702343583,0.006578217027708888,0.048269522637129005,-0.06828549166821177,0.07599071074762462,-0.10965770855545998,-0.039504292100900784,-0.00594872294459492,-0.0011856102943420392,68,72,80,100
3dof_sinusoidal_L500_N100_seed10,3dof,sinusoidal,500,100,10,9.219325864780153,52.842853594039376,0.13514182168539676,0.8420093083661486,4.010138113313164,56.817404097536496,4.3479243442681,15.230435253463074,0.0528178242915879,0.22648449763524803,1.2288204993776313,93.3060631631108,-4.8714015205120536,53.94260795259056,-0.8731894327297718,-0.15680166432908277,-0.010092422994779787,50.2801998069803,0.678302142275458,3.19541534545789,0.009243447907783022,0.039419652013418606,0.14707366220082735,16.184583849281022,0.33999261833793315,1.640797510157961,0.003222306275937511,0.009972456201106913,0.036175657956680166,5.226369601670251,-0.3383095239375249,2.606600119182131,-0.09065987702143104,-0.019580289229651,-0.0025417396631283984,2.4169804034959568,0.062046213769353924,0.12846111957496426,0.009617845760658383,0.02533423900604248,0.06077468395233154,0.5201337778568299,0.009118633234902519,0.028603055026232036,0.0011096101079601794,0.0023094217758625746,0.00525949418079108,0.15740433841943777,-0.05292758053445141,0.10419023542205444,-0.0562236137338914,-0.022210996074136347,-0.006000737324939109,-0.00011374317109584467,72,76,88,99
3dof_sinusoidal_L550_N100_seed10,3dof,sinusoidal,550,100,10,4.094447321835128,11.375421611922519,0.26106631038200945,0.6937247847591277,2.7529296490069033,40.89238587714525,2.2545831078050558,7.952152177939412,0.06993178581108764,0.3043031870128857,1.0416900785034926,19.571796883964783,-1.839864214030071,12.939665728694374,-1.17885977661438,-0.22831506452750938,0.03134572461942023,14.657523919366678,0.41113637433645117,0.9440986797063166,0.016505428482918395,0.07578245318502684,0.18107080291263628,4.055612604378988,0.173713268998445,0.6699087355579522,0.004658387674510983,0.019853382250719833,0.05771747009633571,2.430901434846312,-0.23742310533800623,0.8992390325075377,-0.10021367523235693,-0.029459182072817072,-0.0016602064491594874,0.5033364885055092,0.058292389039415866,0.06906499863663873,0.011677633039653301,0.03111722134053707,0.07812684029340744,0.32212759226560606,0.007860263060720171,0.016510611006952412,0.001315534143941477,0.002823134418576956,0.007002880563959479,0.09221510462462913,-0.050432125978695695,0.0658940072876882,-0.07352524239104241,-0.022566280560567975,-0.008036653031012975,-0.0011406273883767422,68,70,81,100
3dof_sinusoidal_L600_N100_seed10,3dof,sinusoidal,600,100,10,3.779296048751068,11.517196568491755,0.27376401685418567,0.838379142092818,2.774688720924452,40.26700692226905,2.3733596866688313,7.836518216890387,0.08758764610218217,0.3483867581429726,1.6662556593560618,33.67671533564754,-1.4059363620822365,5.2056034045131705,-1.0046666470810208,-0.269411639310159,-0.001313986641356955,6.69473193544767,0.7713596782961253,2.3933379998846425,0.0077329903348306635,0.08033152562351084,0.38959950901893425,10.715173164129045,0.18685511854018078,0.5323649186246429,0.003648974134836302,0.019107723845239507,0.07570464613286543,1.4500341951303177,-0.5845045597559443,2.274434489874141,-0.17559666104219612,-0.03399684490786868,-0.003487126297466456,0.5135936589450493,0.060922592568676916,0.07122044018899935,0.013270288705825806,0.032939277589321136,0.09262397885322571,0.3252506363391882,0.011021582232788206,0.01829150758715559,0.0016591747698839754,0.0041673979721963406,0.011231681099161506,0.0846886803209783,-0.049901010335888715,0.06505055665591275,-0.08235813365899958,-0.025774279900360852,-0.01167494067340158,-0.001067458301549777,73,75,83,100
3dof_sinusoidal_L650_N100_seed10,3dof,sinusoidal,650,100,10,6.330662249698137,23.922219218014007,0.19235163702395958,0.8764169452879756,1.945963827795732,66.37660125076624,2.8069345134342685,12.480655993255118,0.057105337114843766,0.26315773328907843,0.9188162657615075,40.297109150067186,-3.5237277362638686,26.860130884063818,-0.8806970768660157,-0.18868173012102887,0.005690240960566321,30.334076923879913,0.4494648109462991,1.7133245746747878,0.01070503036770749,0.041922309836770366,0.1981445653103448,5.5164209886946844,0.3365524911322315,2.3501465612453325,0.003652514028063907,0.011859537804906815,0.05235819834493532,3.730941239390527,-0.11291231981406769,1.0419725725749645,-0.09592134464093913,-0.02695440148852799,-0.0022881476787840384,0.25345648710227786,0.05810120468493551,0.07467348137438676,0.0121936802752316,0.03231426142156124,0.06700804084539413,0.2997615605592739,0.007527519738650881,0.01356552044810153,0.0017899970116559416,0.003337085247039795,0.008627762319520116,0.058422577120363986,-0.05057368494628463,0.07349488510742169,-0.05740598886040971,-0.025513828499242663,-0.007196386839495972,0.0021074402704835027,69,73,79,98
3dof_sinusoidal_L700_N100_seed10,3dof,sinusoidal,700,100,10,2.922449934906615,5.373306509235121,0.3098739218906749,1.0678761335122113,3.2056826754352628,22.40069381808975,2.0005396389331334,3.726236028479537,0.11254232967351438,0.6006663477315785,1.8117572164686062,16.73095555461479,-0.9219102959734806,5.573403691901233,-1.0732859269087907,-0.12069680521759253,0.049144516130063556,11.285393019731366,0.6158416613350423,1.37123098741993,0.01753484471411638,0.10586131276684906,0.5388344268560266,7.756863809256568,0.3245740593337866,1.1508169020718522,0.005898034765192643,0.029706709034785603,0.12794083096279363,4.01448863757021,-0.29126760200125573,1.495034969158137,-0.1884375139750363,-0.026550958190608397,-0.0012138788260038788,2.70079209796896,0.05354867789777927,0.07080982039236497,0.008991321315988898,0.020198644138872623,0.06914559379220009,0.2786976858973505,0.008470783878292422,0.011768188683023014,0.0020095606450922787,0.003873388050124049,0.009315738920122385,0.0540883378684521,-0.04507789401948685,0.06598745485225833,-0.05624184443149716,-0.012685816240264103,-0.005174647201783955,-0.0005743985855951889,60,64,80,100
3dof_sinusoidal_L750_N100_seed10,3dof,sinusoidal,750,100,10,2.7752310261066633,8.40290641324887,0.17070981569547417,0.6050421003976988,2.228717318614685,30.988706357066743,1.753416981686553,5.836696861210886,0.07087717012143693,0.3360639055110454,1.2053766024107206,13.90812823049574,-1.021814044420111,8.394781884041308,-0.689121880250805,-0.15319649466311852,0.021806325486926233,3.216358716895284,1.548273609710749,9.297160094543585,0.016729257295082525,0.06522265398595328,0.3728356749465041,15.79760360377662,1.3620143903224529,11.04530117124405,0.008071966618270419,0.03615735789196696,0.13194537717908966,6.6405723534409065,-0.18625921938829618,2.6383092069696277,-0.08652009613650509,-0.01581203093073477,0.000551337729087522,0.5446723159169307,0.07032294789794832,0.072809523985015,0.016447386238723993,0.04552549310028553,0.09746836125850677,0.2705179694294934,0.012383458953700029,0.02247942591556409,0.002705176768358797,0.004808088298887014,0.013674349524080753,0.08984728664159827,-0.057939488944248295,0.06551062021549296,-0.08067737799137831,-0.033648791373707354,-0.011419069021940231,-0.0014875759230926625,64,67,71,100
3dof_sinusoidal_L800_N100_seed10,3dof,sinusoidal,800,100,10,3.841856966127386,9.548900370429582,0.16152290772573505,0.7372389497590848,3.0139142760628967,48.40766243938047,2.291762133280413,6.285754258842578,0.0787031396945495,0.3568739653450781,1.4774944813922284,30.19286138898804,-1.550094832846974,6.75812787223274,-0.6342931040166537,-0.12070696968464123,0.03675458981512194,7.190417208848497,30.248398822066232,291.98553602711326,0.02896246878799617,0.10090227710226536,0.5451428275604192,49.57465746752527,0.40066751183410665,1.2384413144571815,0.013273488806061277,0.04905084589686847,0.1844494908063732,5.932622146233899,-29.847731310232117,291.989629080275,-0.11679849419287008,-0.02984418455951281,-6.653462710865866e-05,2.1643343400882586,0.07293013855582103,0.08340872815245791,0.017611583694815636,0.04790763184428215,0.09701556153595448,0.3278953218460094,0.014550303748401348,0.03008733321124349,0.0028209290467202663,0.0062132279854267836,0.011988044017925858,0.14433196380734487,-0.058379834807419685,0.06778661594347252,-0.08235306804999709,-0.03663407079875469,-0.010130802635103464,0.0006526386737823581,63,67,75,98
3dof_sinusoidal_L850_N100_seed10,3dof,sinusoidal,850,100,10,4.419381699096322,12.530547457188936,0.09731304056484495,0.7668144386818916,3.0845966617347553,73.72049349764458,2.166234644687876,5.043385230485586,0.07178163212344803,0.38452030136274007,1.6690899712786889,17.20409197374705,-2.253147054408446,11.75151573442795,-0.7768308906998683,-0.07319434714527975,0.0072316035400700595,8.691137287986296,0.9891558891292181,2.9921524995659055,0.018088209342103256,0.06381128910538156,0.38738535264656604,15.01439141035181,0.49962814104915315,1.4776669145443855,0.01244891765158606,0.045660161044323536,0.2384132569161147,7.81613044793673,-0.48952774808006505,2.356010719305107,-0.06895723101888229,-0.013723399639708233,0.005248740926039273,1.503864916757213,0.09165597362676635,0.10053609515356456,0.021009325981140137,0.05731137655675411,0.11540938727557659,0.4335508066415794,0.02002710993227083,0.04616423905711621,0.0037634174223057926,0.009118457790464163,0.020097137428820133,0.08362233504653163,-0.07162886369449552,0.08238238305915598,-0.10170683625619859,-0.0385470210458152,-0.010900050678174011,-0.0005784066393971386,58,70,69,99
3dof_sinusoidal_L900_N100_seed10,3dof,sinusoidal,900,100,10,2.619950574536493,5.407693487217071,0.16668224184186903,0.6262677458854982,2.2042815251007566,24.62736402169527,1.8909836660784827,4.33117198883263,0.08162797577460787,0.398931973351256,1.63367098610095,21.38498480024257,-0.72896690845801,4.162100031540515,-0.42902101861336484,-0.05807643584696066,0.024592728068463562,6.289152438172364,0.5334926882274065,1.6784372442546698,0.019414908010208766,0.06588773858246838,0.21425966484914477,9.023221268956888,0.23489041303827599,0.5203751217535701,0.010334678243651273,0.04619052210410052,0.155579515062557,2.055028324317259,-0.2986022751891305,1.4878896971125268,-0.06001976169255828,-0.015573444683199166,-0.0002500254876104286,0.28012450602133654,0.0828596294298768,0.09324191151873902,0.019192407839000225,0.049736760556697845,0.11150559224188328,0.44799683392047923,0.018623073548078538,0.028296150383143932,0.004544566152617335,0.00923891831189394,0.019067248329520226,0.1673767243325712,-0.06423655588179827,0.07915889699006602,-0.09330219286493957,-0.02576130605302751,-0.010030150326201692,-0.0011369360517710443,63,68,76,100
3dof_sinusoidal_L950_N100_seed10,3dof,sinusoidal,950,100,10,3.9408818859089703,16.96837647569767,0.16438824103000693,0.4683694051134837,3.0182613187345746,20.453743958665935,1.8767732502927479,4.333300570192933,0.11318382315909996,0.383293508854169,1.6066657468977548,16.69594480979988,-2.0641086356162233,16.538815438953147,-0.4212113750948555,-0.08096186424007021,0.03398161828850484,13.243386553715892,0.8450904888154993,3.2133133693315488,0.02702722947566515,0.14802174970746262,0.5349363123454279,5.770805687645798,0.39186295435814555,1.091934413850421,0.02082424724890799,0.08281951843267646,0.28030328533523535,2.386418326347576,-0.45322753445735364,3.0783899885786234,-0.10881210570266162,-0.023659833966487173,0.002567644609253984,1.2573151536916796,0.09421488196123391,0.10084769805397373,0.023385713808238506,0.06388432160019875,0.12846331298351288,0.4424611723423006,0.02466975459596142,0.032319569667629444,0.005111625068821013,0.011747003067284822,0.02912796661257744,0.14929137378931054,-0.06954512736527249,0.08173786435217434,-0.10113725531846285,-0.04077319288626313,-0.011814873432740569,-0.0012674846546723748,58,68,70,99
3dof_sinusoidal_L1000_N100_seed10,3dof,sinusoidal,1000,100,10,3.0275633880506128,4.867583391556874,0.4398377326690693,1.185478540986741,3.2025287605109525,22.98665572672805,2.214142921596242,4.694175831824022,0.19342808409483525,0.6380664163104188,2.1581959247480116,20.038515285686447,-0.8134204664543708,4.509180089540989,-0.5975803149153319,-0.10945712825180381,0.030108817548468194,12.355446305288584,1.8370341211394472,10.983463550922577,0.057254548648446923,0.3599234130477943,1.098408309896781,9.433953013082755,0.5683569309205829,0.837043044009437,0.02965138619522771,0.23407809009412442,0.7161721038257027,3.281680043722247,-1.2686771902188643,10.49971381115649,-0.13499654592092014,-0.02526747402669984,0.0006315138397567153,1.0424221399765858,0.12103052537888288,0.135036018671174,0.030394813511520624,0.06572886556386948,0.15368233248591423,0.5809164535999298,0.025102139654336497,0.02589478842336892,0.006811301107518375,0.01570361852645874,0.03316024038940668,0.11274971053004276,-0.09592838572454639,0.12540549855774072,-0.12276296503841877,-0.042305270209908485,-0.013149818405508995,0.0012948544137179865,60,69,72,98
3dof_sinusoidal_L1050_N100_seed10,3dof,sinusoidal,1050,100,10,4.296325657057833,10.980640513613167,0.4289131187476809,1.3085258472328054,3.6206026771743436,57.00472343271876,3.2746406334761584,8.28257401738346,0.26379469140173245,1.0583397004098776,2.855097685624682,55.524269072940356,-1.0216850235816741,6.081014585485753,-0.3735630129839253,-0.03457319521786906,0.053052890670171944,4.613082226534729,1.129497653588321,1.9810487687016864,0.03915839984160234,0.2498883863190125,1.409043202907639,7.768432877936399,0.991694565571325,1.8385469969396369,0.02927904681066856,0.21575735534400653,1.0692271337588029,9.631961422257424,-0.13780308801699634,1.1028312273675958,-0.12044754621601275,-0.004483825315469454,0.014328678437808714,1.6777055164378498,0.19129069838672877,0.1661477974564342,0.06052132695913315,0.12609251961112022,0.276436448097229,0.6161548370122911,0.045593999894335865,0.059097949419282064,0.016828795429319143,0.028357448056340218,0.05451233312487602,0.2770457479357729,-0.1456966984923929,0.1408752692786754,-0.20619402267038822,-0.0932239517569542,-0.03471496840938926,-0.002804001495242117,49,61,59,100
3dof_sinusoidal_L1100_N100_seed10,3dof,sinusoidal,1100,100,10,3.363016273063952,7.96282526880085,0.30964471806252064,1.0319069389378865,2.607173760463769,26.623752347275293,3.801150944877228,8.480428609846614,0.2311384408479653,1.007079193213757,2.7614740267592786,46.511938340359706,0.4381346718132763,3.6489996312673583,-0.11489270741877211,-0.01644047730254382,0.055120990926670124,18.847734043492178,1.626471950049616,5.116631692057759,0.055590431156897185,0.337137138146814,1.3682243924450574,25.418074619727253,1.9134764792131143,8.419391666417418,0.05571055516783409,0.32549196083548415,1.138857983026753,15.192450530819839,0.28700452916349795,4.3856736414489745,-0.04085962491022066,-0.005533372288326061,0.031209490252473052,3.297263758955555,0.40003300256095825,0.24381712670182368,0.2240530513226986,0.39407171308994293,0.5436786860227585,1.0277010416984562,0.15037634269334377,0.10222218956590853,0.07470941543579102,0.13293573260307312,0.1947782188653946,0.39670430660247846,-0.2496566598676145,0.15297808864200343,-0.3456910289824009,-0.24991875141859055,-0.14649786613881588,-0.0026500602439045806,43,56,59,100
3dof_sinusoidal_L1150_N100_seed10,3dof,sinusoidal,1150,100,10,5.909683491577442,15.803623127129573,0.45059550810639243,1.633655316216104,3.5107720499547392,72.37650567242831,5.8245864590371115,17.235263780503185,0.4306703767273545,1.5415654543860278,3.5953024228293504,61.91991487255822,-0.08509703254033033,5.138351359864287,-0.08113374942021587,-0.0040079848904460876,0.05614725357601874,11.136845364226437,1.3885620435899924,2.9090327101607962,0.12609109392358864,0.4639903286814459,1.5068952237956816,14.10849957275076,1.2881680662962867,2.637101915556878,0.10959864676071357,0.45285255421992376,1.493566822888631,14.481971821458295,-0.10039397729370599,0.7042007936491002,-0.025996730520468078,-0.000326029853910427,0.016458624325583274,0.6523196477628966,0.5850317587330938,0.2698236037771668,0.384930782020092,0.6289470195770264,0.7797387540340424,1.1290233922004704,0.33398464746773243,0.16880669427083653,0.21359048038721085,0.3425595909357071,0.44218379259109497,0.6728920131921771,-0.25104711126536133,0.11017239283792198,-0.32779230177402496,-0.2790244221687317,-0.17536571994423866,-0.03523471694439633,40,52,51,100
3dof_sinusoidal_L1200_N100_seed10,3dof,sinusoidal,1200,100,10,5.623714707261151,23.064051517192926,0.5024142630377509,1.4771003844486734,4.107849292182184,23.988905798044147,5.38697709334915,19.89594968598,0.4855542461977018,1.4632670389412532,4.198235910121467,23.930481315080893,-0.2367376139120011,3.4965330284345435,-0.04811053359400569,0.00013976119322247488,0.04772895255083909,2.786050271390608,3.279811798575429,9.012508258346777,0.10298337336735129,0.7384827225972002,2.12770562206684,55.52401619700175,3.387417107271867,9.695828832959544,0.088741340636038,0.777871657684087,2.1182238827322846,63.45059445771456,0.10760530869643777,1.5867541558743752,-0.03425436622074274,-0.0017292727176991818,0.007376649042106224,6.974079768365573,0.7475881378352642,0.26445718300004134,0.5729100853204727,0.7512831687927246,0.8971299678087234,1.4423616731166844,0.5253973846137524,0.19892827537650037,0.4022733122110367,0.509040355682373,0.6231307238340378,1.1020251309871676,-0.22219075322151183,0.07681465087661932,-0.2715997248888016,-0.2289140522480011,-0.17655733972787857,-0.04403786912560447,37,50,56,100
3dof_gp_L50_N100_seed10,3dof,gp,50,100,10,32.9664320612574,86.36345407391688,3.8137328309359315,6.817851640170821,23.30664929942958,329.4753681332493,81.06505857846432,380.59508900689286,1.5888875917347272,3.150365939638992,13.109586858323912,1373.5531869291322,48.09862651720691,389.2463485871912,-9.426659471093423,-2.027520609680432,1.0289583750160984,1269.1187003280418,71.19541835589635,411.1819211384449,0.3036871622866683,0.7799743730533049,3.448436351178323,2523.1719908660816,6.666156749030425,47.014685718241765,0.046098238279675574,0.12996737222979293,0.5587496115797508,55.231075286540374,-64.52926160686592,383.64525153738106,-2.5300737356796583,-0.6299474393924355,-0.2188737487883824,1.9062109039768003,0.41751504520885646,0.4266560306462951,0.20379289984703064,0.3435199409723282,0.498631551861763,2.1466194963455267,0.1272705552307889,0.3667383726263518,0.013717254623770714,0.026914934627711773,0.057337671518325806,1.9410186183452645,-0.29024448997806757,0.17898444064316138,-0.40509859449230134,-0.27431571716442704,-0.14553947711829096,-0.007043339016381639,68,70,98,100
3dof_gp_L100_N100_seed10,3dof,gp,100,100,10,39.2212704060699,122.81448373432366,1.875579480557033,5.325383238851696,15.461369335178333,494.1552314350814,14.58065756197546,60.661854611745305,0.3644199232121557,1.4961442379649281,6.980529283588983,113.3745617997033,-24.640612844094438,86.64512226803477,-8.792938865399423,-1.324970682372646,1.2818671329497082,88.19803686626838,4.913676374489783,25.343549699248115,0.03008471746264427,0.0756521233022478,0.3513418289320762,165.29712814264653,0.3435967147626053,2.1696581261159302,0.0025937998124040992,0.004949277304657891,0.015856284095944265,9.443828100435974,-4.570079659727177,23.616069882199074,-0.31923641727937746,-0.05759415549843917,-0.023480543004881296,0.011361791241434709,0.04228806842584163,0.04812059983946425,0.00913738226518035,0.02308468148112297,0.05830266233533621,0.18693217873573356,0.004931711507160799,0.010091907091248431,0.0010917187028098851,0.0023424625396728516,0.00451204227283597,0.05229121770709767,-0.03735635691868083,0.04626614631342229,-0.05080914712743834,-0.020317516871728003,-0.005158951174962567,-0.00132733825710602,66,67,95,100
3dof_gp_L150_N100_seed10,3dof,gp,150,100,10,45.398669150672134,290.8896601420241,1.1068705005926291,2.9807703834776795,9.877501962669113,1048.1811987189924,7.063861868745004,21.039749523091704,0.2344562787501482,1.0823481892247901,4.5613831153076205,58.21949097789005,-38.33480728192713,291.4659182901044,-3.766115730263994,-0.8833269492236329,0.04474176765068033,30.16366014276556,2.215874036602206,13.799474505872709,0.010276805408797609,0.026992280667057222,0.08834398076834907,61.42683621081567,0.07119340892458327,0.3451874035013536,0.0013273195608591668,0.0037127484185529953,0.01809749434055745,2.1396777079929503,-2.144680627677623,13.493030135009908,-0.07708929058262623,-0.019029844578781513,-0.006593520087157594,0.0050559743471742516,0.06125942554790527,0.07519131317130964,0.008471360197290778,0.03170651197433472,0.07775428146123886,0.2846805131435402,0.00799128033395391,0.021964929889544287,0.001327574223978445,0.0026990374317392707,0.005901426426135004,0.07984004780650197,-0.05326814521395136,0.06869750893448938,-0.06663387452135794,-0.022574624585104175,-0.005749275267589837,-0.0010200072196312234,70,72,97,100
3dof_gp_L200_N100_seed10,3dof,gp,200,100,10,21.590214868988966,83.52714270500337,0.7859689458149397,2.765879475597811,7.8059553090003115,464.9980035790759,20.059219333619932,90.4790608674233,0.17734489704812678,0.8482882688993512,6.774925818018562,349.132371353046,-1.5309955353690308,113.62734078850248,-2.861011889282137,-0.718079636860897,0.39079555608249744,346.61048292391405,0.25109796299746123,0.6388246156311885,0.007967046830236722,0.02715602374960816,0.1228780473435645,3.536199533618496,0.031822932154132524,0.08185347120567807,0.0009652801870302049,0.003351741938746701,0.022332009942435605,0.31481790853880454,-0.21927503084332867,0.5946315897907591,-0.10368869339219412,-0.02171011552228359,-0.004418670034038284,0.0034294847063489793,0.05307477052556351,0.10138616715475134,0.007616996997967362,0.020755469799041748,0.06320728361606598,0.49320051968097856,0.007921177345124306,0.02469636559961444,0.0009095072746276855,0.002073268173262477,0.0054894291097298265,0.06854157380759798,-0.045153593180439204,0.0851818622649191,-0.049393566405342426,-0.01589183167379815,-0.005677135079167783,-0.00093950097216293,71,72,95,100
3dof_gp_L250_N100_seed10,3dof,gp,250,100,10,7.0331951049433155,20.11632429353907,0.35889082998308225,1.0335204935206168,3.132391700769362,99.74687267783867,10.311254475810324,31.47914119594596,0.2709811616038213,0.7968344985710484,5.733066181967921,194.22742859811405,3.278059370867009,36.52501787321076,-0.9100204938571468,-0.16274376746682415,0.9481465352840254,194.00902582561105,1.4479796440754944,6.372572212066532,0.005118482788996211,0.017785170884653548,0.10569890746353124,39.95827690231064,0.18798969596934015,0.8166382078329202,0.0012368082189268654,0.004818955421467366,0.017150591465492315,5.556692679507096,-1.2599899481061538,6.143501473367987,-0.05691950976389939,-0.012672007939574056,-0.002407537272429424,0.41590085762626205,0.0861252049158793,0.15549161619481175,0.012601564871147275,0.0531313456594944,0.1079389899969101,0.4039102154970223,0.01860288080148166,0.11309598932391546,0.002046406385488808,0.003949065925553441,0.007282843464054167,0.06658542633057195,-0.06752232411439764,0.0766557312171727,-0.10222577169770375,-0.04332137340679765,-0.009674887551227584,-0.0010237702564336315,59,60,90,100
3dof_gp_L300_N100_seed10,3dof,gp,300,100,10,13.735847551396457,47.78196003551107,0.596334220322979,2.569168920036355,8.68857721225422,133.32078136821096,5.560005247773306,12.98958818726349,0.09966953472037746,0.5431838605252335,3.4838437253053542,44.731482648582414,-8.17584230362315,49.1451567523962,-4.537915858758118,-0.6204919218598846,0.4739187458921848,30.471056553644225,0.28711171219115283,0.8815417551210829,0.008366243541903354,0.023305254922339338,0.18189713768938032,5.340180145298084,0.024200371470927514,0.04883423372234566,0.0017809294899777362,0.004172408079008002,0.0212787089303318,0.17791820737414862,-0.26291134072022543,0.8773030622103953,-0.13346311101375352,-0.01547673316560224,-0.0020030369965756607,0.06677850282064475,0.050700095347128805,0.07158279151426515,0.008786191698163748,0.0211413512006402,0.06280826963484287,0.322685288190842,0.004276462903944776,0.008977426475575085,0.0008503297867719084,0.0017316938028670847,0.0041963361436501145,0.029392853025347252,-0.04642363244318403,0.06931538403777333,-0.05606491642538458,-0.018767973699141294,-0.00594578190066386,-0.0009973803383763879,62,65,87,100
3dof_gp_L350_N100_seed10,3dof,gp,350,100,10,6.899157945595562,20.206609541776636,0.7068384765060131,2.4418377377941107,5.26429667030615,90.31869532125191,5.01962549177489,13.11245430652548,0.1629508260929584,1.1459105213230534,3.6390637174013283,71.9642738365593,-1.879532453820674,23.23115938599458,-2.360002140311209,-0.505209683410466,0.5200945715410653,59.53776169182615,1.7814932420732352,11.148942297260716,0.013256720827218193,0.03953439592313743,0.18922359243296324,33.494091466545505,0.13647363233823862,0.578015896092253,0.0028375135483405013,0.00792397706914673,0.04493126180843311,2.199930840011973,-1.6450196097349963,11.068092233972052,-0.1194925689444349,-0.019483261122862913,-0.003011988558946764,0.6945127331206755,0.05052459178492427,0.05607302303947253,0.01642919657751918,0.030598283745348454,0.061823537573218346,0.22904290974140246,0.008456575731106569,0.011928599373995003,0.0013477008033078164,0.002988417982123792,0.01137185120023787,0.05576088085770607,-0.0420680160538177,0.05383145497036348,-0.05478561273775995,-0.021922450163401663,-0.007911391207017004,-0.0006758928671479204,62,66,86,100
3dof_gp_L400_N100_seed10,3dof,gp,400,100,10,5.533998253471031,17.619806122209955,0.41888476972694144,1.3678081684541201,5.463326030387666,31.120263334282896,10.857036441936192,67.95828832018854,0.12707355535605658,0.4278391664223875,1.7691481491131866,140.7465745282994,5.32303818846516,70.10256537159611,-2.385607790934733,-0.33731980434891257,0.1673535639637374,136.22361892962675,26.54082919112001,261.1175453383572,0.009059504761980622,0.031280560742778796,0.1343523281064414,31.40314055573738,0.15929271248879526,0.7474458164739604,0.001672824440746584,0.0077782097123617975,0.05400914473095209,2.0116809431137654,-26.381536478631215,261.1177403241486,-0.07937822975046654,-0.013742662577677861,-0.001315610792063535,0.8605275578349397,0.044452575293835256,0.05200132886342846,0.010365049121901393,0.02739330194890499,0.05717019364237785,0.27359463930130007,0.004574002614826895,0.007538025295856888,0.001199493883177638,0.002110640285536647,0.0048881868133321404,0.03619425822049387,-0.03987857267900836,0.050046121605477153,-0.05057988714543171,-0.022988181852269918,-0.008911272161640227,-0.0013861616456415501,67,72,78,100
3dof_gp_L450_N100_seed10,3dof,gp,450,100,10,8.058340645987176,16.08315023518129,0.30915929538592424,1.519486638914071,5.716969143406132,61.63111200684135,5.065038781981424,27.748937893358676,0.11114726883864254,0.6924770964818905,2.572948941869022,41.4281236860379,-2.9933018640057516,29.11980381440533,-2.353695863144762,-0.2848900147392671,0.01447687645826092,10.116846682163983,0.533784440693994,1.4074890461213359,0.010988137734412292,0.05620339088246186,0.29290104531818484,6.793727938178806,0.2976171242881316,1.6929923246917185,0.003908738920439355,0.014676592786387374,0.06321478120496889,1.9408782127397057,-0.23616731640586244,1.9010933273816277,-0.10075013561505407,-0.01833004873441023,-0.00204553592056729,0.5318297380106313,0.09140208301134407,0.10347802540033199,0.01818817015737295,0.05689386650919914,0.12845578789710999,0.4438539233803759,0.008133525708981324,0.01865777593099512,0.0018068354402203113,0.0032649041386321187,0.007012129062786698,0.07989174649119421,-0.08326855730236275,0.09414823213358375,-0.12407592771342024,-0.05280981748364866,-0.011032551439711824,-0.0011770454305224112,67,74,85,100
3dof_gp_L500_N100_seed10,3dof,gp,500,100,10,6.089545660752834,18.583771124015513,0.15088471625605368,1.3246571234398792,4.335899670878655,44.14124973901694,2.638443082720222,5.851513562605167,0.07390287655067136,0.40141445698721834,1.8990746340424032,29.065939570599344,-3.4511025780326126,17.95918387397964,-2.119591777492306,-0.2322595181989114,0.10987966747232722,21.419282299575283,0.9338653326435583,5.192461543461533,0.009658974825598517,0.057104991508346914,0.1845402370840459,16.874670944117838,0.2774982627362334,1.345998404020753,0.0030990774023088555,0.013946433703124893,0.07688316459050404,2.549482261552187,-0.6563670699073251,5.3029484349448,-0.06229802031084844,-0.016481942916284895,-0.0006486416457553958,2.0998016864015,0.05153730588266626,0.07043313337407878,0.0096820795442909,0.023033837787806988,0.06371537782251835,0.31411272615194374,0.00526559843972791,0.009802019162104098,0.0013818542938679457,0.0024945340119302273,0.005551070207729936,0.05776597976684578,-0.04627170744293835,0.06477355818473421,-0.05835837050108239,-0.019563356647267938,-0.0067698365019168705,-0.0010438618616899471,63,66,80,100
3dof_gp_L550_N100_seed10,3dof,gp,550,100,10,8.196019497275133,44.434024507240096,0.21709080880995574,1.200996043994399,3.928019547432499,36.941009102736885,3.034834447103002,7.962888893490335,0.11756226125917618,0.5424044258644996,2.348147541664335,27.624738314546054,-5.161185050172133,44.97532594306684,-1.8428136809513336,-0.1137936121127725,0.3165692217398477,16.47869398319079,0.30183933084284564,0.5858797809937343,0.011051276537953153,0.05657981132476328,0.2569797694178984,2.6766092028034483,0.1706592578664485,0.5812659331227039,0.005690943372643744,0.02125524353225996,0.08901101500420933,2.641268856690137,-0.13118007297639714,0.5663371725902526,-0.14329235356706344,-0.019281466225675285,-0.000740789173855064,0.9186286361301321,0.05748735892819241,0.06395731004496516,0.014758319593966007,0.032317161560058594,0.07263460196554661,0.26567296683788333,0.0073152453696820885,0.012481043084595961,0.0017251074023079127,0.0035664639435708523,0.007947047706693411,0.05055175159126545,-0.05017211355851032,0.061826778130898104,-0.06567250972148031,-0.02523291064426303,-0.009326346131274477,-0.0006587719917297338,56,58,78,100
3dof_gp_L600_N100_seed10,3dof,gp,600,100,10,6.205055294073763,15.930702794326194,0.21672257961758173,0.8470502634672463,3.92861091241212,94.00345835109185,3.504984087693661,8.772486609706208,0.07839739855338415,0.5564147939416353,2.4596190327726273,32.89461018107942,-2.7000712063801022,16.75237093487985,-0.9633352475666024,-0.154326050153765,0.07633045678863519,23.83328476858249,1.6836827305446616,8.350565743323722,0.011108015105816951,0.04813271098616219,0.37657477189053695,44.963519956608714,0.5465862692415495,2.2992565124367195,0.00541100807147723,0.030153065128271248,0.09189260765152246,14.559866705980516,-1.1370964613031118,7.552002515048565,-0.1645987668212689,-0.01583690103154802,0.0007594295094474454,2.3456522818094974,0.06169452823000029,0.07893942190429819,0.013054252369329333,0.03658668324351311,0.07464779913425446,0.3371381884813318,0.013420876243035309,0.032669887574976644,0.0021529198274947703,0.004128396627493203,0.008933465229347348,0.12204060681164347,-0.048273651986964976,0.06254114917780616,-0.06863504889770411,-0.025233072286937386,-0.007519751932704821,-0.0005288755148649101,59,67,73,99
3dof_gp_L650_N100_seed10,3dof,gp,650,100,10,6.58565642863873,17.449585489349676,0.24195708273685917,0.7996485603461229,3.878955039888778,98.017528545609,3.007386384555023,6.293783196058252,0.11000554070146945,0.4413574521028968,2.02947792548909,25.46200341395985,-3.5782700440837054,15.957247727541404,-1.0853239875578082,-0.19104390375676672,0.06422583429933465,15.812771044178948,0.4646797298864076,1.3279245186959225,0.014180997796691184,0.06054712237434903,0.2075432273423987,7.506156199522985,0.24740273140223024,0.8053208605363659,0.006163085409030976,0.01785208367408367,0.07674002081607269,4.491915552782833,-0.21727699848417747,1.082177543823742,-0.06658477964176727,-0.019797077959982503,0.00020826065569282256,1.0482444760795082,0.06290650618262589,0.08824106209587756,0.01375083182938397,0.028838436119258404,0.08008722588419914,0.36163601517677446,0.010989806936122478,0.019859948629400638,0.0026954413042403758,0.004806836601346731,0.011285851476714015,0.08664973348379179,-0.05191669924650341,0.0810786230066412,-0.06398942315718159,-0.020428181218449026,-0.006773749773856252,-0.0005772411823272668,60,68,73,99
3dof_gp_L700_N100_seed10,3dof,gp,700,100,10,4.9176141354700755,12.578262021336954,0.29969162280595296,0.9859470966621411,3.185163491149312,70.92471978135144,1.8853672890491109,4.879490576708984,0.14812977049672504,0.5560240750840545,2.0819073563964254,10.55709382982612,-3.032246846420963,13.036610221212689,-0.7934099471520117,-0.2070626364474183,0.09028924514602465,8.54072559155244,0.704559699064039,2.409317035494739,0.021261725721801357,0.10388199700189538,0.39016065133635364,5.0804093005099284,0.3634460047648181,1.2118237353419996,0.010018081592921101,0.04406033099962989,0.16368099395513228,4.396749511139217,-0.34111369429922095,2.444203010665736,-0.13030255510678687,-0.018756546663623593,0.004300749320564972,2.6226051098192116,0.06108042549341917,0.08687040392766981,0.012402544496580958,0.02627799939364195,0.0669333953410387,0.40361472398042725,0.011224872736493125,0.014160206520276025,0.0032688877545297146,0.006429970497265458,0.01264578104019165,0.06868747040629387,-0.04985555275692605,0.07965081519909653,-0.05589087773114443,-0.01604125928133726,-0.004369408008642495,-0.0006919075082987507,57,67,71,99
3dof_gp_L750_N100_seed10,3dof,gp,750,100,10,3.1550529761865365,5.927843558726325,0.12822472690858727,0.7760131017075911,2.970138638834504,24.026814992609847,3.709065297741254,18.691171263211277,0.06258937152990493,0.4096498611304922,1.6346365117348294,38.27422943792135,0.5540123215547171,17.897651300034486,-0.6136157822084556,-0.08554302103446196,0.029987109540077005,28.09472242926929,0.7659618503668668,2.170910204732284,0.0141586055934667,0.061032480811734055,0.33733053300286175,11.810133806991072,0.2378254474290057,0.5410433670308351,0.008035539550826584,0.03662310241514558,0.16802233037577818,2.409773980966898,-0.5281364029378612,1.9205394999192567,-0.07650494194086993,-0.01608227941490309,0.0007630100291687431,0.2764936981430252,0.07313863054616376,0.07253463575788033,0.018562645185738802,0.04628179594874382,0.10816190019249916,0.30187756597995774,0.014338208149420098,0.017674578568275475,0.00415863620582968,0.007390121929347515,0.016028464771807194,0.07870183058083062,-0.05880042239674367,0.06596644654977919,-0.09247570729348809,-0.031249108957126737,-0.008105010259896517,-0.0006871755979955161,67,70,74,99
3dof_gp_L800_N100_seed10,3dof,gp,800,100,10,4.448649380005533,8.918293140258623,0.1535144813853162,0.9624426053502501,4.358135169418423,40.66861130920387,2.304410113619145,5.2085118924384455,0.09112943604457943,0.3396761152740489,1.5253442972540143,26.63430167104482,-2.1442392663863896,8.95150034703828,-0.7738071328872205,-0.09132074787701344,0.05941399910404304,12.672482178609457,3.4850365742684875,27.621412233018894,0.030153984199396883,0.10036107294485645,0.43072585978889305,26.064863802820064,0.48978390840988434,1.3936850408383064,0.012899290054140195,0.04285716354073431,0.29805272617502665,6.758648420905988,-2.995252665858605,27.669317064585616,-0.11202284375126005,-0.0136443493801203,0.003290210047767733,4.738432999348582,0.07177629669429735,0.0773921074219305,0.017599165905267,0.040133655071258545,0.09230991452932358,0.37500795841217055,0.01232313307467848,0.016696435792417714,0.004166056867688894,0.007425646297633648,0.013870875118300319,0.07529469259083302,-0.05945316361961886,0.07246849354942461,-0.07607368042226881,-0.027970195980742574,-0.010603618924506009,-0.0020039321528747636,59,65,70,100
3dof_gp_L850_N100_seed10,3dof,gp,850,100,10,5.089801829877831,20.282692170518878,0.1649628159188805,0.5314858530428319,2.901577337824161,37.902252108052764,1.8028306218539774,3.1474556036806165,0.06989006854383281,0.38298221071468286,1.7520415984137419,12.907112711255067,-3.286971208023853,19.99806190447546,-0.49714571864041657,-0.15356040837835627,0.0027195820264702907,6.489693209541842,1.5133475834319239,4.8355654160086265,0.011487992127524774,0.07318444031803219,0.4826667804039078,29.421391437978084,0.38814751247268825,0.9964512816728486,0.004736452953052434,0.04173753647434578,0.19610610464776207,5.742077607094021,-1.125200070959236,4.499382013085616,-0.17208789888716566,-0.01726464520206036,-6.694635066057807e-05,0.27415615051250075,0.06721383972093463,0.07216890536067788,0.015111635439097881,0.039894264191389084,0.0931567195802927,0.31719907581806206,0.01415142452227883,0.02035413477668033,0.004400184145197272,0.008252064697444439,0.015748988837003708,0.10068935997784163,-0.0530624151986558,0.06527857290175994,-0.07158910529688,-0.022768359864130616,-0.008377532241865993,-0.0014951301552355249,67,74,75,100
3dof_gp_L900_N100_seed10,3dof,gp,900,100,10,3.2495686204327763,7.614522595483179,0.13569151021144027,0.6234634848515856,2.355325766100709,35.02144364663637,2.0738983487333305,4.51286812377051,0.06666593963193766,0.4813737174079986,1.6138742714282999,21.359206339089393,-1.1756702716994463,5.932818443722545,-0.43746934853348174,-0.05848274588197351,0.050918437034487465,6.52687189728254,0.9759402833922762,2.4044129542190777,0.013554927095178403,0.12146041243062672,0.7398616168647487,13.309467659622943,0.7728511857572474,2.5185282093923393,0.009871678234998321,0.06663938776023307,0.42403936262896136,5.167492192037131,-0.20308909763502883,3.1995547423467876,-0.1407774537842762,-0.007436410744476523,0.006407009713104253,4.154819251775513,0.08196269390638918,0.08042122129930673,0.02488679764792323,0.056226374581456184,0.11606764979660511,0.396977325677872,0.016309103276580573,0.015741959395158774,0.0061739684315398335,0.011258682236075401,0.01887817308306694,0.07498856559395793,-0.0656535906298086,0.0731786808442656,-0.09234071965329349,-0.042862894013524055,-0.012006233911961317,-0.0013382829772308372,56,65,68,99
3dof_gp_L950_N100_seed10,3dof,gp,950,100,10,3.4931372379624848,6.327650820019847,0.22256268970836984,0.780363281285335,3.185345905774715,27.73388065268148,2.451565481630986,5.0361717489034294,0.24537031771786363,0.6524331562186052,2.637499517423958,18.56778884554759,-1.0415717563314986,5.590854739665806,-0.3223875327965906,-0.013990182207324328,0.11781243059418661,7.781451707050284,2.4087417054349824,10.629248815508852,0.021036236306247458,0.12505746342685142,0.5528274604138709,60.21309760311642,2.1112060033978897,12.311003011620626,0.02126447406778942,0.11122746941406009,0.4131291610604216,33.977821327223914,-0.2975357020370921,11.86949419149959,-0.060395940425553005,-0.0030030599668217743,0.019644400177506766,4.2674635253311575,0.1076343109505251,0.10834224390442222,0.0329105369746685,0.07113969326019287,0.13602369651198387,0.4385062712430965,0.031458582242485135,0.04001670390929287,0.01071012089960277,0.01875209901481867,0.03722191974520683,0.17678247451782292,-0.07617572870803997,0.09009170466266508,-0.10165506787598133,-0.040714287431910634,-0.015907286200672388,-0.002294039726257322,50,58,59,100
3dof_gp_L1000_N100_seed10,3dof,gp,1000,100,10,2.9942702429443915,5.495435084949062,0.21599876487159886,1.1940748424150769,2.886520205143003,23.283459016860533,2.872043787157791,5.925593125501653,0.14378485818069991,0.74679953378944,2.293486748491379,34.48822569325995,-0.12222645578660042,5.341292127061511,-0.4809957169523475,-0.05896094464543584,0.10197549705270667,21.285866842939328,0.6870134572537626,1.9676299523708776,0.03379474716526126,0.193659013000008,0.5408167164702125,8.882349943404535,0.8030522531807395,2.504372689343392,0.02816723202367776,0.11954343228903436,0.43291171353817676,10.493466832993903,0.11603879592697687,2.2215166303021805,-0.08904668003227584,-0.005389191131202665,0.01607638234998634,4.753076187851908,0.12098154644481837,0.13208295319281121,0.027828664984554052,0.08101405948400497,0.15074019506573677,0.5676606839895252,0.03307507287943736,0.044941673572463745,0.009119362104684114,0.01803114078938961,0.03776422142982483,0.17028608754277316,-0.08790647356538102,0.11508513167630588,-0.10008801391813904,-0.03834765171632171,-0.011178652057424188,-0.0005001917481422176,50,62,60,99
3dof_gp_L1050_N100_seed10,3dof,gp,1050,100,10,3.174645011359649,7.987131876684752,0.22441059237635677,0.8531132459918778,2.5056438396410106,51.01039658149126,2.576841194009642,5.1688789996470925,0.10937098912600393,0.7303994888009886,2.5042170158710766,21.01086083217218,-0.5978038173500064,6.3569571714908735,-0.17720197606873714,-0.012940244459795473,0.07631243805120008,7.39640713630868,0.9265690850505197,2.336279178377229,0.03849860477773899,0.14847375346394626,0.8232536098632901,11.336536741284766,1.2399599648658113,6.322681990471204,0.02357292269286039,0.10991227994154329,0.5236995965064366,5.8872951258545445,0.3133908798152917,5.4099053954477085,-0.03662847606269123,-0.003721049742979954,0.012923960541973024,2.5634568512161895,0.17498407600447535,0.1462893235203763,0.06409366149455309,0.14177341014146805,0.24481552466750145,0.624135035276413,0.03930748672690242,0.03579566304889838,0.013080964796245098,0.030916870571672916,0.04768827650696039,0.16409656509757053,-0.13567658927757292,0.12790126218665585,-0.20068192202597857,-0.09624995663762093,-0.03470923495478928,-0.0038555688783526295,48,55,58,100
3dof_gp_L1100_N100_seed10,3dof,gp,1100,100,10,2.3716361677294326,4.807648062656971,0.2389786746516458,0.6641495789137541,2.343953066128991,26.313205895222797,1.9790887134629385,4.300816940333783,0.18661172864588188,0.5464149209094302,2.240836350416303,28.045125226679485,-0.3925474542664941,2.2367990654936234,-0.13859109760931165,-0.019200841809091186,0.02751872715785782,1.769784744922095,1.281665937400511,2.8992742963371367,0.06127065050858352,0.203709656455824,1.2632358946552158,12.73104077453361,1.166165681082947,3.05642673675956,0.045419347381395796,0.1801126191887134,1.242825312836418,10.192180573733236,-0.11550025631756412,1.0193832506677487,-0.034433012257376557,-0.0051066093674961375,0.022841939726407218,1.8251627052669481,0.37891089453361926,0.21959479483755603,0.2051939107477665,0.3811722844839096,0.4716802388429642,0.9066562092304231,0.13268853517249227,0.08063544830547215,0.07492712326347828,0.12484375759959221,0.16466423124074936,0.3346151924133301,-0.24622235936112702,0.1463999250293494,-0.3139157183468342,-0.25062301754951477,-0.12689854390919209,-0.0031181721668690375,53,65,61,100
3dof_gp_L1150_N100_seed10,3dof,gp,1150,100,10,6.031904600229484,11.439776249352052,0.6397814338901504,1.8162396181616685,5.4221724576361625,43.02041409664091,6.362744924587186,12.786824777987169,0.6533534838693213,1.761782411040004,5.116408940901367,66.61280354633132,0.33084032435770117,5.070390075058298,-0.1035202238793193,-0.01839553988712994,0.05455935293775469,18.7198379222964,1.8889074556017709,5.135445350309946,0.10804924325489547,0.6597923366893842,1.806060995841059,17.249185495490764,1.701338184880035,4.588709860844064,0.10820291564637764,0.5715374718349391,1.7008287642007582,12.42025140466971,-0.1875692707217358,0.9344554844230806,-0.04524200408903936,-0.0026299496202547706,0.012303246509711811,0.4038109710424757,0.5972796373441815,0.2683766510825498,0.38884470611810684,0.6044767796993256,0.7854998260736465,1.2177753233909616,0.3350705274939537,0.15966284496694602,0.21698399260640144,0.32658666372299194,0.43676038086414337,0.7810873711109164,-0.26220910985022783,0.11472740833351079,-0.3440754786133766,-0.27431854605674744,-0.1793130822479725,-0.015568970553576936,44,58,57,100
3dof_gp_L1200_N100_seed10,3dof,gp,1200,100,10,8.776831540380083,34.11743807783723,0.4625253747289098,1.2500030893803753,3.560336298978702,217.93507001621518,7.083664095888761,26.252421490076042,0.47465600119889856,1.2373084568511965,3.163385171257601,117.24903462531047,-1.6931674444913227,14.770481625438862,-0.05682460584728899,0.002415989024834135,0.07533335440789207,12.989876605340584,1.9161476979621468,3.5774626560648195,0.14508535413833915,0.620613014065114,2.1330685087994157,19.172029103956685,2.201960819817131,5.039717517801829,0.16897789555246334,0.6209589500612437,2.2133339597311963,27.487456360466442,0.2858131218549846,2.2772333598296717,-0.021513779587827825,-0.0015417823256550292,0.020523388962804607,6.569303755844981,0.7378188687562942,0.24738007131310383,0.5902930647134781,0.7365270853042603,0.9027967005968094,1.277743573188782,0.5155156072974205,0.1841447905332051,0.39464838057756424,0.5149190723896027,0.6262708753347397,0.885879460573197,-0.22230326145887375,0.07381751969401407,-0.2676020860671997,-0.23240910470485687,-0.18293479830026627,-0.021671949774026835,41,47,55,100
3dof_zero_L50_N100_seed10,3dof,zero,50,100,10,43.29904016775159,109.32662858772053,4.72672740218721,8.224869413021446,25.665832218057602,504.4822893177813,29.43624829901747,118.34148307777903,1.4783890848053598,3.2993930104184237,7.5865233338307325,616.3854000925917,-13.862791868734103,162.4036341962868,-17.420547134970057,-3.849716752439878,-0.4007497325487668,604.0726496383459,5.843468822169148,20.48104922749064,0.34173319144307424,0.8332929913975116,2.463904315926459,101.73223110214737,23.49892850315558,183.73692824034626,0.0630684662861956,0.16557504685526334,0.5286827725543546,493.3593076968696,17.655459680986436,180.94450325520356,-1.4261967336165475,-0.5974467893775427,-0.2141620395881276,340.32560146333077,0.4801962856389582,0.6269873780731303,0.19207927212119102,0.3503040671348572,0.4933375120162964,3.8545780181884797,0.17473787092603743,0.5284136770751872,0.015953819500282407,0.0341659989207983,0.07585221715271473,3.2274679970741276,-0.3054584147129208,0.20610262003651195,-0.4167323708534241,-0.3017728514969349,-0.14403217588551342,-0.016989891356788536,77,79,98,100
3dof_zero_L100_N100_seed10,3dof,zero,100,100,10,85.80395500245045,668.3703716881026,2.158555449061037,4.772587884326516,14.810963457067452,377.3165629773523,75.37966694053858,535.9227400547311,0.6130405385852888,2.3911729933805868,6.29774591417185,1176.1264929014258,-10.424288061911883,861.1314466516471,-7.296347780818734,-1.3919190952240168,2.3566431779927273,1170.8935336469162,4.516518321706451,24.974585432864462,0.020399852388264025,0.06428806047389987,0.5065251352665202,126.99970393111282,0.28455762756437103,1.7281265534266446,0.0021841017455443306,0.004413117780772943,0.015416779203784233,5.625384925696832,-4.23196069414208,23.69874149950876,-0.45537605977980666,-0.04894884415324163,-0.017732162376729498,0.0003681366947395248,0.04225758224842138,0.04898642530680742,0.012138505931943655,0.0277889184653759,0.05043778847903013,0.1841898854076869,0.0033331403297779615,0.004268771895648271,0.0008214116242015734,0.0019591451273299754,0.004375805612653494,0.025713292583823207,-0.03892444191864342,0.04821557885226479,-0.04925280870156712,-0.023218731919769198,-0.007556249591289088,-0.0009072547079995268,64,66,98,100
3dof_zero_L150_N100_seed10,3dof,zero,150,100,10,17.876760554213455,62.0450237206196,1.713730781081743,3.6566884557985695,10.841952755820643,177.10145768582868,7.367455469225141,13.192632314222951,0.438364230316605,2.0641789875586523,5.018713911850474,55.68770493006867,-10.509305084988316,64.01043727908208,-4.365485441646119,-0.7492814633767885,0.6328885864194974,51.19486313041862,2.0425451589954373,9.189746578188583,0.007688470708510529,0.029506140096242216,0.10662114451637454,50.528064683958924,0.0634347280262907,0.28328315501110857,0.0011436596878549622,0.002961636915091572,0.006800365778160693,1.1250746334030735,-1.9791104309691472,9.06478051956819,-0.10255914945123815,-0.02355904662699263,-0.0058437914285186625,0.00015529741634792918,0.05723285809275694,0.05275770475068848,0.015945186838507652,0.03560386225581169,0.0966067835688591,0.20110118672251723,0.005129530165868345,0.01293833596336961,0.0010118981008417904,0.001985152601264417,0.005042483448050916,0.08364628836512573,-0.0521033279268886,0.05210190276333242,-0.083785864058882,-0.028208137722685933,-0.011357794603100047,-0.001350786288967355,61,64,97,100
3dof_zero_L200_N100_seed10,3dof,zero,200,100,10,18.50438033932717,56.91775015763135,0.9438741603138321,2.7049961767914183,7.079653732197525,241.93283835027015,10.212380412612285,34.056012895052625,0.30488358260989906,1.4493555213371905,4.610498223850596,199.76310366040218,-8.291999926714887,64.05792509256574,-3.469746883685865,-0.7339637581411561,0.5372167066419289,137.38781830798527,3.1791063963310684,22.086194979999387,0.006670565574854973,0.022880132643235723,0.059976239065197265,80.72542863716912,0.4235080613701706,3.6977152539446503,0.0007955856845950722,0.002742990009903922,0.011460621378494046,1.7351788158344061,-2.7555983349608977,22.28496970818441,-0.04517501156270072,-0.016386724383474553,-0.0034067282792844093,0.352508324950763,0.05650176075170748,0.1514806557086313,0.008609007112681866,0.018698991276323795,0.05784694291651249,0.23874951988459275,0.01399600731456303,0.09767012849328945,0.0006471475353464484,0.0013860067119821906,0.0038219790440052748,0.07844243220985403,-0.042505753437144446,0.06731502294213328,-0.051597132347524166,-0.01548475025629159,-0.0062957111513242126,-0.0007783667277544736,66,69,93,100
3dof_zero_L250_N100_seed10,3dof,zero,250,100,10,8.23308102058067,22.984353965302937,0.6094021088662168,2.0427997119155163,4.759572424591208,122.47166719806827,60.514042138719994,488.68101281417626,0.2777675701510703,1.2154028733336566,4.652959668148203,430.46532648000067,52.280961118139324,489.4118213344337,-2.397414673818404,-0.2123397952863375,0.9116574023184266,430.043642276735,0.9772687393337572,4.57681415102502,0.0043767636345336935,0.012648818081224315,0.05806373769155639,28.92868347911849,0.2516725286700472,1.0252355355979514,0.0008379711946237602,0.002535884073215999,0.01901493951075294,6.114175491112314,-0.7255962106637103,4.377021310484164,-0.03565715539507819,-0.007645713833001689,-0.0016779605896386825,2.4120038904351255,0.08860633896314539,0.15581676145713863,0.010477384319528937,0.04543835110962391,0.11114659160375595,0.42070275157690534,0.020715316165442345,0.10322114708279981,0.0014076928200665861,0.0032423337688669562,0.006548385019414127,0.28505366772413615,-0.06789102279770304,0.08620773546376401,-0.08463016600580886,-0.03397494595265016,-0.005824526087963022,-0.0008143636494060031,58,60,92,100
3dof_zero_L300_N100_seed10,3dof,zero,300,100,10,37.86964076594669,201.10518129221774,0.7017216721373359,3.2661401307643008,13.562362240565946,465.7946247193193,5.72973691663088,12.704663422553713,0.21680856279923075,1.1366283287609862,5.298189132090889,65.12829989207049,-32.13990384931582,201.89764691258412,-9.03377992001655,-0.700019228906106,0.6281411974259226,60.841678339940664,1.9819414809936047,10.055119528542049,0.00726448559524589,0.03268387561903284,0.19953394142422354,25.02295292164135,0.059044779595700765,0.15659014695833076,0.001542441525544449,0.00378316533760077,0.02123468144285122,0.8005905414305656,-1.922896701397903,9.999772074478424,-0.13748020105132686,-0.018901069045547374,-0.003201791445709283,0.03368930882713398,0.04868444526335224,0.062347447993610416,0.010511945001780987,0.024735034443438053,0.07311557792127132,0.3357295292615893,0.006367916523886379,0.014661457898999182,0.0005488296155817807,0.001408437907230109,0.0034383138408884406,0.06747218318283567,-0.04231652873946587,0.05716320593484677,-0.061906263188575394,-0.02024253294803202,-0.007113387182471342,-0.0013559807883575551,65,68,89,100
3dof_zero_L350_N100_seed10,3dof,zero,350,100,10,38.67936581051753,286.27629945940174,0.9056110327742131,2.8431284741794407,5.438410601534751,232.62043594156052,5.846103599900407,13.962337782467452,0.6140102005229362,1.5352645249771735,4.155767471668698,48.34838440640907,-32.83326221061713,285.2297156257038,-1.8689059237512184,-0.36545367760601455,0.5436066145211487,37.744517172565175,0.35469218650253304,1.3181556842182598,0.008893904188845088,0.03972844040663688,0.1539938784263612,4.521947205106454,0.10068068534435687,0.3772398276831651,0.003034658930219591,0.008454496687039091,0.03664088773022721,2.2856460977226067,-0.25401150115817617,1.1098254724844496,-0.11564318673124244,-0.022986978054741453,-0.0018211217360406145,0.5005109709353196,0.059447689562803135,0.06322142310269631,0.01823825715109706,0.037014227360486984,0.07599533908069134,0.2740683677792552,0.012361916299851146,0.026057973334623803,0.0011286239023320377,0.003981411689892411,0.011887680040672421,0.11596158310771032,-0.04708577326295199,0.05618921098616837,-0.06748576399695594,-0.021195411682128906,-0.008735964307561517,-0.0007554497756063918,53,64,81,100
3dof_zero_L400_N100_seed10,3dof,zero,400,100,10,27.273667275978152,128.02584678476424,0.5873134644596243,3.3874816732584687,10.362976519644487,440.16587639205255,6.87013920060144,18.776871698804076,0.12484368233211293,0.8327399343624518,3.1199896874319153,82.53816317866477,-20.40352807537671,122.23627382324254,-5.310434643831021,-0.7488427450045276,0.07079257897084056,51.66623170570775,0.8026182128760128,2.4799922837312254,0.009074538934041618,0.02801761870109859,0.16779631833285755,11.813863823119886,0.14614709312794102,0.8375239964938638,0.0019445990307326178,0.006571069214306403,0.025090418424909482,3.486364413240208,-0.6564711197480716,2.462059034464457,-0.09832693691625517,-0.01812703197846862,-0.001962478499619203,2.16039478946855,0.05189747928176075,0.05900589979538658,0.013367067091166973,0.02794702909886837,0.07009637355804443,0.30647334903478624,0.006327576541225426,0.017086294211644405,0.0008345544338226318,0.001761794148478657,0.0048517187824472785,0.06930468462407631,-0.04556990274053532,0.055186061519153014,-0.06737272930331528,-0.0244536405953113,-0.008323520465637557,-0.0008607348482473744,62,70,84,100
3dof_zero_L450_N100_seed10,3dof,zero,450,100,10,13.58035172818495,76.51060737354965,0.44427179662812755,2.353429165425393,7.096225302473087,67.46222388260449,7.931980361069548,27.486025893960505,0.11788592723842964,0.7082922179720754,3.122453294627634,168.34501943929646,-5.648371367115402,81.61826791404181,-2.948654466457235,-0.28327988034828955,0.0484961563090993,152.53317060667368,1.1224805525508357,3.1502446238703934,0.011586336271423733,0.04548796675600733,0.206981129562281,14.881872688492509,1.5079390038424088,11.580075267402226,0.0023955537895662734,0.008373887391366387,0.04365034677362806,28.693637466687186,0.3854584512915736,11.195551477455805,-0.11989943134594276,-0.027235997698709095,-0.003099039244845579,26.2803530116499,0.08980298237758688,0.10042628274568233,0.018354724626988173,0.05444747395813465,0.13042035698890686,0.39286029875278583,0.008725172156700864,0.0248950611987427,0.0013821820612065494,0.0028298100223764777,0.006490221014246345,0.086216108202935,-0.08107781022088602,0.09391505237163715,-0.11460220150183886,-0.04914003919111565,-0.012578021109220572,-0.0008674261518171985,68,71,87,100
3dof_zero_L500_N100_seed10,3dof,zero,500,100,10,13.845900059895978,68.87041642466997,0.21824583983113285,1.1610534172578877,5.25302277543771,242.36460824357437,5.552298719341675,12.689730193864266,0.10988569614812539,0.5138020251024326,3.5916687230646103,54.99523869135233,-8.293601340554297,69.53285609692882,-0.9675272313846548,-0.19836976062157405,0.20383738605971816,43.22344090518304,0.8251720515260925,3.797857034952494,0.007793906317136905,0.0482932763490853,0.16346541780728518,26.101883236194514,0.48992336436373046,2.397094715982147,0.0019447703855258302,0.01332323437521066,0.06698126806843938,13.839087028223993,-0.3352486871623619,3.0383653050524764,-0.09114235920187015,-0.017112254744632675,-0.0017761186760688018,1.3897911641958574,0.04504373904550448,0.06804471433820226,0.008613487239927053,0.019257904030382633,0.05094160884618759,0.295145829319955,0.00512921816916787,0.014278319735579666,0.0009521246101940051,0.001814266201108694,0.004197657108306885,0.03717791080474905,-0.03991452087633661,0.058093625977310555,-0.04769105924060568,-0.01621729228645563,-0.005342960299458355,-0.0013674839929444704,61,67,79,100
3dof_zero_L550_N100_seed10,3dof,zero,550,100,10,11.209859464366446,40.282250200523784,0.4038019288206584,1.6234900211770475,5.181364330454111,92.68944859585822,26.12829116717738,152.8382252300385,0.16286530284555767,0.611843681682902,4.008773415076678,359.9839136884742,14.918431702810938,150.0580623405364,-1.4178840410593434,-0.25268141880432626,0.5265120316836778,242.49320216370083,0.43277058611271463,1.174080383260494,0.01271180717043435,0.04613903984318439,0.23931432640138667,6.967789428202405,0.2870072571765727,1.7352507746011654,0.004790020588349075,0.019757453530748682,0.0840247723297758,2.4941162819512943,-0.14576332893614208,2.022835682079702,-0.1443902795885113,-0.027888473706238738,-0.00042824122866989475,1.0867550159286172,0.05288137242430821,0.057140190163466546,0.01054648612625897,0.029072880744934082,0.08024859428405762,0.23853392273187643,0.007056487661611754,0.013737429831650784,0.0010001957416534424,0.0021587014198303223,0.00691105960868299,0.07372750975191604,-0.04582488476269646,0.05519406465072207,-0.06419468608510215,-0.020472328484174795,-0.0062226258451119065,-0.0009900117694633071,59,64,75,100
3dof_zero_L600_N100_seed10,3dof,zero,600,100,10,4.733033139019975,9.620396067386013,0.35733686176218665,1.1492145900111574,5.163234475368881,28.3723476029622,26.48159732450454,215.00077940960676,0.10358080214443943,0.6381182135755278,2.2457766377778476,152.08073321297775,21.74856418548456,214.53482886220394,-1.3184422186769784,-0.30353725810690285,0.32934547544477744,138.20432284479148,1.014375318488917,5.29243647271254,0.017751016566074265,0.06571399783590595,0.42048117724246536,14.141662681969182,0.17901163618560104,0.5360388187140054,0.004316738134063796,0.018092316226865718,0.10813910239419296,3.3191484716944353,-0.8353636823033157,5.1593913882294995,-0.12061579586877251,-0.034423174356939486,-0.000925263586291061,0.732578938248471,0.05231607443885878,0.0701680114770297,0.011136592598631978,0.02252872847020626,0.0633824784308672,0.35702628970146183,0.01050570406659972,0.022097140203565784,0.0013282398867886513,0.0032009483547881246,0.007530142902396619,0.12546744182705885,-0.041810370372259056,0.060057951933141784,-0.056624105462105945,-0.016874134889803827,-0.006592095363885164,-0.0008896820142399507,62,67,77,100
3dof_zero_L650_N100_seed10,3dof,zero,650,100,10,7.943119369831197,23.974976726991144,0.30386431943106906,1.1402001834506137,4.586021548440746,141.09160997341172,3.712293944292095,11.312125759190181,0.04848607271980276,0.36241233812047224,2.3073815518182252,46.51326193877097,-4.230825425539102,25.957221407424697,-1.7783176041747737,-0.33850348808458197,-0.000540326225873901,41.7100052039194,0.5639261495295123,2.0638567386166358,0.012098631646725203,0.07142009838113178,0.203808869779142,5.231499134283319,1.0868953255972589,6.420276260085057,0.0024998035087314963,0.01478098128885525,0.06652178527853977,25.188875349791882,0.5229691760677467,6.112745290565273,-0.1463314833284404,-0.02794576309321695,-0.0005570744283372204,21.15314662504874,0.0582598449382931,0.08347036221173737,0.01119376253336668,0.026798468083143234,0.06698242947459221,0.4034874421358113,0.007425378001644276,0.010644728348141595,0.001434882520698011,0.003939648624509573,0.008425782434642315,0.05689291805028918,-0.05083446693664882,0.07944810216875833,-0.05923922243528068,-0.018494089745217934,-0.006225675679161213,-0.0005323835974559125,66,75,78,99
3dof_zero_L700_N100_seed10,3dof,zero,700,100,10,4.186728340208226,8.644378519516232,0.2085588135249034,1.1994562646762332,4.635029889633294,34.41102140285781,4.965092459253828,17.884929862638856,0.11188157380973096,0.44979577361310974,1.987811063380332,67.37163086419524,0.7783641190456031,18.349352937292156,-1.5192713599866814,-0.203848473942405,0.0654036073730575,60.62572922935641,1.7156360765244099,5.8347342124125525,0.014448876276607844,0.07993345783991829,0.423255625330273,34.02408115008,1.2827483394550614,6.643371343695653,0.005272924748683575,0.030829254164677702,0.10054688513837236,17.298527847448096,-0.43288773706934874,6.077343410867236,-0.1454051234680992,-0.01889944769033321,0.00252336102514617,14.178618973994368,0.04874089823104441,0.06645757291551964,0.00847730040550232,0.0198732428252697,0.06187504716217518,0.27041782170534207,0.008672220974694937,0.013721023695176558,0.0016480088524986058,0.0034242472611367702,0.008841604460030794,0.056624631173908806,-0.04006867725634947,0.06209460828692418,-0.0465563137549907,-0.013380467193201184,-0.004447599087143317,-0.0009880338562652442,57,66,68,100
3dof_zero_L750_N100_seed10,3dof,zero,750,100,10,6.697906922355506,23.601678904835367,0.1271308037490407,0.7611964206225645,2.396689247627917,79.87011289467762,2.231058594007405,7.546155681882689,0.10593025969264282,0.4081118731575537,1.2094091900992074,50.672234737483734,-4.466848328348102,22.94706544494224,-0.8901716404561606,-0.24279256156404033,0.046896033692268635,6.870367588357782,0.9088837252626862,2.9155361045783086,0.0175457123197241,0.07960866769587786,0.23026035304577874,14.923623832937079,2.2262107472373387,20.26912782068434,0.009212504084829262,0.04140186268872885,0.1404960045746514,5.3598090892495325,1.3173270219746525,19.303241916631645,-0.10537812023743262,-0.023965517977147358,0.004688229055712782,4.795030423336155,0.05536579720443115,0.05794694182557851,0.015279333340004086,0.031852345913648605,0.07307900115847588,0.24741767048835756,0.012176010243420023,0.01999722518211951,0.0019859572930727154,0.005959669826552272,0.01301498245447874,0.06848862946033522,-0.043189786961011126,0.05037043196018989,-0.057217052788473666,-0.02696967264637351,-0.00734790155547671,-0.0006526149855926572,63,66,70,99
3dof_zero_L800_N100_seed10,3dof,zero,800,100,10,5.177175075422752,17.61486016166677,0.2380644541878689,1.034804028199573,3.4755870810219323,57.08542557260298,4.84433979955096,16.62341460720367,0.09868073346934685,0.5685541133135059,2.4926157372655546,88.23184885375024,-0.3328352758717931,23.454672964435343,-0.6437286047765896,-0.10420544311827873,0.08316136635115333,81.54666810592065,0.8419405948645584,3.495854572448389,0.025773241758178387,0.12825491830389857,0.424774313976796,6.310156244646193,1.0093303401056086,5.881326698769177,0.013686720805355716,0.04122247400583928,0.2920686031866264,10.55631809387011,0.16738974524104996,6.0758678262082615,-0.11348449403502069,-0.01953391469300607,0.003585249564437719,4.817028689774856,0.07341725550126284,0.08030857727283582,0.013349503511562943,0.04047109745442867,0.0999481100589037,0.3310244223475457,0.010061616334714927,0.01397145063448207,0.0029088358278386295,0.005628109211102128,0.011970838531851768,0.06451760292053246,-0.06335563916654792,0.07738188487754694,-0.08224947517737746,-0.030678532551974058,-0.006358395214192569,-0.001335853356868027,59,67,67,100
3dof_zero_L850_N100_seed10,3dof,zero,850,100,10,6.953752203432108,14.62585577916911,0.2660627929745259,1.2785349077234318,5.82247212426006,68.47235432210616,3.275231295344489,10.225419907826998,0.07373996689467542,0.5894329577123154,2.98786454820708,22.453834107837597,-3.6785209080876204,15.486957396269036,-1.620167290032139,-0.218882153022178,0.007784038580095548,8.479401427868927,1.2103513580444472,3.8527674028816814,0.027113475237927374,0.12943959056032292,0.5360068933098749,11.512536168849637,0.5551145873682788,2.1060921378383384,0.013020649914420862,0.07236737359068685,0.29193730892673836,7.84125818697646,-0.6552367706761683,3.9232914161938646,-0.1628832119293762,-0.022855821719230188,0.0007918926189140895,6.153723080329218,0.0761419538105838,0.09742211914797289,0.01768864318728447,0.03921026177704334,0.095641128718853,0.44188713341951397,0.012992625180631876,0.023043141992401844,0.0025720297708176076,0.0065366229973733425,0.011713852640241385,0.12971290752291692,-0.06314932862995193,0.0854889410952592,-0.08308646059595048,-0.029870550089981407,-0.009684056043624878,-0.0011427096556872118,64,69,74,100
3dof_zero_L900_N100_seed10,3dof,zero,900,100,10,7.547412504678089,37.361721930191784,0.22998145195518288,1.2190459953622048,4.35521742905979,47.412607779744796,3.9896914654033986,10.012653643583814,0.13882377601178342,0.5569098077851662,3.0405715354496134,55.23896611742866,-3.557721039274691,31.330621073775024,-0.682477178020242,-0.04779252724974031,0.22847011367757097,19.231391619601276,1.1972686661852907,3.3867115578577027,0.022715600585814837,0.10752001609922165,0.4560178850196634,15.851892013084207,0.9365953260210732,2.5557254069500077,0.018334809644168434,0.058487237894713995,0.292056826829218,13.56302189962431,-0.2606733401642178,2.1960154098741773,-0.15713593043374774,-0.015989881062791398,0.0014693591397419228,5.253533529671441,0.07128597761970014,0.07943685102496838,0.01745319366455078,0.04075799509882927,0.09763022139668465,0.38606998711824425,0.014216579855419695,0.01920198721673146,0.00373794644838199,0.007252295967191458,0.01496395468711853,0.09194330446422111,-0.05706939776428044,0.07296193073623142,-0.07230296824127436,-0.027803242788650095,-0.008456905896309763,-0.001981559197884053,58,64,71,100
3dof_zero_L950_N100_seed10,3dof,zero,950,100,10,9.81300158072437,33.225383402843185,0.29507368716841254,0.9953179705939699,4.0283846474519684,152.07668780127335,3.4720020480173317,9.53794704435884,0.13904780769758818,0.7653910083115354,2.6028741333752685,62.6705290706273,-6.340999532707039,33.22705138710337,-0.5944207686014037,-0.07822284956165174,0.028526122969480566,46.554368489488546,1.2902100624273354,3.3862540405158645,0.022217038127869022,0.15074557875916225,0.7080531858156127,18.183516332832536,0.5829277718912382,1.3420383867618102,0.02299215166801813,0.0859584563905263,0.31497275184196966,6.367671658795431,-0.7072822905360968,2.9425024602191407,-0.15196148434256532,-0.016691948156575223,0.011019052919726748,2.793213145740922,0.0901209384156391,0.0986346805150752,0.016808480489999056,0.052845679223537445,0.12748104147613049,0.3988181295990945,0.021922996973153204,0.030124259204137433,0.004262914531864226,0.011653582565486431,0.026913384906947613,0.14117301806807533,-0.0681979414424859,0.08428496182730873,-0.10193233424797654,-0.028087656712159514,-0.008226284757256508,-0.0018115726020187138,58,68,65,100
3dof_zero_L1000_N100_seed10,3dof,zero,1000,100,10,8.560662576157556,48.21432717598963,0.24421576120450342,1.0774627214223396,4.679506285746083,61.90627834813104,6.555023032853099,24.54492624328698,0.1278084152298548,0.555746436525793,2.3524980371998447,145.02263506289344,-2.0056395433044574,35.53273253615551,-0.9174952004112514,-0.12180218201718854,0.07406023329906805,96.62289849396636,2.1040486684365716,6.204659546398216,0.03220403120114811,0.1842543158967639,1.3900341189625176,36.08698686454906,0.745268402573736,1.575361701238234,0.014797756460243179,0.09406982118574832,0.6016571468583427,7.6818061324473055,-1.3587802658628352,6.0524282118001445,-0.17375033002223741,-0.01864021772410601,0.002398808069940999,4.597762900669767,0.1379387846821919,0.16443476520268258,0.035986363887786865,0.06409261748194695,0.17541298270225525,0.7518133956193929,0.02935855637770146,0.03943256080111405,0.007098168367519975,0.014287452213466167,0.03582043666392565,0.1898140525817874,-0.10858022830449045,0.14664168541533384,-0.12547289626672864,-0.04912664508447051,-0.012718539917841554,-0.00016530346125364032,53,65,73,99
3dof_zero_L1050_N100_seed10,3dof,zero,1050,100,10,5.024345696550578,27.38258727698802,0.16501757481351076,0.8847837290914651,2.6091117182148755,19.390644025482665,2.294605997344587,4.5915187048524295,0.12363232381383274,0.7084309521560728,2.266555908686255,18.785327067180198,-2.729739699205991,26.1964937302642,-0.2734235687677294,-0.022682069885735623,0.050898057556727855,2.6582034026663477,1.5315246650026972,4.39497127990255,0.02541244942406093,0.1588536788518787,0.8320977466209103,25.695918727841576,1.2808888959221527,3.3592608279530407,0.02239915317852212,0.12569748391514715,0.6886043063155984,18.01365171919012,-0.25063576908054475,1.6232192936404597,-0.04234918191889109,-0.004836994651300266,0.01039097312411217,1.643233590176608,0.20798232592642307,0.16952522455937954,0.06392108276486397,0.16965682059526443,0.29200758039951324,0.73338072180748,0.044075678393710405,0.06081552763159217,0.015457968693226576,0.02697763964533806,0.05544538423418999,0.1521441251039526,-0.16390664753271267,0.14378072412702905,-0.23937603132799268,-0.12844928074628115,-0.04166191187687218,-0.005524738887324925,49,60,59,100
3dof_zero_L1100_N100_seed10,3dof,zero,1100,100,10,5.175104291418191,12.79656786496243,0.1615217461455323,0.9319543001772502,3.6703985011699607,66.36730058365454,4.964355413106908,12.558270902703919,0.19744581613995787,0.9207108767037249,3.4550949787153673,67.96114329059681,-0.210748878311284,6.7568123635823305,-0.08951473817024516,-0.002528947439274884,0.08496074375328799,10.467891890308092,1.1062257364827035,2.7331808018160464,0.03873794731636529,0.22879512691527215,0.8048403622197269,10.918134826445424,0.9840180954907103,2.8558940331380196,0.04295393189346149,0.21943012928827804,0.7438525535281717,8.796080502117864,-0.12220764099199326,2.4499576903638394,-0.05494967169094078,-0.004790659661558946,0.0055662958520979865,0.6185886487004921,0.41672489020973447,0.22823397321547878,0.232906524091959,0.41366244852542877,0.5530580580234528,1.015188916921616,0.1544322683289647,0.0876497172668985,0.08954978175461292,0.14392900466918945,0.20498745888471603,0.36178028404712714,-0.26229262188076974,0.14697716317287388,-0.34481287375092506,-0.26600077748298645,-0.15246045123785734,-0.0061050301603972025,44,52,61,99
3dof_zero_L1150_N100_seed10,3dof,zero,1150,100,10,11.91066287500173,50.62878379267765,0.5218355424769489,1.752461491648317,4.565577459458762,241.02126549898935,9.904049248419065,36.61266457116997,0.5385663516469381,1.4689443839944398,4.111045327095047,197.45813116645877,-2.006613626582668,14.740036809495098,-0.11048919059402973,-0.0012940311013183714,0.07213160661518392,3.3280679115727994,2.041955262999638,4.427204513557026,0.08050485749279478,0.45088682142051195,1.4492450237409882,26.396731638819716,1.935982002758423,3.8228281955438774,0.06630757985444483,0.4562767791411282,1.542549554452582,17.728275262867566,-0.1059732602412153,2.155076987100612,-0.039045262574719616,-0.0025932279598303246,0.010347073836416726,4.941789883800222,0.626707188077271,0.2501817293305871,0.44917481392621994,0.6260883510112762,0.7696457356214523,1.1173120963573462,0.3565433537214994,0.15940210511769415,0.2394348494708538,0.3520127385854721,0.44895899295806885,0.734105276465416,-0.2701638343557715,0.09743717432965712,-0.3438519090414047,-0.2755005210638046,-0.2035292536020279,-0.0325015655532479,41,52,55,100
3dof_zero_L1200_N100_seed10,3dof,zero,1200,100,10,10.965903717360854,45.97945823333203,0.4824638674594408,2.2539769511551926,6.338077697223245,85.21168206740741,16.10356069423521,69.66862664138108,0.43760890751703074,2.095283152342671,6.003375332391299,470.5078649033445,5.1376569768743545,43.39564445001354,-0.08546961317487273,-0.003996041848349598,0.3760613911913834,46.43166482044886,1.7959870423839208,5.459314610243914,0.10226581363666606,0.47416104007812926,1.8747482074617392,11.492336198142105,2.019790289823948,7.927888542228226,0.09963588520541777,0.4451950410020039,1.8891669758837426,11.96577149595325,0.223803247440027,2.5929256703846275,-0.028215788388507454,-0.0026181194583890406,0.009574643352527976,1.061247891906227,0.7775773471593856,0.28473694287433615,0.5667087286710739,0.7893096208572388,0.9658973962068558,1.3366805493831644,0.5458272138237953,0.21593874490355217,0.37617209553718567,0.5392647981643677,0.7072076797485352,0.9931871247291569,-0.23175013333559036,0.07714581072702849,-0.2795984447002411,-0.23703533411026,-0.18473901599645615,-0.04538668110966664,48,56,60,100
3dof_spline_L50_N100_seed10,3dof,spline,50,100,10,429.607895608983,3364.7069998625007,4.035144106434816,6.986148720566602,20.059216526405052,3070.068003579821,494.72732757773525,4704.538869512092,1.7083033787267587,4.210481563040675,12.066437350615828,948.9011678897373,65.11943196875227,5818.8921517390345,-9.692500074851598,-2.205366050574465,0.5688707116085148,749.7552870222421,79.3200966478055,597.7829998221027,0.3741952157291465,0.6911234944804249,3.502190120485947,950.1894847324929,196.8252511201282,1864.744866593403,0.04082756634432271,0.15758088043240767,0.6622258480099248,747.2724745054554,117.50515447232269,1276.7815274352565,-2.1857806170241156,-0.5378063923405005,-0.2735605228965044,637.7723735147231,0.3998204553499818,0.4302437154618209,0.1852044053375721,0.3462328761816025,0.49791480600833893,1.350240586996092,0.11438627080759034,0.3032552325376866,0.0163413193076849,0.031432271003723145,0.08008570410311222,1.2308829081058572,-0.28543418454239144,0.20615251081561908,-0.4025205614743754,-0.2817570697516203,-0.11852960358373821,-0.012411291226744524,71,73,98,99
3dof_spline_L100_N100_seed10,3dof,spline,100,100,10,41.77240719868576,202.89032400172565,1.8286482769479881,3.4176012476071684,11.612715225865692,567.6033137454441,16.91791400156626,66.00879090781469,0.40921610245645273,1.4555787747540232,6.545717176492701,359.3071077882565,-24.854493197119496,214.2279169212723,-5.023985296582249,-1.4597258503077186,0.006397770711205154,349.35320962697654,4.921492154634658,39.8294762717604,0.026446905569940542,0.05910825431025106,0.3418000032664934,37.461156997127496,0.05335678241902553,0.16970781995075127,0.0022156758777382305,0.005310715749389997,0.015535781381256027,0.8183357326641418,-4.868135372215632,39.76922164055968,-0.3087502426974121,-0.05063432246662134,-0.017587993696297967,0.010762905649455135,0.035666698695858944,0.03828392152474467,0.009104808559641242,0.022253037430346012,0.04932996816933155,0.168772298693657,0.00418483230721904,0.005202432498383989,0.0011388461280148476,0.0022594929905608296,0.0053037903271615505,0.030672805756330496,-0.0314818663886399,0.03658401375577316,-0.04397236366639845,-0.018190146307460964,-0.005076945119071752,-0.001076439734315495,73,75,94,100
3dof_spline_L150_N100_seed10,3dof,spline,150,100,10,15.167025974150942,30.218673928203955,1.5222604160132598,4.17896035574848,11.698750913829855,137.2534935069554,10.368908946365186,25.832846520328197,0.546933283813616,1.6992690866675493,5.897191711970064,138.55902387057353,-4.798117027785761,35.76839605062959,-8.462359677080824,-1.2934993077713897,0.9366443211661939,97.13555035657217,1.0943166795506818,4.881641500745304,0.010905616941989413,0.034610841769148845,0.13715085213058936,25.58502883957261,0.44336878760023346,3.6145152673121945,0.001646437963185454,0.003694130666081363,0.01528069490618561,2.3998886501981644,-0.6509478919504486,5.723203155054737,-0.11273181105626297,-0.023445843631679085,-0.006435139326632323,0.37894010656875404,0.053667067785281686,0.0580263109717404,0.014630645979195833,0.030304751358926296,0.06726713478565216,0.2563713049888611,0.006094796075194609,0.014898650287765235,0.0014990171184763312,0.0029757024021819234,0.006393353221938014,0.02500223508104745,-0.04757227171008708,0.05835275837647105,-0.06359145167516544,-0.02329188701696694,-0.006175885908305645,0.0021525848377496252,64,70,93,98
3dof_spline_L200_N100_seed10,3dof,spline,200,100,10,12.304397224090614,37.36678027385038,0.9037608276003593,2.3381329210829733,6.7037320418904995,131.07574876512678,5.052246064334869,11.75433179343152,0.3311677748552243,0.9396851450257436,3.7131818481772276,65.92640680270944,-7.252151159755743,38.62701444123876,-2.7773483885418178,-0.7081071357902925,0.17209438251278025,51.99339071992674,4.333476350191493,26.821745990003766,0.012363987718408652,0.032848347298171175,0.10091338410721779,63.48377030522933,0.07687566261829898,0.2890257490306481,0.0013228134378430868,0.004143025442289805,0.01618369613583413,1.3001483535448015,-4.2566006875731945,26.77889063841877,-0.08249488756887244,-0.02812029171687911,-0.005389231808958009,0.11695447526980177,0.04910541616147384,0.06348444563539321,0.010987769113853574,0.029392005875706673,0.06538600847125053,0.2422633230686198,0.006609426582581363,0.014705679509139135,0.001397450832882896,0.00268409657292068,0.005823443527333438,0.04227781154215383,-0.042495989578892474,0.0549016263071009,-0.05483624542830512,-0.02237194764893502,-0.007658670423552394,-0.0007175204332452265,68,68,96,100
3dof_spline_L250_N100_seed10,3dof,spline,250,100,10,6.063465552644634,13.381999649829178,0.2899868157038075,1.7426194736684288,5.466754146823766,73.32728197669032,6.09580762770102,16.120262580681594,0.17054009721050772,1.023942396024599,3.8146676223248073,87.26652108864546,0.03234207505638612,16.78413079745853,-2.267637544973122,-0.12374853702126304,1.10461450168194,79.7739603860012,7.285591649892566,71.19447086254556,0.004459655379839243,0.014488127258279946,0.04591753294822443,9.9455579728143,0.06437698021436718,0.16655648235108744,0.0012513181684997467,0.004531987495135627,0.021947882132959902,0.7363678422736286,-7.221214669678201,71.14128288469573,-0.027148252756722637,-0.004284743437516942,-0.001119350499973392,0.28444033705092203,0.0873019259632565,0.13876349607742353,0.018929988145828247,0.05089307017624378,0.10210503451526165,0.46513425588608165,0.014285768461413682,0.07533260564625578,0.0023127198801375926,0.004468898056074977,0.0069787801476195455,0.07003404498100636,-0.07301615750184283,0.09057964061737801,-0.08780969772487879,-0.04541017836891115,-0.009881188278086483,-0.0015668857283890236,56,59,86,100
3dof_spline_L300_N100_seed10,3dof,spline,300,100,10,18.60147137619055,65.87197457120851,0.5225749665279485,2.186144057219539,8.907702432096908,292.9467542991477,6.818801993492198,33.91734225101702,0.16325585042677526,0.8349426662197039,2.740327812725358,68.42922997480714,-11.78266938269835,71.92754630185257,-4.203958410135373,-0.4774656500830448,-0.012687920565258375,60.9347151607627,0.3796395692640152,1.4159716903162154,0.005505689351776472,0.03252987890616899,0.11150203906584015,5.259245954804374,0.05858212038630694,0.17433282701712052,0.001766565709525732,0.006566468042986384,0.027047069033424128,0.7696260028376432,-0.3210574488777083,1.383178605481298,-0.07177205802252579,-0.014892681587664984,-0.0016673324810278943,0.5319508136693274,0.05352549409959465,0.06381683332612001,0.0133977634832263,0.03148947283625603,0.0688730888068676,0.2509995560348044,0.005860652268165722,0.0076664108114159295,0.001875917165307328,0.0032987596932798624,0.0062882405472919345,0.04120646432042125,-0.04766484183142893,0.06248686061247755,-0.061512152722571045,-0.025631865370087326,-0.007228324800962582,-0.0009454151010140773,68,75,86,100
3dof_spline_L350_N100_seed10,3dof,spline,350,100,10,5.551845800491805,20.079223016949168,0.9736919718495811,2.170470140997555,4.252342485667876,37.99201700991944,11.814366735887834,94.45990900087163,0.22589444144718834,0.9006059242555362,2.6610884207474603,40.492009515954386,6.2625209353960285,96.25986740683317,-2.090878621562218,-0.624441082395442,0.019713165334970306,34.32881134475975,0.49314256912528287,2.4651033720479836,0.007193488738839692,0.026064017015316354,0.10895662756302384,7.559616323898182,0.2245723646972827,1.5174471700213599,0.0017780317568580038,0.007006877767482953,0.026654998152344258,1.623348546414984,-0.268570204428,2.610254430554534,-0.0774899899773835,-0.015740294930715572,-0.001460335529898031,1.2386823113432914,0.0500444220402278,0.05055603551156674,0.016962727531790733,0.03096582554280758,0.0642643179744482,0.2256643950939179,0.011091408137581311,0.02026143838891107,0.002102166472468525,0.004220585338771343,0.010750621790066361,0.11877089537680151,-0.03895301390264649,0.04649717413088973,-0.049613904498983175,-0.02360682003200054,-0.009675254696048796,-0.0008804888091981403,70,74,87,100
3dof_spline_L400_N100_seed10,3dof,spline,400,100,10,5.517185351049964,12.812567257552105,0.33680498449446983,1.7651894800434773,3.579530444790763,56.77112714581413,2.1805630545549084,9.434315015602042,0.07708932056211333,0.4486936222506561,1.5356841244793533,51.63858964525965,-3.3366222964950554,15.930728243911895,-2.5314477772642796,-0.6173485301809817,-0.02670357833988319,41.76221142615196,0.4386210477762363,2.1366664629592638,0.009589788013408197,0.037197989522845934,0.10574466565648291,9.839440690151314,0.0720224937798181,0.3417203012892916,0.001528671962972828,0.0062688053602086985,0.02397184576501195,1.3258085531526944,-0.3665985539964183,2.095616632747277,-0.09067282741284514,-0.024467552227016062,-0.004526788055853118,0.031192907918064065,0.04273920150706544,0.05048585942318144,0.012805819977074862,0.02471222635358572,0.04908224940299988,0.28820897042751326,0.005554713953169994,0.005750698844825198,0.001985996961593628,0.0031493903370574117,0.006800602073781192,0.0265537508763373,-0.03718448755389545,0.04936996706061916,-0.04141581043950282,-0.01950659416615963,-0.007746189716272056,-0.0019491693284362517,73,78,85,100
3dof_spline_L450_N100_seed10,3dof,spline,450,100,10,5.8474183754427065,10.204934032269154,0.4597374148909067,2.0333190992395425,5.928884199069805,53.70514147604571,5.220345127741244,15.38785036651966,0.10201543977643275,0.8657417004957644,3.647079124592106,73.49383746233333,-0.6270732477014636,14.832570661598309,-3.2827849473689943,-0.22380308449339903,0.16247808075870934,70.22508419741888,0.37454785814802016,0.9893641842903019,0.010383570487939031,0.03213970637498732,0.24911511141482623,4.58055861369655,0.09136665854984598,0.21317625006123456,0.00432769837044296,0.012603795071784465,0.04121464222963332,0.71393002773313,-0.2831811995981743,0.908856944573301,-0.08973193481670982,-0.019198092706717965,-0.00038356543879630874,0.2249657031376096,0.08425035217776894,0.08889103664002802,0.01940344739705324,0.04878159612417221,0.12234818749129772,0.40925911784172125,0.008582465912331827,0.014463219113146995,0.002795507723931223,0.0042911372147500515,0.007002502796240151,0.08123829372227201,-0.07566788626543712,0.08433240929193116,-0.11530076735652983,-0.042550645652227104,-0.01545821625040844,-0.0017543886508792563,63,66,78,100
3dof_spline_L500_N100_seed10,3dof,spline,500,100,10,12.892016907110385,76.07156751155715,0.38896807861595417,1.2128158025805482,3.868648522004143,86.29612322278156,4.531853905584567,15.968536697901397,0.15543920023305513,0.42654976097617164,2.4880531380553528,59.36505723790938,-8.360163001525814,77.3672041231406,-1.1353041607160157,-0.20351089101037448,0.0070121428966919,55.615963910290134,2.4611166312754,12.78664704995467,0.016359918070152166,0.04703099472074494,0.17041950836343334,54.687892327068575,0.47228487266341235,1.884337354536876,0.00582810471032652,0.021963133877889097,0.082661370077228,10.211891249553732,-1.9888317586119881,12.770757621405453,-0.08273040706045429,-0.01674976861570461,-0.0015644207793745995,7.8359483657888855,0.053899162401212376,0.06018361962793059,0.012191663729026914,0.027251800522208214,0.07427039928734303,0.24177505701780358,0.006973233839962631,0.008050502075089906,0.002447495935484767,0.0038153132190927863,0.007320831646211445,0.0389554898813367,-0.04692592856124975,0.0550900736885489,-0.06768204754916951,-0.021448375657200813,-0.00893997197272256,-0.001117574527743271,68,73,79,100
3dof_spline_L550_N100_seed10,3dof,spline,550,100,10,4.880368277905088,13.713617651789155,0.2444847233713405,1.0108865073062339,2.9160256904508293,55.683356547386886,3.9009214813676465,13.38772576434397,0.11129245925026607,0.42136120193544924,1.524808449335842,73.89464670061808,-0.9794467965374423,18.327497684417533,-0.8581054231615136,-0.1270604529837145,0.2581030593408267,64.87449472538663,0.5001934652350638,1.299605839338064,0.018530993268587176,0.06229080674710484,0.30516563970685257,4.711779509636327,0.4470305276068088,1.204559192099006,0.008673383751835313,0.032107112125786624,0.15421340929897803,5.583629624376247,-0.05316293762825481,1.4207928616902668,-0.0893674158690205,-0.014454016854129552,0.007395101152040777,4.927075301190013,0.059099814237561075,0.05990005581265048,0.017639776226133108,0.03879783675074577,0.08112084306776524,0.25327694624662433,0.010212118631461636,0.015207707115412989,0.0030417542438954115,0.005299767013639212,0.009999553905799985,0.0846918635815382,-0.04888769560609944,0.05635217891936449,-0.06183848180808127,-0.02674462553113699,-0.010106454195920378,-0.001370248513994735,52,61,69,100
3dof_spline_L600_N100_seed10,3dof,spline,600,100,10,4.97315810971946,12.957346962727831,0.354148303772095,0.9632223140167557,4.409719900000931,75.81429004160852,2.9769261002659007,9.089272762697085,0.17922603897237788,0.6654211080715874,2.145247903071311,50.535774989168935,-1.9962320094535588,12.311736257916017,-0.9636516876233167,-0.19669916006911592,0.1392956023235763,22.066546877611263,0.951749567929205,3.4628079164456853,0.01343818887101185,0.052343286612499845,0.21200498243914018,15.085604390384782,0.2356672362795359,0.6637931705883011,0.006698958490471017,0.021778636511057096,0.0752873788566653,2.9357869711131452,-0.7160823316496691,3.203644441946745,-0.09284126906868478,-0.0186838614283573,-0.0007290813818915099,1.2532307989084854,0.06089018490863964,0.09053635537216533,0.016016275621950626,0.028584799729287624,0.06658067740499973,0.40055735647678514,0.01602115242742002,0.06032285934669131,0.002961148973554373,0.005716681480407715,0.011174261569976807,0.1225948386639381,-0.04486903248121962,0.060771021333193946,-0.0603149178205058,-0.01803340605692938,-0.0077826385968364775,-0.0013726976769976313,64,70,78,100
3dof_spline_L650_N100_seed10,3dof,spline,650,100,10,6.100441405862657,19.629813632421733,0.16151572311082418,0.6881761100621415,2.9151247736969315,83.01577205948927,2.6479632422050865,9.024535656410938,0.07526902433812135,0.3643935378877044,1.133278571923987,58.29191117264487,-3.45247816365757,20.471296229070887,-0.8501464587158294,-0.13099475726434912,0.07602672859802942,24.815188573664564,0.8102377765693304,2.9858993002301197,0.012524374540247823,0.04873964917379809,0.22587964500203025,12.660383356334385,0.394974987536591,1.514762936552577,0.006625964490130387,0.021049117277116326,0.10651923129415733,7.969427741369234,-0.4152627890327393,3.0199149815892334,-0.07361274150428782,-0.013657711574494297,0.003335107348605305,7.420686413013884,0.06830448595341294,0.09566625865521032,0.017953098751604557,0.034166913479566574,0.06796467490494251,0.4401442098617564,0.01123834789614193,0.012955486442779305,0.00421162461861968,0.006230632774531841,0.014282038901001215,0.057200923338532626,-0.05706613805727102,0.09333258959626949,-0.05741089826915413,-0.024116854881867766,-0.010668946197256446,-0.0011854787264018874,60,66,69,99
3dof_spline_L700_N100_seed10,3dof,spline,700,100,10,5.827563473378429,11.94737397678355,0.2726678480829186,0.8655430326025035,4.219547747267312,52.04012833158213,5.901994224320008,34.26414509090309,0.13422140737916335,0.4930656511762138,1.8062381192639616,36.63125912415548,0.0744307509415809,31.51641963839644,-1.1416233089341103,-0.17440737831305037,0.07411943271108087,20.09809605234518,1.453194584224758,3.584463582339452,0.024519756474998756,0.11023814695149489,0.7233746216281445,13.831123257831875,0.9841548858424362,5.416832126544469,0.015616945886528047,0.04074037264145267,0.21793056501663532,14.942129548748568,-0.46903969838232196,6.274168195277962,-0.1902135256180406,-0.022057327258408723,0.007811327869018903,13.434122706920622,0.05470278337132186,0.06312081416691948,0.013321499107405543,0.028639357537031174,0.07684866897761822,0.2843507358431817,0.012788694202899933,0.016013928984013978,0.004307448863983154,0.00716265058144927,0.013675233349204063,0.07653996385633959,-0.041914089168421924,0.05669819834964497,-0.059524883050471544,-0.015544891357421875,-0.006207061931490898,-0.001619474180042743,59,68,67,100
3dof_spline_L750_N100_seed10,3dof,spline,750,100,10,4.253783749803697,11.599614359157183,0.16061943720132926,0.7376777053441307,2.7672959886857207,51.45835189266539,4.900186859984339,17.261175072750135,0.13862413712907926,0.5209266791051231,2.645751853362553,92.07344877531084,0.6464031101806416,10.466704331142434,-0.2452271809987794,0.0030285684481022005,0.1458347859504431,13.797099631077383,1.243815919101126,5.389442753047497,0.016592557204663197,0.10252237851845045,0.38379045974872084,12.480116512593467,0.8250344164686477,4.212648854961021,0.01605213831149338,0.07106179051961688,0.20867350560285908,7.529148114529098,-0.41878150263247815,6.036833448649407,-0.1705341128066858,-0.006496744821663089,0.009469133494830485,7.019266388838953,0.06749550546519459,0.06012428311889781,0.02246466325595975,0.050780775025486946,0.08652403019368649,0.23316007345914885,0.01426554044475779,0.016208977383384914,0.005048066494055092,0.00839183758944273,0.016548465006053448,0.07736245870590211,-0.053229965020436795,0.05209313290167152,-0.07897337386384606,-0.03464499954134226,-0.01350754639133811,6.642602384090701e-05,46,49,63,98
3dof_spline_L800_N100_seed10,3dof,spline,800,100,10,3.4816091414344923,9.38815317067762,0.24528573609511872,0.8699282021228592,2.494559668405204,32.42365694354289,2.876212434217814,6.904782579055138,0.17133994283856183,0.6172354545710432,1.8299530208375911,36.19130167573205,-0.6053967072166785,5.754193646407434,-0.4701685332814851,-0.07195912595668484,0.14698920859749365,11.146349691411656,0.9800570572649366,3.679588409238442,0.022199478714283124,0.08534612658027302,0.543011003749966,11.78093666955953,0.5400225259861895,1.2502375349199344,0.011125320782276509,0.07105957670131349,0.3687185993711822,5.232248682946874,-0.440034531278747,3.259211568984607,-0.07575776050389484,-0.016165862716462524,0.004900547986976164,1.6184475166506163,0.08339825556147844,0.08888774978272311,0.025138885714113712,0.050559960305690765,0.11314035207033157,0.3831136375665671,0.016899931798689066,0.03228332278252997,0.006489912746474147,0.010204971302300692,0.01791872689500451,0.06171556979417933,-0.06649832376278937,0.07733037936715564,-0.10018551954999566,-0.03190672677010298,-0.011681487550958991,-0.001784705719910558,53,59,65,100
3dof_spline_L850_N100_seed10,3dof,spline,850,100,10,3.376850144560604,7.3040587723865045,0.12648219656804932,0.7434991702794722,3.3971918135275305,38.813964946275966,2.926229710513807,7.746213888981544,0.20646561527330815,0.6492396388677931,2.815750734732485,23.41679746075958,-0.45062043404679764,5.126965774012466,-0.5269585814211012,-0.04031938189648253,0.14141957422841187,15.826311717258708,0.9236600949107409,3.5587020300772556,0.020415957403842333,0.09941379150715784,0.5825724761222838,22.907301308143413,1.0309414668345767,4.328468671847397,0.020006133031708215,0.07873742198520302,0.28101477946998377,26.801616126375706,0.10728137192383569,3.532600804962078,-0.07248997239349879,-0.005397061104900949,0.024749130321644466,7.830122188088672,0.09020893796347082,0.1047098548515964,0.021320233587175608,0.048801325261592865,0.11691102758049965,0.4705910483002671,0.018760198715608568,0.021836691210793367,0.00646937929559499,0.011503994930535555,0.02206923672929406,0.08735571302473583,-0.07144873924786226,0.09556081371772586,-0.0945758952293545,-0.03289187070913613,-0.008617123356088996,-0.0017070025531575033,46,56,58,100
3dof_spline_L900_N100_seed10,3dof,spline,900,100,10,3.97090049809602,8.603306615441214,0.20091763265282828,1.0510061965704882,4.1345160423473555,51.12650510471127,3.5842475390039694,7.206776694362048,0.20743848492994532,0.6528248972010682,3.3849049249290424,30.197715503392008,-0.38665295909205005,8.06604909335404,-0.45945417639188524,-0.04342879519393299,0.14490434607185976,25.648685084250793,0.7224006194224762,1.8396251882327512,0.019083591525083807,0.12255343883926553,0.8178879352493089,4.0397687135713936,0.4848980002816539,1.1080484197613674,0.01778159750767274,0.08137961479936612,0.49839458930503217,6.772584162236575,-0.2375026191408223,1.1284738488250237,-0.09746096231330009,-0.011242909269702148,0.00966658872703825,1.1951750629564415,0.07746920579113066,0.06775385965668543,0.026651333086192608,0.05143320746719837,0.11527701653540134,0.26828640133142473,0.020871439720503985,0.01833691354175975,0.008162329904735088,0.014289816841483116,0.027823100797832012,0.08807107105851177,-0.05659776607062668,0.05986471855458282,-0.08674275642260909,-0.026239495375193655,-0.011266389163210988,-0.002122018067166202,55,63,64,100
3dof_spline_L950_N100_seed10,3dof,spline,950,100,10,5.443163001351243,20.11444098599904,0.16047814242893638,0.7788060923919238,3.176626052963579,86.88087987308715,6.860811200667281,26.241952244920324,0.11974754485115294,0.5767330774991003,1.694312065402477,170.4959191384784,1.4176481993160366,21.321832214915837,-0.2938168113155198,-0.06312010480871583,0.10264341464758535,74.27847037397898,0.6088337280462605,1.3934780428887577,0.03310847606110502,0.1366557374960172,0.5625078604159753,6.598457297740981,0.5213222290611124,1.4957073007029225,0.015108787872839487,0.10084256203936871,0.3465233714715984,6.608450736654439,-0.087511498985148,0.5899717469931085,-0.08565207856856778,-0.013262440118301907,0.01237626890615536,1.6498660433826458,0.0966143829608336,0.09237547577939731,0.031338672619313,0.0581233911216259,0.13575756549835205,0.39826247543096605,0.027522427537478508,0.029166396232633677,0.009469440206885338,0.018029035069048405,0.029521018732339144,0.13048078849911715,-0.0690919554233551,0.07814919236456022,-0.1091813100501895,-0.03412129916250706,-0.014597366331145167,-0.0022409992944449077,52,61,64,100
3dof_spline_L1000_N100_seed10,3dof,spline,1000,100,10,3.6455516959083765,7.003462931609409,0.3376201497004853,1.4217664876745502,4.488833710033234,35.84252701074943,2.4187043476571644,3.8141604234818622,0.23311453122920817,1.2535549631882856,2.644806271782538,21.154332720255645,-1.2268473482512119,5.354077991146039,-0.5103053722678026,-0.04740275180440143,0.092353986745772,3.665720835856817,0.6669184525647441,1.0421786983980066,0.04280612703913412,0.24831384234016185,0.7899138133207462,4.23195107262864,0.5470425705483976,1.1053156620920186,0.03519367016142984,0.1365614440728732,0.48583467947710135,6.294727588372932,-0.11987588201634647,0.6636034100821075,-0.11442671998248255,-0.011700773110083714,0.00861683879088081,2.383553892996862,0.12556982489302754,0.13674058166950526,0.042552122846245766,0.0739772729575634,0.13750476762652397,0.5924642109870917,0.03219971721991897,0.03610730302440654,0.01288355397991836,0.0192185053601861,0.032617511227726936,0.16964667081832915,-0.09337010767310858,0.12182768616892874,-0.10152133787050843,-0.046524048782885075,-0.017291219905018806,-0.0014799816720187653,53,66,63,100
3dof_spline_L1050_N100_seed10,3dof,spline,1050,100,10,3.307432216263905,7.817519103074389,0.2864346134526271,0.8494466180018639,2.555632567648704,27.68500573991042,3.3107482501397483,7.704767772101436,0.2503614694044803,0.8362807657645156,2.4260703849330216,46.91227160675211,0.003316033875842088,7.284949412857647,-0.19144001114294,-0.008748937224274375,0.11097730698948752,25.135986188946333,0.7603429058561944,1.72693471948789,0.04428571573157648,0.21396960468821852,0.7488541633714183,7.798210418920017,0.5809797263679328,1.5620274226493969,0.03560301683198209,0.18619658573071995,0.6453191603302333,3.633698367654707,-0.1793631794882617,0.7616850321029714,-0.07142453742167891,-0.008965307874627612,0.016448735373439147,0.2356334327755227,0.1899143160972744,0.16309229222155533,0.0647231973707676,0.14020062237977982,0.25858237594366074,0.5701253181695961,0.04968189442530274,0.04236485207992362,0.023411622270941734,0.03608646057546139,0.07067198865115643,0.15102068945765562,-0.14023242167197167,0.14196502622155263,-0.21084899175912142,-0.09414585679769516,-0.03867332241497934,-0.0022753840871154903,47,53,61,99
3dof_spline_L1100_N100_seed10,3dof,spline,1100,100,10,5.961087062305297,35.13606353060665,0.26773377400337744,0.8728606510661034,2.4809056517405814,36.848785513712755,3.5751713496080937,8.988062541582416,0.28512847502304567,0.9997828601407084,2.8449411451813167,55.92737916940319,-2.3859157126972033,29.4787898422496,-0.09119983462618309,-0.006240610596212807,0.1455171063056596,7.691452283903786,2.1834818515195105,7.999595368998024,0.07528093844444983,0.2703861238167753,1.1551538938940102,36.72558738501025,4.320775491294112,22.63111721881192,0.07120246841827345,0.2534234667489712,1.0517183829187673,72.38597042440232,2.1372936397746023,19.34907892825863,-0.028211976241008407,-0.0031982528024917167,0.05364661314997061,21.638230218116988,0.3962744601070881,0.23213885415650512,0.23269988223910332,0.3796408176422119,0.539073646068573,0.9825547498464591,0.146664056237787,0.08742992945600943,0.07774901762604713,0.1399252489209175,0.19716567546129227,0.39813691675663004,-0.24961040386930108,0.14996539725222915,-0.34670455008745193,-0.2529217042028904,-0.14516860991716385,-0.01065089154988526,42,51,53,100
3dof_spline_L1150_N100_seed10,3dof,spline,1150,100,10,4.061236350190665,6.59210414699932,0.45614573172103423,1.9740613578117063,4.086647927346069,28.52249311595349,4.144484891125279,7.1069013666105665,0.4241440763569509,1.9057747756261132,3.650612297149369,34.862003588071445,0.08324854093461362,2.468012863732854,-0.09081694403463104,-0.0038564743133296005,0.04616705993209577,7.652309056417479,1.0414789354551726,1.4561007225909106,0.07683469977238802,0.32222245067835287,1.4708839180834645,5.16339037823883,1.0908778142474147,1.5797222438967404,0.058695613545010725,0.3420445019815209,1.4536502185619211,6.151688690089039,0.04939887879224226,0.23041698152138912,-0.010033506536930102,0.0009820856457000721,0.023873403377136088,1.23319327846469,0.6187634932994842,0.24886131795317407,0.45634160935878754,0.6408459842205048,0.7639311105012894,1.11464991927147,0.3532807755470276,0.157846982295185,0.23559172451496124,0.361273854970932,0.4357713460922241,0.713286347985268,-0.2654827177524567,0.09678802744011882,-0.3339705541729927,-0.2737106680870056,-0.2025345303118229,-0.0682849925756452,35,54,44,100
3dof_spline_L1200_N100_seed10,3dof,spline,1200,100,10,5.830557698323173,12.467711455965699,0.6866179665544851,2.0024427879280084,4.815682711780454,47.181088744745296,6.8567674428118,17.77000553084638,0.526648286257872,1.8344011791178265,4.5237251295270156,99.3304654495389,1.026209744488627,7.145860139552677,-0.08240548791016744,-0.005728201057489446,0.07880954082299438,36.22580461399283,2.6866471927384197,6.33322392197076,0.2146660588907086,0.664843227313066,1.8850954373063664,33.38911796580702,2.567561149303324,5.864231568491151,0.17186936283218401,0.6580362713186145,1.7865724850247329,33.346420067129614,-0.119086043435096,1.4232127249287667,-0.04535132796287857,-0.0036906169717300513,0.016237230538725722,2.303855559467412,0.7692918295785784,0.28992837980304187,0.5987844318151474,0.7280929684638977,0.9924274384975433,1.3847897899150854,0.5415506083704531,0.21575663492618738,0.3972868099808693,0.513525664806366,0.6967430412769318,0.9947068715095524,-0.22774122120812534,0.08184504771003669,-0.2872958928346634,-0.2251804769039154,-0.17732549458742142,-0.050416266936808576,43,56,56,100
