combo,system,policy,length,num_samples,seed,ung_nrmse_range_q_mean,ung_nrmse_range_q_std,ung_nrmse_range_q_p25,ung_nrmse_range_q_median,ung_nrmse_range_q_p75,ung_nrmse_range_q_p99,gui_nrmse_range_q_mean,gui_nrmse_range_q_std,gui_nrmse_range_q_p25,gui_nrmse_range_q_median,gui_nrmse_range_q_p75,gui_nrmse_range_q_p99,d_nrmse_range_q_mean,d_nrmse_range_q_std,d_nrmse_range_q_p25,d_nrmse_range_q_median,d_nrmse_range_q_p75,d_nrmse_range_q_p99,ung_nrmse_range_p_mean,ung_nrmse_range_p_std,ung_nrmse_range_p_p25,ung_nrmse_range_p_median,ung_nrmse_range_p_p75,ung_nrmse_range_p_p99,gui_nrmse_range_p_mean,gui_nrmse_range_p_std,gui_nrmse_range_p_p25,gui_nrmse_range_p_median,gui_nrmse_range_p_p75,gui_nrmse_range_p_p99,d_nrmse_range_p_mean,d_nrmse_range_p_std,d_nrmse_range_p_p25,d_nrmse_range_p_median,d_nrmse_range_p_p75,d_nrmse_range_p_p99
2dof_gp_L50_N100_seed10,2dof,gp,50,100,10,0.22832071077357163,0.15171557948062753,0.11452156258183538,0.19375573078975217,0.29809183914001547,0.6685642060263249,0.04737103707155648,0.0432621912589078,0.02071378275012694,0.03196642855977333,0.061455020547070145,0.21932664415792727,-0.1809496737020152,0.1259850284190294,-0.2376478085688268,-0.1579251571523861,-0.09733548712277261,0.02423298138429177,2.8328623870637824,2.837979963961647,0.9550002791973291,1.7188603702380592,4.19511139836737,10.56813143579825,0.3852545861873577,0.290026206944034,0.203590723366436,0.3132543266869391,0.525443225381884,1.6268577259173345,-2.447607800876425,2.656121763801785,-3.7782090537447983,-1.4348971667371346,-0.7159365301684574,-0.08538201142236342
2dof_gp_L100_N100_seed10,2dof,gp,100,100,10,0.07623940174210918,0.07670738616574069,0.034368760759409,0.04838865252706483,0.08214384565332114,0.40056177573071994,0.029570441934190228,0.03142836559584811,0.014307862703344665,0.021309067309452884,0.03304648703019776,0.14526286664372448,-0.04666895980791894,0.05502829482280514,-0.05736688480513363,-0.03242217466095762,-0.01788654887760413,0.008303379746414817,0.7187405331253881,0.937737280248855,0.28508199964741027,0.4669009359671057,0.7899700361914317,4.083431836591355,0.21679859101076296,0.24272193293954086,0.09284995789585518,0.1451871234320783,0.23847725846086912,0.8352473395964661,-0.5019419421146251,0.7373436443032364,-0.5589379600398793,-0.3043629714250244,-0.14879783526468934,0.06975559577259927
2dof_gp_L150_N100_seed10,2dof,gp,150,100,10,0.05656606089992272,0.062417423049646044,0.022004797987152852,0.03436261115777796,0.060629835916469005,0.297060213216636,0.0231142641385526,0.024882254040550385,0.009561963050398161,0.015722505633053933,0.02308994784466901,0.12418804170515135,-0.03345179676137013,0.04843831537493357,-0.03421956716672425,-0.018043591421543385,-0.009705002561142595,0.005967997078459004,0.5419890764996785,0.542268093174155,0.23868842333572451,0.3632902426117263,0.5878475635245265,2.019923135764721,0.18576240614759393,0.15123491592745078,0.0836210425406026,0.1369947501951131,0.22027589514231322,0.7302719662728419,-0.3562266703520846,0.4551852008064627,-0.40590613494349215,-0.20722036539935146,-0.1197355787834856,0.024762683340185554
2dof_gp_L200_N100_seed10,2dof,gp,200,100,10,0.0480763336854822,0.06602820607531805,0.01578284323392738,0.026633780716443678,0.05171403370612397,0.3771417357546069,0.02356548852078593,0.034563769635034304,0.007432839997284675,0.012176231457154126,0.018193347409887213,0.164161973374231,-0.02451084516469626,0.05094390145307178,-0.02778898969407563,-0.013225724763841144,-0.004952487001252148,0.023061467574778477,0.4820700170818028,0.49077966457246935,0.1985040929049322,0.32741902998851247,0.5600643149559335,2.1720137616272566,0.20171591069700434,0.20881589165563577,0.07405476861522885,0.15313786510798616,0.2387779379401811,1.1275208914871098,-0.2803541063847984,0.3671407270824448,-0.3664057536498441,-0.16844582903081118,-0.07123440902017852,0.054301783989898114
2dof_gp_L250_N100_seed10,2dof,gp,250,100,10,0.0428904237348736,0.04608431779626366,0.01935380911276731,0.02724120251928665,0.04898359950100842,0.2224627892055905,0.02151000538178819,0.02534102014735192,0.008496866948491253,0.013000664210556614,0.024354226179942942,0.11782057028482294,-0.021380418353085413,0.03028831058745912,-0.023816536745544594,-0.013719600728641042,-0.007964614383207641,0.007610669741055108,0.4531472843936711,0.34420097161851937,0.19996320750256935,0.36539674344451684,0.5543444796992577,1.808884910463075,0.18073336183996996,0.18609292025029223,0.08002425446147043,0.14083316249222938,0.2063261886211845,0.741545497576047,-0.27241392255370117,0.29726275365693705,-0.3788104794095968,-0.2017530010910576,-0.092550226416346,0.3240181327164171
2dof_gp_L300_N100_seed10,2dof,gp,300,100,10,0.049691048086688526,0.0616073765701933,0.01763008412388706,0.030082861669777607,0.052166062736766286,0.2981433464460684,0.02432737703364336,0.03596511017141761,0.007959735698629213,0.01338346570005752,0.02200369700962858,0.1982512661400579,-0.025363671053045156,0.03734706367042871,-0.029388152156400598,-0.013415634352476804,-0.007343247964275043,0.012470377698818818,0.4594742235231935,0.5080860583273115,0.23221395307660497,0.3241986999754952,0.5292849769130311,1.5503473408553619,0.21306801767672634,0.18940766424001687,0.09776113047586045,0.15506644758167148,0.2547107791234705,1.0719733285430995,-0.24640620584646716,0.47171883912593116,-0.28701493796603617,-0.1510232259434861,-0.06588164221768916,0.11183017922839687
2dof_gp_L350_N100_seed10,2dof,gp,350,100,10,0.05145782775071269,0.059275595630135375,0.016010081137091264,0.027719463156377397,0.061273450827200794,0.243865011469775,0.02743029385025188,0.034925779760778916,0.008744874057106089,0.014129626884085932,0.029482526231274273,0.12053158325089178,-0.024027533900460817,0.03278081036925939,-0.028486366709017392,-0.013830695019148617,-0.005246962333396492,0.008774210027557062,0.381104096279313,0.25980282411958694,0.21120552409420523,0.3065243922758579,0.47956260438371884,1.5034035861168247,0.21365033390455435,0.1650127129844757,0.09556055638500997,0.16850876922695796,0.25426922512314487,0.6864923538343277,-0.16745376237475856,0.17245790405401648,-0.20658250775416548,-0.12716872527051504,-0.04964344892335611,0.03826360559437726
2dof_gp_L400_N100_seed10,2dof,gp,400,100,10,0.06388984962765075,0.10860508186917808,0.015573749298905941,0.028328922349864557,0.05810179184008586,0.525041276484092,0.03642722597003512,0.07687645841672314,0.006827272364490161,0.012945998496062157,0.02933508374280179,0.4221566538849809,-0.027462623657615606,0.040941098823702,-0.030907021577485923,-0.01170609051026891,-0.007353799129288976,0.00939693182215112,0.4381754465257754,0.517457676344003,0.24075169670137261,0.31230721357265445,0.535150878957645,1.1533484021113607,0.2586536538813931,0.32658865701936146,0.10766839339811646,0.17637754969275699,0.29418864608306117,0.784528421254175,-0.17952179264438226,0.23535595794586628,-0.22994563853907596,-0.13888945073011472,-0.0637568991290644,0.11146043639534159
2dof_gp_L450_N100_seed10,2dof,gp,450,100,10,0.06136685698373329,0.07248339771440851,0.016876303968320627,0.03255725338563689,0.07238350642418206,0.33906355174785363,0.03335404819375902,0.044417837258941134,0.009000622641489141,0.014983341024369632,0.03194258157104091,0.21084293814182523,-0.02801280878997427,0.03792768900615034,-0.03669923819730613,-0.014801566921812703,-0.00613874091745807,0.006682919958390968,0.38380743425848984,0.24338460718785065,0.20385241614575184,0.305513522955831,0.5192670198087287,1.3388126792931534,0.2705617408752465,0.21034673497812337,0.1305873300592736,0.2024480066015651,0.3217990199909171,1.1075811723455824,-0.11324569338324336,0.1334562704569998,-0.1717062350203327,-0.09308480290730767,-0.02162818843596409,0.11381026896442674
2dof_gp_L500_N100_seed10,2dof,gp,500,100,10,0.0410088883530506,0.04106399230060113,0.015005318476665823,0.023440881901580862,0.05025244224391127,0.1805891949964876,0.024932483005920755,0.030651091301394522,0.008033468055761385,0.014105491617287193,0.028153037308274245,0.17808101924398692,-0.016076405347129837,0.02953135347279736,-0.02452076640536832,-0.009347844539044838,-0.0003679289610010667,0.015374406227557116,0.34488023653410343,0.21150307864045342,0.20379986085084528,0.3174061251962764,0.4225056527820903,0.9827921115004457,0.25768715513166807,0.17846579543307925,0.11818982310965742,0.21517675507097095,0.35941377056428814,0.9498519495945229,-0.0871930814024353,0.1666340621114174,-0.14209727516207998,-0.055159170835130056,-0.0006478424170683582,0.18249643962643708
2dof_gp_L550_N100_seed10,2dof,gp,550,100,10,0.05622555141055401,0.08870388799802525,0.014052376063932026,0.026205875690778625,0.04516569660799804,0.3769361747277729,0.032272379132212536,0.05018796752007346,0.008270313166271722,0.014080698150397914,0.030024180750006162,0.24501580029650277,-0.023953172278341487,0.0710305367556914,-0.024283592403217227,-0.012836872853338501,-0.001344659511773867,0.0864138735741419,0.32896096535293695,0.19577302607391403,0.19664828938364728,0.2767092765815069,0.398975852252162,0.9587930020326308,0.2681234457213441,0.1871022775456285,0.1279306840798709,0.20686277585099103,0.33209806105189726,0.7751115854250861,-0.06083751963159277,0.11166003805976621,-0.1363174306981023,-0.04522482122075297,0.008305967340183518,0.12340028664979247
2dof_gp_L600_N100_seed10,2dof,gp,600,100,10,0.04628652179122468,0.046980097608186125,0.013749006201097196,0.027124513577723955,0.06331505016469252,0.20647675510258695,0.029458661941303834,0.03525958800757422,0.00835475771408404,0.015377937341961509,0.03229807641931211,0.17433966852686533,-0.016827859849920836,0.02676111048259085,-0.02249713906788494,-0.009683200006811846,-0.0011494162856206288,0.028831771667983758,0.29054234455164296,0.15559577800901253,0.17970793075116098,0.2592619864650754,0.3564822426881635,0.8077039210519683,0.23258750018502228,0.12442391415510337,0.13521338122888119,0.2132248196190709,0.2931595480173915,0.5583170486096832,-0.057954844366620704,0.11254196894719364,-0.10917599225214944,-0.04044829816136557,0.01109938011356812,0.14714299553277904
2dof_gp_L650_N100_seed10,2dof,gp,650,100,10,0.04675519583110937,0.06592935752374597,0.014324785172203171,0.022416767056758317,0.047641408173267175,0.2681000789961039,0.034898843305939634,0.08336262869113746,0.00831804778013983,0.013120763672003908,0.023963881144082815,0.27096605569483506,-0.011856352525169747,0.04187158372943158,-0.022363666339599342,-0.01078334900208536,-0.0012936458438871975,0.16114315967774323,0.3158853008056165,0.1508593279111763,0.20847216694427056,0.3007726958181547,0.4040960136171768,0.8128460367990452,0.26934157264485425,0.13962222541107416,0.15502368363932306,0.2504260851325175,0.3524242539894751,0.631843265264299,-0.04654372816076226,0.10556365324984165,-0.11112776606055773,-0.03503387813588593,0.020972520925480916,0.1386780242746594
2dof_gp_L700_N100_seed10,2dof,gp,700,100,10,0.05240898607298154,0.09005761239348661,0.014759587090866489,0.024249446732152315,0.04601060839721747,0.4031868198698055,0.029034189277019392,0.043727790283050856,0.008219974329042845,0.013407867851852735,0.027347334187298716,0.22669663861403852,-0.02337479679596215,0.07575985345896973,-0.022109746853439805,-0.009593682609700425,-0.0012507808439858527,0.05153812737588508,0.31353215670096385,0.1618166171847212,0.19799677183210657,0.2678773175065451,0.4161787042896868,0.7555141487992465,0.28268942396676083,0.18011649685402256,0.15688465947272534,0.23370730617291968,0.34200831873438053,0.8067243418357821,-0.030842732734202932,0.09802695602108515,-0.08118704625872952,-0.03500170591193512,0.025435623926137012,0.19508120280569646
2dof_gp_L750_N100_seed10,2dof,gp,750,100,10,0.06871836159740752,0.12568950463467432,0.015282074489872977,0.02917769859262667,0.0506286728962512,0.690838906618618,0.041386183904334836,0.06884738793267874,0.008641091139401525,0.015629995125191427,0.03696852441828835,0.30704219655140136,-0.02733217769307267,0.07271775260848123,-0.02219294688778597,-0.011876735127774925,-0.0029885876460878282,0.02550366243167658,0.3231619498376553,0.1888834579693403,0.2089380575244864,0.2789780124981899,0.380276020483708,0.7438706672001352,0.27788121626975953,0.15715653893190243,0.14619000718207315,0.25782600078033713,0.3508908792440458,0.6737684955699648,-0.04528073356789578,0.11674222158228156,-0.09070300930934007,-0.024232021674833057,0.022418434517079783,0.21200183571571365
2dof_gp_L800_N100_seed10,2dof,gp,800,100,10,0.04741976309766459,0.07696059709258266,0.012138127011536862,0.02458630683127509,0.045164464340194575,0.44054739673217796,0.03238040683067709,0.05272857763056919,0.007935581130951098,0.01363815942889347,0.03649772120071722,0.26462094896291655,-0.0150393562669875,0.05336730296823555,-0.019095756226388216,-0.0070413057020442295,-0.0007019316942889272,0.04786043694669487,0.3260594872281918,0.17587201092927585,0.18958053913063233,0.2923971619514598,0.41533057036151677,0.8326739526342477,0.289397238491614,0.19214756717051343,0.14941591405561294,0.254279562291705,0.36957010414555236,0.9723179142528581,-0.036662248736577786,0.11374050280047726,-0.08921807967630363,-0.03496834317025629,0.011916384440555206,0.26659581432007573
2dof_gp_L850_N100_seed10,2dof,gp,850,100,10,0.06397270081961115,0.11820729245589395,0.015986753588785922,0.02844548637301329,0.05901556716943977,0.6083103064973084,0.04494977272695875,0.09064934397799064,0.008272254997701954,0.01742683251778915,0.045471105000962485,0.4407597654810317,-0.019022928092652408,0.05431204619857304,-0.022093000118817027,-0.007987681716439333,-0.0008282194148447827,0.024458233804155502,0.32693740421498757,0.16248937999988397,0.2234873583256295,0.2961904478992492,0.4007803715093799,0.8168630146013699,0.2860416462567751,0.1724153969203604,0.16741540297925336,0.2523212848682712,0.3434925794365996,0.7727608138594279,-0.040895757958212535,0.09645779875814475,-0.09916770100384902,-0.03605297456085914,0.001595540150277408,0.19089989028142662
2dof_gp_L900_N100_seed10,2dof,gp,900,100,10,0.05009272363162618,0.09376771256109853,0.016001088717672654,0.023899780845516205,0.04179502570175745,0.44270911132714585,0.03213208617147235,0.042649742637633326,0.011661006533711302,0.018300467626317846,0.03143232858475626,0.1996872457221468,-0.017960637460153837,0.06585178462277878,-0.01706427984477612,-0.005048382678362362,0.0008717743356567885,0.034646268904411574,0.34032028531001113,0.186845812823251,0.21222972654404967,0.29118880176257167,0.42150317059758113,0.9014036890098549,0.3061004909595515,0.19912264526571202,0.1612326768877471,0.24091911678099742,0.3999771381608812,0.900209297509566,-0.03421979435045953,0.084639549463237,-0.08139856753354417,-0.027665094395405765,0.01918456115978323,0.1302356700158392
2dof_gp_L950_N100_seed10,2dof,gp,950,100,10,0.04935849389775235,0.08867262466090942,0.012453759969283863,0.019650408164673172,0.04541653389943669,0.40301559466558756,0.03734321604721366,0.07939261063071809,0.010648079245354396,0.01593494788380852,0.030214231287143508,0.28475843975210646,-0.012015277850538693,0.034174866026072726,-0.013453324961144028,-0.004813179068940761,0.002588919388055903,0.04557514267665036,0.324413103894531,0.15754677611848478,0.21567815324672113,0.29741558224486675,0.43504684218492456,0.7170349525490999,0.2887316840781553,0.15176722760423822,0.16799475934570737,0.26420784828490346,0.381833525080093,0.626352241026387,-0.035681419816375674,0.08008635910654126,-0.07667889796390814,-0.023584950258852225,0.017643546599249757,0.11027401927256177
2dof_gp_L1000_N100_seed10,2dof,gp,1000,100,10,0.042754990596495276,0.043578810002783255,0.018451096592719804,0.032960289675268276,0.05244781152514834,0.2443429833355722,0.03117073995512641,0.026726236873553307,0.014478349561785559,0.02418669445299994,0.03973564499278904,0.12337906322837788,-0.011584250641368865,0.02813735761257945,-0.013883143348885785,-0.007378823562828171,-0.0001655034868712174,0.027296216453559893,0.32659891049646006,0.1704428769090141,0.20041542401086504,0.2915613397550115,0.3868809739615678,0.8380668132351058,0.2872692456231553,0.15870690005466945,0.18021825252285645,0.24642032537052472,0.35758433773974063,0.7912993960314996,-0.03932966487330478,0.07593572972269086,-0.08582607764476746,-0.02849636152643477,0.013620263259550694,0.0814733831176523
2dof_sinusoidal_L50_N100_seed10,2dof,sinusoidal,50,100,10,0.214532618638104,0.15058250802182732,0.10867728058364867,0.17526889174513322,0.27515114497573195,0.7015801520300513,0.044932961348974565,0.03866758246502458,0.020610408889166487,0.029580189182414035,0.0505079789904061,0.18991201399695917,-0.1695996572891294,0.12792116570450837,-0.23157772528167436,-0.14252181598781782,-0.07812223142296162,0.017329300039588796,2.910477574202432,2.72619103402879,1.035456423708307,2.2181962867774954,3.9543228786068187,12.58999260673387,0.44840303082908006,0.3099934643534233,0.1974322041531032,0.360280243402296,0.5912262301441901,1.4159946024777106,-2.462074543373353,2.567309088650179,-3.3791541085329566,-1.8514273032878676,-0.768447368669821,-0.06547794551734397
2dof_sinusoidal_L100_N100_seed10,2dof,sinusoidal,100,100,10,0.07382613568064639,0.07575726024592555,0.034981614870063585,0.050869664998235656,0.08078050050081559,0.31214331600510264,0.029294271248270314,0.03122547587038178,0.013527870468147948,0.02223469369941236,0.030681988771378076,0.12953960752255714,-0.04453186443237606,0.06062891109382276,-0.052478574886102115,-0.02861237165621557,-0.019244991687910842,0.007009297991036294,0.7782686418237197,0.9265202963695466,0.278545341639921,0.49510041775050784,0.8844798898645402,3.433898319265321,0.22184709015681756,0.223269810041681,0.09088011546055602,0.14722894850449564,0.3064695442910006,1.0357187346178482,-0.5564215516669022,0.7550524864379148,-0.6351049082969709,-0.3071667307092652,-0.152337552380063,0.03201637439027205
2dof_sinusoidal_L150_N100_seed10,2dof,sinusoidal,150,100,10,0.04784153985129583,0.04583964080632728,0.02008075843922347,0.03219285259448384,0.05505251130315103,0.20926381131465227,0.021096475113979486,0.01766398828682076,0.01027156824664036,0.015704354585594493,0.02447883216190616,0.08852309265307745,-0.026745064737316353,0.034649391443313526,-0.031034381466034752,-0.015947610621036744,-0.006854675908460502,0.008922531532468365,0.6086734714954126,0.7731909125545134,0.18812515055291662,0.36069115501344157,0.614145641810819,3.3636478908107867,0.2091807942343293,0.21602043686155273,0.09078227286784207,0.12391869944458209,0.23859327128420374,1.0943924243345533,-0.3994926772610836,0.6318133582877212,-0.37297332070188,-0.20660804108515834,-0.0820823786052918,0.0131121121327232
2dof_sinusoidal_L200_N100_seed10,2dof,sinusoidal,200,100,10,0.05240753199370589,0.06967822642614023,0.015470696600112126,0.02573383225560586,0.050977347698379506,0.34671281268400866,0.02622198869346756,0.03767493081583154,0.007253612857503599,0.010623161366361157,0.019792695338124146,0.15276963792830864,-0.026185543300238336,0.04775455891128997,-0.024315988439907406,-0.01266079002898806,-0.005547553193694387,0.029847557287478423,0.5369009013390681,0.7152499115548816,0.17246806318531133,0.27145516151354765,0.6284532166397321,3.577565206860122,0.1960271628282132,0.18403147941265893,0.08260420645206089,0.13545986577483374,0.2360185073191036,0.8094571098311972,-0.3408737385108548,0.5937292971966163,-0.3074675491386011,-0.13864983486958604,-0.05993901154545979,0.02771012038301628
2dof_sinusoidal_L250_N100_seed10,2dof,sinusoidal,250,100,10,0.03907132572825099,0.035427431261091775,0.017472231781583608,0.028432451633524605,0.047910795953480766,0.18346647884811168,0.01975045988211021,0.01902705604543496,0.008105530802383019,0.012974463656474498,0.02440955187762217,0.08468694566788759,-0.019320865846140785,0.02755857286414667,-0.023717496025193064,-0.013519328651155753,-0.006586026183319372,0.015812376477898574,0.577520796081809,0.7255996803698743,0.19546885926380375,0.3134351930232081,0.6160360794600434,3.3687656427463217,0.23381783658980038,0.3025096452017359,0.08291332299095891,0.1348481711033377,0.20439968110954115,1.322792884013861,-0.3437029594920085,0.4821929613014533,-0.3825383627003042,-0.16791634648202686,-0.10093605687630088,0.011246430354774356
2dof_sinusoidal_L300_N100_seed10,2dof,sinusoidal,300,100,10,0.048686567670874814,0.08036153854681716,0.01632761850715394,0.026001289674764998,0.04582329634871597,0.31080664019796617,0.02439486267182974,0.037703149965232836,0.007583502801854183,0.014001912069746424,0.02352810362517826,0.14446656785048995,-0.024291704999045066,0.04784039796219454,-0.026781244314910697,-0.010991725578017291,-0.0070092090784837635,0.006223576713628147,0.43886409732811127,0.5211837595812285,0.152382003322177,0.2636033414153358,0.4906892984124108,2.67901342043014,0.22275576128460123,0.2806323141199104,0.07716939390175744,0.11786741613524118,0.248587041987465,1.3682925600885987,-0.21610833604350999,0.33454072175791244,-0.284288927911114,-0.12458386809210295,-0.04635645178468839,0.07054775909559907
2dof_sinusoidal_L350_N100_seed10,2dof,sinusoidal,350,100,10,0.05476111268473453,0.09258345134091142,0.014800955647406857,0.027226372703392985,0.05566499174912658,0.4023317025552717,0.029224986359445704,0.04217437764661095,0.007898329431911117,0.014682807212284831,0.03153304097154283,0.1925999387890043,-0.025536126325288833,0.0651026050321138,-0.02218081217996102,-0.010770933146422634,-0.004168639931300242,0.02263272215288518,0.45739992560588766,0.5399135435575532,0.1472678386307672,0.28740502990723027,0.5632033692311041,2.246258267860782,0.22204885744036876,0.21260563423692833,0.07169356626880555,0.15264119405599402,0.2700164719870596,0.9278773503651839,-0.23535106816551887,0.4038308124093555,-0.23569279541337834,-0.11551995704439677,-0.044313671577537024,0.06853695663231203
2dof_sinusoidal_L400_N100_seed10,2dof,sinusoidal,400,100,10,0.03670846016870589,0.044748337516830106,0.011647565962925906,0.02026735486317803,0.0406484056153591,0.2296653979331235,0.020724542435669572,0.02704892534448394,0.006030934634394272,0.011789223428078189,0.02451869690747418,0.10855650155277682,-0.015983917733036323,0.025586174583441288,-0.019519771946763333,-0.007993366309625102,-0.0036091244618060283,0.014119487502738476,0.35615825464520845,0.2819280963549551,0.1704272350210017,0.2908900833846175,0.44508625838280397,1.3659555821156875,0.2178493904865752,0.24431863499451825,0.0827949374848339,0.1408014506259145,0.25180255464913337,1.3654298893484593,-0.13830886415863325,0.1622234261130543,-0.21945929251869617,-0.12119074480890718,-0.03801272434410892,0.22018640634904682
2dof_sinusoidal_L450_N100_seed10,2dof,sinusoidal,450,100,10,0.058418780434361016,0.08230281560763214,0.01583099301132851,0.02613105415960265,0.06224765397386017,0.4130668661914856,0.03423817622475913,0.05217334285997701,0.008112809680475768,0.01540116871127905,0.0371820821142797,0.1874109927426451,-0.024180604209601896,0.03985987991480011,-0.024063476672757787,-0.011163086041012182,-0.0037772122325897477,0.007442172728158484,0.3998441193363439,0.4812195984671847,0.133263701430552,0.25444661365598054,0.4695092671630632,1.9112707984769461,0.21307852357557636,0.2689043026809008,0.0643033327438518,0.12684703144918424,0.24339017712123495,1.3798994577498631,-0.18676559576076762,0.2935457294420096,-0.22151680199190388,-0.10089906391891923,-0.03874478823972251,0.06242110138204257
2dof_sinusoidal_L500_N100_seed10,2dof,sinusoidal,500,100,10,0.05517038251968805,0.08382999114862333,0.014134719246423193,0.02512508107016373,0.04849477431652105,0.40697234683279826,0.036729691511892176,0.07054092893929328,0.00786204089652047,0.01353328370669057,0.028755254164610326,0.2512434989533149,-0.018440691007795863,0.05003663039602891,-0.016250131818256228,-0.008631624413024435,-0.0030000815697829868,0.08071508986765097,0.3638507325717147,0.32153332216031827,0.16082280781166122,0.25927097940656396,0.4547687702174603,1.7002515500010018,0.22373674378576358,0.31368639591078823,0.07503774443723343,0.1377815094408449,0.25025538100006345,1.146827610154088,-0.14011398878595122,0.19140950813531968,-0.1945289071150772,-0.10941125426816974,-0.03610860574038984,0.1792256247746096
2dof_sinusoidal_L550_N100_seed10,2dof,sinusoidal,550,100,10,0.04972481755393696,0.10032415445951592,0.012938241605898473,0.022013482233223195,0.046518564626832445,0.5316027850137278,0.027910189332682574,0.05180187087714597,0.007388860464281072,0.012388856681070502,0.02726350930663645,0.3427391516780831,-0.021814628221254382,0.05399435134587997,-0.019806382078007556,-0.008697029862306478,-0.0022775724501488963,0.011551761088791102,0.3631618781788077,0.6025804402845956,0.15794753796279934,0.2540773593194177,0.3828163022475653,1.4180754497364603,0.20525469661907714,0.19648115289963988,0.08034803284515435,0.1451373634607333,0.255283285167498,0.9693840653186835,-0.15790718155973058,0.4754594861173114,-0.15771943659858834,-0.10158902433932669,-0.022297204348215707,0.1089000431502064
2dof_sinusoidal_L600_N100_seed10,2dof,sinusoidal,600,100,10,0.04296790349532326,0.06438558355115874,0.012492516862276766,0.02027068684478594,0.04400097370334799,0.26959995744430765,0.02729990531068091,0.047606929540640074,0.006742467327859953,0.012376416598732367,0.024141513518741314,0.26764225915780315,-0.015667998184642352,0.03068805254853158,-0.02134279697696015,-0.007012353263560663,-0.0026200504153636537,0.027782560632798797,0.34385814227110395,0.3506546325537682,0.1504950175436106,0.24323721737270929,0.4092370995740055,1.8876191330907564,0.20643233632250502,0.19988698173671385,0.09216803571277127,0.157179499921304,0.23503846182002616,0.795588067748948,-0.13742580594859902,0.23303137864634813,-0.19633203951483152,-0.08430254656012845,-0.021450247643395343,0.06552586926113582
2dof_sinusoidal_L650_N100_seed10,2dof,sinusoidal,650,100,10,0.044610781506522326,0.063501864939044,0.013114617485221313,0.021167602664949763,0.04363229306894585,0.2741556202249496,0.026630407224228693,0.045044890108669626,0.006951978107530108,0.01358904651050474,0.026362074802933826,0.20467122702066237,-0.017980374282293637,0.03146270534009979,-0.017885653725104485,-0.009223919427087687,-0.003800593084822475,0.007814797894331834,0.3492857154553696,0.3202664437615854,0.1625209947136593,0.2666865088052841,0.41909428693474854,1.934444810693116,0.22232155393345202,0.21937102460156213,0.09063320308535228,0.16576939519742695,0.2518934467436126,1.011977195143392,-0.12696416152191764,0.1638696960630654,-0.18527727520171616,-0.08836788061657833,-0.025175650753208174,0.08801408903495483
2dof_sinusoidal_L700_N100_seed10,2dof,sinusoidal,700,100,10,0.05349281470291084,0.09425666848639491,0.012798694780104578,0.02458576203978747,0.04520597659244474,0.5307354464997512,0.029666441433962906,0.05431129696481926,0.007151114695397248,0.014039755584653254,0.023387110433383086,0.31933904935670304,-0.02382637326894792,0.053124404144335065,-0.0237331427201424,-0.009175997425245653,-0.0025905829400938085,0.006722492229410076,0.35260066121496914,0.2677017923663281,0.1857598308759339,0.29026423975095395,0.4369015112832065,1.540589038306878,0.26314208110908277,0.2301607012868971,0.11685839050587521,0.1949954235378984,0.3316490033108477,1.1295642404020603,-0.08945858010588635,0.14552064792665326,-0.1486261953399014,-0.05739631208790083,-0.019156212028463265,0.19454899219588703
2dof_sinusoidal_L750_N100_seed10,2dof,sinusoidal,750,100,10,0.05582416465248004,0.11188571400278097,0.010949818297572833,0.023283471186690663,0.05034471018673863,0.43659097107240114,0.03912926800566207,0.13150679166348406,0.007654828767175951,0.01179347084675932,0.03230270359464808,0.24597775584251472,-0.01669489664681797,0.055613579631852594,-0.020405505115142348,-0.0075494133157151255,-0.002220694766358701,0.04967609969448986,0.3324298977052591,0.28252367465593176,0.16862548209487763,0.25463995639231385,0.426987346659626,1.5681264063870846,0.24323376961410773,0.2823926778568336,0.10209165950535236,0.1478694352416754,0.29116127936758524,1.0652911598602177,-0.08919612809115146,0.1260637570003236,-0.12532646838076505,-0.06628474579826904,-0.028884627963600158,0.18318977310067516
2dof_sinusoidal_L800_N100_seed10,2dof,sinusoidal,800,100,10,0.054794589846970915,0.1028385437463639,0.012335402384244541,0.023838290242202825,0.04807419683352053,0.4796110977979346,0.03701678340067679,0.0697932414573489,0.007478535733145811,0.015498426129219686,0.029982758788702157,0.2828927114970837,-0.017777806446294116,0.043640788406797346,-0.01483522450730283,-0.007647578074102376,-0.002669525853987085,0.008358316686163958,0.32081643309645275,0.23396424749426945,0.1538435166006297,0.2505446835405921,0.42077125739570587,1.187270664951203,0.2387467270189954,0.1972317520667281,0.10547236978714769,0.16146611271081635,0.32139456307683967,0.8540850002140327,-0.08206970607745728,0.10936250101167425,-0.12945741554772852,-0.058933860145968964,-0.01888183175501025,0.19975330963267438
2dof_sinusoidal_L850_N100_seed10,2dof,sinusoidal,850,100,10,0.05757112404085033,0.09807188433927293,0.01619665944647538,0.02818103414514552,0.057611921455559344,0.27399932098390306,0.03813345074801364,0.05905301800844588,0.009977229155823424,0.01959591752483836,0.029286190868107763,0.2051447053811399,-0.019437673292836685,0.04612576026533268,-0.019781425835392573,-0.007121436174134929,-0.002813914788119925,0.010011056395946355,0.35542476577471893,0.26982164699195305,0.16469592910089442,0.29673547385351207,0.47128205424122904,1.0469115847116488,0.2629594660636825,0.24021149163480862,0.11182207057446003,0.19070962591815932,0.3508096755807567,0.8242316618547234,-0.0924652997110365,0.12312248101971766,-0.1461410615358392,-0.0679068319010074,-0.017268098386036216,0.08922221798628474
2dof_sinusoidal_L900_N100_seed10,2dof,sinusoidal,900,100,10,0.03955064727897586,0.04899402145042245,0.012057001941308584,0.021804764057918875,0.043093919904165244,0.24054730415077766,0.028809701384927916,0.03747294951476715,0.009870111151723922,0.014727457102985425,0.031055660905703268,0.15766758002089445,-0.010740945894047933,0.022292864787037285,-0.012120518194364957,-0.0057134653647332185,-0.0003319052432596975,0.026301939827699287,0.3444959993742731,0.29754470659989896,0.18430573319850502,0.27043006135347375,0.3816359429699152,1.4127586629091227,0.26378158655687933,0.2539324424717406,0.10872280551844057,0.1865205666852058,0.31232363107808747,1.1194979824803746,-0.08071441281739368,0.1007298896091918,-0.1317846535534501,-0.07164324520259781,-0.01807911608101216,0.14021538000476413
2dof_sinusoidal_L950_N100_seed10,2dof,sinusoidal,950,100,10,0.04061312577945073,0.046916468892112644,0.013230428290707634,0.026421021868541873,0.0445534561889363,0.2415819054393944,0.0277286612767552,0.031507060169066306,0.009894271590712048,0.018828720280580344,0.031237056465597015,0.13800161656667398,-0.012884464502695531,0.02665316533519404,-0.012939128774514015,-0.008003060470397401,-5.592043125122407e-07,0.013048650337520848,0.3158059660677759,0.19039212664251728,0.1758691774404129,0.28159122899051864,0.3990344310271128,0.9728669096918366,0.24106487807429988,0.16902493678030966,0.12352568824483423,0.19217621183499933,0.30447429454773867,0.8294820230839403,-0.07474108799347605,0.09417198637907495,-0.10706025173699577,-0.049076781461011604,-0.012223641729188639,0.08031438044694192
2dof_sinusoidal_L1000_N100_seed10,2dof,sinusoidal,1000,100,10,0.05020248771669125,0.06982688762298059,0.018599273568292177,0.03291855786293389,0.054605013980028094,0.42585340854231746,0.0394098596106093,0.06588863513607543,0.011205830152466885,0.024698723000473044,0.04202074130907123,0.2373755266576016,-0.010792628106081947,0.03294706989730287,-0.01432154800341493,-0.007553298485534057,-0.0017893715752020246,0.030706204381698785,0.30701540002963096,0.21294055909987697,0.17956848325921843,0.2569059350081469,0.3738491799095304,1.0311501968394186,0.2492166352638578,0.19935136884357016,0.1297014523478866,0.19391819193844542,0.2980851145334028,0.8815044988669394,-0.057798764765773177,0.07298567613313925,-0.09096545660767148,-0.041971950852991234,-0.01342114189381069,0.0861864558637217
2dof_spline_L50_N100_seed10,2dof,spline,50,100,10,0.22063440741507828,0.16521647733768086,0.1214054378261851,0.19031965148549201,0.27275640206969975,0.9413956892959905,0.05141289494815274,0.04562968302344468,0.02100251859018298,0.03792900705333167,0.06017028450956634,0.23459445763046086,-0.1692215124669256,0.1345591718549568,-0.21655794829978853,-0.14756562619695707,-0.08749160728206429,0.011302220124617648,2.8420268407294214,2.0808274373533995,1.236928670671093,2.2070413462021508,3.958424600416925,9.874920761206027,0.47021739021748815,0.3663876056989112,0.23060003561339912,0.3656946166880889,0.5964554295454265,1.816405291378315,-2.371809450511933,2.008963013335987,-3.4106196944483393,-1.7567244789829215,-0.8326508281568298,0.21327844591764772
2dof_spline_L100_N100_seed10,2dof,spline,100,100,10,0.07230322607658965,0.06289529686174414,0.034258893357806006,0.05186940139855566,0.08291544194721272,0.33259980109029186,0.035264469681874605,0.03472817118124447,0.01619294900982761,0.023887966698572682,0.03874831603294751,0.16721588890012729,-0.037038756394715044,0.042094661736616336,-0.05211916367855678,-0.02650632378584066,-0.014089381369426961,0.038422637606597414,0.7434237510539273,0.6191051717749987,0.3244547221287341,0.5489646597307039,0.9230882516138064,2.7210923019134614,0.3064132608954666,0.2853217180362007,0.13088375531986685,0.20725709152213767,0.33502494766314517,1.1775373414074877,-0.4370104901584607,0.5316183529991662,-0.5577511324714508,-0.24836848009879497,-0.11713897724237085,0.39617504102694584
2dof_spline_L150_N100_seed10,2dof,spline,150,100,10,0.057613940425247805,0.06407973719653713,0.020163384938196745,0.031820096424501884,0.0680647265025241,0.26864779166031705,0.02798515360856996,0.02847731071648062,0.0109112778156788,0.017483364830322392,0.030052958059999656,0.1172443912732633,-0.029628786816677844,0.04634815186183887,-0.035028957884038495,-0.015825681823370907,-0.00756439120818498,0.022021979271648517,0.5190480530619023,0.4476202081374333,0.2542460268002074,0.3596936053756,0.627563764152925,2.243548115880174,0.2705914364616715,0.22573502764003398,0.12119784403367956,0.2050388318594747,0.3275020147270799,0.9951638942775669,-0.24845661660023077,0.37885497560060744,-0.3507408861792984,-0.18667019499945364,-0.040914389656391055,0.2720170467182478
2dof_spline_L200_N100_seed10,2dof,spline,200,100,10,0.051248662056769714,0.07286903864617325,0.014696123073539381,0.026740605278726185,0.05666817087768577,0.36909998438396924,0.025742846854686915,0.02868488106856866,0.010125009629960362,0.014883704603429977,0.02604920549479395,0.1489942738145591,-0.025505815202082817,0.059368809040962374,-0.026809276199849456,-0.011648733114358153,-0.001539042052486768,0.03052155704576609,0.44371181888785743,0.3180455955327947,0.21241937744266948,0.3858951654844187,0.5567962099391643,1.4767118368978824,0.2678490564366109,0.2331557034103779,0.11770163524769581,0.1765359018140091,0.348205665531143,1.0508719548242897,-0.17586276245124652,0.22744144891483342,-0.30335891834091383,-0.11786943841748422,-0.02770223225228126,0.2946441041391764
2dof_spline_L250_N100_seed10,2dof,spline,250,100,10,0.045131499601219295,0.07112095635754886,0.017720462723998975,0.028029020353255413,0.04131593000261063,0.35384831754740786,0.024436622742641315,0.03396292750291407,0.008754122546001612,0.013986423046064001,0.02529847715196139,0.17648236174765766,-0.02069487685857798,0.045845190340124464,-0.02048428010487616,-0.012637817793666548,-0.004369792619326526,0.018337917597312868,0.5099774023383966,0.8864660626122454,0.2286344486480312,0.38867458899774454,0.5479023650406457,1.3464404574257494,0.2561783868979193,0.19219513297378404,0.12765030628427584,0.19091306056053603,0.31275218074756206,0.957038475199112,-0.2537990154404775,0.7992018091784902,-0.2723509106402075,-0.1370256646962329,-0.04690807418984694,0.05320376321750488
2dof_spline_L300_N100_seed10,2dof,spline,300,100,10,0.04628984898021752,0.05326182037214968,0.01542900160235728,0.02812252395134378,0.049134769212693906,0.2516409256135213,0.025624014111918704,0.03017910653112755,0.009531604366859257,0.01577226351130817,0.025376328357584146,0.1516240909625552,-0.020665834868298823,0.03243584271115647,-0.03141588197493357,-0.010697080088609935,-0.0008597308079684172,0.023064215090305436,0.3713406539859422,0.22800743987501956,0.22094381448174238,0.332386403737401,0.46315786360668615,0.8114289475349159,0.24977337933539093,0.16988628620373014,0.14329982182546333,0.20215202390806858,0.3152138893740789,0.7595537247448731,-0.12156727465055132,0.15698922083102199,-0.19947892526724695,-0.09746390858445811,-0.0017387879850466886,0.13662331679281975
2dof_spline_L350_N100_seed10,2dof,spline,350,100,10,0.044941296202207034,0.05218312244737958,0.014613877946864902,0.02537755132223366,0.052957785935365695,0.22110481949538166,0.025424357343249132,0.031020667332741152,0.009649613080438177,0.015232010304735533,0.026701597267436282,0.14921138938035958,-0.019516938858957892,0.03632309358998557,-0.02257603241425335,-0.010587378862534823,-0.003299386107786495,0.019043757766350988,0.37568303210081494,0.21062171245869085,0.23159661233972836,0.35083167937552484,0.46441031449284015,0.9254590133822567,0.2535321868946048,0.1422514720893278,0.13668470162797783,0.22453528390434788,0.33674180476249344,0.6705720269550772,-0.12215084520621015,0.1555715941974082,-0.19756126463886545,-0.08319761948165538,-0.019530202778920272,0.10610552567051028
2dof_spline_L400_N100_seed10,2dof,spline,400,100,10,0.04957316161739212,0.08852370658802187,0.014588613645665244,0.02504126534962041,0.04782312804561153,0.41901978521180455,0.03438683033406462,0.07138307740704203,0.007716887578399087,0.015155029616317307,0.027473469015942182,0.34245450430862046,-0.015186331283327503,0.04483647140401896,-0.018964560974971637,-0.009213061185997901,-0.0026625817650505396,0.06677314862240795,0.34675969305628823,0.1937968491485072,0.2207528959517268,0.30836275016507886,0.4254987617103401,1.107829700709227,0.2767454523176301,0.15096545979029988,0.1648140887296759,0.23623247554858373,0.3607586082605897,0.7146951067488885,-0.0700142407386581,0.12702437839543806,-0.12602383032048314,-0.048128115128593635,0.0064280899393934915,0.10972188413131953
2dof_spline_L450_N100_seed10,2dof,spline,450,100,10,0.0764943863019047,0.10909242369930011,0.01971475882858595,0.031278873954384556,0.075940877835795,0.46831740724263077,0.04640774702729299,0.07286589094653491,0.009876078173409197,0.019668052946758732,0.04055481624284682,0.30556094311534415,-0.0300866392746117,0.07887058352561313,-0.02583177497505992,-0.011285088229186023,-0.0031243866293043706,0.03148485617836549,0.3442467226304889,0.16992385172752097,0.23362111329264318,0.31639431825788744,0.41950314422512547,0.7882376971541605,0.2919396753645263,0.17911776755725092,0.1624743190936912,0.25229237540395155,0.33996799000243405,0.9018009253720529,-0.05230704726596259,0.10591520289613715,-0.1150552163825092,-0.0447925212429634,0.011948417273460354,0.17560609148133466
2dof_spline_L500_N100_seed10,2dof,spline,500,100,10,0.07378654555742112,0.13759868054410287,0.016453417809516237,0.024421655281317522,0.05159937295819312,0.6118336479627461,0.04446069786338765,0.0741426067761836,0.010042088150304128,0.016657649297544114,0.03555857618058912,0.3229647674038669,-0.029325847694033454,0.07799494254286184,-0.022852788502838534,-0.00957026804563313,-0.00010104317241611122,0.024110987022777156,0.3837635829454392,0.20421631292166648,0.2376828356742159,0.33939936038892693,0.4883506109849084,1.0465179325560758,0.3295633847286959,0.19101700611447495,0.19890605385018761,0.28953027245637686,0.4050867461020698,0.9431499388826321,-0.05420019821674331,0.1404689449687568,-0.11269681273599841,-0.033445007942683846,0.021769412421986215,0.22696216418833592
2dof_spline_L550_N100_seed10,2dof,spline,550,100,10,0.05123886383510456,0.08236738320288838,0.013854177396475306,0.02624702849940308,0.052479147977074654,0.3005709339987184,0.03377212161722443,0.04748287892884312,0.011268156973473432,0.018083935558138402,0.03585657962157279,0.18208875604908548,-0.017466742217880138,0.043179692761633005,-0.019363309996828566,-0.008928370015454897,0.00018851883423129216,0.03479719453885223,0.3431409051252472,0.1833498163557881,0.2223409910351385,0.29750473932892196,0.4106774772440183,0.8709224634458943,0.2988864985554684,0.1398326157728112,0.1867892431044634,0.2688854404054831,0.3564156801716122,0.7054911820344832,-0.04425440656977873,0.12464579575105215,-0.09503808578590063,-0.02212040751626093,0.021771005482180833,0.20901813162108077
2dof_spline_L600_N100_seed10,2dof,spline,600,100,10,0.06036710296850661,0.12182517649712357,0.013757653262443556,0.026774186189508803,0.05801366699866378,0.6009239174761272,0.04063559937678352,0.06464744813390158,0.010956700116797904,0.01730630319003923,0.040762589560832015,0.30136816270510947,-0.01973150359172308,0.07453085384291358,-0.01925127484349101,-0.0056038863698660655,0.0008585697897316876,0.04458400044276229,0.3485298657758029,0.18506729964008614,0.21135010869548465,0.310016602815714,0.4104198593803849,0.9431339999661583,0.3107726451876689,0.17148210130983008,0.18836852701673393,0.2822635401025405,0.4037297526903005,0.8733196299670509,-0.03775722058813394,0.12723532100098273,-0.08058552206895367,-0.031773181594973054,0.011621861890672845,0.2662972694791986
2dof_spline_L650_N100_seed10,2dof,spline,650,100,10,0.03894561869275704,0.05427863074982371,0.013587775626210932,0.026599788397715637,0.04043454131686391,0.2771341808234389,0.0284694724685276,0.04635848313147903,0.010662814215901392,0.01802108686020596,0.031086923870657313,0.13253263978528954,-0.010476146224229434,0.023115422041155527,-0.016088147177736514,-0.006203134888666435,-0.00011664374283958633,0.029339487085361035,0.340774462251073,0.1578421796798614,0.2253472780305177,0.31612417006711824,0.4156727394432328,0.8281590149845682,0.3137673125652021,0.16324536798802586,0.20379194136570566,0.29343245218261793,0.38723914164489454,0.790828583683932,-0.027007149685870944,0.0937006448028451,-0.08021956312265258,-0.015784992589228705,0.0276309616566337,0.15035671248842686
2dof_spline_L700_N100_seed10,2dof,spline,700,100,10,0.05065092763984933,0.08151359218432372,0.013688480295013641,0.024297916962575335,0.0510636496658706,0.4081318770057686,0.0466466380728987,0.10592046172641127,0.010292742793921023,0.01796742079969372,0.03657208055944973,0.5214540301455548,-0.004004289566950642,0.04225504570309995,-0.014205815952148563,-0.0038429231993840126,0.0034102667580152967,0.20229511723285526,0.3513549403524889,0.16833651253576792,0.22629538249972653,0.3294722891544675,0.4538465182830981,0.8076030984461916,0.32794849225749956,0.17079666999548654,0.19642598522678978,0.2765971314739012,0.4221348375707425,0.7682644366993564,-0.023406448094989405,0.08622020634767595,-0.08603273090885835,-0.022549751755689976,0.019557535393621404,0.20928720110164004
2dof_spline_L750_N100_seed10,2dof,spline,750,100,10,0.06210316546677507,0.11225611968041943,0.01363418793190684,0.028118663276261578,0.06268445310585988,0.4088855827774839,0.0438344664356026,0.06996537184373272,0.009312783276614972,0.01734697950938678,0.04209118239687078,0.36281684770010036,-0.018268699031172463,0.07071240364989671,-0.017769921783925533,-0.0057989859879532465,3.626714845894282e-05,0.07232849843408119,0.3398357913169007,0.1563923251660942,0.22847348901380582,0.31411787407826824,0.42906319320101416,0.747158352748646,0.309370341006397,0.15876261072546974,0.19464701835510384,0.27016757013899106,0.3893534310725244,0.7273576938001063,-0.03046545031050373,0.0948765844647107,-0.07840253048939089,-0.023913148779445337,0.013391957013375956,0.1844898147885414
2dof_spline_L800_N100_seed10,2dof,spline,800,100,10,0.06802893636637716,0.1568455641410989,0.012623624417406082,0.02751925282116787,0.058721110130429646,0.4168013711191791,0.05168668506943041,0.10295494392085333,0.010374584373878951,0.0217206744072286,0.044644101677293296,0.45112242993579615,-0.01634225129694676,0.07273861456124302,-0.012062121804807811,-0.004416051972868576,0.001427217275972773,0.10225398892673283,0.3348438403995198,0.14147761382472182,0.21997090614322143,0.3157388302007301,0.4418118800987298,0.6750035585112155,0.2967314575648997,0.12767319511174752,0.2069089304482573,0.27002281665210476,0.36267987486630704,0.5832405257795473,-0.03811238283462013,0.09279087155456262,-0.08608181086009949,-0.017130788126802216,0.01899605424010077,0.12196653694910933
2dof_spline_L850_N100_seed10,2dof,spline,850,100,10,0.041383666284703746,0.04594468151400822,0.015223179450552687,0.029195399993728662,0.04590938750337694,0.15832917240811314,0.03290555358722557,0.040281874057731884,0.011203133690182368,0.020951576036521355,0.03807437420140977,0.14734037006944367,-0.008478112697478177,0.01955014629107765,-0.01234678075250057,-0.004960324640614813,0.001296246514661436,0.02217095957299773,0.334564190576409,0.1482096724408661,0.23315369470880476,0.307993551141731,0.4150854397098197,0.7195550402731762,0.3128302566625243,0.1429733296983832,0.20506211198606872,0.290092871389779,0.396018958171051,0.6652160325951637,-0.021733933913884725,0.06903224418444798,-0.05600345626302413,-0.013269503663914856,0.017615098103696505,0.11178096898986928
2dof_spline_L900_N100_seed10,2dof,spline,900,100,10,0.0475131517822884,0.06267030607237714,0.016349229647728933,0.029957839721085733,0.04753513867309375,0.2891805164173537,0.03748702851159771,0.06813996484853588,0.012013849001839707,0.021472691662772818,0.03457372978323081,0.25995521927662935,-0.0100261232706907,0.03459771277272094,-0.011616085644155883,-0.005653588018991755,7.01103410558953e-05,0.04045236578535116,0.342303143106093,0.13352228202186328,0.2524064109400166,0.3175027070146039,0.42617610552738305,0.6399014907464932,0.32022272801501833,0.12968565838931928,0.24016444348341787,0.29256187289260716,0.4023201212599134,0.6816068769021505,-0.022080415091074702,0.07672447972270516,-0.05207016570148704,-0.021270524285061043,0.023125016344049648,0.1515178092709819
2dof_spline_L950_N100_seed10,2dof,spline,950,100,10,0.04939178586837955,0.07355777709130405,0.013442966547886563,0.0272898712467951,0.05322546161063547,0.3204153083614363,0.03626053814619456,0.04535645592364303,0.011542727801637773,0.021402862967406143,0.04080003472810756,0.22891079136318934,-0.013131247722184998,0.038799187590016215,-0.011310896562576745,-0.004517880637207877,0.0005170557343593062,0.03320487463132444,0.3355864080825192,0.153520439719863,0.22487070435569306,0.3160579756651872,0.4359997071310966,0.7456257064187626,0.3133182224302629,0.15221772408102732,0.20773701131021666,0.26613482234548347,0.3946973605541074,0.7259585677369387,-0.02226818565225629,0.0698089559000449,-0.05722691313848617,-0.01974143621936153,0.015297875926393263,0.10760814503740504
2dof_spline_L1000_N100_seed10,2dof,spline,1000,100,10,0.06719152663591292,0.12906926061038032,0.017332267879672687,0.03252284347915112,0.049356719556566925,0.5844578610723717,0.05361587030292059,0.11435576618363201,0.013974690413721014,0.024627170542088694,0.04443730363776545,0.6362232673294624,-0.013575656332992332,0.05996075413160443,-0.014493473588072315,-0.004022691900270705,0.0016588310561035323,0.056089753526474655,0.3426426982194599,0.14923306763275906,0.2337597368361796,0.3115161574990768,0.4309580036582945,0.7257741681208831,0.31953386320157007,0.14212276555081577,0.2071206993493122,0.2986210314551845,0.40767346773922397,0.7240717154106479,-0.0231088350178898,0.061798210194677204,-0.05779335057279758,-0.018565978872701117,0.017729396835383632,0.0897343001523411
2dof_zero_L50_N100_seed10,2dof,zero,50,100,10,0.2142560261782978,0.15876962036142306,0.11111481349573173,0.1728605346811534,0.27677627202858845,0.7563423937982264,0.04461527190242129,0.041199431559491205,0.018088759026833864,0.0331954579996718,0.04989096079856714,0.21388117412138868,-0.16964075427587655,0.13290050711682092,-0.23932681332108785,-0.13460012519051906,-0.08730732735306138,-0.0028776116674844514,5.767427384829961,3.0011155923346613,3.5889295606490785,5.110438612286058,7.096743633440667,14.51293859131503,0.848255009285035,0.4427597752487735,0.5240863773969289,0.7859391817970257,1.059153277527353,2.293546547403194,-4.919172375544926,3.0304220186177995,-6.333879324729273,-4.355264609889328,-2.6991750821612763,-0.29694964235738397
2dof_zero_L100_N100_seed10,2dof,zero,100,100,10,0.06552327425015186,0.05879005760356552,0.03139298001846588,0.04685180085666508,0.07769368628699248,0.3431131341957225,0.028507762461933032,0.028247075224983733,0.01465755366647047,0.022223886244421676,0.03229948557861659,0.12573514977590133,-0.03701551178821883,0.0430210959675125,-0.048339136781223556,-0.025729833109269365,-0.012864080199557548,0.009906609073596256,2.283366958221314,1.0617324585898889,1.4457907783931863,2.0608151272339343,2.7910989350656332,4.827178735697438,0.6268846895179209,0.38908600951823125,0.36830811401103775,0.49960926983424436,0.8040702613924431,1.9168367112961853,-1.6564822687033933,1.0034513536674197,-2.270725750528048,-1.4671930790266785,-0.9695706542108086,0.1373430527702397
2dof_zero_L150_N100_seed10,2dof,zero,150,100,10,0.05158204275564968,0.05803720250928902,0.01916161801101124,0.03133312921126846,0.05569826034465116,0.2652250408745602,0.021592616412213054,0.021321012420863407,0.009892086480241098,0.01465913140153341,0.02453454046434056,0.09682503605135805,-0.029989426343436633,0.04442995984921199,-0.031836894799629284,-0.015451752038489561,-0.006845542687824262,0.006677018297448032,2.2988110769803725,1.3234950989852445,1.3499562277780175,1.961388606783888,2.876230880887654,6.136308947980904,0.7684881988591721,0.4431373318766182,0.4233188042032247,0.676236719242443,1.0104058765192816,2.0149541502145807,-1.5303228781212004,1.1224650395919336,-1.9289181933196318,-1.270067557381038,-0.7952804290243021,-0.011878210331476333
2dof_zero_L200_N100_seed10,2dof,zero,200,100,10,0.04946263792009321,0.07018804047431959,0.01278796436895334,0.02411057467919465,0.047378200107860924,0.344054648506216,0.02402092883222338,0.03335429562686462,0.007695302860866701,0.010663362731486329,0.02118193116356223,0.14348219864662456,-0.025441709087869843,0.05165254528650351,-0.024319194940845962,-0.010825329662730905,-0.0039172186086007385,0.03154317788199991,2.367446365699143,1.6024298032597033,1.136393440237531,2.0303353789340326,3.144176401642911,7.829246545307033,0.8839709533999369,0.5257048332651965,0.5030626463145539,0.7708565513715122,1.0566370198294859,2.441684921977363,-1.4834754122992053,1.4573301712168998,-1.9911224116067516,-1.1152276838982456,-0.4255331342516478,0.05687846284311794
2dof_zero_L250_N100_seed10,2dof,zero,250,100,10,0.036775073760572353,0.0336954654435853,0.016277981159493984,0.02837479691057928,0.043257733965533646,0.17998966657565957,0.019019001094534697,0.019869579225655708,0.008145159889348658,0.012293708588764257,0.01986477112234055,0.10109461026355987,-0.017756072666037657,0.023248315881285342,-0.022593968282563052,-0.012489034327925218,-0.0058217827096002615,0.01967541732053291,2.975838346755109,1.8280043524884046,1.8522884064928147,2.522290254520997,3.4886395005177886,10.067690770897197,1.1776805349009571,0.7113953791281481,0.6172878797428085,1.079806267317093,1.4675065941927623,3.443787076463112,-1.7981578118541515,1.638820313435242,-2.4531709932057018,-1.4929863392583789,-0.8022728676721765,0.25261931323758563
2dof_zero_L300_N100_seed10,2dof,zero,300,100,10,0.04520237113772709,0.08149848205662569,0.013116914404368425,0.021746340105579638,0.03976035752047398,0.40668498272833664,0.023250967439382084,0.03592685548484288,0.007127798874139617,0.012100595970528476,0.02178248051777132,0.20191800553616354,-0.021951403698345,0.048794959064017485,-0.01919934424154818,-0.008711501977052363,-0.003723488752312528,0.00515043183162755,2.956961696094482,1.8084405803482826,1.7470105129494384,2.6090700202393258,3.587522506066243,10.21114280978196,1.486794661271905,1.0671274002909352,0.7363856523637962,1.1218882463308844,1.9640383498638792,4.743573874288301,-1.4701670348225762,1.5137256745204979,-2.0471946439410633,-1.1897147049677048,-0.5877156190475793,0.5134252266344904
2dof_zero_L350_N100_seed10,2dof,zero,350,100,10,0.03680202565231844,0.041109178069772524,0.013776427059467754,0.024017268742343195,0.04402919659260425,0.17991379795789544,0.020208381041368007,0.02185628293170055,0.007691416186560608,0.01261082428745598,0.02589504919694184,0.07242094989889299,-0.01659364461095043,0.024889216543912802,-0.018165454173077435,-0.009323622380928685,-0.004112464548002868,0.007152588025516307,3.106616991853701,1.771914465309918,1.9188746727419208,2.7071362580582647,4.0327478816844335,8.014637347184554,1.418262857486187,0.8504425909923599,0.8223618689629902,1.200360096065566,1.8900489326580883,3.5152093682685415,-1.6883541343675141,1.5205366111503937,-2.456306269240807,-1.2763047278304906,-0.611172029651299,0.7034350693835091
2dof_zero_L400_N100_seed10,2dof,zero,400,100,10,0.03872774851646333,0.0608829568265586,0.012119032772306528,0.018319241200384875,0.0344872842019793,0.337738888513001,0.02265675777780004,0.036358589723532626,0.006639181165076075,0.011530961373050898,0.02154982812283804,0.2050411784448252,-0.016070990738663297,0.027484467388706326,-0.014470879430428784,-0.006651673462055071,-0.0032376292897699456,0.0028556546551126755,3.3535432206026714,1.7725548410829794,1.8379062285997403,3.2161600033973192,4.30630429906975,7.974163499460278,1.8557269629685933,1.1920867931597874,0.9665091021119634,1.4768902884315216,2.746042774813655,5.647364101754175,-1.4978162576340779,1.3863418375004168,-2.4639288855675057,-1.2293143219558742,-0.5401282661852627,0.802368082275525
2dof_zero_L450_N100_seed10,2dof,zero,450,100,10,0.05924006513912107,0.0868849158248526,0.015039428670931863,0.024964692095885727,0.05886268414037322,0.44049397543798097,0.03495741136523259,0.04929154507946838,0.007839241978386011,0.015879847392434178,0.03329561327129162,0.20134822899819127,-0.024282653773888482,0.04859745682021799,-0.017920347869329608,-0.008360839585415454,-0.0029690018792931246,0.01228479516718279,4.132937297894214,2.237664955988447,2.473817638788675,3.8085958310944608,5.041579655745423,10.199345736972388,2.2982787588658686,1.6059709223758105,1.1614481839619564,1.906771239426016,3.0222638258710046,7.282751751644033,-1.8346585390283456,1.7805258994749573,-2.7268946045992752,-1.4501851283755416,-0.6823019343313192,0.7256690212614219
2dof_zero_L500_N100_seed10,2dof,zero,500,100,10,0.047049403057802267,0.09746840619898779,0.012940555831782571,0.019795973023545393,0.03353244200005031,0.5144589003772289,0.028353155442436738,0.05037327710129608,0.007746862378275981,0.012607814535480011,0.02760030698585376,0.16219451165394067,-0.018696247615365542,0.06412656495661229,-0.011539432494991663,-0.005970170582499252,-0.002279735203936769,0.008437427947517484,4.071634148486222,2.151264656009946,2.39372157668552,3.5662862708768315,5.351367553736338,9.29911667749839,2.448544174186076,1.6075284161367918,1.1010583654523503,2.281840336169789,3.2789510967486244,7.668136302795874,-1.6230899743001452,1.741732396707726,-2.419260269430725,-1.277592983418264,-0.5026430223271641,1.5419323770013706
2dof_zero_L550_N100_seed10,2dof,zero,550,100,10,0.04676585759593738,0.10107581636687665,0.011856272093747006,0.01833027507437607,0.0385527711209899,0.5281183406334395,0.03313774246781261,0.08360576010494718,0.007901991618046566,0.011593757610661497,0.02571559276930907,0.350782236074582,-0.013628115128124754,0.027463669192784597,-0.014673511252776082,-0.006607866240934615,-0.00214644333977048,0.027491471759943115,4.154346648713702,2.1251776942903824,2.586234128999493,3.672073642149561,5.4828092158949735,11.329856387772855,2.485986783680611,1.62125503122429,1.139823451831378,2.1189386501241216,3.6697014377455326,6.569487874081609,-1.66835986503309,1.7701183262096067,-2.655962112765046,-1.1417574301004643,-0.4367308730720733,0.6634072160534356
2dof_zero_L600_N100_seed10,2dof,zero,600,100,10,0.0439849606819374,0.06458516081269283,0.011777653412355633,0.019641000736574134,0.044777857648467104,0.3367439905087988,0.03295554925667704,0.0710898598801019,0.007408742903823067,0.012110009602187478,0.02838943278559714,0.30460370290840816,-0.011029411425260358,0.026468906587876963,-0.015381735424594496,-0.005890820353789655,-0.00189278864148577,0.008643021394447186,4.459908996064147,2.2772099586809964,2.6467233112241937,4.2775490488504015,5.676208109525061,10.904833459879846,2.7819775359913415,1.673430357800165,1.4834758129699743,2.4813771695870503,3.8856183639811084,5.963839772807143,-1.6779314600728057,1.6891798291270048,-2.552131488078751,-1.3040770443267868,-0.4543130380003989,0.7952512002074241
2dof_zero_L650_N100_seed10,2dof,zero,650,100,10,0.04105873567997995,0.06894413044451697,0.012266423696157484,0.019661576458357744,0.032441530242925266,0.3429733901499958,0.027755757473977558,0.050840089832509705,0.007420787112274464,0.01317939875069655,0.024771160581497673,0.25419660804465616,-0.013302978206002397,0.02800588754925564,-0.012508613218100229,-0.005872640526101808,-0.0037676008661011256,0.0012986236038789475,4.606144520986066,2.276644560241617,2.6922030739082405,4.236855038587491,6.197895831499905,9.868938449212802,3.2844153836062264,2.101071841804488,1.6350675576045337,2.7344827290824654,4.5933078418199145,8.131197281354888,-1.3217291373798394,1.2671129096184182,-2.1727995491149295,-1.2348292113401733,-0.41940937945166756,0.9366229795521759
2dof_zero_L700_N100_seed10,2dof,zero,700,100,10,0.047233553959345906,0.0893729888954343,0.01137265652211665,0.017192575176670753,0.036276704558081616,0.5147452368249356,0.03184498877033519,0.06205113393020162,0.007681399407321108,0.01251148108544479,0.024990387414399306,0.3798928280810402,-0.01538856518901071,0.03344359731621686,-0.013281612286742222,-0.004103399398085938,-0.0017711386113953703,0.006197688393502172,5.237337475527965,3.0561645386133383,2.827986585491226,4.5352029515783645,6.781283432770834,13.01073903914775,3.483965686503239,2.125540724589001,1.7030435583492818,3.1017136503356264,4.512159976283144,10.119766903278876,-1.753371789024726,1.8691991899372007,-2.5303660608890652,-1.2591787902217961,-0.3755973829667668,0.7977399717230133
2dof_zero_L750_N100_seed10,2dof,zero,750,100,10,0.0607706426466379,0.13286142940623807,0.009948382436534588,0.018611164848631512,0.048341509428192986,0.6968567351796401,0.039913676529662184,0.07969658456124049,0.007427801680533007,0.012763142172232941,0.037452199826151784,0.42676094075137805,-0.02085696611697571,0.06862124272733033,-0.010483280383398852,-0.00520684263233811,-0.0003234890466819085,0.0389103638666236,5.42087650460119,2.8378368877001297,3.3164753767772326,5.050512741234893,7.065530195264629,14.160216385536538,3.5761209025166236,2.303715231007302,1.8310553329979293,3.055706637268369,4.976704786149848,9.811962261802451,-1.844755602084567,2.087030689198551,-2.875181532543335,-1.5024162806293473,-0.4408994573566898,1.4110780975161754
2dof_zero_L800_N100_seed10,2dof,zero,800,100,10,0.04900328647873178,0.07338223871890107,0.011235661350047407,0.02002781978433666,0.0528510057306899,0.36837061999647364,0.03940089106711257,0.07934135373458674,0.006936366906166854,0.013256333038487986,0.03649526554373625,0.32905162628922097,-0.00960239541161922,0.03647208733177551,-0.011595611118075368,-0.005326338304078176,-0.0017444625732898579,0.04513855906432864,5.745925940977327,3.2524060999868527,3.3968391284504214,5.037687560077922,7.0711029271587,13.647642960216551,3.9361962247638886,2.595813361293035,2.0416720435977305,3.221902193014036,5.211584636243783,11.114608846747398,-1.809729716213437,2.166191495652766,-2.649286625506262,-1.1569220777644298,-0.32746417307214715,1.5360429019727073
2dof_zero_L850_N100_seed10,2dof,zero,850,100,10,0.0549649056976912,0.09636551583616484,0.01374691482702545,0.02349367991426465,0.04274391102192786,0.48923125040376614,0.04374021053729093,0.08863859031628397,0.009114612222607898,0.016088974316154102,0.031088899092973722,0.455926161180396,-0.011224695160400257,0.02581730417802887,-0.012418169154444075,-0.005753455682669674,-0.0013690169927947345,0.044761818262652624,5.834466375555811,3.201992913744699,3.4952736654835936,4.949604846003042,7.826979825277116,17.370017935337117,4.029999809427418,2.624182086253548,2.013330554435032,3.70500174878901,5.218787154888494,13.842086357804648,-1.8044665661283932,2.1681867568035806,-2.578618216629493,-1.150317777266707,-0.3643017153593359,0.6687886081350924
2dof_zero_L900_N100_seed10,2dof,zero,900,100,10,0.05819466862461828,0.12997179288583285,0.013516667041854304,0.02174980782554914,0.04168227690787,0.5513986550462852,0.04692895202917084,0.11341890663584799,0.007868024970936725,0.016779414655602416,0.03179485476100997,0.4879906529900015,-0.011265716595447435,0.06634954448995994,-0.01044926275882022,-0.004448919664318039,-0.0005634700377071223,0.03435986543647718,6.319541798611734,3.412676191133397,3.68782141871985,5.572931785163338,8.721359506409463,14.774321197917406,4.446959661446018,3.1196133736580376,1.87305793000407,3.784612763815846,6.532459968623024,14.000116739897193,-1.8725821371657179,1.92167758887822,-3.091860066888237,-1.430844612557204,-0.2948686728523066,1.1315782732041122
2dof_zero_L950_N100_seed10,2dof,zero,950,100,10,0.04663218650771378,0.08591741003101312,0.012847046220900153,0.02147369992087833,0.04301471990409091,0.4898339128957153,0.03286191150018404,0.06902435215949848,0.009522123323428803,0.01721167490211179,0.034382851147058975,0.19583219074746674,-0.013770275007529744,0.04585540242734623,-0.010837129724973745,-0.004760820220115916,-3.5226133883116146e-05,0.00868346556097119,6.648671496821062,3.5230017777530485,4.196125102584807,5.715572251453072,8.692864398532974,16.13143112749298,4.847827711960031,3.1784081836596685,2.459564359218394,4.015373623500102,6.337710048292783,13.226247580835988,-1.800843784861031,1.874255591437847,-3.083334714466373,-1.2201207216176115,-0.4278575183587283,1.0825486483042468
2dof_zero_L1000_N100_seed10,2dof,zero,1000,100,10,0.05735099749122198,0.1208545255019273,0.016086144806013003,0.028443976674071926,0.04916992220728889,0.7851327097057197,0.03834277776220567,0.06761943311268527,0.01092940469779524,0.02163920231170873,0.03619564899094799,0.3153217173619811,-0.019008219729016316,0.07383103867590775,-0.013325874774925287,-0.0056558700396680366,-0.0005427306896655208,0.04982864237710873,6.678543825137114,3.345387689073873,4.032048790711602,5.970359288868059,8.982713008787155,14.227690980423544,4.784387995263367,3.0184124071417044,2.1526819663784877,4.218221366746505,6.199396784462866,12.221126393128442,-1.8941558298737455,2.1454784541331153,-3.2353810811557864,-1.345885616489285,-0.25071398337383316,1.9366014401863347
3dof_gp_L50_N100_seed10,3dof,gp,50,100,10,0.9234896547791044,0.6834332796604539,0.5405942883560774,0.67446809316,1.1459794247796402,3.1290488975522956,0.6014702352284008,0.47044346038049023,0.32655377041879863,0.44856849195370607,0.6682630505372059,1.9030390775447958,-0.32201941955070346,0.6729495558925209,-0.5244702208488863,-0.18956298746596603,0.007678822437159075,0.7687694947933222,0.579583960042958,1.3740631217326675,0.12904615601649064,0.20880990971594804,0.3838622250494278,9.064120576535858,0.209516024316318,0.4330320015444584,0.05582313649992818,0.08667670593619645,0.17863148222023084,1.2973563906487888,-0.3700679357266399,1.0751871228489074,-0.20664221675738037,-0.12199482242235742,-0.06557025413403612,0.08301861727635212
3dof_gp_L100_N100_seed10,3dof,gp,100,100,10,0.7258592479180276,0.5997545564916057,0.34141853275669265,0.5456308182331236,0.8110437373850816,3.0118131689129064,0.43667057559485883,0.446167717279356,0.14812971082036114,0.26427465756764346,0.5330668211479344,1.8907926632208516,-0.28918867232316886,0.6894437089473573,-0.4469141276012506,-0.1493588977605644,0.030210226892831836,1.3147122004446044,0.15313436234972103,0.33973304650991376,0.040186185924119475,0.06111609833869033,0.12139723566822559,2.0583747400351684,0.040465754669936065,0.09414643311997783,0.013586721084520295,0.018577192455791314,0.028234001475093022,0.5513688122784152,-0.11266860767978494,0.2591189359580578,-0.09261536250146747,-0.03943113222361139,-0.021341425253079437,0.007246806131723619
3dof_gp_L150_N100_seed10,3dof,gp,150,100,10,0.5879167892980266,0.5240033968407155,0.26470748247369924,0.4543000931903452,0.7454436887612061,2.1022099236735228,0.38817283704166156,0.385587093407098,0.12632574778556907,0.24512606797667852,0.503784705596639,1.436540371453071,-0.19974395225636485,0.5306677866964756,-0.3066351474305131,-0.1493116567349535,-0.0034285491569550214,0.7554802851966317,0.1066658162524537,0.27120804014584043,0.024882565399609636,0.03962409957357188,0.0674812418976165,1.2985583757260784,0.027162598293077305,0.040959281176418054,0.009764017617378887,0.014173143203846609,0.026163555783727678,0.23533743463071402,-0.07950321795937637,0.23585357813174257,-0.04689932316149914,-0.026688656653665974,-0.012424004068154573,0.0033740247353316027
3dof_gp_L200_N100_seed10,3dof,gp,200,100,10,0.5918808656411136,0.6360712822117527,0.21011853073791373,0.41970284931256274,0.6390179511156572,3.3083186261762245,0.4831377520426503,0.6436425964712246,0.10287074595500185,0.22297429386384932,0.6400346170414949,3.1477841582180477,-0.10874311359846342,0.7446727497060781,-0.25498153508716037,-0.12579456195613264,0.06558513790080142,1.3477686148628722,0.06836942981767287,0.07635497057792634,0.023516401912158435,0.04087425755278713,0.07740483847303088,0.3708862827050505,0.02535023733944435,0.02964295133630816,0.00819355513791206,0.013306408797141994,0.03150982950333398,0.10076712372373699,-0.04301919247822851,0.055057444676870584,-0.05075393924028309,-0.025118853680341634,-0.008924334013497959,0.005342772130553795
3dof_gp_L250_N100_seed10,3dof,gp,250,100,10,0.3909767528339769,0.41295014680812453,0.14671745908919515,0.2553336227636483,0.46742798640070016,2.0386954872592673,0.40200250890377864,0.47142789976828703,0.12900673864848922,0.2116370289567892,0.47870123504043594,2.127676184551838,0.011025756069801744,0.5226599205284983,-0.1290763177254676,-0.03826501639950283,0.10403486682531383,1.8882356987022613,0.08983025585431427,0.1875306938641419,0.017864580890920294,0.03147539227273671,0.06671582741150206,1.0237100081877264,0.03779151014883876,0.06552804255728743,0.008888864578777828,0.016387920346392477,0.03185239742067912,0.3628630746789544,-0.052038745705475516,0.15002384842391592,-0.027301100699636663,-0.0145297313265642,-0.006313068378831751,0.039183878074955825
3dof_gp_L300_N100_seed10,3dof,gp,300,100,10,0.5365004180880257,0.5430988919255509,0.19079932256444176,0.3889335628992996,0.7082614298556849,2.4030831046605896,0.3332967796071362,0.38837395763406357,0.07681195068782881,0.1795197101566829,0.3812882914616925,1.5747784283037642,-0.20320363848088957,0.5634936971982766,-0.3212719053992389,-0.10039763301712804,0.027494321215265547,0.9645507456234248,0.06941922382115945,0.08222675415971573,0.021262506263437137,0.036404084383125646,0.08618645516573777,0.4240780791845962,0.023974485724011993,0.021676370822865287,0.010686133304022336,0.014933416407191943,0.031985629729958276,0.1004133526265724,-0.04544473809714745,0.07688930424550311,-0.058152290637618086,-0.020847586374414834,-0.004499190976252243,0.02181718041883033
3dof_gp_L350_N100_seed10,3dof,gp,350,100,10,0.4539374470076036,0.4206391083014022,0.22020211027768216,0.374430292918539,0.5394177753563218,2.59301526392333,0.34512802038000445,0.36711042522048193,0.0896075668345457,0.24535032546213245,0.44500866828690755,1.9497662658504866,-0.10880942662759926,0.4474557922930245,-0.21761108419515043,-0.049164824563049325,0.03406865798753305,0.9057213484722824,0.0905894683225925,0.1608871454255611,0.0274766310123698,0.04810520910702239,0.08910820833129254,0.8381643135176726,0.03886713395864504,0.048547236553980425,0.01261199891889275,0.020955600303266562,0.044269781017802115,0.2744801320632716,-0.05172233436394744,0.14492892181571768,-0.042560577535707474,-0.019670069461306484,-0.005833908579306732,0.04465354324528145
3dof_gp_L400_N100_seed10,3dof,gp,400,100,10,0.3958669377933951,0.3728716221787848,0.16851692646933242,0.27873079843018933,0.5345724794820352,1.2152159934184859,0.28431541904666474,0.40529556072924683,0.08479764797093366,0.17623713314612693,0.32151110546019984,1.8450373160720004,-0.11155151874673042,0.5026702122378973,-0.273762037378594,-0.07547182220484838,0.02427364167007968,1.280904693507658,0.17240405369430778,1.042902052480243,0.022478179172957424,0.03757127443268657,0.07360607121736537,0.5300996723492347,0.042209415523976605,0.05941866405921724,0.009804241101309502,0.0236176108802905,0.047941882493166256,0.31824714252992276,-0.1301946381703311,1.0382639959948514,-0.03438460762131522,-0.014494881396481942,-0.0038416276656759773,0.12222206656701538
3dof_gp_L450_N100_seed10,3dof,gp,450,100,10,0.4331696954636599,0.41839962609391423,0.14257901112386248,0.3065701469895653,0.5776614656427832,2.097564860170225,0.28747383830870765,0.4008984054484842,0.08517731827730919,0.18707283707887884,0.34322382865744244,1.4179543292616261,-0.14569585715495226,0.4051820647455808,-0.23290447604633563,-0.06161247480959763,-0.001361651698554258,0.26455057228135764,0.08892654998076503,0.1029490801631757,0.02491417779417905,0.04983296814435617,0.11280595549856588,0.45716883451151413,0.05157919868081295,0.07325716677550041,0.013491105256210275,0.028704659713600766,0.05047437691460654,0.2667805443349098,-0.037347351299952106,0.07866736435175772,-0.04124837941106427,-0.016140932181670696,-0.004812305319006973,0.05337683705578422
3dof_gp_L500_N100_seed10,3dof,gp,500,100,10,0.355354935963308,0.3493962744115009,0.10345159747840618,0.2629471951887079,0.43806936268742336,1.3646748758004263,0.2375335800338015,0.24144688210795573,0.058487884643779166,0.15695071176110015,0.3053646891553369,0.9612343128590091,-0.11782135592950653,0.26894391024089237,-0.1816374044333593,-0.04880124128468734,0.010812660375377457,0.5717037185831004,0.08607187070410091,0.12606015965164358,0.022963525760915766,0.055665797107572745,0.08831045581820893,0.633158413072114,0.05264084798590335,0.07642343112716103,0.013122235744759113,0.027270317419358148,0.05927754641340479,0.26090849102820607,-0.033431022718197576,0.11358844616012699,-0.03499204780652422,-0.014653250513349163,-0.0017027477600559415,0.13317721291574372
3dof_gp_L550_N100_seed10,3dof,gp,550,100,10,0.36954495814741856,0.42033666711531503,0.11460720445774358,0.2580158263629212,0.512941640291806,1.2293884286459702,0.25541873562869566,0.23243477370029633,0.08524527383140831,0.17349258877830692,0.36673898245006703,0.9699929760985613,-0.11412622251872293,0.40996516382530357,-0.16520684689606782,-0.03464719568193157,0.03692523534688749,0.37632840333074974,0.07977759231683267,0.07455705998510792,0.024326314752063687,0.05230980362189033,0.1056471509881784,0.3023087147279644,0.050828853224504186,0.060134447508543444,0.018714437463498875,0.03199353844570006,0.06146208302218396,0.25734653452977807,-0.028948739092328476,0.055329065031317515,-0.04338891142242696,-0.014227822793465003,-0.00199830577086665,0.043234306875397276
3dof_gp_L600_N100_seed10,3dof,gp,600,100,10,0.37036432273708103,0.37798331505652477,0.11109315954656607,0.24821755543386634,0.5038799607872738,1.6295579823338695,0.2692815403422846,0.28161356753375383,0.06294085002435053,0.16977638373296305,0.35769185763472433,1.2807179930877148,-0.10108278239479652,0.30049719515727563,-0.1435275835508667,-0.04272732653967128,0.014313415123351835,0.4289408992770746,0.11658470441130958,0.20830945299903933,0.02737136564017728,0.04965442640360444,0.13753596431815107,1.0573539323417558,0.06526903123005778,0.09744909316400256,0.016120068754570657,0.03494634122464537,0.06501176502549433,0.493653805869141,-0.051315673181251784,0.15534412119839436,-0.04551349901263042,-0.013959716354903569,0.0007939905452394895,0.061826515361660374
3dof_gp_L650_N100_seed10,3dof,gp,650,100,10,0.3635400270697973,0.3974464145837006,0.12222404280319538,0.23000804159668162,0.466478261653283,1.720772907140628,0.26343265648505976,0.29329869267989755,0.0864540151928711,0.16292303207359904,0.28902605619342187,1.4172952771348108,-0.10010737058473752,0.2842772898422891,-0.12554294280773315,-0.04013209742536489,0.013575331620313325,0.39420911365865524,0.08309062011947077,0.0920031894634593,0.028533783645274327,0.05242457916928987,0.10195842077498296,0.4522917554369247,0.055666357733644416,0.07271177698227467,0.01797687343055288,0.03169174603821148,0.05644440850000176,0.36377369370653023,-0.027424262385826372,0.05736475031039096,-0.031592589549330155,-0.012061651319935883,-0.0011673434687779682,0.025258968612699245
3dof_gp_L700_N100_seed10,3dof,gp,700,100,10,0.3274569045642145,0.31021498940248743,0.12587124560034468,0.2470643410735189,0.3686257022947827,1.3580129046407754,0.23743440523142784,0.19925702054841915,0.1004922669892899,0.18872599114953503,0.34562533239024684,0.7151851273077388,-0.09002249933278667,0.30374654380853816,-0.12823621305014005,-0.03967375239879384,0.02256833021156032,0.596146934198377,0.10658237352203093,0.11835551358085751,0.03289786212996833,0.0707060040107434,0.13046667832659944,0.4574721485213735,0.07425782620516733,0.08339402410904169,0.02170020132509114,0.049891016101865374,0.08383084195019515,0.35297416902163237,-0.032324547316863614,0.08932770781765526,-0.046390818686429844,-0.012696576249347608,0.005336839659702512,0.09831922817741749
3dof_gp_L750_N100_seed10,3dof,gp,750,100,10,0.29390804928280645,0.24777475149051548,0.09207896226540997,0.2100325309599402,0.42336062004510366,0.9250590930970479,0.2321237790402997,0.2540672096531942,0.060514919130212536,0.179398272482863,0.30272686691552775,0.8738990645099531,-0.06178427024250676,0.20560793986916023,-0.10698553130242296,-0.024413562326654283,0.006023680237759087,0.33300100091035717,0.09922275212802863,0.11502299462620419,0.025919680925055158,0.05593313566479941,0.11597388023000443,0.5714342589470629,0.06418727402073411,0.061566411833064695,0.02059943750593315,0.04302996143928288,0.08817547593314623,0.28744969765674316,-0.03503547810729454,0.08161129892093859,-0.032826891414278477,-0.009431121522194583,0.0003784356726872851,0.04006603635421623
3dof_gp_L800_N100_seed10,3dof,gp,800,100,10,0.33667087970247095,0.31303475620470655,0.09350270382157747,0.22488876666102176,0.509043814154335,1.2599613386859696,0.2352772731010158,0.254770414337186,0.0832173453679785,0.13927473409114555,0.27127928296763226,1.2829390390725373,-0.10139360660145522,0.26465954351880894,-0.10376388932971947,-0.028920279858208425,0.015533854557841056,0.38230342485563673,0.11868672828820495,0.20974641313261913,0.03913587445713966,0.0642113549140511,0.13591134848738898,0.7352787763713441,0.07872457915091402,0.08801830234021112,0.027218117443336704,0.04512868698504986,0.0971720968842211,0.4208277738046468,-0.03996214913729091,0.20576918379888776,-0.038308310775899225,-0.00716971474270928,0.002028211278646403,0.13056924762269945
3dof_gp_L850_N100_seed10,3dof,gp,850,100,10,0.3147111173493464,0.3496194051334012,0.10117757965209184,0.19339304563756576,0.423443417765404,1.22135400362893,0.21503416265422082,0.19603766878683745,0.07202056822254561,0.14089374903625826,0.30687343070223083,0.7897810500577057,-0.09967695469512565,0.2878934305455884,-0.10180857629294619,-0.03847351368862659,-0.001172112703979121,0.3315085645105471,0.13113885167031702,0.17644383874619046,0.024051534299161504,0.06916222172313857,0.14087345628716402,0.8511258789445658,0.07989045339261006,0.09810896536563218,0.016310276336663827,0.04795506142831612,0.1027434132036682,0.40592475520612337,-0.05124839827770699,0.12149820065351775,-0.04703355983186579,-0.012766863341350763,-0.0009133347103734693,0.048307675116518796
3dof_gp_L900_N100_seed10,3dof,gp,900,100,10,0.28733213527211204,0.2798985824465195,0.09212339601075278,0.18767932722917408,0.41651541889423377,1.215422271262651,0.22237255367720543,0.21993792257866798,0.06796360199623286,0.15786102324450307,0.3204074475410658,1.0115465988064332,-0.0649595815949065,0.16596150784092142,-0.07061606991368868,-0.02339923419403754,0.00867456277901791,0.13381497258133498,0.12839489376880597,0.13931547022966606,0.02876742715985702,0.0773418453561523,0.16329093700067138,0.6909554879921525,0.10415137745437124,0.12609557917106276,0.024793572332330004,0.0581430979357697,0.1440271729166981,0.3978275567220045,-0.024243516314434686,0.1263083316157977,-0.03650024354516358,-0.007172931591024697,0.003442773687699652,0.1758212753197929
3dof_gp_L950_N100_seed10,3dof,gp,950,100,10,0.3148317245378289,0.26334378837529304,0.11156998598287786,0.22454874283071857,0.440386407546522,1.0982274208145604,0.2739858867550133,0.20753476197959994,0.12572323693450677,0.19382898160231743,0.40254387937885644,0.8561533215124395,-0.04084583778281564,0.1471655581185835,-0.04641850471778709,-0.008229296765527333,0.020923953597092475,0.16305708147615175,0.1405971896596735,0.2129841425631182,0.03639558971027843,0.075769490866777,0.16924300867508443,1.2273193227239596,0.12117145142579573,0.1850187224508504,0.035118678428500895,0.0737024364801934,0.13653338299883425,0.8520796233779977,-0.019425738233877762,0.1492249582481897,-0.020737633651325686,-0.0028721800691481614,0.008010256913040088,0.18566578847439363
3dof_gp_L1000_N100_seed10,3dof,gp,1000,100,10,0.305561025808852,0.24819663901555464,0.12292615749531746,0.2617145291132326,0.3833632943577141,0.9581761873708059,0.2742190786721008,0.2440942413767589,0.09875962180812853,0.2097727905899146,0.3409010872295497,0.9501939719144309,-0.03134194713675122,0.13640089179949483,-0.07279449755388281,-0.01501558683760193,0.023255030417493036,0.32666923312236384,0.11845900293303734,0.106625915277128,0.04783573132916785,0.09685819355265174,0.16059701666117437,0.5555890069853427,0.11080854612285122,0.11637807727699657,0.03944429210917101,0.07785484063018938,0.1459287649950649,0.5426231084567176,-0.00765045681018612,0.06871337864440885,-0.027962285574063286,-0.004231589756244238,0.008415751575093954,0.17425730289838878
3dof_sinusoidal_L50_N100_seed10,3dof,sinusoidal,50,100,10,1.0420149914136647,0.8759302336045975,0.5568062380972243,0.7455539167461543,1.098925855584182,4.919258229755477,0.6161747121796075,0.5256342351860822,0.31238459641251115,0.44214717692096683,0.6594001418249762,2.6114925294593205,-0.42584027923405715,0.7804211818771652,-0.5861345202405883,-0.23613642485828953,-0.10066115596275296,1.1066040384515463,0.519674335204069,1.1382750396156107,0.1449850954653572,0.1980047138950647,0.34158049763093,5.215627748835674,0.18376274199260198,0.3014039885312394,0.050057460952520054,0.08587046231835704,0.15110108262903119,0.8585741366157682,-0.33591159321146685,0.9843302646916652,-0.20501918335933716,-0.1141447375453136,-0.07782365246396958,-0.00044363601886523985
3dof_sinusoidal_L100_N100_seed10,3dof,sinusoidal,100,100,10,0.660173426438986,0.5203331504531884,0.29336969620019204,0.5237832350952505,0.7876304021400664,2.514915047077966,0.4678321341414199,0.47289264249833074,0.13936519722252516,0.33918252938650295,0.5711735014651564,1.8318082497232904,-0.19234129229756614,0.5943914244979904,-0.37837713101157683,-0.1539888206648943,0.017748528199044197,1.2669462850298432,0.1307485746419195,0.1816872140653238,0.04038370190883493,0.06033713450135824,0.14400188914687553,0.838834518572951,0.03611779922035288,0.05069889995975154,0.013310134123030865,0.019620932567238417,0.03401260233161797,0.26783770131888335,-0.09463077542156664,0.1407563208699525,-0.11761039229495672,-0.046824777996994985,-0.023590122556722742,0.0017457750835376369
3dof_sinusoidal_L150_N100_seed10,3dof,sinusoidal,150,100,10,0.673765505050664,0.7378140929192708,0.3162445491787466,0.5027921255083514,0.7269239249844811,4.4662381737647685,0.36650873086786434,0.29946663227841386,0.13153492636133668,0.2368466571464154,0.5486554806747023,1.2176218659077864,-0.30725677418279984,0.7280048103786874,-0.3540821179664615,-0.16887222354981046,-0.024693601306156165,0.6924975647515214,0.10615483694694529,0.1639882049979244,0.026575533984268172,0.052304567086481624,0.09190118988951296,0.8060284814742934,0.02803001768293762,0.03279296351522902,0.009548718382864932,0.01601445712245752,0.030380907717981222,0.14865795485558544,-0.07812481926400766,0.14161938395645854,-0.0585316111518744,-0.03402779660210649,-0.015491228806558727,0.0012243343098634904
3dof_sinusoidal_L200_N100_seed10,3dof,sinusoidal,200,100,10,0.5779537233139015,0.43597881822698287,0.23134569382161466,0.4704306669396376,0.7841644176990766,2.0603405640546355,0.3188693318869606,0.35343990670453607,0.10512283732549009,0.19126671358358466,0.45775528694430256,1.4135968386658482,-0.25908439142694084,0.4462246741670293,-0.4930625256128741,-0.173404172404541,-0.018974248290568353,0.6128263783499083,0.0762094705855099,0.10676395729219218,0.020276752209367546,0.03702877291500736,0.06745399296017372,0.47229743422681125,0.030786266077849844,0.05643561714802908,0.007294320121016447,0.012863966460641158,0.026363717337963,0.32728467944988626,-0.04542320450766007,0.06777042892151026,-0.0406149563301883,-0.023187615333492777,-0.008115241233057216,0.01789204092320626
3dof_sinusoidal_L250_N100_seed10,3dof,sinusoidal,250,100,10,0.47899730979957444,0.4505400561946565,0.14888834878811974,0.35615739104553235,0.6468638807879272,1.621752875418494,0.3519952403384953,0.42971728078939425,0.11894126128240634,0.23171683626544803,0.47892236548436296,1.4179376252243308,-0.1270020694610792,0.4954662387713563,-0.3073084094624713,-0.06710205119514395,0.03839680152252586,0.9505898339855356,0.06935383872269141,0.11412218226939447,0.016966746631333608,0.029001949100731943,0.060760924148805094,0.63659099920016,0.035278190368170696,0.05609180222918469,0.00847772569573475,0.014179608900793068,0.03607658212083646,0.2798098294681759,-0.0340756483545207,0.07015431469129972,-0.03251334506314267,-0.011532147304234306,-0.005280131286547602,0.011818108632847345
3dof_sinusoidal_L300_N100_seed10,3dof,sinusoidal,300,100,10,0.4841634448166979,0.438358387776026,0.14887940465420818,0.373964876682153,0.619319469637952,1.8363531047985615,0.2750042240223779,0.2858691923929915,0.06471289223649287,0.19548556215178275,0.35834215730259245,1.4065506596165391,-0.20915922079431998,0.41529420589987864,-0.3742040430118133,-0.08147586637386275,-0.00906303521163325,0.6230887370844618,0.07144845207442017,0.11195373697143834,0.019259091779096463,0.03490242107452519,0.0809839070469352,0.4093441009177924,0.041263001480698745,0.10069560570238754,0.007609004128364387,0.01626729794571071,0.03303221433814426,0.29680210178924654,-0.030185450593721432,0.11039038343787738,-0.041056956143411816,-0.013457148512614068,-0.0060747088819340135,0.2053661186555292
3dof_sinusoidal_L350_N100_seed10,3dof,sinusoidal,350,100,10,0.40814853611773527,0.5216706196427895,0.12921553854474452,0.32688225376269175,0.501862102650906,1.948221075018126,0.28331809253195095,0.3096452868617508,0.08552645711982833,0.16293893610467455,0.4154250094853467,0.9064138936003139,-0.12483044358578427,0.5231996888485199,-0.18857437577552955,-0.041687065026024095,0.03738337267401225,0.6159413794687846,0.06538637238908804,0.07353571714504865,0.020786885672270522,0.04325904746664423,0.07976596114064945,0.39030634681818915,0.031855479898802816,0.04736471516856527,0.01087721710934227,0.016490631533255754,0.03246143121293474,0.25826065445972357,-0.033530892490285236,0.06869610791087552,-0.04158783307501239,-0.017976630401115176,-0.005324816433951174,0.03494697449373757
3dof_sinusoidal_L400_N100_seed10,3dof,sinusoidal,400,100,10,0.46086697287897904,0.43819841730491715,0.1543126554578374,0.36661157447761794,0.6142981694261604,2.069715580282141,0.23276005510236622,0.27151478398996637,0.08495466634150754,0.1598561702860759,0.2912599184050854,0.8760809314303887,-0.22810691777661282,0.4520613238220327,-0.35942008071590326,-0.11509958208617581,-0.02008272122647383,0.532022801763144,0.0830772264123257,0.11440840405115471,0.024029508721343143,0.03963373558439112,0.09041520409680318,0.40669145229914955,0.04152694141950218,0.06752316233167631,0.010768041992623328,0.022126872936891487,0.040496733585791436,0.2963239060822975,-0.04155028499282352,0.09615961217314857,-0.04294028066303713,-0.02122195045434054,-0.005950290549376645,0.1072912600598879
3dof_sinusoidal_L450_N100_seed10,3dof,sinusoidal,450,100,10,0.4056130807624988,0.39897614023819583,0.14343633732370104,0.28801446480734183,0.49439195444789746,2.0234855942645504,0.33260752213936073,0.5643552978721956,0.08899292160178324,0.17048086287996173,0.3302252033998413,3.0256924885967296,-0.07300555862313801,0.6111858835538204,-0.20530496232034884,-0.06421044649151762,0.011994321218041178,2.6877617271366847,0.09103606133685054,0.14076954087357624,0.023249048269509756,0.04321381351269033,0.0877303996073197,0.6427013164290926,0.036830834608376,0.038012787590125344,0.01296168837050548,0.024311312178286235,0.045700949450139285,0.1618830040439642,-0.05420522672847454,0.11882333427343733,-0.04232772221935296,-0.017451405218033643,-0.0035570769603635545,0.027761719318413362
3dof_sinusoidal_L500_N100_seed10,3dof,sinusoidal,500,100,10,0.3556671061866912,0.44333764002767423,0.09093336718217421,0.21926858911464475,0.4744675553466862,1.7799597101238054,0.26121669100882017,0.4071140963986617,0.05880411657482444,0.12319743334794338,0.2719245769082185,2.0636371057633394,-0.094450415177871,0.45243533168300964,-0.13470995017895177,-0.05092886213896463,-0.009156559992943807,1.1979727354034575,0.08304561779134222,0.13108181329217694,0.02108449771355566,0.042546129938895914,0.08345595191024681,0.6869001912856312,0.050733538891696205,0.1065852950193375,0.011640449053440097,0.021750364364583122,0.041823580668884495,0.4041922492199417,-0.03231207889964602,0.05886537841173375,-0.040082864054492615,-0.01708843256968591,-0.004508119424551034,0.020759653085701633
3dof_sinusoidal_L550_N100_seed10,3dof,sinusoidal,550,100,10,0.34129721311125805,0.3758756020610354,0.11998651101787176,0.21113090679263702,0.4161767161343298,1.5352409172966133,0.21860866447355817,0.26628263030315874,0.06491257004030279,0.1278477322783801,0.2530545010842171,1.105285299970386,-0.12268854863769985,0.33498908248397247,-0.169172253636957,-0.06354154612974774,0.0012059253040397518,0.5724309560423518,0.08681331574549445,0.0923414928455769,0.028899352552969937,0.057110573316856456,0.08635266567002392,0.4436154026295761,0.04593945454786987,0.055472165638414735,0.015434122028301007,0.03157106883212659,0.05256435542816184,0.21818051851049583,-0.04087386119762457,0.0776048482725814,-0.04424829701310542,-0.019909254275587394,-0.0055325242688647,0.03958538709868898
3dof_sinusoidal_L600_N100_seed10,3dof,sinusoidal,600,100,10,0.31477189430330416,0.29852723149287425,0.1332288408685607,0.235657288607318,0.39300992197854984,1.4951073435203952,0.2147753879646548,0.2116722858078727,0.0774929470995374,0.13788627332182746,0.30671126908257745,0.9828255265895128,-0.09999650633864939,0.19245485709402788,-0.16608937297905202,-0.059417971001026706,-0.006829160949926539,0.27521441783150996,0.10028080098202238,0.12475999109291555,0.023065702821721965,0.06255499318841652,0.1298709636989303,0.6004158998740388,0.053308231530690225,0.061092469325465075,0.01327810678602016,0.030191542988431963,0.06388563438738626,0.24429710550244652,-0.04697256945133217,0.0953624855382794,-0.04631250915632487,-0.018007711506573,-0.005019984500852415,0.03541106619448332
3dof_sinusoidal_L650_N100_seed10,3dof,sinusoidal,650,100,10,0.33342850725145856,0.4119648175552749,0.10643709208238464,0.23019226057342618,0.3249104582031023,1.4745394111725272,0.20481310786928916,0.2954496055926893,0.060799002878896266,0.11555027479358404,0.21883471170231186,1.0267337427497885,-0.1286153993821694,0.4391292870532397,-0.13259389555147005,-0.05397893244584748,-0.004548878649800645,0.43596815181813847,0.0752395793906186,0.08912302262592417,0.02530060569852694,0.04621810799370563,0.08748217346373753,0.44595072980614997,0.047910516194571005,0.09230895537593625,0.015098451716099259,0.024025977588416538,0.04875905080778328,0.33489877900588966,-0.02732906319604759,0.06009280053373113,-0.03504924509016539,-0.01639395057437048,-0.003493179380275993,0.030732062261934357
3dof_sinusoidal_L700_N100_seed10,3dof,sinusoidal,700,100,10,0.3049389578458553,0.23758730945553147,0.1471020198149834,0.2547015017169595,0.4002625155540943,1.0877752282328295,0.232335862551882,0.20401406084888488,0.08533334094298602,0.19397523582120735,0.33686107984561586,0.97423469498036,-0.0726030952939733,0.19024619627286912,-0.14193903998851953,-0.03963555963473109,0.010529198870445504,0.29924663092902687,0.10474487064137206,0.09977893434008274,0.029398313889916834,0.0713226401481386,0.14451391733581315,0.4342203779629288,0.06651511689505551,0.08057066204995188,0.018447483982074186,0.036592790297480964,0.08068472359422178,0.32063526135662407,-0.03822975374631652,0.07629173066869836,-0.051993196308819295,-0.01633755495023174,-0.0028418077091925714,0.07310114436527453
3dof_sinusoidal_L750_N100_seed10,3dof,sinusoidal,750,100,10,0.2772469833112674,0.28981023081152757,0.09917879549135108,0.20098404733030295,0.3332925405513978,1.096973419283943,0.20181838135673108,0.23082882899793528,0.06515520662881734,0.13384206183021385,0.2665624497099157,0.9720556018859069,-0.07542860195453635,0.1933829209661516,-0.10992845115379242,-0.041539496513403135,0.005244605679305528,0.19158483771223178,0.11412970308896778,0.21240749050750382,0.03089607750417452,0.06085451497491101,0.1188859185560685,0.6809923228256318,0.08512868374675472,0.21730412407000618,0.021358190050314706,0.04448704049463881,0.08662043754627623,0.4866047508016487,-0.02900101934221305,0.08303589037625388,-0.03683366941824744,-0.013650243079286575,0.0003397441536809806,0.08677165399070139
3dof_sinusoidal_L800_N100_seed10,3dof,sinusoidal,800,100,10,0.3059345475398777,0.3047052884176385,0.10866920200946215,0.22715438160694548,0.394089376973435,1.4576332851194946,0.2276413981057646,0.2581859441032548,0.07177486299249669,0.15021679843031666,0.30006112178227556,1.3721030106476397,-0.07829314943411311,0.20428088380581463,-0.11990704885605721,-0.03307370441924257,0.010902178862691604,0.2564755832226955,0.1737223888193635,0.6504179051261624,0.039308584124872245,0.06593109984279359,0.14642985631384464,0.8862038818097386,0.07317442152420334,0.07896186800637726,0.025335367118781954,0.04589247506469202,0.08445079036142387,0.3647583634432947,-0.10054796729516015,0.6422659768756018,-0.03776820660767486,-0.015934877905966895,-0.0005210849444616424,0.0684756205393077
3dof_sinusoidal_L850_N100_seed10,3dof,sinusoidal,850,100,10,0.32435420331064063,0.3553353784340235,0.07938691405938114,0.22134706353279734,0.4503214801940878,1.3669704850104032,0.2313713365287662,0.2138261133830971,0.07075351025255562,0.17084327007557892,0.30406495709550835,0.8566124937950439,-0.09298286678187444,0.2693219733709892,-0.1148633156260751,-0.027493921016395972,0.00011069347226298938,0.26202196099593916,0.11945796901786,0.17297811896162213,0.032963873382689614,0.05813898166140761,0.13138735648754352,0.8929215069773555,0.0834300742673916,0.10743038458979251,0.02762249954531366,0.044970710515014625,0.0959211377105334,0.4961550487867175,-0.036027894750468394,0.10138139393056411,-0.030835035396247067,-0.009049472301901094,0.0018946951849992105,0.04993166920458627
3dof_sinusoidal_L900_N100_seed10,3dof,sinusoidal,900,100,10,0.2673050454727018,0.2598178270100369,0.0941901759469903,0.17468414163158286,0.3555644629558726,1.182299971511726,0.21546000603224408,0.21690034260223232,0.07321375624025339,0.15129830475773837,0.3261669594588978,0.9457339935003668,-0.05184503944045776,0.16063929841238356,-0.0818007518695636,-0.01626354292017798,0.0029817554730115535,0.2793381367653931,0.09479434966580615,0.11304212086470611,0.031157867171974402,0.059430897052312665,0.10582367131858424,0.5841439168727198,0.06876926740476791,0.0647953284245282,0.024459522479283312,0.04882460406913638,0.08788733664512074,0.25988769081218804,-0.026025082261038203,0.07697325741600056,-0.02588665363155323,-0.009493939697704106,-0.0010808337917331844,0.06347075563053385
3dof_sinusoidal_L950_N100_seed10,3dof,sinusoidal,950,100,10,0.2817023511349267,0.27557109938816937,0.094220104193389,0.17876582666525043,0.4276897606847395,1.1037284627592843,0.22748816475314843,0.20406490183711481,0.08366022130116543,0.156913733986871,0.32035662347480826,0.9178462789215598,-0.054214186381778225,0.2007511189095575,-0.06221004061582914,-0.027444284662935282,0.009604401812320461,0.3217235627032695,0.11849659923902678,0.12717436612872748,0.04067338785653411,0.08421955842373144,0.15342294612526897,0.513413838146392,0.0874517420417272,0.0820760786646553,0.03372548280111858,0.06146744880139997,0.11266096284021347,0.3339122316428187,-0.031044857197299592,0.08950139047988484,-0.02904563213844058,-0.011553930749375801,0.0009810713440645477,0.10363787586708181
3dof_sinusoidal_L1000_N100_seed10,3dof,sinusoidal,1000,100,10,0.3255753585197007,0.22744359856143298,0.14964837241816167,0.2911785767264515,0.43642636165204474,1.1106849387302293,0.2644034076947974,0.21354371376212417,0.11380214286587333,0.2141075381357422,0.3668079604954988,0.9303248515786039,-0.061171950824903315,0.15849168583410578,-0.08886799376891823,-0.02103344188727177,0.0059851443112231804,0.2754874959048979,0.15119829844306498,0.1464700697691758,0.05322861107301922,0.12921530365521083,0.2137275776028634,0.7759875638334933,0.11988370386087963,0.0928554773906094,0.03920624335293871,0.1024511514011554,0.1929479417515956,0.3293510986684085,-0.03131459458218536,0.08904785102858682,-0.03535986251412632,-0.013620889178850076,-0.0003466656274909981,0.051149855612133234
3dof_spline_L50_N100_seed10,3dof,spline,50,100,10,0.9654854937565379,0.7713938723787073,0.5437946294929994,0.7030735253057292,1.1114129803369408,3.213377960929626,0.6405850186494269,0.45130006702829895,0.3387376009678028,0.5324493592912671,0.7953956483874665,1.882571647090941,-0.3249004751071112,0.7183294241676761,-0.5326021523983153,-0.22275572819366785,-0.04665791063055855,1.12079408255425,0.5020895033832432,0.859286488617964,0.14909810417431435,0.20850004584162318,0.3931847500882794,5.098963534103551,0.26012211636918736,0.6408458032966377,0.05521980256937868,0.09560187231102116,0.17303830056714173,3.6403221838822035,-0.24196738701405585,0.5695468983870788,-0.1998390911756985,-0.1108411808906816,-0.07476503537668686,0.025666487963393877
3dof_spline_L100_N100_seed10,3dof,spline,100,100,10,0.6846738638039431,0.6171626014675791,0.2937511537609355,0.4622910734698215,0.8390137193192447,3.2108197196378283,0.4559943457912164,0.46328921549203644,0.14623565394186522,0.27926203030142055,0.5823061083241133,2.1210511836212205,-0.22867951801272685,0.6801017852768012,-0.3483490535949847,-0.16000520679768182,-0.015301459367798344,1.3691474934560284,0.13702191258281365,0.3468256389924555,0.03756467357041646,0.057913476657824065,0.11677463047085292,0.9072181417455037,0.030302241089266397,0.03236557702845399,0.012589359168147254,0.0197579943418429,0.030472422642520668,0.15787036981051158,-0.10671967149354725,0.32865594332798437,-0.08771868838593246,-0.039683302658983746,-0.022222822472922225,0.00824774204855007
3dof_spline_L150_N100_seed10,3dof,spline,150,100,10,0.6440970681893451,0.49377444204528875,0.29216797980792597,0.5158438032676135,0.830024361490375,2.1460215206389788,0.4680184765414325,0.4779455751714528,0.18432983959418042,0.2874132153518925,0.565239630127558,2.3366124196029596,-0.1760785916479124,0.5461379800296319,-0.43283235630658307,-0.12885589984100687,0.046019473272297065,1.4178542417407418,0.09662576950254782,0.17985226449946065,0.02692840047981938,0.04338376833038481,0.07906671657085385,1.0541583008771123,0.03683035062298742,0.08698418408023584,0.010155735966212734,0.015467963068501657,0.026124577883413175,0.29286262564177873,-0.05979541887956039,0.15278517985944434,-0.053454223731084535,-0.024893852145843123,-0.013199321906986933,0.011406207340610664
3dof_spline_L200_N100_seed10,3dof,spline,200,100,10,0.5475701434606866,0.5233401882146973,0.2324523016688099,0.3915437951447788,0.642026841421903,2.194843635437721,0.3510095924948466,0.34162448995049066,0.14311452035925068,0.23016717512337403,0.40864110299595346,1.5021220225064433,-0.19656055096584002,0.5259673433475964,-0.2766877679803519,-0.10251133808771452,0.009863427450658144,0.7270422216096677,0.11859545969029764,0.2869116586890146,0.02526699223693093,0.041177202549301725,0.06892271557567844,1.3580397788733154,0.02991038673577944,0.04295962520255068,0.008932337293859807,0.015584196127451573,0.027577210667862208,0.21673353181414712,-0.08868507295451822,0.2665386798293387,-0.04545131786957282,-0.02563868674748608,-0.009524652067048386,0.02054767012450164
3dof_spline_L250_N100_seed10,3dof,spline,250,100,10,0.41339377315116865,0.35702883383404044,0.13980273440948202,0.3322339822863092,0.5697594683051362,1.870440629407723,0.36197187535984116,0.3679253119962017,0.10890121136710117,0.23952173070187388,0.46699808294354395,1.7750641796977666,-0.051421897791327546,0.3680979587631647,-0.21813540219994784,-0.03701543794889669,0.09842426166613456,1.183443336673693,0.09071189866442238,0.42466931746931214,0.016867389366930982,0.02582205588702631,0.050012220580693136,0.425016911263685,0.0319308263990792,0.04073191641240977,0.009226578857450707,0.015622560923677264,0.03389776367345595,0.1609416419977371,-0.058781072265343154,0.4095767065694404,-0.022464639802886925,-0.008593575788951058,-0.002711423611973335,0.029682347799360846
3dof_spline_L300_N100_seed10,3dof,spline,300,100,10,0.5766638335494604,0.6722226608023372,0.17189956066568313,0.39232980821655206,0.7258849872964881,3.141266661303718,0.32042521083349124,0.40097471880124047,0.09773294975523372,0.24099424134176411,0.39143892803797387,1.5221476504089264,-0.256238622715969,0.7029281863883802,-0.29982761615023773,-0.07954654344376853,-0.0009500737377635543,0.8621641822337309,0.07000513264863135,0.09102371891714164,0.017796512624105282,0.03624963110611444,0.06959879710820269,0.3975181879338828,0.0314294429155243,0.033269438448819744,0.010955430990404337,0.019301135470294817,0.03831851472674344,0.15917217425650204,-0.03857568973310705,0.07822066536622438,-0.03899514726626004,-0.018351787635244966,-0.00535204757223859,0.04009550308366571
3dof_spline_L350_N100_seed10,3dof,spline,350,100,10,0.4040519965628329,0.2926255768402853,0.24117190885419437,0.341664953125528,0.49035078203256716,1.401010045554451,0.31872064314699056,0.5015381435425281,0.10869473936615684,0.23209556724732372,0.4066735684309551,1.3890661414176615,-0.08533135341584236,0.4969780323337776,-0.236327326817594,-0.07964207823134932,0.009096773600965363,0.7461123544149909,0.06960882725753517,0.10051592798529987,0.021064969798979174,0.03697607084925131,0.07573875431724122,0.5207315847866874,0.038745923049100454,0.07049087299649935,0.010191203527044009,0.01931841336630121,0.03913993458680583,0.21674776261210946,-0.030862904208434704,0.08667765975324715,-0.0307635382509103,-0.017219721819278992,-0.003760320082029405,0.1186848583184234
3dof_spline_L400_N100_seed10,3dof,spline,400,100,10,0.37738634015404016,0.3106508581912853,0.14994311406989996,0.3084622195597863,0.4651067045256383,1.3772367327751553,0.21724042185425926,0.2729469265926326,0.07474322818269093,0.1492853049910825,0.2846781786481382,1.6767889945724161,-0.16014591829978095,0.3634151574568682,-0.2802604928424479,-0.09928928386980011,-0.014159683811843536,0.808779511588223,0.06645963177481043,0.08956930247625149,0.022041706972195096,0.04322472093204355,0.0653271507026923,0.44946020412621784,0.030847114938087953,0.0407580694398695,0.009060073455238949,0.019401668251164503,0.035690545820522994,0.17083764615444452,-0.03561251683672249,0.07505677799700408,-0.04372158930826766,-0.020948358752836863,-0.0067204395562867805,0.019629777070043854
3dof_spline_L450_N100_seed10,3dof,spline,450,100,10,0.41195534956156904,0.30499161979741124,0.17940387684511677,0.34423166502221336,0.5421896629626142,1.2023580923798494,0.3199721826135991,0.3365209101823953,0.07979292900160487,0.215544183101257,0.4133050469296108,1.4842906186223273,-0.09198316694796985,0.3330027939492622,-0.24951975738386326,-0.05342605728312515,0.046829254287860375,0.9935886595198928,0.07618214002371153,0.08304402607740877,0.0235788857308952,0.044092094831731155,0.09421555103475261,0.36306560745715977,0.04147193158909992,0.04352118899207469,0.01405691987978808,0.02659575711451271,0.04770542583502545,0.16272406492454067,-0.03471020843461161,0.06196159503413168,-0.03790383245940161,-0.015791892556476464,-0.0014851642724478217,0.04464754833825986
3dof_spline_L500_N100_seed10,3dof,spline,500,100,10,0.40888457861355115,0.46713002800244585,0.15024699771435138,0.25823874192828644,0.4940003673934677,1.8141015021444367,0.29186982760227326,0.35081473357199966,0.09685517157011085,0.1710780212105898,0.3555170217905986,1.7143921917302638,-0.11701475101127783,0.46757916809741784,-0.1510318450353186,-0.06372547521616408,0.0024178173326479743,1.2301950617925577,0.11338759583657204,0.20883844695287757,0.031056730251606112,0.04833723094324138,0.08666830364283276,0.8824176068713733,0.06270904829894987,0.10530119600070145,0.018264381641959232,0.03076030838062964,0.05676181789733784,0.6089140682824145,-0.05067854753762215,0.18309353343945722,-0.036473038184063056,-0.011664549602817344,-0.0013362906706321743,0.11799225938812431
3dof_spline_L550_N100_seed10,3dof,spline,550,100,10,0.3292606498893458,0.3307934624889234,0.11961054166449142,0.2634926309197098,0.38422813419093493,1.6902967177616741,0.26408922716774236,0.3308009874320788,0.08985917259929252,0.17137138466601948,0.3161514772253834,1.754560298166731,-0.06517142272160345,0.37045745359149673,-0.13348080039409418,-0.043475074803603644,0.03066585878843047,1.1062600866153263,0.09086108680990738,0.09631865528898034,0.03192107312095931,0.05437748582293174,0.10217552206006955,0.4655992888784651,0.07268936890089042,0.09248219930139728,0.022068977690798706,0.039643717018218276,0.07380104778234606,0.4062549411502318,-0.01817171790901696,0.08167814738728836,-0.036564523111370886,-0.013166850615023026,0.005206966033942979,0.21623302300749345
3dof_spline_L600_N100_seed10,3dof,spline,600,100,10,0.3613628761560107,0.32524124858083187,0.13510584836960232,0.2625730258112036,0.5387698195454398,1.7355216753704767,0.2615020650732889,0.24826640639301728,0.10142036553754914,0.18530461275728882,0.3472203770570066,1.294651509264871,-0.09986081108272193,0.23903123170362106,-0.1568674603801761,-0.04246694273397074,0.004258011766359052,0.25228924246847007,0.10407965368778153,0.1518020553489244,0.02847867025243017,0.051467376740795774,0.10508288316338896,0.7710100944773859,0.0585062124681173,0.072260245644645,0.018988913824173184,0.03286202257934829,0.060411282565842085,0.3435811815591982,-0.04557344121966425,0.11873939498224537,-0.03814677744677065,-0.012518703766111763,-0.0024212139946811796,0.0832012907584169
3dof_spline_L650_N100_seed10,3dof,spline,650,100,10,0.3239114984464409,0.343749104610101,0.1071703602633087,0.20672528988104677,0.4004736985128933,1.743941373707879,0.22165636929885657,0.2664429428105419,0.0629451182256853,0.14646880439879045,0.23489499171012337,1.4391695344006235,-0.10225512914758438,0.3198036061488068,-0.13150071126655968,-0.03743414789093894,0.020315656111002743,0.3829913282342729,0.0893246783205761,0.11482188425439645,0.025528659821470748,0.04817790608845679,0.10325122495602371,0.600736565717207,0.06393946526742317,0.08592468064845189,0.01910352703285549,0.03211621853831627,0.07266219694286975,0.41573126571865376,-0.025385213053152937,0.09038700743896828,-0.03686260483768282,-0.008356637981555903,0.0028364002070001403,0.2568099319495729
3dof_spline_L700_N100_seed10,3dof,spline,700,100,10,0.36929571775516074,0.3616790808622089,0.13294240569775512,0.24589184716353502,0.470191963117661,1.6918267372584106,0.2702452770664373,0.33563951334116887,0.0900994573781,0.1687162998624676,0.3033318474653719,1.1914496523681422,-0.09905044068872351,0.33298119031964546,-0.13204968869718706,-0.028451503077594344,0.017917452997452284,0.6350937557427964,0.13560809343265873,0.15120406535187528,0.03699456661703042,0.06965415333145794,0.17311163618886968,0.5951420988370084,0.09448282852310771,0.17589838636677274,0.027618917913564262,0.04626057739848333,0.08849807768335873,0.7281334220976374,-0.04112526490955104,0.18620185142840381,-0.04601705646632275,-0.011346485222504574,0.005572312988171213,0.47453168702150283
3dof_spline_L750_N100_seed10,3dof,spline,750,100,10,0.3127194288247754,0.32866468501274976,0.1070576953192115,0.21543979657000464,0.3910419529219815,1.5831056654203406,0.2786685921287347,0.29361248417577496,0.09301079801477118,0.18252514428997552,0.34032959137557045,1.3074232747822527,-0.034050836696040754,0.16315691604126203,-0.07914167655463619,-0.0033727561932938195,0.03652014935516142,0.26377465500102276,0.11669172212509858,0.15658746118795117,0.031117923831042504,0.07134423777788443,0.1356059967068327,0.634228204464732,0.08857447677625434,0.11535392199459524,0.03059091742977588,0.05634648179524225,0.08946246640843558,0.4210946712914628,-0.02811724534884425,0.1356000967342351,-0.043244998748857705,-0.005862601227855957,0.00751052016968449,0.34823158903830276
3dof_spline_L800_N100_seed10,3dof,spline,800,100,10,0.3070296295261783,0.28531487490262036,0.11592129201975607,0.22996381256606102,0.3811497609074606,1.34305582608357,0.2679814354008443,0.2711604098076216,0.09530456353945171,0.18614092295438556,0.34171256449095644,1.2821311279546546,-0.03904819412533393,0.14093071108019428,-0.06975170954675972,-0.017256109520166457,0.017296116235741503,0.2692010257592707,0.11810621608691621,0.1374110770578493,0.033082063111815045,0.0671834752611311,0.1715850785360884,0.5636066304463964,0.09575238460593093,0.10013719476979846,0.026828087265688035,0.05394186535873319,0.12146774618925776,0.40527719466846746,-0.022353831480985274,0.07660826237207145,-0.029470762874632947,-0.01124466779910355,0.004458023560602387,0.0718816915168582
3dof_spline_L850_N100_seed10,3dof,spline,850,100,10,0.2962080589418155,0.2636392007565761,0.09491613809443777,0.20417121688144696,0.4487140875396489,1.189752299522944,0.27069106999573517,0.22420624008399545,0.11472467331758446,0.19254124328667643,0.41697057161086076,0.9702618293407445,-0.025516988946080326,0.1356844222936995,-0.06802889028413298,-0.011229837753010508,0.029686880898298115,0.337464877126123,0.11715877930884455,0.15324696990397263,0.036180873358122936,0.0748330262884849,0.16440765021601994,0.9577764247067277,0.1076412471125554,0.15552263102640762,0.03401672974078706,0.06168635559863751,0.12150051721797668,0.8260020218558324,-0.009517532196289152,0.09925765742183959,-0.02137976618615328,-0.004316260942810915,0.009780208609194155,0.17239859070744504
3dof_spline_L900_N100_seed10,3dof,spline,900,100,10,0.3297086597827542,0.3106305529848068,0.10809045560156763,0.25522234581982883,0.4408802428309565,1.4824282429766171,0.2962038006449074,0.2730329440162286,0.11321135900004048,0.21034991814475698,0.40158762084254035,1.3432610377629892,-0.033504859137846794,0.20346922886029434,-0.0728376178612539,-0.017535149103163117,0.02212512251278636,0.5672635504361315,0.1195259438459126,0.11377998137942753,0.033756662976785506,0.07595380717303833,0.17337911672313364,0.5271309970375679,0.09525683761643407,0.08504397482524531,0.032426237774946395,0.06683325355258433,0.14000024480529785,0.33863698217204424,-0.024269106229478515,0.06459105263404886,-0.030751871225712022,-0.011819951975375758,0.004911217932381158,0.0893601941790416
3dof_spline_L950_N100_seed10,3dof,spline,950,100,10,0.3233067115753797,0.37115786383023064,0.10096785072506193,0.21593362318250747,0.4303813074666552,1.79445699752217,0.29450874224921764,0.37740790209557307,0.08147037816995117,0.18912647012130143,0.30677646876664677,1.639803996162846,-0.02879796932616212,0.23768928620623742,-0.05418300755382502,-0.024738467812950846,0.015611487834399477,1.0118270065423316,0.11413736931231058,0.10132947220428239,0.04242487591511504,0.08291391944480583,0.16034031334413162,0.47172204158736425,0.09690869016951824,0.09058448283986442,0.031120254532122357,0.07399428011008355,0.13461553581221397,0.3932924586223862,-0.01722867914279236,0.04968904543284214,-0.026379927366420607,-0.010112424934821652,0.006145821011380964,0.07302256545385441
3dof_spline_L1000_N100_seed10,3dof,spline,1000,100,10,0.3505005848746891,0.2627024575705125,0.13581763955288179,0.3056301597577438,0.4762653071681147,1.2065129721844237,0.2894292728933536,0.20928770975512165,0.1266029063599738,0.2535538471434122,0.4061561295869229,0.8782164932610192,-0.06107131198133545,0.15225593427531717,-0.08037593112196262,-0.015521350719159221,0.008027410362908147,0.13702678985004105,0.12919047568952682,0.09758514273842372,0.05171531058966276,0.09862054450490394,0.18088354444245397,0.3737788208999991,0.11235533330444226,0.09092801509710453,0.047868850965180836,0.09039761268677018,0.14858235301214712,0.4438846388382405,-0.01683514238508452,0.04882772274166929,-0.027824825250177997,-0.007188422650730147,0.0032505079839732966,0.08518878593670279
3dof_zero_L50_N100_seed10,3dof,zero,50,100,10,1.0312322573820303,0.7821528901503391,0.6108963952015858,0.7331429770613247,1.158951802800508,4.159118437327303,0.5831582219325588,0.4608492813647461,0.32108154869810035,0.4660971946825586,0.6730515464601685,2.389750410745148,-0.44807403544947144,0.7633877382388957,-0.6832238493574325,-0.3041201775841839,-0.06044747540680001,1.2970885181937006,0.34578010247944524,0.4455220110898245,0.1468075358969798,0.21819524854430888,0.3533586369503556,2.3431733255715557,0.2518336710301388,0.8218909662115823,0.06012412548947418,0.0930561953504192,0.15674886157285828,4.145005254988389,-0.09394643144930645,0.7515248798147409,-0.16394137351952118,-0.11664459641750113,-0.07403391644081204,1.192019496031148
3dof_zero_L100_N100_seed10,3dof,zero,100,100,10,0.7018207027229153,0.5426719935828112,0.3570419111564731,0.5509669423082897,0.8050508242273354,2.5496761356095736,0.5097504151463634,0.4905433520156887,0.18204339531497557,0.3184934540787159,0.5867994882566407,2.1407893422520066,-0.19207028757655173,0.6665907100325457,-0.4096612126644654,-0.1295394169717639,0.07293240382882506,1.4042503305099572,0.15404433260687583,0.34159881334407094,0.03788212544734705,0.06131002577369563,0.1386269829009713,1.9214957268228805,0.037974439461551095,0.08085096356269955,0.012218371498127632,0.01738228390880412,0.028464727587821273,0.4040190539179174,-0.11606989314532472,0.27367372679900903,-0.09821251683907266,-0.041191492830321724,-0.02112447694794105,0.0003269869406187954
3dof_zero_L150_N100_seed10,3dof,zero,150,100,10,0.6375088107773569,0.5314847791856379,0.31350688721714015,0.5049334204549695,0.7741242510044054,2.553517659598656,0.42831272853503777,0.3675101991832304,0.1556171187003287,0.3068198972641003,0.5556630556193235,1.5737538747320514,-0.209196082242319,0.6202074464367657,-0.30709898561946036,-0.10110927739273956,0.022729707141104075,0.962888523594191,0.11083548464895926,0.22109162743675204,0.02299662673295671,0.041856516274231696,0.07752327568291037,1.1638127194494072,0.025843520387951423,0.04606387602450814,0.009025608904284499,0.013710366254094598,0.019057432737617612,0.21997242895305022,-0.08499196426100789,0.18765121743315571,-0.06178724220654333,-0.02751587468303678,-0.013073689639848235,-0.00012580650539906012
3dof_zero_L200_N100_seed10,3dof,zero,200,100,10,0.6179529884106941,0.6248116467345922,0.23671703308703726,0.4489703786746438,0.691838757874836,2.703430030303554,0.39682059066805647,0.4255136080583649,0.12595021778985252,0.3007070378208543,0.5108040347257634,2.3534904900457,-0.22113239774263757,0.6528840191372866,-0.29936341268438077,-0.12431598136536723,0.02207977143661978,1.3827446282882576,0.10109963308911732,0.2827139878039544,0.02076532710291564,0.03566841378323327,0.058679313747249086,1.386203355297664,0.034530458758426794,0.10227423741782932,0.007384704737583693,0.011625091662570999,0.02235553441175394,0.3255292668417012,-0.06656917433069054,0.2664647590280168,-0.04089490999224965,-0.02143151725540792,-0.006953486135524073,0.030591799865629425
3dof_zero_L250_N100_seed10,3dof,zero,250,100,10,0.4632485462522631,0.4299216319168997,0.186284333298194,0.34765897589072187,0.5749912943526229,2.3809702730846376,0.4494119595422423,0.5706414896555397,0.12680291897909138,0.260962116629155,0.47729879171289136,3.1680009399285556,-0.013836586710020806,0.5730162638357161,-0.261414402829302,-0.05569914567082537,0.06940515221673672,2.929159168293108,0.07954822338797089,0.15688212415533026,0.01582173656080117,0.026765952804323305,0.05332296749198345,0.8573953630880944,0.04032177097668226,0.07924048948643306,0.006895801202291977,0.013004706127506007,0.030301525801343154,0.3886318173632109,-0.039226452411288616,0.12239129678673646,-0.030426453777803324,-0.01183817516770689,-0.005549063399479407,0.16299335289445774
3dof_zero_L300_N100_seed10,3dof,zero,300,100,10,0.6692700248845506,0.7966039559182448,0.1849430097851847,0.4578746266810665,0.8508808429325214,3.298976032301029,0.35951114495383557,0.34277275647726696,0.10872536948623712,0.24280699206012663,0.5103274302551576,1.5237217048211606,-0.30975887993071505,0.814519119306527,-0.43479314561284255,-0.1115054580628006,0.03019857156108404,0.986714070358508,0.10733848976283705,0.2226454054965532,0.02031980259423682,0.03622285043035846,0.08978109948459546,0.8937864263121127,0.030013282255921318,0.03733517864234719,0.010286100111250874,0.014296814891552111,0.031245621165310457,0.15510177909006945,-0.07732520750691574,0.20325024878683526,-0.06504958137434977,-0.020271488583603704,-0.006173077751125805,0.01603254650765993
3dof_zero_L350_N100_seed10,3dof,zero,350,100,10,0.5695918323863757,0.8628851409580602,0.22915909302563997,0.4299499452478356,0.5792938451476926,3.1641634740059037,0.39283323531374664,0.3559687075876567,0.18280754518737938,0.30587004823618924,0.4998429508762976,1.359974153584311,-0.1767585970726291,0.8177515863351307,-0.2161904778935254,-0.04920075405086965,0.03848499043549919,0.7747562913847522,0.07247262729114334,0.08635151479357055,0.02420775243444068,0.0450979387143865,0.0844501589311401,0.36176206293296975,0.03595999152590858,0.04570529927589413,0.013012360008181954,0.021069871354724587,0.04060113924560911,0.2576809278909542,-0.036512635765234766,0.06283580730663149,-0.04443949194869794,-0.019516946878224403,-0.004463763862801216,0.0167176289033907
3dof_zero_L400_N100_seed10,3dof,zero,400,100,10,0.6163542986262214,0.7210794490112266,0.19911731555140175,0.43595753881378885,0.7154322993568332,4.138128742033767,0.35551259260753104,0.4106448862907411,0.09310982196797894,0.20850905995355296,0.41248746987388024,1.8080905899701443,-0.2608417060186902,0.6578911870169122,-0.4473546486550627,-0.12078353111565063,0.005577511264593209,0.7843895838975439,0.08707654815680392,0.12433804899696052,0.022367660877275927,0.038990236192009975,0.0889186966953843,0.5314666108658089,0.03455570723982873,0.06050982846244769,0.01104872757418283,0.01902178494639136,0.033259125384668006,0.34027545113318985,-0.0525208409169752,0.11226576629048839,-0.04759201528616765,-0.018826938025154095,-0.004018619395965842,0.08105913765718643
3dof_zero_L450_N100_seed10,3dof,zero,450,100,10,0.4719781930582861,0.5002401466503402,0.17182058086213536,0.3790514978582419,0.623752454383254,1.569010065848674,0.34214593834046686,0.41530565589058743,0.0856408547053206,0.20807929610682996,0.42160726124838144,2.1499200013531903,-0.1298322547178192,0.5619925997174381,-0.2376695696730873,-0.07855442216153016,0.008544337934865084,1.2677340377068747,0.10674518372524945,0.15398145605555597,0.025229349073501793,0.04666835852624547,0.10106614696217389,0.6616167452237619,0.0638143150349459,0.2018171446015886,0.011459044042212414,0.021197224392794,0.045554646534200105,0.8866307558808708,-0.042930868690303534,0.19269805090093614,-0.04578023592202639,-0.020713041593524162,-0.006906268588592797,0.600692588517262
3dof_zero_L500_N100_seed10,3dof,zero,500,100,10,0.4518770996901532,0.588771235902739,0.11862821644569156,0.2711646308717436,0.5608534948739909,3.333105242299349,0.3264443161446763,0.3778072575384453,0.08411587776719767,0.1852049880074486,0.44891543707080916,1.5740712877643315,-0.12543278354547702,0.5457495098276076,-0.15766744360357554,-0.04268257249742311,0.024203601511824744,0.9359506861533816,0.08841797250406647,0.14124935604846842,0.020061859565108614,0.046496479512005376,0.08653530996019893,0.8809748964323751,0.05822749380176042,0.10856511318576283,0.010286238097374775,0.025910607148721357,0.05171817313181728,0.6357298047279387,-0.030190478702306067,0.10269990016696459,-0.04014356840208674,-0.016463372159869344,-0.004057163423178987,0.06436854279253756
3dof_zero_L550_N100_seed10,3dof,zero,550,100,10,0.4493710712713974,0.5016515981603394,0.13593423265829102,0.3058168425706899,0.5679490916860104,2.0175763834448195,0.43995048086644645,0.9001073881073103,0.10003260711390172,0.18848748470877302,0.49857631434744604,3.5405990191855605,-0.009420590404950961,0.8390344230175875,-0.21138154016149285,-0.0517351457997052,0.060034217833758265,1.6367132509102151,0.08494041166304056,0.09164300905861023,0.024810401871700437,0.05237491263794655,0.10278635420175836,0.41971431802977505,0.051002224662679,0.07403119389223524,0.015009203333311674,0.03303354912958923,0.05605351203299227,0.2656717014831319,-0.03393818700036156,0.09380323455663192,-0.04818522488513583,-0.021606947946834758,-0.0005030700180100305,0.07560998966091569
3dof_zero_L600_N100_seed10,3dof,zero,600,100,10,0.3805009796448027,0.3412618487603929,0.13511266380435022,0.27205183639416686,0.5104147247975741,1.2161021908229934,0.3648118089266222,0.8494074295095279,0.08062692951225574,0.18576715559048396,0.35513081140257746,2.0849475865316753,-0.015689170718180573,0.8243458800282562,-0.17431766647377475,-0.06635540561088282,0.0076183674127226035,1.393513644844753,0.10306062056689265,0.14757317441896164,0.02827093909530193,0.05537862969932619,0.13071374802391078,0.5920727628136059,0.05278704297547043,0.05972787980153561,0.014302733918893692,0.029729246255261417,0.06593118991156417,0.30584621326729394,-0.050273577591422196,0.1231135521148473,-0.05296048116984221,-0.02048656131240983,-0.0038617611554741115,0.0885244184174555
3dof_zero_L650_N100_seed10,3dof,zero,650,100,10,0.39729052004977833,0.41618328482520284,0.1369159750108122,0.2767460136591102,0.5011583234158278,2.2476648582077536,0.2513812090698926,0.31073341355621553,0.05922130140792387,0.1451533866756295,0.3319672472361675,1.3856302210668474,-0.1459093109798858,0.4185211648422262,-0.19990814994323372,-0.08132570738347106,0.002510175668194708,0.7583680701245296,0.08885701960125467,0.10785200292088679,0.026830208620518336,0.05931609773739334,0.09860676851950541,0.5098510681610218,0.06703124908649265,0.16030177788080371,0.012712704401799335,0.027364247301110624,0.04695373615162568,0.8071775963114516,-0.021825770514762012,0.12811362957191091,-0.05564126336321876,-0.019948729728098368,-0.0020142348773122855,0.302190856418914
3dof_zero_L700_N100_seed10,3dof,zero,700,100,10,0.35343665658647294,0.3174698081865539,0.1222634058533421,0.22342499598043858,0.5352791577674568,1.3079090889205995,0.28395899195386975,0.3672441095501158,0.08166554618463204,0.16085361520930236,0.33411374774315794,1.695550490725481,-0.0694776646326032,0.3444551855647677,-0.191272418285178,-0.04628832654280121,0.020689552584083337,1.4932669069893514,0.13083225950484909,0.18724043500009221,0.02782080187268321,0.060453339378861215,0.1532821580585753,0.9135071006285511,0.08438473561241742,0.1690528470708285,0.016610196889510494,0.03495997270415933,0.07033694134204421,0.6716390288647075,-0.04644752389243166,0.17818024099593155,-0.04805595960462144,-0.013573150272870226,0.0024844226205683615,0.3635207944288338
3dof_zero_L750_N100_seed10,3dof,zero,750,100,10,0.3455824134226065,0.4732269882046947,0.09629307821253028,0.211443918854622,0.3683922776833484,2.058233654373615,0.21535204795108107,0.23750624350323815,0.08351205740387455,0.15177723924533792,0.2531982074076334,1.4766064566307602,-0.13023036547152544,0.4125409209628982,-0.14872303840115048,-0.05038532067533505,0.011461891676295735,0.4791761792674356,0.10051895663174233,0.1355168653622711,0.029668875519591673,0.06167832205036572,0.09589746369478344,0.6439788074040825,0.08074885133099233,0.2297129381069109,0.0243738461525976,0.04140602870131651,0.0719609225586308,0.3944498412132347,-0.019770105300749984,0.20171786590962068,-0.03968337273010652,-0.015436130053493332,0.0037137342906920934,0.2500207598340967
3dof_zero_L800_N100_seed10,3dof,zero,800,100,10,0.3340583891698431,0.31776847747355047,0.1082411037241707,0.2611189240279757,0.4572475623034702,1.7713948827238863,0.28930120274975,0.33151423868163404,0.07865707103405759,0.19247200027251002,0.36915754155942676,1.7158143704282194,-0.04475718642009314,0.31091892672290733,-0.1045954937846078,-0.02888425068445561,0.01513559937768875,1.0455836523083974,0.10947979609402675,0.1296564184370857,0.03579259208771671,0.07260178149171637,0.14223811631973796,0.44443210433743,0.09157136477210213,0.14446603805637986,0.028151928718990936,0.0445708522462079,0.10327743747514986,0.5932201184554869,-0.017908431321924604,0.11291738746880933,-0.03583685049400128,-0.010632376531042676,0.0031669878139567523,0.18733282411229898
3dof_zero_L850_N100_seed10,3dof,zero,850,100,10,0.3888284124380798,0.3534292618649273,0.13154773077745843,0.23664858106797926,0.5955277474037901,1.3727391975294916,0.2760031049617991,0.28625358797526657,0.07128455629511884,0.16797179132867396,0.4285935066772721,0.9538103150013632,-0.11282530747628072,0.2784045468433403,-0.1452006693093434,-0.05237359780813222,0.00620435460761657,0.39409124083165564,0.12954631827619004,0.15271331942188587,0.036894364397477994,0.07399393203843667,0.14436679276861508,0.7534915448191262,0.08965025046847548,0.11763004232114715,0.0271354267979052,0.05944368449380859,0.10143372308331926,0.48863841329857083,-0.03989606780771457,0.11291736712165941,-0.047120527200895615,-0.012307528825708835,9.315075419250377e-05,0.15203608051103099
3dof_zero_L900_N100_seed10,3dof,zero,900,100,10,0.36209016926410803,0.40991001084924433,0.10906354452870895,0.2499573757909737,0.4639428475199533,1.130364243386555,0.2925391397228503,0.31481110754626307,0.08940813986780455,0.18993691274715657,0.3890031384517375,1.568287044384729,-0.06955102954125769,0.28664197079548326,-0.12748906257530412,-0.0172143200477078,0.020757520149147057,0.5509313944725089,0.12910418675264834,0.15650207580115635,0.033422464149713574,0.07111090704796835,0.1481298933168373,0.6781824787420154,0.10588434373738308,0.1338734912137446,0.029484860523356367,0.054919776483650325,0.10668906993282049,0.5824464579168964,-0.02321984301526526,0.08048594382287494,-0.041374618504050505,-0.00938359560845536,0.0013174297189876016,0.2653046897244624
3dof_zero_L950_N100_seed10,3dof,zero,950,100,10,0.3692668979079724,0.3851319932487559,0.13542393369134398,0.23376464494077037,0.5021082642495441,1.890417416938156,0.28362226299537974,0.27284123388852727,0.09951334096839105,0.19598703288762476,0.3871417251051804,1.5149781880152229,-0.08564463491259268,0.31174659159947693,-0.07959552699005842,-0.023736939025305784,0.009756094589495667,0.6651956183496482,0.1395193514724272,0.15165805773468083,0.034855389286771066,0.0861064774749723,0.17971566106694295,0.737165620274596,0.09955955623986892,0.09986206579908095,0.03457629964174604,0.06551359443271261,0.12318033600200018,0.4152765266328754,-0.0399597952325583,0.1022473054663938,-0.0457405558075311,-0.010113926013550533,0.003303261859098106,0.12083512311194813
3dof_zero_L1000_N100_seed10,3dof,zero,1000,100,10,0.3874916806004741,0.5534756402083387,0.12430524843232557,0.24300524000816126,0.5418928561640111,1.2344535442964537,0.3159658869958813,0.4234753265044768,0.08557459189720454,0.1805184160369322,0.4124076997631565,2.378100258130109,-0.07152579360459281,0.2976379239058955,-0.10021422326736962,-0.03019565406748716,0.010988805925012883,0.4988824539036315,0.16882347371093873,0.19426331462801738,0.041361323666087975,0.09925390319249588,0.23470773772427317,0.9620673001888828,0.11524196661849428,0.11461010686696119,0.02877987020562057,0.07579783557563535,0.15828083679122296,0.49434002228225604,-0.05358150709244442,0.16368368471182423,-0.04445705124488195,-0.01026012614145791,0.0019355391368366332,0.1504979487002281
