sample_id,timestep,q0,q1,p0,p1,tau0,tau1
0,0,-0.4969216,-0.53145957,6.49032,1.7552948,0.27220038,0.43693602
0,1,-0.4970742,-0.53211796,6.486511,1.7538896,0.27231035,0.43657416
0,2,-0.4978968,-0.5320162,6.5003853,1.7520857,0.27242184,0.4362132
0,3,-0.49584955,-0.5318677,6.4771404,1.7552671,0.27253482,0.4358531
0,4,-0.49580967,-0.5317925,6.483982,1.7549434,0.2726493,0.4354939
0,5,-0.49587774,-0.53198075,6.4843616,1.753726,0.27276528,0.43513554
0,6,-0.49601454,-0.532402,6.4799023,1.7519212,0.27288273,0.43477806
0,7,-0.4949507,-0.5316902,6.5015984,1.754323,0.2730017,0.4344215
0,8,-0.49646294,-0.5328736,6.476427,1.7522764,0.27312213,0.43406582
0,9,-0.49491006,-0.53308153,6.480343,1.7529764,0.27324402,0.43371102
0,10,-0.4958784,-0.532589,6.4851494,1.7549515,0.2733674,0.43335715
0,11,-0.49476522,-0.5332862,6.475771,1.7538724,0.27349225,0.43300417
0,12,-0.4949537,-0.5331633,6.4938984,1.75279,0.27361855,0.4326521
0,13,-0.49450916,-0.532734,6.4857616,1.7543011,0.27374628,0.43230093
0,14,-0.49509162,-0.5326076,6.4867687,1.750896,0.2738755,0.43195066
0,15,-0.49407756,-0.53367585,6.469078,1.7527142,0.27400613,0.43160135
0,16,-0.49409717,-0.5324446,6.488201,1.7599473,0.2741382,0.43125293
0,17,-0.4945385,-0.5336127,6.475481,1.7552152,0.27427173,0.43090546
0,18,-0.4946007,-0.53392345,6.48958,1.7578888,0.27440667,0.4305589
0,19,-0.4943269,-0.5330665,6.4701233,1.7541318,0.27454305,0.43021327
0,20,-0.4943807,-0.5326794,6.489113,1.7607002,0.27468082,0.4298686
0,21,-0.49366766,-0.5342433,6.481661,1.7582655,0.27482003,0.42952487
0,22,-0.49299586,-0.5336794,6.478281,1.7560806,0.27496064,0.42918208
0,23,-0.493757,-0.5335174,6.49308,1.7530336,0.27510262,0.42884025
0,24,-0.4937477,-0.53447783,6.494589,1.7559114,0.27524602,0.42849937
0,25,-0.49302602,-0.5336932,6.486746,1.7563543,0.2753908,0.42815942
0,26,-0.49397057,-0.53356695,6.4790993,1.7574873,0.27553698,0.42782047
0,27,-0.49342537,-0.5343639,6.491974,1.7540174,0.27568454,0.42748246
0,28,-0.4921344,-0.5340897,6.4885616,1.7552152,0.27583346,0.42714542
0,29,-0.49336708,-0.5341034,6.4814835,1.7548752,0.27598375,0.42680934
0,30,-0.49278456,-0.5337494,6.4882736,1.7492352,0.2761354,0.42647427
0,31,-0.4921962,-0.535164,6.4835663,1.7573414,0.27628842,0.42614016
0,32,-0.49256545,-0.53410786,6.4789295,1.7571898,0.2764428,0.42580703
0,33,-0.49262255,-0.5345943,6.474001,1.7584229,0.27659848,0.42547488
0,34,-0.49256438,-0.53584975,6.4831142,1.7594829,0.27675554,0.42514372
0,35,-0.49094194,-0.5352761,6.486473,1.7546463,0.2769139,0.42481354
0,36,-0.49133772,-0.53477854,6.477236,1.7586594,0.27707362,0.42448437
0,37,-0.4912793,-0.53489536,6.482744,1.7596655,0.27723464,0.42415622
0,38,-0.4914207,-0.5356559,6.4943924,1.7534094,0.27739698,0.42382905
0,39,-0.49081838,-0.53497416,6.489956,1.7566385,0.27756065,0.4235029
0,40,-0.4902336,-0.5358154,6.490391,1.7568579,0.2777256,0.42317772
0,41,-0.49163246,-0.53559095,6.4890194,1.7544413,0.27789184,0.4228536
0,42,-0.4915656,-0.5358781,6.480936,1.7557039,0.2780594,0.42253047
0,43,-0.49052727,-0.5352111,6.489031,1.7571058,0.27822822,0.42220837
0,44,-0.49071795,-0.53599674,6.4927616,1.7594304,0.27839833,0.42188728
0,45,-0.48961514,-0.5357972,6.4817677,1.7578936,0.27856973,0.42156723
0,46,-0.48984975,-0.535896,6.494604,1.7579021,0.27874237,0.4212482
0,47,-0.4904968,-0.53647006,6.4800587,1.758522,0.27891627,0.4209302
0,48,-0.4906364,-0.5364749,6.4894066,1.7622514,0.27909145,0.42061323
0,49,-0.48982698,-0.5364406,6.4824123,1.756362,0.27926785,0.42029732
0,50,-0.48961908,-0.5364419,6.484709,1.759934,0.2794455,0.41998243
0,51,-0.48929077,-0.5364252,6.4851856,1.7599173,0.2796244,0.4196686
0,52,-0.48945558,-0.53606147,6.481827,1.7574162,0.27980453,0.4193558
0,53,-0.48964083,-0.53753316,6.4858856,1.7555885,0.27998587,0.41904408
0,54,-0.4888432,-0.536786,6.479492,1.757587,0.2801684,0.4187334
0,55,-0.4883867,-0.5373786,6.4782734,1.7580643,0.2803522,0.41842377
0,56,-0.48904788,-0.5374354,6.492136,1.7579899,0.28053716,0.4181152
0,57,-0.487747,-0.536697,6.4844837,1.7588439,0.28072333,0.4178077
0,58,-0.4887557,-0.5379386,6.4781227,1.7572565,0.2809107,0.41750127
0,59,-0.4888692,-0.5371049,6.4998665,1.7559457,0.28109926,0.4171959
0,60,-0.487854,-0.5372963,6.482687,1.7579184,0.28128898,0.4168916
0,61,-0.4881407,-0.53783077,6.490959,1.7600741,0.28147987,0.41658837
0,62,-0.48769146,-0.5381878,6.479046,1.7582097,0.2816719,0.41628623
0,63,-0.4872352,-0.5381051,6.4813423,1.7586722,0.28186515,0.41598517
0,64,-0.48813492,-0.53754014,6.490362,1.7579651,0.28205952,0.41568518
0,65,-0.48772323,-0.53812426,6.4826717,1.757452,0.28225502,0.4153863
0,66,-0.4878499,-0.53726023,6.494026,1.7636037,0.28245166,0.41508847
0,67,-0.48794097,-0.5372259,6.4949074,1.7621317,0.28264946,0.41479176
0,68,-0.4873888,-0.5377127,6.484476,1.7575464,0.28284836,0.41449612
0,69,-0.48770708,-0.53845096,6.4829044,1.7566519,0.28304836,0.41420162
0,70,-0.4879446,-0.5378726,6.4741898,1.7587318,0.2832495,0.41390818
0,71,-0.4874466,-0.5381355,6.4938774,1.7575936,0.28345174,0.41361585
0,72,-0.48678392,-0.53772086,6.480055,1.7601404,0.28365508,0.41332465
0,73,-0.48753214,-0.5392204,6.4811935,1.7641768,0.2838595,0.41303453
0,74,-0.48586094,-0.53894407,6.4807987,1.7594037,0.284065,0.41274554
0,75,-0.48611385,-0.5391562,6.4964886,1.7629371,0.28427157,0.41245764
0,76,-0.48641884,-0.53893524,6.4943275,1.7580576,0.28447923,0.41217086
0,77,-0.4862035,-0.53954715,6.4848194,1.7618065,0.28468794,0.4118852
0,78,-0.4854284,-0.53972226,6.469385,1.7599459,0.28489769,0.41160065
0,79,-0.48629856,-0.5392844,6.4802895,1.7597041,0.2851085,0.41131726
0,80,-0.48519617,-0.53933465,6.48781,1.7597423,0.28532034,0.41103494
0,81,-0.48529077,-0.5393062,6.4837036,1.7640772,0.28553322,0.4107538
0,82,-0.48476845,-0.5391746,6.4777794,1.7607036,0.28574714,0.41047376
0,83,-0.48552448,-0.53983223,6.4771614,1.7660122,0.28596207,0.41019484
0,84,-0.48477143,-0.53982437,6.4857635,1.763907,0.286178,0.4099171
0,85,-0.48398966,-0.53970367,6.4848137,1.7623768,0.28639495,0.40964046
0,86,-0.4851123,-0.54045534,6.4930077,1.7628131,0.28661287,0.40936497
0,87,-0.4840867,-0.5408427,6.481884,1.7588749,0.2868318,0.4090906
0,88,-0.48529428,-0.5400622,6.4781666,1.7620573,0.2870517,0.4088174
0,89,-0.4848619,-0.5394913,6.4874153,1.7587137,0.2872726,0.40854535
0,90,-0.48445106,-0.5408812,6.4900723,1.7624478,0.28749445,0.40827444
0,91,-0.48320234,-0.540349,6.490116,1.7592702,0.28771728,0.40800467
0,92,-0.4838307,-0.5408186,6.4922657,1.7623911,0.28794104,0.40773606
0,93,-0.48357862,-0.5410907,6.4850006,1.7637715,0.28816575,0.40746862
0,94,-0.48327535,-0.54042536,6.489023,1.7644815,0.28839138,0.4072023
0,95,-0.48392624,-0.54042727,6.466469,1.7591572,0.28861797,0.40693718
0,96,-0.4830286,-0.54187775,6.4854755,1.7629976,0.28884545,0.4066732
0,97,-0.4827751,-0.541063,6.483429,1.762847,0.28907388,0.40641037
0,98,-0.48234183,-0.5404966,6.495018,1.763093,0.28930318,0.40614873
0,99,-0.4830495,-0.54144865,6.48637,1.7617078,0.2895334,0.40588823
0,100,-0.48209894,-0.54114044,6.4907455,1.7631507,0.28976452,0.40562892
0,101,-0.4821949,-0.54079705,6.4953175,1.7615123,0.28999653,0.40537077
0,102,-0.4829563,-0.54088,6.4817314,1.7610826,0.29022938,0.40511382
0,103,-0.48233354,-0.5412445,6.4868126,1.7625604,0.29046312,0.40485802
0,104,-0.4813946,-0.541384,6.4889927,1.7630315,0.29069772,0.4046034
0,105,-0.48169625,-0.5416674,6.4904194,1.7593236,0.2909332,0.40434995
0,106,-0.48212665,-0.54230756,6.487425,1.7622461,0.2911695,0.40409768
0,107,-0.48171806,-0.5424464,6.483614,1.766304,0.29140663,0.4038466
0,108,-0.4820388,-0.54214615,6.488331,1.7582169,0.2916446,0.4035967
0,109,-0.48225832,-0.54211,6.4847717,1.7650218,0.29188338,0.403348
0,110,-0.48111773,-0.5417526,6.492695,1.761817,0.292123,0.40310046
0,111,-0.48056012,-0.5417421,6.4925575,1.7631731,0.2923634,0.40285414
0,112,-0.4819256,-0.54238707,6.4991226,1.7601867,0.2926046,0.402609
0,113,-0.480879,-0.54305947,6.4917355,1.7638955,0.29284662,0.40236503
0,114,-0.4801147,-0.5419735,6.482628,1.7633395,0.2930894,0.4021223
0,115,-0.4805507,-0.542933,6.500864,1.7620306,0.29333293,0.4018807
0,116,-0.4799968,-0.5421489,6.5017967,1.7637434,0.29357725,0.40164036
0,117,-0.48024845,-0.5425461,6.4931507,1.7664604,0.29382235,0.4014012
0,118,-0.48079866,-0.5425987,6.496973,1.7653284,0.29406816,0.40116322
0,119,-0.47999436,-0.5428989,6.491085,1.7644072,0.29431474,0.40092647
0,120,-0.4796257,-0.54237396,6.4971466,1.763885,0.29456204,0.4006909
0,121,-0.47969413,-0.5443379,6.483589,1.768302,0.2948101,0.40045655
0,122,-0.47877574,-0.5423776,6.488535,1.7619686,0.29505882,0.4002234
0,123,-0.4788341,-0.5439446,6.4825706,1.7683496,0.2953083,0.39999145
0,124,-0.47878462,-0.5427737,6.5060043,1.7633519,0.29555845,0.39976072
0,125,-0.4785534,-0.5435488,6.48662,1.7653031,0.2958093,0.3995312
0,126,-0.4786272,-0.5435307,6.4849625,1.7675261,0.29606083,0.39930287
0,127,-0.47944772,-0.5432177,6.493927,1.7633543,0.29631305,0.39907578
0,128,-0.47749406,-0.54323465,6.490801,1.7654319,0.29656592,0.3988499
0,129,-0.47851467,-0.5433399,6.4937954,1.762073,0.29681948,0.39862522
0,130,-0.47859842,-0.54418534,6.489298,1.7668653,0.29707366,0.39840177
0,131,-0.4793281,-0.5452955,6.491024,1.7637334,0.2973285,0.39817953
0,132,-0.47910005,-0.54258806,6.5049686,1.7641606,0.29758397,0.39795852
0,133,-0.4776389,-0.5448407,6.488886,1.7633424,0.2978401,0.39773872
0,134,-0.47852254,-0.5443804,6.502388,1.7625422,0.29809678,0.39752015
0,135,-0.478382,-0.54491794,6.489954,1.7652316,0.29835412,0.3973028
0,136,-0.47712815,-0.54470426,6.477539,1.7666459,0.29861203,0.39708668
0,137,-0.47746438,-0.54469824,6.4854164,1.7658868,0.29887056,0.39687178
0,138,-0.4770503,-0.5449077,6.494936,1.767889,0.29912966,0.3966581
0,139,-0.47629637,-0.5448505,6.4873238,1.7669168,0.29938933,0.39644566
0,140,-0.47676414,-0.5453307,6.491823,1.7663479,0.2996496,0.39623442
0,141,-0.4765733,-0.5449243,6.496269,1.7666717,0.2999104,0.39602444
0,142,-0.4769649,-0.5450802,6.49312,1.7710204,0.30017176,0.39581567
0,143,-0.47730607,-0.5448411,6.475834,1.7686439,0.30043367,0.39560816
0,144,-0.47726226,-0.5445508,6.4944077,1.763937,0.30069607,0.39540184
0,145,-0.4768076,-0.54566693,6.4886417,1.76371,0.30095902,0.39519677
0,146,-0.47593355,-0.54525524,6.486702,1.7694097,0.3012225,0.39499295
0,147,-0.47527885,-0.5449005,6.49625,1.7658677,0.3014865,0.39479035
0,148,-0.47481042,-0.545125,6.4958115,1.7691364,0.30175096,0.39458898
0,149,-0.4755664,-0.5457601,6.4916515,1.7635937,0.30201593,0.39438885
0,150,-0.4756388,-0.54518867,6.4828205,1.7678933,0.30228138,0.39418995
0,151,-0.476937,-0.5462987,6.4960194,1.7682319,0.30254728,0.3939923
0,152,-0.475788,-0.54494935,6.4908886,1.7700224,0.30281368,0.39379588
0,153,-0.4750514,-0.5460947,6.4768486,1.7648506,0.3030805,0.3936007
0,154,-0.47410542,-0.5464482,6.486265,1.7655802,0.3033478,0.39340675
0,155,-0.47544163,-0.54593873,6.492632,1.7679029,0.3036155,0.39321405
0,156,-0.47510612,-0.5469846,6.50371,1.7674212,0.30388364,0.3930226
0,157,-0.4745196,-0.5466738,6.479719,1.771018,0.30415222,0.39283237
0,158,-0.47476447,-0.5469101,6.4913254,1.7682576,0.3044212,0.3926434
0,159,-0.47506618,-0.54705334,6.4999294,1.7695765,0.30469057,0.39245567
0,160,-0.47508514,-0.5471055,6.499773,1.7596073,0.30496034,0.39226916
0,161,-0.4737501,-0.5465132,6.482147,1.7693009,0.3052305,0.3920839
0,162,-0.47375596,-0.5470132,6.4876423,1.7705579,0.305501,0.3918999
0,163,-0.4745894,-0.5461765,6.489395,1.7742653,0.30577192,0.39171717
0,164,-0.47419453,-0.5473471,6.495682,1.7694964,0.30604318,0.39153564
0,165,-0.47485548,-0.5472769,6.502634,1.7700291,0.30631477,0.39135537
0,166,-0.47368324,-0.54699177,6.487377,1.7646565,0.3065867,0.39117634
0,167,-0.47338277,-0.54707694,6.4982204,1.7670531,0.306859,0.39099854
0,168,-0.47316718,-0.54813564,6.4869328,1.7690697,0.30713156,0.39082202
0,169,-0.47337425,-0.54681665,6.4783897,1.7743735,0.3074045,0.39064673
0,170,-0.4729967,-0.54745096,6.4964504,1.7724957,0.3076777,0.39047268
0,171,-0.47280633,-0.54739594,6.486475,1.7707715,0.30795118,0.3902999
0,172,-0.47300237,-0.54822695,6.493084,1.7735186,0.30822498,0.3901283
0,173,-0.47310907,-0.54830146,6.4736767,1.7704949,0.30849904,0.38995802
0,174,-0.4708867,-0.54713786,6.48794,1.7738013,0.30877334,0.38978896
0,175,-0.47288817,-0.54815304,6.4976845,1.7684445,0.30904794,0.38962114
0,176,-0.47167742,-0.54832554,6.507122,1.7697077,0.30932277,0.38945457
0,177,-0.4722256,-0.547982,6.496517,1.7726951,0.30959785,0.38928926
0,178,-0.47191805,-0.54814285,6.4892483,1.7764301,0.30987313,0.3891252
0,179,-0.47136813,-0.5483462,6.4957867,1.7704635,0.31014866,0.38896236
0,180,-0.47090548,-0.5490148,6.4868774,1.7691722,0.3104244,0.3888008
0,181,-0.47123587,-0.54901457,6.5028305,1.7704945,0.31070033,0.38864046
0,182,-0.47099572,-0.5480934,6.487274,1.7716784,0.31097648,0.38848138
0,183,-0.47078705,-0.54753506,6.491781,1.7729497,0.31125277,0.38832355
0,184,-0.4725567,-0.54818946,6.4794064,1.771596,0.31152928,0.38816696
0,185,-0.47131103,-0.5479611,6.4942627,1.7718115,0.3118059,0.3880116
0,186,-0.47046858,-0.54919237,6.505314,1.7733126,0.31208274,0.38785753
0,187,-0.46978033,-0.5495444,6.5021877,1.7687249,0.3123597,0.38770467
0,188,-0.47013044,-0.54889846,6.493616,1.7747464,0.3126368,0.38755307
0,189,-0.46954912,-0.5493066,6.4973335,1.7719545,0.312914,0.3874027
0,190,-0.46965265,-0.5488897,6.498144,1.768857,0.31319135,0.3872536
0,191,-0.4707654,-0.5497274,6.4860134,1.7722173,0.31346878,0.38710573
0,192,-0.46966952,-0.5495351,6.4952374,1.7722144,0.31374633,0.3869591
0,193,-0.4697457,-0.5489292,6.4971867,1.7713904,0.314024,0.38681373
0,194,-0.46929753,-0.548525,6.5065823,1.7701993,0.3143017,0.3866696
0,195,-0.46924877,-0.54986066,6.4891033,1.7728972,0.31457952,0.38652673
0,196,-0.46866506,-0.54920566,6.493244,1.7763553,0.31485736,0.38638508
0,197,-0.46803027,-0.5496543,6.498499,1.7692904,0.31513527,0.38624468
0,198,-0.46902615,-0.54862666,6.50165,1.7742419,0.31541324,0.38610554
0,199,-0.4689734,-0.54973906,6.497555,1.771863,0.31569123,0.3859676
0,200,-0.46886504,-0.5500372,6.4827976,1.7709856,0.31596923,0.38583094
0,201,-0.46837825,-0.5508918,6.481783,1.7708931,0.31624725,0.38569552
0,202,-0.468513,-0.5504233,6.5108128,1.7720842,0.3165253,0.38556132
0,203,-0.4683181,-0.5509687,6.495226,1.7749252,0.31680334,0.38542837
0,204,-0.46772218,-0.55083084,6.4966183,1.772675,0.31708136,0.38529667
0,205,-0.46820492,-0.5510559,6.5049706,1.7729406,0.31735936,0.3851662
0,206,-0.46743584,-0.55066454,6.4955807,1.776813,0.31763732,0.38503698
0,207,-0.46778208,-0.5503836,6.5001965,1.7691579,0.31791523,0.38490897
0,208,-0.46763295,-0.55044174,6.4991817,1.772398,0.3181931,0.38478222
0,209,-0.46660453,-0.5515017,6.489134,1.7743258,0.31847093,0.3846567
0,210,-0.467771,-0.55113256,6.492605,1.7771077,0.31874868,0.38453242
0,211,-0.46712536,-0.55123377,6.4938736,1.7750168,0.31902635,0.38440937
0,212,-0.46654993,-0.5512001,6.4943104,1.7735357,0.3193039,0.38428754
0,213,-0.46681982,-0.55035484,6.4934597,1.7776403,0.3195814,0.38416696
0,214,-0.46641755,-0.55121315,6.48761,1.7736874,0.31985876,0.3840476
0,215,-0.46602893,-0.5523911,6.4966106,1.7717972,0.320136,0.3839295
0,216,-0.4667982,-0.5522412,6.49349,1.7728796,0.3204131,0.3838126
0,217,-0.4676451,-0.5514926,6.4872494,1.7756491,0.3206901,0.38369694
0,218,-0.46605355,-0.55133826,6.4924393,1.7724519,0.32096696,0.3835825
0,219,-0.46710098,-0.55199873,6.4755535,1.7769494,0.3212436,0.3834693
0,220,-0.46556467,-0.5513331,6.507612,1.7727365,0.32152015,0.38335732
0,221,-0.46535724,-0.5518094,6.504122,1.776967,0.32179648,0.38324657
0,222,-0.4648345,-0.5512463,6.5055256,1.773479,0.32207263,0.38313705
0,223,-0.4653955,-0.5527255,6.4972973,1.775507,0.3223486,0.38302875
0,224,-0.46557724,-0.55204976,6.496437,1.7724671,0.32262436,0.38292167
0,225,-0.46650106,-0.5514709,6.4849186,1.7766681,0.32289988,0.3828158
0,226,-0.4644146,-0.55214965,6.493435,1.7744994,0.3231752,0.38271117
0,227,-0.46441054,-0.5525337,6.4987698,1.7753224,0.3234503,0.38260773
0,228,-0.46467346,-0.5522893,6.4901276,1.780529,0.32372513,0.38250554
0,229,-0.46415943,-0.5519571,6.4986744,1.7751837,0.3239997,0.38240454
0,230,-0.46451533,-0.55161977,6.4946613,1.7743878,0.32427403,0.38230476
0,231,-0.46475,-0.5530447,6.4808197,1.7737074,0.32454807,0.3822062
0,232,-0.46433228,-0.552698,6.5004253,1.7757778,0.32482186,0.38210887
0,233,-0.46391624,-0.55291265,6.508913,1.7798557,0.32509533,0.38201272
0,234,-0.4640789,-0.55315906,6.504833,1.7778373,0.3253685,0.3819178
0,235,-0.46418887,-0.552078,6.505686,1.7759576,0.32564136,0.38182408
0,236,-0.46358657,-0.5534376,6.505102,1.7807393,0.3259139,0.38173157
0,237,-0.46318036,-0.5529312,6.4937,1.7755713,0.32618612,0.3816403
0,238,-0.4635641,-0.5530156,6.4918346,1.7769079,0.32645798,0.38155016
0,239,-0.46413696,-0.55275804,6.505827,1.7773418,0.3267295,0.3814613
0,240,-0.46346903,-0.55415833,6.499382,1.7786574,0.32700065,0.38137358
0,241,-0.46249485,-0.5542312,6.4931393,1.7745438,0.32727146,0.3812871
0,242,-0.46309018,-0.5535244,6.4877625,1.7763634,0.32754186,0.3812018
0,243,-0.46357572,-0.5536601,6.502718,1.780683,0.32781187,0.3811177
0,244,-0.46239388,-0.5541717,6.5040874,1.7759542,0.3280815,0.3810348
0,245,-0.4627313,-0.5544582,6.4914684,1.7778196,0.3283507,0.38095307
0,246,-0.46245873,-0.55358785,6.4952717,1.778966,0.3286195,0.38087255
0,247,-0.46186262,-0.5538979,6.4926834,1.777154,0.32888785,0.3807932
0,248,-0.46152693,-0.55471426,6.4903984,1.7777472,0.32915577,0.38071507
0,249,-0.46228093,-0.554502,6.490244,1.7822232,0.32942325,0.38063812
0,250,-0.4611007,-0.55360717,6.504366,1.7819328,0.32969028,0.38056237
0,251,-0.46166348,-0.5544013,6.5058823,1.7786403,0.32995683,0.38048777
0,252,-0.4619143,-0.5552923,6.505316,1.7751794,0.3302229,0.38041437
0,253,-0.460679,-0.5547215,6.508257,1.773377,0.33048847,0.38034213
0,254,-0.461555,-0.5550213,6.496849,1.7814775,0.33075356,0.38027108
0,255,-0.4608816,-0.554642,6.4927998,1.7777944,0.33101815,0.38020122
0,256,-0.46090162,-0.55447,6.493479,1.7833724,0.33128223,0.38013253
0,257,-0.46078002,-0.55407697,6.5064907,1.7789321,0.33154574,0.380065
0,258,-0.4598512,-0.55578953,6.4990826,1.778408,0.33180875,0.37999865
0,259,-0.45991582,-0.55584466,6.501787,1.7794156,0.3320712,0.37993345
0,260,-0.4605859,-0.5561201,6.4849567,1.7823172,0.3323331,0.37986943
0,261,-0.46034932,-0.55516016,6.482435,1.7771702,0.33259442,0.37980658
0,262,-0.459224,-0.55473846,6.490141,1.7827249,0.33285517,0.3797449
0,263,-0.46009243,-0.553726,6.503227,1.7802167,0.33311534,0.37968436
0,264,-0.4593315,-0.55470556,6.5078773,1.7787905,0.33337492,0.37962496
0,265,-0.45920813,-0.5551074,6.489977,1.7802453,0.33363387,0.37956676
0,266,-0.46007758,-0.55535644,6.4943905,1.7738671,0.33389223,0.3795097
0,267,-0.4590637,-0.55581844,6.5005684,1.7812095,0.33414996,0.37945378
0,268,-0.46042758,-0.556594,6.4934864,1.7831516,0.33440703,0.379399
0,269,-0.45821148,-0.5558652,6.497793,1.7846828,0.33466348,0.3793454
0,270,-0.4589042,-0.556292,6.5028114,1.7788339,0.33491927,0.3792929
0,271,-0.45817906,-0.5554943,6.5002327,1.774693,0.3351744,0.3792416
0,272,-0.46027458,-0.55665684,6.501833,1.7802958,0.33542886,0.3791914
0,273,-0.4577828,-0.55598646,6.483902,1.782311,0.33568263,0.37914234
0,274,-0.45848453,-0.5555183,6.50263,1.7784157,0.33593568,0.37909442
0,275,-0.45832044,-0.55654866,6.4913807,1.7846003,0.33618805,0.37904766
0,276,-0.4580959,-0.5562604,6.497692,1.7805834,0.3364397,0.379002
0,277,-0.45813453,-0.5576897,6.5060596,1.7810774,0.33669063,0.37895748
0,278,-0.45844948,-0.55586267,6.509878,1.7770844,0.33694082,0.3789141
0,279,-0.45767808,-0.5567042,6.503008,1.7792645,0.33719027,0.37887183
0,280,-0.4570788,-0.5571338,6.4899635,1.785389,0.33743897,0.37883067
0,281,-0.45744133,-0.55606586,6.503275,1.7829227,0.33768693,0.37879065
0,282,-0.45745927,-0.5575787,6.509094,1.778923,0.33793408,0.37875172
0,283,-0.4562261,-0.5568217,6.502945,1.7812366,0.33818045,0.37871394
0,284,-0.4567669,-0.5580602,6.493553,1.7812614,0.33842605,0.37867725
0,285,-0.45685208,-0.5573814,6.502535,1.7827692,0.33867082,0.37864166
0,286,-0.45694232,-0.55702287,6.510458,1.7779436,0.33891478,0.3786072
0,287,-0.45604295,-0.5583134,6.4975414,1.784152,0.33915794,0.37857383
0,288,-0.45618206,-0.5563915,6.4948654,1.777977,0.33940026,0.3785416
0,289,-0.45623082,-0.55655545,6.501009,1.780458,0.33964175,0.37851042
0,290,-0.45540982,-0.5575417,6.499838,1.7819295,0.33988234,0.37848035
0,291,-0.45558524,-0.5579387,6.496357,1.7837043,0.34012213,0.37845138
0,292,-0.4555061,-0.5581374,6.500971,1.7837548,0.340361,0.37842348
0,293,-0.45561075,-0.55704063,6.495369,1.7849708,0.34059903,0.3783967
0,294,-0.45530176,-0.55849236,6.509371,1.7800984,0.34083614,0.37837097
0,295,-0.45575577,-0.55984586,6.4959774,1.7836151,0.34107235,0.37834632
0,296,-0.45595062,-0.559101,6.5027294,1.7801609,0.34130764,0.37832278
0,297,-0.45466763,-0.5580107,6.4953613,1.7837515,0.34154204,0.3783003
0,298,-0.45501077,-0.5583684,6.4886856,1.7793012,0.3417755,0.3782789
0,299,-0.45591986,-0.5577074,6.507704,1.778192,0.342008,0.37825856
0,300,-0.45452255,-0.55741966,6.5015106,1.7811284,0.34223956,0.3782393
0,301,-0.45377195,-0.55753,6.496538,1.7839603,0.34247017,0.3782211
0,302,-0.45418358,-0.55819005,6.508688,1.7882895,0.34269983,0.37820396
0,303,-0.4541592,-0.5587968,6.4968204,1.783423,0.34292847,0.3781879
0,304,-0.454701,-0.55878603,6.492384,1.783577,0.34315613,0.37817287
0,305,-0.45395184,-0.55862314,6.511547,1.7845464,0.3433828,0.3781589
0,306,-0.45327318,-0.55938137,6.5000744,1.7809906,0.34360847,0.37814596
0,307,-0.45342892,-0.5593222,6.4951477,1.786015,0.34383312,0.3781341
0,308,-0.4540844,-0.5590149,6.496475,1.7828703,0.34405673,0.37812328
0,309,-0.45348918,-0.55942744,6.5164986,1.7854643,0.3442793,0.37811348
0,310,-0.45332628,-0.5593122,6.4885406,1.7841444,0.3445008,0.37810475
0,311,-0.45291305,-0.55966294,6.4911423,1.7822361,0.3447213,0.37809703
0,312,-0.4543761,-0.5585536,6.5037403,1.7829556,0.3449407,0.37809032
0,313,-0.45258546,-0.5603001,6.5045166,1.7801986,0.34515902,0.3780847
0,314,-0.45269758,-0.55861014,6.516199,1.7828107,0.34537625,0.37808004
0,315,-0.45248455,-0.5592374,6.503622,1.7837472,0.3455924,0.37807643
0,316,-0.45271212,-0.5611876,6.4995956,1.7895532,0.34580743,0.37807384
0,317,-0.45153254,-0.5590801,6.4931927,1.783205,0.34602135,0.37807226
0,318,-0.45254332,-0.5603618,6.4981213,1.7852244,0.34623417,0.3780717
0,319,-0.4522828,-0.55993736,6.5057106,1.7877288,0.34644583,0.37807214
0,320,-0.45243537,-0.5600608,6.499468,1.7828465,0.34665635,0.37807357
0,321,-0.4530362,-0.55937046,6.497944,1.7814255,0.3468657,0.37807602
0,322,-0.4519983,-0.56012064,6.4891872,1.7830634,0.3470739,0.37807947
0,323,-0.45093668,-0.5605149,6.5150146,1.787405,0.34728092,0.3780839
0,324,-0.4508186,-0.5609314,6.516962,1.7857099,0.34748676,0.37808934
0,325,-0.45253718,-0.5613522,6.520422,1.78649,0.34769142,0.37809578
0,326,-0.44973558,-0.5603156,6.508541,1.7865806,0.34789488,0.37810317
0,327,-0.4507879,-0.56164014,6.503134,1.7893224,0.3480971,0.37811157
0,328,-0.4512009,-0.5607625,6.500231,1.7850213,0.3482981,0.37812093
0,329,-0.45124424,-0.56131494,6.501156,1.7898188,0.3484979,0.37813124
0,330,-0.45107752,-0.5600528,6.505356,1.7911291,0.34869644,0.37814257
0,331,-0.45182657,-0.5608965,6.5152073,1.7873521,0.34889373,0.37815484
0,332,-0.45125282,-0.56140304,6.49115,1.7814665,0.34908974,0.37816808
0,333,-0.45002043,-0.56113183,6.496767,1.7846746,0.3492845,0.37818226
0,334,-0.45021355,-0.56241894,6.4986897,1.78191,0.34947798,0.3781974
0,335,-0.44939017,-0.56204915,6.5039845,1.7808204,0.34967017,0.37821352
0,336,-0.45026064,-0.56119484,6.5175514,1.7854376,0.3498611,0.37823057
0,337,-0.4482311,-0.5604232,6.511324,1.7885709,0.35005066,0.37824857
0,338,-0.4495113,-0.56071305,6.4895725,1.7817402,0.35023892,0.3782675
0,339,-0.44969827,-0.5619616,6.4968853,1.7897549,0.35042587,0.37828737
0,340,-0.44911253,-0.5615683,6.4967384,1.7879577,0.35061148,0.37830818
0,341,-0.4499594,-0.5612403,6.513424,1.787499,0.35079572,0.37832993
0,342,-0.44795454,-0.5613907,6.485937,1.7844043,0.3509786,0.37835258
0,343,-0.44853705,-0.5628058,6.4991455,1.7842789,0.35116017,0.37837616
0,344,-0.4492923,-0.5613583,6.505707,1.7882614,0.35134032,0.37840068
0,345,-0.44767714,-0.56143814,6.4938965,1.7873683,0.3515191,0.37842607
0,346,-0.447528,-0.56241137,6.509939,1.7838726,0.3516965,0.37845242
0,347,-0.4486221,-0.5622457,6.5031395,1.787724,0.35187247,0.37847966
0,348,-0.44783956,-0.5627733,6.513054,1.7874298,0.35204706,0.3785078
0,349,-0.4486183,-0.56264687,6.4979,1.7881236,0.35222018,0.37853682
0,350,-0.44799542,-0.5631178,6.5077686,1.7878866,0.3523919,0.37856674
0,351,-0.447846,-0.5632944,6.4982986,1.7863874,0.3525622,0.37859756
0,352,-0.44619197,-0.5628584,6.5038643,1.7840452,0.35273102,0.37862927
0,353,-0.44714898,-0.5626282,6.5108643,1.7896814,0.3528984,0.37866187
0,354,-0.4478076,-0.5615789,6.5110188,1.7840962,0.3530643,0.37869534
0,355,-0.4468029,-0.56246686,6.5062065,1.7912421,0.35322872,0.37872967
0,356,-0.44664508,-0.56361634,6.499466,1.7850695,0.35339165,0.37876487
0,357,-0.4457664,-0.5638691,6.493908,1.7916746,0.3535531,0.37880096
0,358,-0.44683838,-0.56310624,6.505764,1.7884073,0.353713,0.37883788
0,359,-0.4472602,-0.563028,6.5186005,1.7891812,0.35387143,0.3788757
0,360,-0.44735008,-0.5632403,6.499483,1.7900405,0.35402834,0.37891433
0,361,-0.44632274,-0.56328565,6.5122185,1.7882643,0.3541837,0.37895384
0,362,-0.44611603,-0.56341976,6.505497,1.7931981,0.3543375,0.3789942
0,363,-0.44501948,-0.5624046,6.508955,1.7888746,0.35448977,0.37903535
0,364,-0.44542772,-0.5625598,6.4982586,1.7868423,0.35464048,0.3790774
0,365,-0.44724244,-0.5636461,6.497034,1.7923684,0.3547896,0.37912023
0,366,-0.44632638,-0.5633803,6.5085106,1.7888322,0.35493717,0.37916392
0,367,-0.44626158,-0.56355494,6.491352,1.7903619,0.35508314,0.37920845
0,368,-0.4455297,-0.56357175,6.502117,1.7913742,0.35522753,0.37925377
0,369,-0.4457543,-0.56409186,6.521469,1.7862253,0.35537028,0.3792999
0,370,-0.4453113,-0.5637388,6.501499,1.7909946,0.35551143,0.37934685
0,371,-0.44577163,-0.56431705,6.50931,1.7905173,0.35565096,0.37939462
0,372,-0.4444651,-0.5638115,6.5240803,1.7914963,0.35578883,0.37944317
0,373,-0.4460156,-0.5633185,6.5151844,1.7917051,0.35592508,0.37949252
0,374,-0.4453355,-0.56390464,6.509388,1.7892127,0.35605967,0.37954268
0,375,-0.44497317,-0.5651433,6.491604,1.7902603,0.3561926,0.3795936
0,376,-0.44441056,-0.5645851,6.50531,1.7870469,0.35632387,0.37964535
0,377,-0.44332927,-0.5650883,6.5034637,1.7880726,0.35645345,0.37969786
0,378,-0.44437087,-0.56574875,6.5042496,1.7916555,0.35658133,0.37975112
0,379,-0.44536918,-0.56521386,6.5098495,1.7934365,0.3567075,0.37980518
0,380,-0.4433176,-0.5655002,6.5211945,1.7949638,0.35683203,0.37985998
0,381,-0.44386393,-0.5640748,6.49827,1.7903824,0.35695478,0.37991557
0,382,-0.4432857,-0.5647315,6.499445,1.796505,0.35707584,0.3799719
0,383,-0.4440742,-0.56475234,6.4989567,1.7870708,0.35719514,0.380029
0,384,-0.44421232,-0.56516355,6.50712,1.7895641,0.35731274,0.3800868
0,385,-0.44281608,-0.5661293,6.5217495,1.7926927,0.35742855,0.3801454
0,386,-0.44338113,-0.56636393,6.5013885,1.7895408,0.3575426,0.3802047
0,387,-0.4442063,-0.5669387,6.517359,1.7936511,0.3576549,0.38026476
0,388,-0.44399983,-0.5653934,6.5192623,1.7922688,0.3577654,0.38032553
0,389,-0.4438753,-0.5642099,6.493004,1.7855716,0.35787416,0.38038704
0,390,-0.4414935,-0.56627953,6.51882,1.7953329,0.3579811,0.38044927
0,391,-0.44285733,-0.5644336,6.5022793,1.7922835,0.3580862,0.38051218
0,392,-0.44273257,-0.56552464,6.513077,1.794333,0.35818952,0.38057584
0,393,-0.44226032,-0.5658498,6.5048904,1.7922907,0.35829103,0.38064018
0,394,-0.44190097,-0.5655304,6.4944267,1.7911744,0.3583907,0.38070524
0,395,-0.44144845,-0.5664673,6.5095215,1.7905588,0.35848853,0.38077098
0,396,-0.4430161,-0.56602055,6.5070953,1.7987761,0.3585845,0.3808374
0,397,-0.44263422,-0.5661223,6.4983215,1.7930684,0.3586786,0.38090456
0,398,-0.4410472,-0.56637704,6.4996815,1.7889352,0.35877088,0.38097236
0,399,-0.4415385,-0.56648314,6.515627,1.7904911,0.35886127,0.3810408
0,400,-0.4413364,-0.5655173,6.505575,1.7949338,0.35894975,0.38110998
0,401,-0.44089335,-0.5662945,6.500868,1.7981753,0.3590364,0.3811798
0,402,-0.44166547,-0.5663674,6.5099106,1.7945662,0.35912108,0.38125026
0,403,-0.44211686,-0.5664838,6.4999447,1.795351,0.3592039,0.3813214
0,404,-0.44186217,-0.5666049,6.499483,1.7908292,0.3592848,0.3813932
0,405,-0.44104928,-0.5661458,6.5108814,1.7906785,0.35936373,0.3814656
0,406,-0.4407925,-0.5668612,6.508806,1.7922573,0.35944077,0.3815387
0,407,-0.4399246,-0.56598204,6.501747,1.7949648,0.35951585,0.38161242
0,408,-0.44047344,-0.56652385,6.5205307,1.793262,0.35958898,0.38168675
0,409,-0.4392442,-0.5659772,6.5054626,1.788444,0.35966018,0.38176173
0,410,-0.44034666,-0.56682265,6.499443,1.7918124,0.35972938,0.3818373
0,411,-0.44006675,-0.5670338,6.5031013,1.7926393,0.3597966,0.3819135
0,412,-0.44005394,-0.5667501,6.5067654,1.7961798,0.35986188,0.38199034
0,413,-0.43937898,-0.5670167,6.5174522,1.7957721,0.35992512,0.38206777
0,414,-0.43984747,-0.56742245,6.51663,1.7919002,0.3599864,0.3821458
0,415,-0.43945742,-0.5673559,6.5060253,1.7961798,0.36004564,0.3822244
0,416,-0.43898112,-0.56715953,6.513893,1.7986426,0.36010286,0.38230363
0,417,-0.4379964,-0.56762534,6.5280056,1.7928219,0.3601581,0.3823834
0,418,-0.4390589,-0.5677847,6.483671,1.7953863,0.36021125,0.38246378
0,419,-0.43825954,-0.56768715,6.5153484,1.7935972,0.3602624,0.38254473
0,420,-0.43805474,-0.5679387,6.5086823,1.7969913,0.36031145,0.38262624
0,421,-0.4388671,-0.56724995,6.501898,1.7926292,0.36035848,0.38270834
0,422,-0.4383484,-0.56784105,6.507271,1.7974854,0.36040345,0.38279098
0,423,-0.43813986,-0.56778866,6.517597,1.79916,0.36044633,0.38287416
0,424,-0.43760437,-0.56728965,6.499422,1.7993522,0.36048713,0.3829579
0,425,-0.43895918,-0.5681608,6.506382,1.7942219,0.36052582,0.38304222
0,426,-0.43778503,-0.56784785,6.5239735,1.8004808,0.36056244,0.38312703
0,427,-0.43822348,-0.569048,6.509056,1.7968402,0.36059693,0.3832124
0,428,-0.43872893,-0.5678543,6.527294,1.7944531,0.36062932,0.38329828
0,429,-0.43697643,-0.56831634,6.5072346,1.7975049,0.3606596,0.38338467
0,430,-0.4375633,-0.5699579,6.498417,1.8002677,0.36068773,0.3834716
0,431,-0.4370246,-0.56786084,6.502342,1.7978158,0.36071372,0.38355905
0,432,-0.43646008,-0.5681239,6.4933357,1.8019919,0.36073756,0.383647
0,433,-0.43704438,-0.56821537,6.4939117,1.7935848,0.36075926,0.38373542
0,434,-0.4386207,-0.56820595,6.524643,1.7961168,0.36077878,0.38382438
0,435,-0.43618053,-0.56912166,6.519329,1.7923241,0.36079615,0.3839138
0,436,-0.4367171,-0.5689671,6.5101757,1.7975206,0.36081132,0.3840037
0,437,-0.43577802,-0.5686137,6.51136,1.7959361,0.36082432,0.3840941
0,438,-0.43623602,-0.5687792,6.504181,1.7968407,0.3608351,0.38418496
0,439,-0.43597108,-0.56874937,6.5090256,1.8005605,0.36084372,0.38427627
0,440,-0.4363978,-0.5684571,6.521435,1.798172,0.3608501,0.38436806
0,441,-0.43521357,-0.5690322,6.5174885,1.7955823,0.36085427,0.3844603
0,442,-0.4364761,-0.569315,6.519064,1.7998705,0.36085624,0.38455302
0,443,-0.43479705,-0.5696717,6.5194016,1.796174,0.36085594,0.38464615
0,444,-0.43652034,-0.5700357,6.499737,1.7973757,0.3608534,0.38473973
0,445,-0.43499255,-0.57003284,6.5040092,1.7974844,0.36084864,0.38483375
0,446,-0.43457848,-0.5690233,6.5159073,1.7985263,0.3608416,0.3849282
0,447,-0.43413293,-0.56982213,6.5036583,1.7980189,0.36083233,0.38502306
0,448,-0.43436527,-0.57032216,6.497282,1.8011556,0.36082077,0.38511837
0,449,-0.43476164,-0.56925,6.5098248,1.7929144,0.3608069,0.38521406
0,450,-0.43398643,-0.5686318,6.5144005,1.805275,0.3607908,0.38531014
0,451,-0.4347083,-0.5699219,6.518997,1.8009634,0.36077237,0.38540664
0,452,-0.4339757,-0.5696955,6.521063,1.7950039,0.36075166,0.38550356
0,453,-0.4336006,-0.56878906,6.505102,1.7992921,0.36072862,0.38560084
0,454,-0.43472886,-0.5698217,6.496565,1.795218,0.3607033,0.3856985
0,455,-0.43467367,-0.57124984,6.490629,1.796998,0.36067563,0.38579655
0,456,-0.43302137,-0.5702984,6.5188084,1.796505,0.36064565,0.38589498
0,457,-0.43376046,-0.57065606,6.502615,1.796699,0.36061332,0.38599375
0,458,-0.43428522,-0.56939507,6.5115776,1.7984056,0.36057863,0.3860929
0,459,-0.43269682,-0.57064396,6.509506,1.8055882,0.3605416,0.3861924
0,460,-0.43347198,-0.571297,6.5141926,1.797163,0.3605022,0.38629225
0,461,-0.43329138,-0.5703381,6.502102,1.7950373,0.36046046,0.38639244
0,462,-0.4325034,-0.56979793,6.501066,1.7982802,0.36041635,0.38649297
0,463,-0.4321385,-0.5715501,6.4995117,1.8025508,0.36036983,0.38659382
0,464,-0.43193144,-0.5710403,6.505146,1.7982955,0.36032096,0.38669503
0,465,-0.4324181,-0.5721779,6.503481,1.7999473,0.36026967,0.3867965
0,466,-0.43360496,-0.5717046,6.5035744,1.7984915,0.360216,0.38689834
0,467,-0.4311499,-0.5707202,6.509535,1.8052592,0.36015987,0.38700047
0,468,-0.4330786,-0.57173777,6.507612,1.8011937,0.36010137,0.3871029
0,469,-0.43220657,-0.57104176,6.530035,1.798861,0.36004043,0.3872056
0,470,-0.43193507,-0.57192653,6.52664,1.7978983,0.35997707,0.38730863
0,471,-0.43248707,-0.57178473,6.5144863,1.807107,0.35991126,0.38741192
0,472,-0.43122786,-0.5715299,6.498432,1.805078,0.35984305,0.38751552
0,473,-0.43123108,-0.57181257,6.500952,1.7981129,0.35977235,0.38761935
0,474,-0.4316398,-0.57138526,6.511572,1.801312,0.3596992,0.38772348
0,475,-0.43154842,-0.57023615,6.5171337,1.7983718,0.35962358,0.38782784
0,476,-0.43047488,-0.5716765,6.507601,1.7986197,0.3595455,0.38793248
0,477,-0.4294024,-0.5717743,6.510132,1.7992759,0.35946494,0.38803735
0,478,-0.4313085,-0.5714866,6.518955,1.8066797,0.35938188,0.38814247
0,479,-0.4308324,-0.57059747,6.515871,1.8023872,0.35929635,0.38824782
0,480,-0.42953628,-0.57155573,6.5303574,1.799005,0.35920832,0.3883534
0,481,-0.4310246,-0.57170826,6.5163994,1.8023872,0.35911778,0.38845924
0,482,-0.43053597,-0.57206243,6.5084133,1.7979927,0.35902473,0.38856527
0,483,-0.43095714,-0.57132536,6.5068817,1.8012557,0.35892916,0.38867152
0,484,-0.42981088,-0.57219535,6.509245,1.801342,0.35883108,0.38877797
0,485,-0.4294486,-0.5719167,6.504757,1.800961,0.35873047,0.3888846
0,486,-0.42984664,-0.5719994,6.5027943,1.8011589,0.35862732,0.38899145
0,487,-0.4290645,-0.5720012,6.528961,1.8015404,0.3585216,0.3890985
0,488,-0.4288206,-0.5722972,6.5131474,1.8019361,0.35841337,0.3892057
0,489,-0.429896,-0.5717329,6.503584,1.7993441,0.35830256,0.3893131
0,490,-0.4287185,-0.5722498,6.517313,1.8012657,0.3581892,0.38942066
0,491,-0.42845613,-0.5721671,6.5254,1.7988658,0.35807326,0.38952836
0,492,-0.43031245,-0.57213014,6.509594,1.7982621,0.35795477,0.38963625
0,493,-0.42845583,-0.5722431,6.524395,1.8035493,0.35783368,0.38974428
0,494,-0.4285071,-0.5724025,6.5212097,1.7997928,0.35771,0.38985246
0,495,-0.4287747,-0.5734126,6.5013294,1.7998652,0.35758373,0.3899608
0,496,-0.42809886,-0.5729247,6.5135384,1.8021479,0.35745487,0.39006925
0,497,-0.4295472,-0.57376117,6.5417557,1.8115597,0.35732338,0.39017782
0,498,-0.42808372,-0.57394445,6.517229,1.8021107,0.3571893,0.39028654
0,499,-0.4280756,-0.5729132,6.518469,1.8042035,0.3570526,0.39039534
0,500,-0.42883593,-0.5720267,6.512089,1.8013163,0.35691327,0.39050424
0,501,-0.42808324,-0.57285184,6.497669,1.806922,0.35677132,0.3906133
0,502,-0.42741334,-0.57384586,6.507839,1.8018584,0.35662672,0.3907224
0,503,-0.42868096,-0.57176995,6.518446,1.8064218,0.35647947,0.39083162
0,504,-0.42495197,-0.57266283,6.4890556,1.8016052,0.3563296,0.3909409
0,505,-0.42777884,-0.5732861,6.5085144,1.8056641,0.35617706,0.39105028
0,506,-0.4277048,-0.5741046,6.505123,1.7991519,0.35602185,0.3911597
0,507,-0.42704505,-0.57358295,6.495144,1.8018842,0.35586402,0.3912692
0,508,-0.42638195,-0.57432747,6.52964,1.8039956,0.35570347,0.3913788
0,509,-0.4270674,-0.5740468,6.511774,1.8014154,0.35554028,0.3914884
0,510,-0.42698747,-0.5743486,6.5112343,1.802062,0.35537437,0.39159805
0,511,-0.42570025,-0.57377046,6.512167,1.8032737,0.3552058,0.39170775
0,512,-0.42613876,-0.5738265,6.5186176,1.8053632,0.35503453,0.39181748
0,513,-0.42604214,-0.57378894,6.513727,1.806303,0.35486054,0.39192724
0,514,-0.42570728,-0.5754394,6.5060234,1.8069096,0.35468388,0.39203703
0,515,-0.42541343,-0.57424104,6.514099,1.8045506,0.3545045,0.39214683
0,516,-0.42568302,-0.5739256,6.5158577,1.8084531,0.35432237,0.39225662
0,517,-0.42605263,-0.5743464,6.5197525,1.8035903,0.35413757,0.39236644
0,518,-0.4260707,-0.574049,6.5179443,1.8051682,0.35395,0.39247623
0,519,-0.42429596,-0.57442576,6.5223675,1.8052964,0.3537597,0.39258602
0,520,-0.42428517,-0.57504404,6.505165,1.80719,0.3535667,0.39269578
0,521,-0.42401725,-0.57472634,6.509598,1.8038874,0.35337093,0.39280552
0,522,-0.4242236,-0.57414436,6.506674,1.803751,0.35317242,0.39291525
0,523,-0.4244132,-0.5739428,6.510744,1.8070221,0.35297114,0.39302492
0,524,-0.4252177,-0.5749993,6.503359,1.8012114,0.3527671,0.39313456
0,525,-0.42436248,-0.5748743,6.50914,1.8011923,0.35256034,0.39324415
0,526,-0.42501122,-0.5751759,6.5129433,1.8023529,0.35235077,0.39335367
0,527,-0.424663,-0.5749657,6.522398,1.8075662,0.35213843,0.39346313
0,528,-0.42346168,-0.5755442,6.5200634,1.8016486,0.35192332,0.39357254
0,529,-0.42358488,-0.57505566,6.5087223,1.8026476,0.35170543,0.39368188
0,530,-0.42350268,-0.5749385,6.5193977,1.8105459,0.35148475,0.3937911
0,531,-0.42450958,-0.57495683,6.5125446,1.8151817,0.35126126,0.39390028
0,532,-0.4239689,-0.5741682,6.505825,1.8090038,0.35103497,0.39400932
0,533,-0.42401743,-0.5760252,6.5051994,1.8005123,0.35080588,0.39411828
0,534,-0.4241048,-0.57515585,6.513937,1.8029852,0.350574,0.39422715
0,535,-0.42292023,-0.5751499,6.51437,1.8079257,0.3503393,0.39433587
0,536,-0.42258686,-0.5759228,6.512102,1.8059735,0.35010177,0.3944445
0,537,-0.42228806,-0.5750416,6.5132427,1.8051066,0.3498614,0.39455298
0,538,-0.42280936,-0.576823,6.5088882,1.8067336,0.34961823,0.39466134
0,539,-0.4227286,-0.576186,6.5165367,1.8081527,0.3493722,0.39476958
0,540,-0.42335528,-0.57545215,6.5133324,1.8153982,0.34912336,0.39487764
0,541,-0.42138964,-0.5759209,6.5288925,1.8089833,0.34887165,0.39498556
0,542,-0.4215994,-0.5771643,6.504528,1.8049884,0.3486171,0.39509332
0,543,-0.42132914,-0.5765097,6.520527,1.8042908,0.34835973,0.3952009
0,544,-0.42300224,-0.57709825,6.519224,1.8139138,0.34809947,0.39530835
0,545,-0.42210245,-0.57658803,6.5183773,1.8083286,0.34783638,0.39541557
0,546,-0.42124206,-0.5756719,6.51099,1.8105831,0.3475704,0.39552265
0,547,-0.42250383,-0.5763631,6.530308,1.805572,0.34730154,0.39562953
0,548,-0.42130244,-0.5773665,6.521866,1.8081274,0.3470298,0.3957362
0,549,-0.42308635,-0.57693726,6.5206203,1.8042274,0.3467552,0.39584264
0,550,-0.42164862,-0.5760741,6.506899,1.8121524,0.34647775,0.3959489
0,551,-0.42050624,-0.5775578,6.5084095,1.8076277,0.34619737,0.39605492
0,552,-0.42016655,-0.57710236,6.5094814,1.8062849,0.3459141,0.39616075
0,553,-0.42088264,-0.5769393,6.512491,1.810277,0.34562796,0.39626634
0,554,-0.42303556,-0.5763699,6.5301647,1.8094459,0.34533888,0.39637166
0,555,-0.4193753,-0.5779089,6.5261593,1.807426,0.34504694,0.39647678
0,556,-0.4196428,-0.57618093,6.5203857,1.8117814,0.34475207,0.39658162
0,557,-0.42032945,-0.5782697,6.521723,1.8135104,0.3444543,0.39668623
0,558,-0.41908145,-0.5763333,6.526083,1.8114653,0.34415358,0.39679053
0,559,-0.42024285,-0.57682395,6.5222282,1.8077912,0.34385,0.3968946
0,560,-0.42025822,-0.5781563,6.515625,1.8124566,0.34354344,0.39699838
0,561,-0.42036134,-0.5767828,6.523161,1.8164201,0.34323397,0.39710188
0,562,-0.41966295,-0.57623196,6.5156174,1.8098722,0.34292158,0.39720508
0,563,-0.4184463,-0.5774544,6.546734,1.8137522,0.34260625,0.397308
0,564,-0.4190179,-0.5782485,6.5136776,1.8156352,0.34228796,0.3974106
0,565,-0.41915375,-0.57697225,6.5134563,1.8168807,0.34196675,0.3975129
0,566,-0.41965753,-0.577472,6.5272655,1.8124332,0.3416426,0.3976149
0,567,-0.4191609,-0.5768024,6.50836,1.8052197,0.34131548,0.39771655
0,568,-0.4193535,-0.5781303,6.51947,1.812602,0.3409854,0.39781788
0,569,-0.4191662,-0.5770095,6.5335464,1.8142958,0.34065238,0.39791888
0,570,-0.41860223,-0.5781101,6.517441,1.8142014,0.34031639,0.39801952
0,571,-0.41794932,-0.57873243,6.520981,1.8132977,0.33997744,0.39811984
0,572,-0.4184304,-0.5774151,6.516241,1.8096857,0.33963552,0.3982198
0,573,-0.41756296,-0.57852226,6.512005,1.8081555,0.33929062,0.39831936
0,574,-0.41633523,-0.5786055,6.5167046,1.8150468,0.33894277,0.39841858
0,575,-0.41782218,-0.57911414,6.525606,1.8113303,0.3385919,0.39851743
0,576,-0.41654152,-0.57896644,6.509159,1.8136358,0.3382381,0.3986159
0,577,-0.41665488,-0.5782006,6.5107193,1.8162532,0.33788127,0.39871395
0,578,-0.41670674,-0.578783,6.5090065,1.8107276,0.33752146,0.39881164
0,579,-0.41710502,-0.57807374,6.530308,1.8195825,0.33715868,0.3989089
0,580,-0.41818488,-0.57801235,6.5211525,1.8105264,0.3367929,0.39900577
0,581,-0.41653538,-0.5793116,6.5191936,1.8114719,0.3364241,0.3991022
0,582,-0.41869217,-0.57832336,6.514536,1.8157892,0.3360523,0.39919823
0,583,-0.4150285,-0.579441,6.51412,1.8119044,0.33567753,0.39929384
0,584,-0.416503,-0.5790336,6.5303917,1.8082094,0.33529973,0.399389
0,585,-0.41656804,-0.57845694,6.5309067,1.8110781,0.33491892,0.39948374
0,586,-0.41649717,-0.57836914,6.5198936,1.8101721,0.3345351,0.399578
0,587,-0.41678816,-0.5790636,6.515152,1.8104877,0.33414826,0.39967182
0,588,-0.417112,-0.5794083,6.518612,1.8097129,0.33375838,0.3997652
0,589,-0.41554874,-0.580413,6.519972,1.8113685,0.33336553,0.3998581
0,590,-0.41634852,-0.5796243,6.528349,1.8165259,0.3329696,0.39995047
0,591,-0.41482562,-0.57794833,6.522026,1.8111877,0.33257067,0.4000424
0,592,-0.41523105,-0.5785705,6.4953003,1.8109527,0.33216873,0.40013388
0,593,-0.41440272,-0.5791627,6.5255604,1.8131638,0.33176374,0.40022483
0,594,-0.41564423,-0.5794126,6.5188904,1.8117514,0.33135572,0.40031528
0,595,-0.4150765,-0.5790667,6.515888,1.8109279,0.33094463,0.40040523
0,596,-0.414414,-0.580374,6.53763,1.8124633,0.33053052,0.40049464
0,597,-0.41533554,-0.57893264,6.52351,1.8094873,0.33011338,0.40058354
0,598,-0.41556072,-0.58018744,6.519161,1.8114033,0.3296932,0.40067193
0,599,-0.4155177,-0.5791918,6.5384254,1.8122902,0.32926995,0.4007598
0,600,-0.41517663,-0.58010036,6.5082455,1.8173923,0.32884365,0.40084708
0,601,-0.41395408,-0.57983017,6.5187874,1.8148088,0.32841432,0.40093383
0,602,-0.4149902,-0.5798569,6.5206566,1.81496,0.32798192,0.40102005
0,603,-0.41471678,-0.5806775,6.5184402,1.8142385,0.32754645,0.40110567
0,604,-0.41470736,-0.5796426,6.5198708,1.809752,0.32710794,0.40119076
0,605,-0.41311342,-0.5806755,6.526087,1.8144817,0.32666636,0.40127525
0,606,-0.41316557,-0.5795757,6.5251637,1.8150754,0.32622173,0.40135917
0,607,-0.4130119,-0.57997787,6.5214977,1.8113699,0.325774,0.4014425
0,608,-0.41437006,-0.5799461,6.521965,1.8213587,0.32532325,0.40152526
0,609,-0.41292346,-0.58104974,6.5089245,1.8118701,0.3248694,0.4016074
0,610,-0.41493255,-0.580166,6.523823,1.8159499,0.3244125,0.40168893
0,611,-0.41386783,-0.5809057,6.527979,1.8170648,0.3239525,0.40176985
0,612,-0.41268194,-0.5806033,6.5225563,1.81601,0.32348943,0.40185013
0,613,-0.41222334,-0.580758,6.5269623,1.8139191,0.3230233,0.40192983
0,614,-0.41238785,-0.58060294,6.520607,1.8230205,0.32255408,0.40200886
0,615,-0.41346544,-0.58091533,6.538044,1.8137412,0.32208177,0.40208724
0,616,-0.41376567,-0.5819321,6.5260277,1.8160963,0.3216064,0.402165
0,617,-0.41408908,-0.580064,6.523241,1.8143244,0.32112792,0.4022421
0,618,-0.4140104,-0.58148074,6.543335,1.8205452,0.32064638,0.40231854
0,619,-0.41252977,-0.5805509,6.5135517,1.8142209,0.32016173,0.40239432
0,620,-0.41188002,-0.580957,6.539646,1.8185582,0.319674,0.40246943
0,621,-0.4121241,-0.5806879,6.5212193,1.8148394,0.31918317,0.40254384
0,622,-0.41159666,-0.5804694,6.530941,1.8178864,0.31868926,0.40261757
0,623,-0.41265208,-0.58064574,6.5419445,1.8170505,0.31819224,0.40269062
0,624,-0.41248792,-0.58192945,6.535946,1.8242903,0.31769213,0.40276295
0,625,-0.4104613,-0.58139044,6.518589,1.8225088,0.31718895,0.4028346
0,626,-0.41089004,-0.5809643,6.522333,1.8224354,0.31668264,0.40290552
0,627,-0.4115364,-0.58039653,6.5312843,1.8231363,0.31617326,0.40297574
0,628,-0.4106725,-0.581069,6.532522,1.816544,0.31566074,0.4030452
0,629,-0.4107045,-0.5817077,6.5298424,1.8150587,0.31514513,0.40311396
0,630,-0.4105937,-0.5816897,6.525427,1.8213406,0.31462646,0.40318197
0,631,-0.41057688,-0.58195424,6.5172176,1.8133559,0.31410465,0.40324923
0,632,-0.41016638,-0.58208317,6.524002,1.8165617,0.31357974,0.40331575
0,633,-0.40970433,-0.58165336,6.499693,1.8184519,0.31305173,0.4033815
0,634,-0.4101057,-0.58222985,6.527773,1.8181872,0.3125206,0.4034465
0,635,-0.40948033,-0.5831334,6.5260983,1.821054,0.31198636,0.40351072
0,636,-0.40981317,-0.58170485,6.521538,1.8222136,0.31144902,0.40357414
0,637,-0.41024667,-0.5813085,6.524168,1.821444,0.3109086,0.4036368
0,638,-0.40998107,-0.5813519,6.5420303,1.8220434,0.31036502,0.40369868
0,639,-0.409634,-0.58143806,6.520115,1.8218942,0.30981836,0.40375975
0,640,-0.4107877,-0.5814061,6.526634,1.8211598,0.30926856,0.40382
0,641,-0.40857357,-0.5827849,6.527521,1.8208146,0.30871567,0.40387946
0,642,-0.40884018,-0.58248293,6.5134716,1.8127031,0.30815968,0.4039381
0,643,-0.40846604,-0.5828393,6.5141163,1.8151531,0.30760056,0.40399593
0,644,-0.40918612,-0.5820801,6.5106277,1.8184462,0.3070383,0.4040529
0,645,-0.40871727,-0.58236885,6.531746,1.8227644,0.30647296,0.40410906
0,646,-0.40829355,-0.5821686,6.5139084,1.8202286,0.3059045,0.40416434
0,647,-0.40900344,-0.5827183,6.525894,1.8214288,0.30533293,0.40421882
0,648,-0.40844244,-0.5832155,6.512539,1.8193913,0.30475822,0.4042724
0,649,-0.4087628,-0.5818042,6.5425644,1.8182855,0.3041804,0.40432516
0,650,-0.40820855,-0.5818072,6.5219135,1.8165946,0.30359948,0.404377
0,651,-0.40764517,-0.5835932,6.515339,1.8197904,0.30301544,0.40442804
0,652,-0.40764755,-0.58380485,6.520958,1.8178782,0.30242828,0.40447813
0,653,-0.40703166,-0.58389336,6.5179253,1.8193707,0.301838,0.40452737
0,654,-0.40728873,-0.58316493,6.5191708,1.8238735,0.3012446,0.4045757
0,655,-0.40736854,-0.5829977,6.524887,1.8198233,0.3006481,0.40462312
0,656,-0.4072314,-0.5821588,6.527172,1.8240333,0.30004844,0.40466964
0,657,-0.40669,-0.58332,6.527569,1.8208103,0.2994457,0.40471524
0,658,-0.40699548,-0.5836283,6.5161915,1.8171158,0.29883984,0.40475994
0,659,-0.4069835,-0.58294696,6.5157986,1.8222685,0.29823086,0.4048037
0,660,-0.4073391,-0.5841203,6.498003,1.81675,0.29761875,0.40484655
0,661,-0.40594852,-0.5840705,6.5435143,1.8241692,0.29700354,0.40488842
0,662,-0.4076239,-0.5844246,6.5209694,1.8208528,0.2963852,0.40492937
0,663,-0.40617388,-0.5842651,6.521303,1.8282423,0.29576373,0.40496936
0,664,-0.40707082,-0.583864,6.5154724,1.8262653,0.29513916,0.4050084
0,665,-0.40576708,-0.5834713,6.501295,1.8207674,0.29451147,0.40504646
0,666,-0.40596348,-0.58369267,6.5184383,1.8218379,0.29388067,0.40508357
0,667,-0.4065987,-0.5837178,6.543787,1.8255696,0.29324678,0.4051197
0,668,-0.40585524,-0.58422744,6.513891,1.8214679,0.29260972,0.40515482
0,669,-0.4071654,-0.5842746,6.525734,1.8246179,0.2919696,0.40518898
0,670,-0.40592468,-0.58389163,6.516527,1.8155828,0.2913263,0.40522212
0,671,-0.4054861,-0.5844831,6.5166664,1.8257632,0.29067996,0.40525427
0,672,-0.40611446,-0.5838026,6.5166016,1.8275099,0.29003048,0.40528542
0,673,-0.40444297,-0.5844118,6.5256405,1.822619,0.28937787,0.40531552
0,674,-0.40571606,-0.5846405,6.5261517,1.8225818,0.28872216,0.40534464
0,675,-0.4053356,-0.5843116,6.5213737,1.8247862,0.28806335,0.4053727
0,676,-0.40541327,-0.5839635,6.527775,1.8272281,0.2874014,0.40539974
0,677,-0.40466237,-0.584118,6.5175266,1.8208909,0.2867364,0.40542573
0,678,-0.4049551,-0.5850644,6.5094986,1.8235755,0.28606823,0.40545067
0,679,-0.40468335,-0.58453965,6.5228233,1.8220496,0.285397,0.40547457
0,680,-0.40515262,-0.5844061,6.519285,1.8271341,0.28472263,0.40549743
0,681,-0.40302485,-0.5857347,6.5114994,1.827179,0.2840452,0.4055192
0,682,-0.4038515,-0.5840541,6.5170307,1.8262243,0.28336462,0.4055399
0,683,-0.40382802,-0.5851293,6.5286903,1.8232746,0.28268096,0.4055595
0,684,-0.40340036,-0.58395463,6.506935,1.8285184,0.28199416,0.40557805
0,685,-0.40332484,-0.58563936,6.5155582,1.8271818,0.2813043,0.4055955
0,686,-0.40269202,-0.5851496,6.5149536,1.8234754,0.28061134,0.40561184
0,687,-0.4025358,-0.58369714,6.5329704,1.8258653,0.27991527,0.4056271
0,688,-0.4035092,-0.5850918,6.531332,1.8198919,0.2792161,0.40564123
0,689,-0.40232235,-0.5853671,6.518923,1.8245049,0.27851388,0.40565425
0,690,-0.40340054,-0.5847931,6.535265,1.8275399,0.27780852,0.40566617
0,691,-0.40246415,-0.5849377,6.515438,1.8256731,0.2771001,0.40567693
0,692,-0.40288317,-0.58565664,6.5159206,1.8309531,0.27638856,0.4056866
0,693,-0.4030127,-0.5854207,6.52927,1.8242979,0.27567393,0.40569508
0,694,-0.4031273,-0.5856069,6.525749,1.831101,0.27495623,0.40570244
0,695,-0.40305167,-0.58549416,6.5129585,1.823257,0.27423543,0.40570864
0,696,-0.40168548,-0.58542436,6.5365696,1.8258762,0.27351156,0.40571368
0,697,-0.40085804,-0.5856579,6.5408764,1.824635,0.2727846,0.40571755
0,698,-0.40200317,-0.58580023,6.5258045,1.8264971,0.27205455,0.40572026
0,699,-0.40178943,-0.58478343,6.524275,1.831439,0.27132145,0.40572178
0,700,-0.40160418,-0.5861536,6.5181847,1.8322144,0.27058524,0.40572214
0,701,-0.40121847,-0.5869714,6.540262,1.8294258,0.26984596,0.4057213
0,702,-0.4024523,-0.5867874,6.5317535,1.8279467,0.26910365,0.40571928
0,703,-0.40097117,-0.58678555,6.523243,1.8268075,0.26835823,0.40571603
0,704,-0.40147507,-0.5861483,6.513714,1.8279815,0.26760975,0.4057116
0,705,-0.40109897,-0.5868719,6.5205956,1.8236041,0.2668582,0.40570596
0,706,-0.40166432,-0.5861386,6.520443,1.8273411,0.2661036,0.40569907
0,707,-0.40097672,-0.5862668,6.5121346,1.8286057,0.2653459,0.40569097
0,708,-0.40043086,-0.5866003,6.537451,1.8285341,0.26458517,0.40568164
0,709,-0.39994174,-0.5868257,6.5223083,1.8255706,0.2638214,0.4056711
0,710,-0.40043074,-0.5872606,6.537901,1.8338461,0.26305452,0.4056593
0,711,-0.400442,-0.58727235,6.523575,1.8282471,0.26228464,0.40564623
0,712,-0.40157032,-0.5864474,6.5218544,1.8300166,0.26151168,0.4056319
0,713,-0.39986855,-0.5867716,6.5157967,1.8315611,0.26073566,0.40561634
0,714,-0.39996105,-0.5863235,6.522661,1.830348,0.25995663,0.4055995
0,715,-0.39998758,-0.58607864,6.532448,1.8318105,0.25917453,0.40558138
0,716,-0.399293,-0.58579344,6.5367393,1.8335013,0.2583894,0.405562
0,717,-0.39979845,-0.58767956,6.525179,1.8356576,0.25760123,0.40554133
0,718,-0.39855057,-0.58692676,6.5264072,1.828743,0.25681004,0.40551937
0,719,-0.39966345,-0.5869128,6.520027,1.8325486,0.25601578,0.40549612
0,720,-0.40029222,-0.5868887,6.5134125,1.830184,0.2552185,0.40547156
0,721,-0.39940935,-0.5870177,6.5278015,1.8321571,0.25441822,0.4054457
0,722,-0.3987785,-0.58716255,6.522703,1.832396,0.2536149,0.40541852
0,723,-0.39822376,-0.5863969,6.541853,1.8281279,0.25280857,0.40539002
0,724,-0.39956826,-0.58824855,6.5155907,1.8312244,0.2519992,0.4053602
0,725,-0.3978451,-0.58782864,6.516695,1.8312311,0.25118682,0.40532902
0,726,-0.3971262,-0.58823776,6.504942,1.8349347,0.25037143,0.40529653
0,727,-0.3979311,-0.5869003,6.526005,1.8308945,0.24955302,0.4052627
0,728,-0.3984478,-0.5880463,6.536934,1.8289919,0.24873161,0.40522754
0,729,-0.3977058,-0.58750075,6.5107594,1.8265533,0.2479072,0.405191
0,730,-0.39767593,-0.58667594,6.5238285,1.8306603,0.24707979,0.4051531
0,731,-0.39936316,-0.5881399,6.5169353,1.8317394,0.2462494,0.40511385
0,732,-0.39784384,-0.5878289,6.52153,1.830627,0.24541599,0.4050732
0,733,-0.3977067,-0.5879228,6.5244827,1.8302922,0.24457958,0.4050312
0,734,-0.39634913,-0.5882661,6.5222263,1.8321004,0.2437402,0.4049878
0,735,-0.39701492,-0.58823526,6.5294037,1.8349633,0.24289784,0.40494305
0,736,-0.39754558,-0.58710814,6.5391064,1.8339324,0.2420525,0.40489686
0,737,-0.3966406,-0.5878308,6.525692,1.8320975,0.24120417,0.4048493
0,738,-0.39758742,-0.5878202,6.532137,1.8310122,0.24035287,0.40480033
0,739,-0.3976767,-0.5878343,6.517851,1.8297434,0.23949862,0.40474993
0,740,-0.3959319,-0.58786774,6.53281,1.8278193,0.23864138,0.40469813
0,741,-0.3953529,-0.5884731,6.503441,1.8330936,0.23778118,0.4046449
0,742,-0.39623016,-0.5877808,6.529194,1.8310766,0.23691802,0.40459028
0,743,-0.39612502,-0.58776367,6.52425,1.8309402,0.23605192,0.4045342
0,744,-0.3965584,-0.5890054,6.5104427,1.8333406,0.23518285,0.40447667
0,745,-0.3946215,-0.58911526,6.537819,1.8278737,0.23431084,0.4044177
0,746,-0.39509642,-0.5888346,6.5095787,1.8311195,0.23343588,0.40435728
0,747,-0.396007,-0.5885123,6.525017,1.8285203,0.232558,0.40429544
0,748,-0.39389026,-0.5893661,6.5428066,1.8296328,0.23167716,0.4042321
0,749,-0.39516455,-0.58831155,6.5150585,1.8356943,0.2307934,0.40416732
0,750,-0.39467663,-0.58937746,6.525896,1.8309789,0.22990671,0.40410104
0,751,-0.3955056,-0.5887287,6.523466,1.8341727,0.2290171,0.4040333
0,752,-0.39474893,-0.589921,6.527052,1.8338146,0.22812456,0.4039641
0,753,-0.39430767,-0.5892682,6.5389233,1.8415246,0.22722912,0.40389338
0,754,-0.39498925,-0.5889359,6.518484,1.8391352,0.22633076,0.40382117
0,755,-0.39379895,-0.5887876,6.532305,1.8323765,0.22542949,0.40374747
0,756,-0.3938855,-0.588748,6.537134,1.831687,0.22452532,0.40367228
0,757,-0.39608032,-0.58908,6.5252476,1.8377757,0.22361824,0.40359557
0,758,-0.3941583,-0.58911157,6.524925,1.8327632,0.22270828,0.40351734
0,759,-0.39384723,-0.58882815,6.5266056,1.8322134,0.22179542,0.40343758
0,760,-0.39318413,-0.58872,6.50996,1.8350573,0.22087969,0.40335634
0,761,-0.39362866,-0.59021354,6.528145,1.8325272,0.21996106,0.40327352
0,762,-0.39331418,-0.5900519,6.5261173,1.8343625,0.21903957,0.4031892
0,763,-0.39332986,-0.5891042,6.5228043,1.8291779,0.2181152,0.40310332
0,764,-0.39288563,-0.5898489,6.5389442,1.8309832,0.21718797,0.4030159
0,765,-0.3924957,-0.58946186,6.521805,1.8337069,0.21625787,0.40292692
0,766,-0.391972,-0.58930373,6.5361156,1.834775,0.21532491,0.4028364
0,767,-0.39298368,-0.589591,6.51845,1.8387632,0.2143891,0.40274432
0,768,-0.39263135,-0.59042484,6.52689,1.836236,0.21345045,0.40265065
0,769,-0.39249706,-0.58811104,6.5214367,1.8446784,0.21250895,0.40255544
0,770,-0.3927365,-0.58977646,6.5294476,1.8342576,0.21156462,0.40245864
0,771,-0.3923651,-0.5904448,6.539501,1.832953,0.21061744,0.40236026
0,772,-0.39099663,-0.5906743,6.5293293,1.8361773,0.20966744,0.40226027
0,773,-0.3924483,-0.5897612,6.5196686,1.8404174,0.20871462,0.4021587
0,774,-0.3926764,-0.59043247,6.5337143,1.8379831,0.20775898,0.40205556
0,775,-0.39122093,-0.5907826,6.5268135,1.8378425,0.20680052,0.4019508
0,776,-0.39241147,-0.58997524,6.532072,1.8357959,0.20583926,0.4018444
0,777,-0.3914497,-0.5899168,6.5313816,1.836956,0.20487519,0.40173644
0,778,-0.391203,-0.59020513,6.5328407,1.8320403,0.20390832,0.40162686
0,779,-0.39137954,-0.5901243,6.530838,1.836875,0.20293868,0.40151563
0,780,-0.39138973,-0.59096223,6.533882,1.8367176,0.20196623,0.40140277
0,781,-0.3912766,-0.58972055,6.5216312,1.841919,0.200991,0.4012883
0,782,-0.3907057,-0.59052205,6.530609,1.841258,0.200013,0.40117216
0,783,-0.39118046,-0.5907778,6.532961,1.8377252,0.19903223,0.4010544
0,784,-0.39048642,-0.5899424,6.517761,1.841402,0.19804868,0.400935
0,785,-0.39126337,-0.59043115,6.5259304,1.8384113,0.19706239,0.40081394
0,786,-0.39201742,-0.5897749,6.532692,1.839756,0.19607334,0.40069124
0,787,-0.3901685,-0.58930683,6.5218353,1.8462977,0.19508153,0.40056685
0,788,-0.39033276,-0.5909333,6.5421677,1.8390245,0.19408698,0.4004408
0,789,-0.3910426,-0.59143966,6.522846,1.8368864,0.19308971,0.4003131
0,790,-0.38919473,-0.59167033,6.525139,1.8411484,0.19208969,0.4001837
0,791,-0.3900261,-0.59071404,6.5439587,1.8423858,0.19108695,0.40005264
0,792,-0.3886565,-0.5907426,6.5243244,1.8409615,0.19008149,0.3999199
0,793,-0.38967043,-0.5910109,6.5264473,1.8392606,0.18907332,0.39978543
0,794,-0.39031225,-0.5919388,6.5312195,1.8375869,0.18806243,0.3996493
0,795,-0.38756347,-0.59090936,6.5256023,1.8375158,0.18704885,0.39951146
0,796,-0.38974065,-0.5903927,6.54002,1.8340721,0.18603256,0.39937192
0,797,-0.3892938,-0.59078467,6.532997,1.8449221,0.18501359,0.39923066
0,798,-0.3889541,-0.5912107,6.519562,1.8425727,0.18399194,0.3990877
0,799,-0.38899893,-0.5911012,6.52964,1.8424749,0.1829676,0.398943
0,800,-0.38912815,-0.5917266,6.530714,1.8444004,0.18194059,0.3987966
0,801,-0.3895505,-0.591035,6.534113,1.838243,0.18091092,0.39864847
0,802,-0.38994098,-0.59263784,6.5337086,1.8347597,0.17987858,0.3984986
0,803,-0.38842022,-0.5905361,6.541298,1.841227,0.1788436,0.398347
0,804,-0.38856488,-0.59134316,6.528078,1.8421268,0.17780596,0.39819363
0,805,-0.3876267,-0.5909373,6.523983,1.8373723,0.17676568,0.39803854
0,806,-0.38758528,-0.5912507,6.532671,1.8431702,0.17572278,0.39788172
0,807,-0.3875147,-0.5919968,6.530195,1.8421378,0.17467724,0.3977231
0,808,-0.38820612,-0.59172344,6.5341873,1.8405666,0.17362908,0.39756274
0,809,-0.387183,-0.59121585,6.525667,1.8410048,0.1725783,0.39740065
0,810,-0.3877191,-0.59226775,6.526457,1.8435526,0.17152491,0.39723673
0,811,-0.3885091,-0.5917867,6.537834,1.8388214,0.17046893,0.3970711
0,812,-0.3877778,-0.59183043,6.5236263,1.8395514,0.16941035,0.39690366
0,813,-0.3864361,-0.5923809,6.5337677,1.8437843,0.16834918,0.39673442
0,814,-0.38565767,-0.5916833,6.536579,1.8385401,0.16728543,0.39656344
0,815,-0.38697946,-0.5915645,6.520075,1.8444343,0.1662191,0.39639065
0,816,-0.3873306,-0.5923974,6.5348873,1.8431182,0.1651502,0.39621603
0,817,-0.38603872,-0.5919754,6.5205994,1.843215,0.16407874,0.39603966
0,818,-0.38566023,-0.5925863,6.5193253,1.8397999,0.16300473,0.39586148
0,819,-0.38571143,-0.5917023,6.529417,1.8405223,0.16192816,0.39568147
0,820,-0.38639206,-0.59290105,6.5425377,1.8410845,0.16084906,0.39549968
0,821,-0.3853112,-0.59221774,6.5248013,1.8423128,0.15976742,0.39531603
0,822,-0.38526857,-0.59279454,6.531311,1.8465691,0.15868326,0.3951306
0,823,-0.38678104,-0.59294647,6.5480328,1.8421278,0.15759657,0.39494333
0,824,-0.38490033,-0.5923832,6.511057,1.8390903,0.15650737,0.39475423
0,825,-0.38589334,-0.59206945,6.5371113,1.838779,0.15541568,0.39456332
0,826,-0.38492012,-0.59184474,6.537403,1.842238,0.15432148,0.39437056
0,827,-0.3854205,-0.5931514,6.508669,1.8410769,0.15322478,0.39417595
0,828,-0.38488883,-0.5921978,6.5294933,1.8453541,0.15212561,0.3939795
0,829,-0.3854438,-0.5922841,6.514509,1.8477707,0.15102395,0.39378121
0,830,-0.38434684,-0.5922701,6.5437737,1.8445916,0.14991984,0.39358106
0,831,-0.38451856,-0.5918043,6.5356503,1.8431973,0.14881325,0.39337906
0,832,-0.3848666,-0.59273434,6.5199127,1.8422079,0.14770421,0.39317518
0,833,-0.38389665,-0.5925801,6.5275803,1.8453836,0.14659272,0.39296946
0,834,-0.38404387,-0.5935601,6.5354977,1.845974,0.1454788,0.39276186
0,835,-0.38477677,-0.5918574,6.5367603,1.8459735,0.14436243,0.39255238
0,836,-0.3841926,-0.5929889,6.5191936,1.8432035,0.14324366,0.39234105
0,837,-0.3848558,-0.5926518,6.531803,1.8409505,0.14212246,0.3921278
0,838,-0.38416767,-0.594244,6.5261784,1.8444767,0.14099886,0.3919127
0,839,-0.3838513,-0.59333473,6.534025,1.8447709,0.13987283,0.3916957
0,840,-0.38234907,-0.5939939,6.536806,1.8439574,0.13874443,0.3914768
0,841,-0.38343024,-0.5929372,6.525423,1.8451319,0.13761364,0.39125603
0,842,-0.384381,-0.5926382,6.5285244,1.8433571,0.13648048,0.39103335
0,843,-0.38331914,-0.5933247,6.516205,1.8446755,0.13534494,0.39080876
0,844,-0.38326412,-0.5941123,6.530245,1.8502021,0.13420703,0.39058226
0,845,-0.38224578,-0.59354144,6.527046,1.849371,0.13306677,0.39035386
0,846,-0.38300592,-0.5936083,6.52923,1.8456573,0.13192417,0.39012355
0,847,-0.3836674,-0.59338844,6.5302544,1.8428206,0.13077922,0.3898913
0,848,-0.38238937,-0.59356517,6.5346355,1.845478,0.12963195,0.38965714
0,849,-0.38295603,-0.5935629,6.5369415,1.842546,0.12848236,0.38942105
0,850,-0.3823744,-0.59378034,6.5302563,1.8441358,0.12733045,0.38918304
0,851,-0.38020718,-0.59357065,6.527853,1.8502073,0.12617622,0.3889431
0,852,-0.3817736,-0.5938897,6.525074,1.8419728,0.12501971,0.38870123
0,853,-0.38143736,-0.5946931,6.531496,1.8497062,0.1238609,0.38845742
0,854,-0.38237453,-0.5943107,6.521641,1.8475876,0.12269982,0.38821164
0,855,-0.38070172,-0.5942391,6.5274734,1.8455625,0.121536456,0.38796392
0,856,-0.38176334,-0.5933236,6.529381,1.8475723,0.12037083,0.38771427
0,857,-0.38203925,-0.59446466,6.525564,1.8455529,0.11920294,0.38746268
0,858,-0.38123703,-0.5949943,6.5330467,1.8478837,0.11803281,0.3872091
0,859,-0.3822996,-0.59470284,6.5324593,1.8461266,0.11686044,0.38695356
0,860,-0.38042802,-0.59478813,6.5261765,1.8494158,0.115685835,0.38669607
0,861,-0.3804494,-0.5935418,6.5297832,1.8498459,0.11450901,0.3864366
0,862,-0.38129705,-0.59429646,6.5347137,1.8397398,0.11332996,0.3861752
0,863,-0.37961996,-0.5951501,6.523033,1.8482728,0.11214872,0.3859118
0,864,-0.38136894,-0.59472686,6.5407543,1.8432608,0.110965274,0.3856464
0,865,-0.3798676,-0.59470856,6.532854,1.8429074,0.10977964,0.38537905
0,866,-0.38033056,-0.5945748,6.534672,1.851748,0.108591825,0.3851097
0,867,-0.38115472,-0.5937676,6.5272255,1.8498635,0.10740184,0.38483837
0,868,-0.38020533,-0.5947875,6.5364056,1.8480287,0.10620969,0.38456506
0,869,-0.38008082,-0.59539336,6.527363,1.8447137,0.10501539,0.38428974
0,870,-0.3793077,-0.59512407,6.512661,1.8511028,0.10381894,0.38401243
0,871,-0.3807187,-0.59467524,6.5420837,1.8457465,0.102620356,0.38373312
0,872,-0.37969685,-0.5949528,6.5335426,1.8471637,0.10141965,0.38345182
0,873,-0.37949824,-0.59555143,6.529318,1.8551626,0.10021682,0.38316852
0,874,-0.37862724,-0.5947342,6.533188,1.8439226,0.09901188,0.3828832
0,875,-0.37874383,-0.59551454,6.5198193,1.8541193,0.097804844,0.38259584
0,876,-0.37886673,-0.5954282,6.521801,1.8518057,0.09659571,0.3823065
0,877,-0.37840295,-0.59621066,6.5374756,1.8491058,0.0953845,0.38201514
0,878,-0.37822026,-0.5942903,6.536825,1.844305,0.09417122,0.38172174
0,879,-0.37804174,-0.5951249,6.5301704,1.8476214,0.09295587,0.38142633
0,880,-0.37816256,-0.5961326,6.5197906,1.8485713,0.09173847,0.38112888
0,881,-0.3779534,-0.59635544,6.5300694,1.8486261,0.09051902,0.38082942
0,882,-0.37826502,-0.5962235,6.5464287,1.8469768,0.08929753,0.3805279
0,883,-0.37789315,-0.59521127,6.524353,1.850688,0.08807402,0.38022438
0,884,-0.3778928,-0.5955532,6.5365276,1.8514719,0.08684849,0.3799188
0,885,-0.37808985,-0.5948335,6.543535,1.8485322,0.085620955,0.3796112
0,886,-0.37768507,-0.5956678,6.544897,1.8528347,0.084391415,0.37930155
0,887,-0.3770308,-0.59558797,6.540264,1.8488278,0.08315989,0.37898985
0,888,-0.3783387,-0.5954538,6.5242424,1.8523722,0.08192638,0.3786761
0,889,-0.37777185,-0.5956487,6.5215683,1.8498378,0.080690905,0.3783603
0,890,-0.37713575,-0.59566385,6.539446,1.8521643,0.07945347,0.37804243
0,891,-0.37750578,-0.5961831,6.52853,1.8528476,0.07821408,0.37772253
0,892,-0.37730396,-0.59554577,6.5298805,1.8464789,0.076972745,0.37740055
0,893,-0.37753302,-0.59637237,6.5382633,1.8485737,0.07572948,0.3770765
0,894,-0.37605274,-0.59664583,6.5302906,1.8530602,0.074484296,0.3767504
0,895,-0.37655932,-0.5956325,6.5274677,1.8501978,0.073237196,0.37642223
0,896,-0.3766014,-0.5964586,6.522167,1.8451838,0.071988195,0.376092
0,897,-0.37593,-0.5965317,6.5318775,1.8514633,0.070737295,0.3757597
0,898,-0.37636292,-0.59596455,6.5200787,1.8538151,0.06948452,0.3754253
0,899,-0.376029,-0.5962681,6.534342,1.8514276,0.06822986,0.37508884
0,900,-0.3757617,-0.5963994,6.5306683,1.8563018,0.06697334,0.3747503
0,901,-0.37610197,-0.5959683,6.5263367,1.8504772,0.06571497,0.37440968
0,902,-0.37527955,-0.59664845,6.519644,1.8528666,0.06445476,0.37406695
0,903,-0.37543517,-0.5961551,6.5270977,1.8540249,0.0631927,0.37372217
0,904,-0.37585497,-0.5959712,6.532461,1.8517404,0.061928827,0.37337527
0,905,-0.37505072,-0.5955854,6.534498,1.8519912,0.060663138,0.37302628
0,906,-0.3758968,-0.59650177,6.5139446,1.8539462,0.059395645,0.3726752
0,907,-0.37456924,-0.5957846,6.5421314,1.8519049,0.058126356,0.37232205
0,908,-0.37470597,-0.5971439,6.5359936,1.8548703,0.056855284,0.37196678
0,909,-0.3751052,-0.5967208,6.5249596,1.8524613,0.055582438,0.37160942
0,910,-0.37393445,-0.5966818,6.5355263,1.8508267,0.054307826,0.37124994
0,911,-0.37448925,-0.5970665,6.5381603,1.8509283,0.053031463,0.37088835
0,912,-0.373667,-0.59622717,6.52841,1.8520947,0.051753357,0.37052467
0,913,-0.37377316,-0.59660846,6.54504,1.8537912,0.050473515,0.37015888
0,914,-0.374115,-0.59630793,6.534172,1.8519154,0.049191955,0.36979097
0,915,-0.3743106,-0.59686786,6.5290184,1.8506823,0.04790868,0.36942095
0,916,-0.3743438,-0.5971089,6.5310764,1.8556504,0.0466237,0.3690488
0,917,-0.37472492,-0.59775203,6.5275726,1.8554964,0.045337033,0.36867455
0,918,-0.3734874,-0.5965788,6.5253315,1.8567824,0.04404868,0.36829817
0,919,-0.3734538,-0.59676474,6.517269,1.8536072,0.04275866,0.36791968
0,920,-0.37393415,-0.59763396,6.52936,1.8511286,0.041466977,0.36753908
0,921,-0.37300968,-0.5974505,6.5305023,1.8539472,0.040173646,0.36715633
0,922,-0.37271172,-0.5973877,6.522627,1.8554835,0.038878676,0.36677146
0,923,-0.3727795,-0.59775007,6.516876,1.8555903,0.037582077,0.36638445
0,924,-0.37328672,-0.5981115,6.526409,1.8528318,0.036283858,0.36599532
0,925,-0.37222618,-0.59743273,6.536812,1.8556933,0.034984034,0.36560407
0,926,-0.37335658,-0.5976514,6.522354,1.8547783,0.03368261,0.36521065
0,927,-0.37206942,-0.5977973,6.533201,1.8539367,0.0323796,0.36481512
0,928,-0.37179828,-0.5978745,6.5296936,1.8504882,0.031075016,0.36441743
0,929,-0.37276757,-0.5974632,6.532589,1.8518281,0.029768867,0.36401764
0,930,-0.3718534,-0.59680885,6.533476,1.8548994,0.028461164,0.36361566
0,931,-0.3721192,-0.59865075,6.5213203,1.8527012,0.027151918,0.36321157
0,932,-0.3720699,-0.5983419,6.5276394,1.854351,0.02584114,0.36280534
0,933,-0.37169254,-0.59799063,6.5105896,1.8582025,0.024528839,0.36239693
0,934,-0.3713854,-0.59707415,6.5339108,1.8571439,0.023215028,0.3619864
0,935,-0.3713122,-0.59831506,6.5385647,1.8527131,0.021899717,0.3615737
0,936,-0.3709581,-0.59789294,6.523651,1.8564377,0.020582918,0.36115888
0,937,-0.37045658,-0.5992,6.52647,1.8572617,0.019264642,0.36074188
0,938,-0.3715247,-0.5977273,6.536949,1.8565941,0.017944897,0.3603227
0,939,-0.3717435,-0.59847224,6.531191,1.8584881,0.016623698,0.35990143
0,940,-0.37187845,-0.5981442,6.525736,1.8578782,0.015301053,0.35947797
0,941,-0.3710885,-0.5983878,6.527817,1.858746,0.013976975,0.35905233
0,942,-0.37022585,-0.59800416,6.534477,1.8575416,0.012651475,0.35862455
0,943,-0.36941403,-0.597913,6.5280457,1.8550782,0.011324563,0.35819462
0,944,-0.37124413,-0.59801406,6.5394096,1.8614254,0.009996251,0.35776252
0,945,-0.37022758,-0.5979029,6.532814,1.8554397,0.00866655,0.35732824
0,946,-0.37061054,-0.59803003,6.5306835,1.8536496,0.0073354705,0.3568918
0,947,-0.36974472,-0.59849995,6.53533,1.859016,0.0060030255,0.3564532
0,948,-0.37128323,-0.59814423,6.5354595,1.8611507,0.0046692244,0.35601243
0,949,-0.3696335,-0.59915674,6.5257225,1.8634515,0.0033340796,0.35556948
0,950,-0.36879522,-0.59864223,6.5294914,1.8507814,0.0019976022,0.35512438
0,951,-0.3695956,-0.59801877,6.5313034,1.8539953,0.00065980345,0.3546771
0,952,-0.3685977,-0.5988907,6.5179634,1.8505917,-0.00067930523,0.35422766
0,953,-0.368922,-0.5989944,6.52874,1.856327,-0.0020197125,0.35377604
0,954,-0.36906546,-0.599307,6.5242977,1.8571553,-0.0033614067,0.3533222
0,955,-0.36836892,-0.5983442,6.5284004,1.8605294,-0.0047043767,0.35286623
0,956,-0.36934376,-0.5970975,6.5284805,1.8564711,-0.006048611,0.35240808
0,957,-0.3684764,-0.59950125,6.5336666,1.8517175,-0.0073940977,0.35194775
0,958,-0.3688212,-0.599442,6.527191,1.8596706,-0.008740826,0.35148525
0,959,-0.36819428,-0.59988123,6.5377197,1.8590736,-0.010088783,0.35102057
0,960,-0.36882168,-0.59900767,6.52985,1.8585982,-0.011437958,0.3505537
0,961,-0.36850291,-0.59906787,6.527054,1.8595958,-0.01278834,0.35008463
0,962,-0.36786276,-0.5990368,6.535063,1.8553457,-0.014139917,0.3496134
0,963,-0.36777705,-0.5984537,6.543154,1.859952,-0.015492676,0.34914
0,964,-0.36768705,-0.5997637,6.531294,1.8573718,-0.016846607,0.3486644
0,965,-0.3667571,-0.5987589,6.53306,1.8606291,-0.018201698,0.3481866
0,966,-0.3671779,-0.59892887,6.523752,1.8607674,-0.019557936,0.34770665
0,967,-0.36744702,-0.5992337,6.5244274,1.8615112,-0.02091531,0.34722447
0,968,-0.36678994,-0.5986043,6.5254536,1.855516,-0.02227381,0.34674013
0,969,-0.36745304,-0.59894305,6.525324,1.8636708,-0.023633422,0.3462536
0,970,-0.36700594,-0.5991979,6.53335,1.8528371,-0.024994135,0.34576488
0,971,-0.36677456,-0.5995307,6.529022,1.8556099,-0.026355937,0.34527397
0,972,-0.36588973,-0.6003053,6.5338287,1.859458,-0.027718816,0.34478086
0,973,-0.36621243,-0.59964114,6.531576,1.8585057,-0.029082758,0.34428558
0,974,-0.3669837,-0.59929824,6.5179043,1.8580451,-0.030447755,0.34378812
0,975,-0.36666685,-0.6000063,6.5271225,1.8610148,-0.031813793,0.34328845
0,976,-0.36627513,-0.5996079,6.5269394,1.8605189,-0.033180863,0.34278658
0,977,-0.3649838,-0.5994238,6.5412064,1.8587556,-0.034548946,0.34228253
0,978,-0.36606193,-0.5995065,6.538309,1.8591132,-0.03591804,0.34177628
0,979,-0.36572778,-0.5994923,6.524002,1.8623018,-0.037288122,0.34126785
0,980,-0.36647856,-0.5998025,6.506262,1.8610277,-0.038659185,0.34075722
0,981,-0.36521798,-0.59972143,6.5193596,1.8629298,-0.04003122,0.34024438
0,982,-0.36562937,-0.60025436,6.5233994,1.8555918,-0.04140421,0.33972937
0,983,-0.36626709,-0.5999035,6.5380745,1.8603287,-0.04277815,0.33921215
0,984,-0.3655628,-0.5996578,6.5327587,1.8589373,-0.044153016,0.33869275
0,985,-0.36589897,-0.5997633,6.5205708,1.8573132,-0.045528807,0.33817115
0,986,-0.36544776,-0.6005646,6.5214615,1.8598695,-0.046905503,0.33764735
0,987,-0.36481667,-0.5996921,6.5365353,1.8646235,-0.048283096,0.33712137
0,988,-0.36387348,-0.6000182,6.5395775,1.8627458,-0.049661577,0.33659315
0,989,-0.36444008,-0.5990654,6.527212,1.8599505,-0.051040925,0.3360628
0,990,-0.36388612,-0.59948283,6.5314407,1.862308,-0.052421138,0.3355302
0,991,-0.36528313,-0.5997844,6.522337,1.8627238,-0.053802192,0.33499542
0,992,-0.36471564,-0.5998907,6.5279465,1.8579755,-0.055184085,0.33445847
0,993,-0.36383843,-0.5999234,6.5369644,1.8590016,-0.056566797,0.3339193
0,994,-0.3641048,-0.6008818,6.5279026,1.8624291,-0.05795032,0.33337793
0,995,-0.36435604,-0.60045516,6.527542,1.8584156,-0.059334643,0.3328344
0,996,-0.36340636,-0.60083485,6.5279408,1.8635526,-0.06071975,0.33228862
0,997,-0.36315244,-0.59924453,6.5338936,1.8655195,-0.062105633,0.33174068
0,998,-0.36326975,-0.5998372,6.518036,1.8637137,-0.063492276,0.33119053
0,999,-0.36369962,-0.60071087,6.503191,1.8623271,-0.06487966,0.3306382
1,0,-1.035265,-0.86891437,0.40748596,0.5166397,0.21677358,0.06542955
1,1,-1.0353839,-0.8674892,0.40541267,0.51763725,0.21716641,0.06532742
1,2,-1.035594,-0.86723155,0.4063797,0.5172415,0.21755894,0.06522873
1,3,-1.0352278,-0.86714596,0.40106583,0.516984,0.21795115,0.0651335
1,4,-1.0351166,-0.8673023,0.40133858,0.51599026,0.21834308,0.06504171
1,5,-1.0353893,-0.86708486,0.407629,0.5163951,0.2187347,0.06495338
1,6,-1.0354731,-0.8675896,0.40377235,0.51858187,0.21912602,0.06486851
1,7,-1.0353007,-0.86695063,0.4067459,0.5174608,0.21951702,0.0647871
1,8,-1.0354213,-0.8666029,0.40525246,0.5182481,0.21990772,0.06470915
1,9,-1.0353653,-0.8667524,0.4078617,0.5173311,0.22029808,0.06463466
1,10,-1.0353147,-0.86677706,0.406435,0.51857185,0.22068813,0.06456364
1,11,-1.0353446,-0.86660063,0.406641,0.51819897,0.22107786,0.064496085
1,12,-1.0354568,-0.8664269,0.40398788,0.516799,0.22146726,0.064431995
1,13,-1.0354524,-0.8663856,0.4069729,0.5190058,0.22185633,0.064371385
1,14,-1.0356227,-0.8662121,0.40524864,0.5163169,0.22224505,0.064314246
1,15,-1.0358627,-0.8660598,0.40202904,0.51639795,0.22263345,0.06426058
1,16,-1.0356997,-0.8660567,0.40595627,0.5169959,0.2230215,0.06421039
1,17,-1.0357102,-0.86593604,0.40536308,0.5174751,0.22340922,0.064163685
1,18,-1.0356342,-0.8658514,0.40562248,0.5172739,0.22379658,0.06412046
1,19,-1.0356649,-0.8655845,0.40641212,0.5175724,0.22418359,0.06408071
1,20,-1.035814,-0.8656273,0.40363312,0.5179968,0.22457023,0.064044446
1,21,-1.035667,-0.8653499,0.40512848,0.5170975,0.22495653,0.06401166
1,22,-1.0357628,-0.8655672,0.40131378,0.5178938,0.22534247,0.063982375
1,23,-1.0357187,-0.8654191,0.40528488,0.5177741,0.22572802,0.06395657
1,24,-1.0360217,-0.8652397,0.4056778,0.51820993,0.22611323,0.06393426
1,25,-1.0357378,-0.86512196,0.40416718,0.5177393,0.22649805,0.06391543
1,26,-1.0360594,-0.8650739,0.4083519,0.5177026,0.2268825,0.0639001
1,27,-1.0358119,-0.86492836,0.40842438,0.51784706,0.22726656,0.06388826
1,28,-1.0356967,-0.8648341,0.40645218,0.5188422,0.22765025,0.063879915
1,29,-1.0355695,-0.864615,0.40393066,0.517426,0.22803356,0.06387507
1,30,-1.0357884,-0.86447346,0.40872192,0.5168891,0.22841647,0.063873716
1,31,-1.0361143,-0.8642501,0.408823,0.5174451,0.22879899,0.06387586
1,32,-1.0362386,-0.8646748,0.40294266,0.51668596,0.22918111,0.0638815
1,33,-1.0360775,-0.86450815,0.40834236,0.5167985,0.22956283,0.06389064
1,34,-1.0362923,-0.8642547,0.40919495,0.51696014,0.22994415,0.06390329
1,35,-1.0361123,-0.8640423,0.40517235,0.5174551,0.23032506,0.06391943
1,36,-1.0359497,-0.8640932,0.4076271,0.51792383,0.23070556,0.06393908
1,37,-1.036027,-0.86381316,0.40690994,0.5180106,0.23108564,0.06396223
1,38,-1.0360428,-0.86372524,0.40908813,0.5194645,0.23146532,0.06398888
1,39,-1.0359912,-0.86361545,0.40719795,0.5185175,0.23184457,0.06401903
1,40,-1.0364342,-0.8638617,0.40961647,0.518003,0.23222339,0.06405269
1,41,-1.0358334,-0.8635839,0.4039173,0.51802015,0.23260179,0.06408986
1,42,-1.0361135,-0.8634764,0.40660095,0.5178294,0.23297976,0.06413053
1,43,-1.0358199,-0.86347544,0.4048729,0.51877975,0.2333573,0.064174704
1,44,-1.0363069,-0.8632648,0.41009903,0.5193887,0.2337344,0.06422239
1,45,-1.0364208,-0.8631251,0.40624237,0.5190234,0.23411106,0.06427357
1,46,-1.0363463,-0.8631556,0.40707397,0.51860094,0.23448727,0.064328276
1,47,-1.0362306,-0.8629446,0.4090557,0.51875114,0.23486303,0.06438648
1,48,-1.0363435,-0.8630469,0.40972328,0.5176759,0.23523834,0.064448185
1,49,-1.0362542,-0.86279035,0.40824318,0.51799154,0.2356132,0.06451341
1,50,-1.036256,-0.8625705,0.40828896,0.5179682,0.23598759,0.06458213
1,51,-1.0362831,-0.86258125,0.40816307,0.5186019,0.23636153,0.064654365
1,52,-1.0365779,-0.86249924,0.40618515,0.5177455,0.236735,0.0647301
1,53,-1.0365356,-0.8622156,0.41024208,0.51826954,0.237108,0.06480935
1,54,-1.036471,-0.86219436,0.40751648,0.5172534,0.23748054,0.064892106
1,55,-1.0363888,-0.86226135,0.41101646,0.51721764,0.23785259,0.06497837
1,56,-1.0365124,-0.86202884,0.412426,0.51836824,0.23822416,0.06506814
1,57,-1.0368112,-0.86166036,0.4082241,0.51801443,0.23859526,0.065161414
1,58,-1.036617,-0.8617587,0.40992928,0.5185895,0.23896587,0.0652582
1,59,-1.0366774,-0.86203873,0.4190979,0.5187559,0.23933598,0.06535848
1,60,-1.0367079,-0.86148083,0.41012192,0.5186782,0.2397056,0.06546228
1,61,-1.0363996,-0.86115825,0.4072609,0.51880026,0.24007474,0.06556958
1,62,-1.0367606,-0.8612566,0.40994835,0.51867247,0.24044338,0.065680385
1,63,-1.0366273,-0.86123055,0.41142464,0.51839495,0.2408115,0.06579469
1,64,-1.03684,-0.8609263,0.4081669,0.51869774,0.24117912,0.0659125
1,65,-1.0368868,-0.86093336,0.41078186,0.5193014,0.24154623,0.06603382
1,66,-1.0367808,-0.8609239,0.40941238,0.5197458,0.24191283,0.06615864
1,67,-1.0368334,-0.8606537,0.40825653,0.5193343,0.24227892,0.06628695
1,68,-1.0366796,-0.8603828,0.40801048,0.51997185,0.24264447,0.066418774
1,69,-1.0369362,-0.86028546,0.40781593,0.51999044,0.24300951,0.06655409
1,70,-1.0367993,-0.86044556,0.4101982,0.52031374,0.24337402,0.0666929
1,71,-1.0367198,-0.86013484,0.4031849,0.5192008,0.24373801,0.066835225
1,72,-1.03658,-0.8601122,0.4100685,0.51829004,0.24410145,0.06698103
1,73,-1.03676,-0.8599411,0.4082203,0.5184293,0.24446437,0.06713034
1,74,-1.0370506,-0.85987127,0.40776253,0.51974726,0.24482673,0.067283146
1,75,-1.036909,-0.85965633,0.40673828,0.5191164,0.24518856,0.06743944
1,76,-1.036849,-0.85955924,0.40756226,0.51985407,0.24554984,0.06759923
1,77,-1.0368226,-0.8597726,0.40963554,0.518826,0.24591057,0.06776251
1,78,-1.0370965,-0.8595699,0.40981102,0.5200381,0.24627075,0.067929275
1,79,-1.0370396,-0.8593394,0.41025162,0.5185356,0.24663036,0.068099536
1,80,-1.0368668,-0.8594635,0.41440773,0.519382,0.24698941,0.068273276
1,81,-1.0368117,-0.8592771,0.4124527,0.5191126,0.2473479,0.06845051
1,82,-1.0368887,-0.8592491,0.40992928,0.5186353,0.24770582,0.068631224
1,83,-1.0372152,-0.858918,0.4110775,0.51987696,0.24806318,0.068815425
1,84,-1.036876,-0.85898995,0.4103489,0.5194192,0.24841996,0.0690031
1,85,-1.0370787,-0.8589516,0.41495514,0.5200386,0.24877615,0.06919426
1,86,-1.0370924,-0.85858166,0.41261673,0.5187669,0.24913177,0.06938889
1,87,-1.0372397,-0.8585089,0.41600037,0.51795244,0.24948679,0.069587
1,88,-1.0368388,-0.8583704,0.4103222,0.51856995,0.24984124,0.06978859
1,89,-1.0370325,-0.8582091,0.40760994,0.5206785,0.2501951,0.069993645
1,90,-1.0370753,-0.8584021,0.40977097,0.51980686,0.25054833,0.07020217
1,91,-1.0371639,-0.8581357,0.41208267,0.51947737,0.250901,0.07041417
1,92,-1.0374069,-0.8581151,0.41379738,0.5196109,0.25125307,0.07062963
1,93,-1.0374404,-0.8581785,0.41439056,0.5199666,0.2516045,0.070848554
1,94,-1.0373077,-0.85772574,0.41054726,0.5192213,0.25195536,0.07107095
1,95,-1.0372378,-0.85767585,0.4076271,0.51915693,0.2523056,0.071296796
1,96,-1.0374042,-0.8573531,0.41223335,0.5194111,0.2526552,0.0715261
1,97,-1.0375493,-0.8573817,0.41347313,0.5188241,0.2530042,0.07175887
1,98,-1.0374705,-0.8574027,0.413023,0.5188122,0.25335255,0.07199508
1,99,-1.0376639,-0.85702395,0.41179466,0.51861954,0.25370032,0.07223475
1,100,-1.0376137,-0.85717016,0.41345215,0.5189805,0.25404742,0.07247786
1,101,-1.0376287,-0.8570837,0.4124031,0.52054644,0.2543939,0.072724424
1,102,-1.0376389,-0.8568002,0.41413307,0.51891804,0.25473976,0.07297443
1,103,-1.0377897,-0.85662496,0.4094715,0.5197029,0.255085,0.07322788
1,104,-1.0374922,-0.85673803,0.41207123,0.51834106,0.25542954,0.07348476
1,105,-1.0377401,-0.85648954,0.41300964,0.51884556,0.25577348,0.07374509
1,106,-1.0376451,-0.85649586,0.41351318,0.51858187,0.25611675,0.074008845
1,107,-1.0378287,-0.8562652,0.41383743,0.5198178,0.25645936,0.07427603
1,108,-1.0378299,-0.8559716,0.41161346,0.51982117,0.25680134,0.07454664
1,109,-1.0378646,-0.85624135,0.4137993,0.5193205,0.25714263,0.07482068
1,110,-1.0375425,-0.8559929,0.4114189,0.51922226,0.25748327,0.07509814
1,111,-1.037679,-0.85652316,0.41017914,0.519691,0.25782326,0.07537903
1,112,-1.037654,-0.85590756,0.41117287,0.5208502,0.25816256,0.07566332
1,113,-1.0379081,-0.8554773,0.41228104,0.5196748,0.2585012,0.07595103
1,114,-1.0377604,-0.85561574,0.4144516,0.5191102,0.25883916,0.07624216
1,115,-1.0379,-0.85535014,0.41032982,0.5190649,0.25917643,0.076536685
1,116,-1.0379624,-0.8550526,0.41306877,0.5198617,0.25951302,0.07683462
1,117,-1.0377374,-0.85519755,0.4144001,0.5203805,0.25984892,0.07713595
1,118,-1.0379986,-0.85520804,0.41599464,0.5201969,0.26018414,0.07744068
1,119,-1.037759,-0.8547987,0.4133873,0.51997185,0.26051867,0.077748805
1,120,-1.0378679,-0.85494244,0.41257095,0.51922226,0.26085252,0.07806032
1,121,-1.0379955,-0.8549909,0.4134693,0.5194106,0.26118565,0.07837522
1,122,-1.0379206,-0.85462326,0.41308784,0.5195379,0.26151806,0.07869351
1,123,-1.038193,-0.85479796,0.4135933,0.5210633,0.2618498,0.07901518
1,124,-1.0381149,-0.8544693,0.41383362,0.5204897,0.2621808,0.07934022
1,125,-1.0382141,-0.8542264,0.41165924,0.52107906,0.2625111,0.07966864
1,126,-1.03813,-0.85427094,0.41397476,0.5197673,0.2628407,0.08000043
1,127,-1.0381062,-0.8539462,0.41453362,0.52036285,0.26316956,0.08033558
1,128,-1.0380707,-0.8539556,0.4082489,0.52236795,0.26349768,0.0806741
1,129,-1.0384132,-0.8538737,0.41529274,0.52096367,0.2638251,0.081015974
1,130,-1.0383056,-0.85363424,0.4139862,0.5197425,0.26415178,0.081361204
1,131,-1.0382663,-0.85335183,0.4106388,0.52105045,0.26447773,0.08170979
1,132,-1.0382577,-0.85372037,0.4154377,0.5196872,0.26480296,0.08206171
1,133,-1.0381672,-0.8532587,0.4122696,0.52142286,0.26512742,0.08241698
1,134,-1.038274,-0.8534416,0.41120338,0.520391,0.26545116,0.08277559
1,135,-1.0382247,-0.85340446,0.41362953,0.5197592,0.26577416,0.083137535
1,136,-1.0382025,-0.85327405,0.41410828,0.5200019,0.26609638,0.08350281
1,137,-1.0384711,-0.85295945,0.414402,0.5212059,0.26641786,0.08387141
1,138,-1.0385543,-0.8528745,0.4153595,0.5211191,0.2667386,0.084243335
1,139,-1.0383508,-0.8528337,0.41447067,0.5209298,0.26705858,0.084618576
1,140,-1.0385455,-0.8528098,0.41415024,0.5206833,0.2673778,0.08499713
1,141,-1.0382141,-0.85268426,0.4125824,0.52115345,0.26769623,0.085379
1,142,-1.038528,-0.8527115,0.41460037,0.520288,0.2680139,0.08576417
1,143,-1.0383623,-0.8523462,0.41168594,0.52062464,0.26833078,0.086152636
1,144,-1.0385499,-0.85230887,0.41666603,0.5212879,0.26864693,0.0865444
1,145,-1.0385848,-0.85192966,0.41210747,0.5214944,0.26896226,0.08693946
1,146,-1.0383075,-0.85193014,0.41494942,0.51919985,0.26927683,0.08733781
1,147,-1.038448,-0.8518713,0.41599655,0.52081394,0.26959062,0.08773943
1,148,-1.0385756,-0.8518327,0.41523743,0.52025604,0.2699036,0.08814434
1,149,-1.0386139,-0.8517163,0.41470718,0.5200639,0.27021578,0.08855252
1,150,-1.0385613,-0.851452,0.41401863,0.5203357,0.27052718,0.08896396
1,151,-1.0386271,-0.8513956,0.41311073,0.52143717,0.2708378,0.08937867
1,152,-1.0386933,-0.85133874,0.41630554,0.51960516,0.2711476,0.08979664
1,153,-1.0388807,-0.85111547,0.41524506,0.51902914,0.2714566,0.09021786
1,154,-1.0390106,-0.8510353,0.41523743,0.5205488,0.27176479,0.09064233
1,155,-1.0387754,-0.8510196,0.41238976,0.52000046,0.27207217,0.09107004
1,156,-1.0389189,-0.85071737,0.4176159,0.52087736,0.2723787,0.091501
1,157,-1.0388447,-0.8505764,0.4124775,0.52059937,0.27268448,0.09193518
1,158,-1.0390804,-0.8508095,0.4162197,0.52044344,0.2729894,0.092372596
1,159,-1.0386634,-0.85078174,0.4119072,0.521049,0.2732935,0.09281323
1,160,-1.0386932,-0.85063314,0.41804314,0.52155113,0.27359676,0.093257084
1,161,-1.0387597,-0.8500675,0.41317368,0.52118874,0.2738992,0.09370415
1,162,-1.0390466,-0.8510027,0.41641426,0.5216384,0.27420083,0.094154425
1,163,-1.038902,-0.8501402,0.41627312,0.5210967,0.2745016,0.094607905
1,164,-1.0391935,-0.8500429,0.41705132,0.52061796,0.27480152,0.09506457
1,165,-1.0390809,-0.84980226,0.41631126,0.5208297,0.2751006,0.09552444
1,166,-1.0390261,-0.84981453,0.41440582,0.52141666,0.27539885,0.095987484
1,167,-1.0390388,-0.84982145,0.41579247,0.5204549,0.27569622,0.09645371
1,168,-1.0390748,-0.84951854,0.41568756,0.52173185,0.27599278,0.09692311
1,169,-1.0392007,-0.8493895,0.41726303,0.5214319,0.27628845,0.09739569
1,170,-1.0393645,-0.8495108,0.4169922,0.5215974,0.27658325,0.09787142
1,171,-1.0390673,-0.84935176,0.41421318,0.52109003,0.27687722,0.09835031
1,172,-1.039354,-0.8492964,0.41593742,0.5204325,0.27717033,0.098832354
1,173,-1.038948,-0.8494438,0.41309166,0.52080107,0.27746254,0.09931754
1,174,-1.0394537,-0.84896284,0.41496658,0.520329,0.2777539,0.09980587
1,175,-1.0395999,-0.84901047,0.41871452,0.520514,0.27804437,0.100297324
1,176,-1.0392675,-0.84883225,0.41701508,0.5211859,0.27833396,0.100791916
1,177,-1.0394295,-0.8486564,0.41822815,0.5212679,0.2786227,0.10128963
1,178,-1.0395378,-0.84854376,0.41757393,0.5205436,0.27891052,0.10179045
1,179,-1.0394627,-0.84845984,0.4179802,0.5205946,0.27919745,0.102294385
1,180,-1.0395112,-0.8483258,0.4182968,0.5207534,0.2794835,0.10280143
1,181,-1.0392616,-0.8482271,0.41443062,0.52096844,0.27976865,0.10331156
1,182,-1.0394534,-0.8480307,0.4179535,0.5210471,0.2800529,0.103824794
1,183,-1.039555,-0.84795165,0.41594696,0.52157784,0.28033626,0.104341105
1,184,-1.0392803,-0.8479736,0.4175434,0.52066183,0.28061873,0.10486049
1,185,-1.0397086,-0.8476709,0.41868973,0.5203991,0.28090027,0.10538296
1,186,-1.0396705,-0.84770954,0.41628075,0.5219121,0.28118092,0.10590848
1,187,-1.0394741,-0.8473329,0.4176445,0.5216861,0.28146064,0.10643707
1,188,-1.039588,-0.8472587,0.41620445,0.52082205,0.28173944,0.10696871
1,189,-1.0398637,-0.84754175,0.42217255,0.52114916,0.28201735,0.10750339
1,190,-1.0396981,-0.8472901,0.4190979,0.52078485,0.2822943,0.10804112
1,191,-1.0396677,-0.84699464,0.4176693,0.52159214,0.28257036,0.10858188
1,192,-1.0397453,-0.84701866,0.41669273,0.52162695,0.28284547,0.10912566
1,193,-1.0396042,-0.8470314,0.41586113,0.5210538,0.28311965,0.109672464
1,194,-1.0395004,-0.8467602,0.4164734,0.5203104,0.2833929,0.11022228
1,195,-1.0399652,-0.846928,0.41643524,0.5211792,0.2836652,0.110775106
1,196,-1.039937,-0.8464737,0.41820908,0.52096176,0.2839366,0.11133093
1,197,-1.0399745,-0.8463489,0.41788292,0.5205164,0.28420702,0.111889735
1,198,-1.0398418,-0.8462366,0.4177513,0.52068186,0.2844765,0.11245154
1,199,-1.0396408,-0.8460438,0.41609192,0.52293396,0.284745,0.113016315
1,200,-1.039883,-0.8460437,0.41762543,0.5215349,0.28501257,0.11358406
1,201,-1.0399071,-0.8459189,0.41973305,0.5214176,0.2852792,0.11415477
1,202,-1.040016,-0.84584236,0.4184513,0.521008,0.28554487,0.11472844
1,203,-1.0397699,-0.84565467,0.4168148,0.52111435,0.28580958,0.11530506
1,204,-1.0397583,-0.8455421,0.41555405,0.5227504,0.2860733,0.11588462
1,205,-1.0398723,-0.8456209,0.41622925,0.5217848,0.28633606,0.11646712
1,206,-1.0399632,-0.84554577,0.4172306,0.5206108,0.28659785,0.11705254
1,207,-1.0398004,-0.8451998,0.41373825,0.5205312,0.28685868,0.11764089
1,208,-1.0400023,-0.8451394,0.4137745,0.5213971,0.28711852,0.118232146
1,209,-1.0400455,-0.84479463,0.41266823,0.52232313,0.2873774,0.118826315
1,210,-1.0405296,-0.8451929,0.41859055,0.5211334,0.28763527,0.119423375
1,211,-1.0400486,-0.84496444,0.41795158,0.5204687,0.28789216,0.12002333
1,212,-1.0397654,-0.84461486,0.41750717,0.52294445,0.28814808,0.12062617
1,213,-1.0404232,-0.8446541,0.42116165,0.5221915,0.28840297,0.121231884
1,214,-1.040122,-0.84447026,0.4176197,0.52398396,0.2886569,0.12184047
1,215,-1.0402905,-0.84452426,0.41643524,0.5207,0.28890982,0.12245191
1,216,-1.0402529,-0.84434956,0.41689873,0.52379274,0.28916174,0.12306621
1,217,-1.0405507,-0.84459805,0.41273308,0.52266645,0.28941265,0.12368335
1,218,-1.0403149,-0.8443535,0.41585732,0.5214467,0.28966254,0.124303326
1,219,-1.0400203,-0.8443308,0.41457748,0.522624,0.28991145,0.124926135
1,220,-1.0402247,-0.8439518,0.41884232,0.52185345,0.29015934,0.12555178
1,221,-1.0403898,-0.8439535,0.42028236,0.5224395,0.2904062,0.12618022
1,222,-1.0403818,-0.84372675,0.41859818,0.5233345,0.29065207,0.12681146
1,223,-1.040333,-0.8438472,0.41690063,0.5219927,0.2908969,0.12744552
1,224,-1.0404341,-0.84359646,0.41991615,0.5211415,0.29114068,0.12808235
1,225,-1.0403925,-0.8434887,0.41667747,0.5236578,0.29138345,0.12872197
1,226,-1.0408182,-0.8434074,0.41971397,0.52253485,0.2916252,0.12936437
1,227,-1.040733,-0.84324527,0.41843033,0.5222578,0.29186592,0.13000953
1,228,-1.040797,-0.8430966,0.4209137,0.5210333,0.2921056,0.13065745
1,229,-1.040588,-0.8428586,0.41664505,0.52239037,0.29234424,0.13130811
1,230,-1.040527,-0.8430319,0.41757393,0.52245235,0.29258183,0.13196152
1,231,-1.0406649,-0.8431732,0.41897583,0.5232091,0.29281837,0.13261767
1,232,-1.0409665,-0.8425387,0.4195404,0.5212064,0.29305387,0.13327652
1,233,-1.0409588,-0.84249634,0.41740417,0.5213733,0.29328832,0.1339381
1,234,-1.0409349,-0.8424001,0.41913605,0.521678,0.29352173,0.1346024
1,235,-1.0407946,-0.84228516,0.4203205,0.5226774,0.29375407,0.13526937
1,236,-1.0408843,-0.8421637,0.4202385,0.5220356,0.29398534,0.13593906
1,237,-1.0406553,-0.8421425,0.42056274,0.52189875,0.29421556,0.13661142
1,238,-1.040632,-0.841823,0.41961288,0.5225711,0.2944447,0.13728645
1,239,-1.0408919,-0.84184635,0.41851997,0.52215385,0.29467282,0.13796414
1,240,-1.040842,-0.8417649,0.41822433,0.522563,0.29489982,0.1386445
1,241,-1.0407286,-0.84177923,0.4194107,0.5222583,0.29512575,0.1393275
1,242,-1.0411649,-0.8418398,0.41870308,0.52249384,0.29535064,0.14001314
1,243,-1.040889,-0.8411753,0.41688156,0.52146435,0.29557443,0.14070141
1,244,-1.0408332,-0.8412471,0.41786194,0.52408123,0.29579714,0.1413923
1,245,-1.0408295,-0.84125805,0.41892815,0.523046,0.29601875,0.1420858
1,246,-1.0411835,-0.84126055,0.41760826,0.52267265,0.2962393,0.14278191
1,247,-1.0410057,-0.8411057,0.42190552,0.52325916,0.29645872,0.14348061
1,248,-1.0410764,-0.84078974,0.4187641,0.5234308,0.29667708,0.14418189
1,249,-1.0411623,-0.8405837,0.41988182,0.5216794,0.29689434,0.14488576
1,250,-1.0412636,-0.84045255,0.4204235,0.5231781,0.2971105,0.14559218
1,251,-1.0415173,-0.840481,0.42196655,0.5216179,0.29732555,0.14630118
1,252,-1.0412791,-0.8405105,0.42093277,0.52188015,0.2975395,0.14701271
1,253,-1.0410522,-0.84044755,0.41784096,0.52306414,0.29775232,0.14772679
1,254,-1.0411912,-0.84016776,0.4182682,0.5217304,0.29796407,0.1484434
1,255,-1.0413644,-0.8403586,0.41833305,0.5220599,0.29817468,0.14916253
1,256,-1.0409795,-0.84024835,0.42032433,0.52233887,0.2983842,0.14988416
1,257,-1.0411006,-0.8397469,0.41885376,0.52237606,0.29859257,0.15060832
1,258,-1.0415378,-0.8397119,0.42074013,0.52268934,0.29879984,0.15133496
1,259,-1.0413738,-0.83971065,0.42001534,0.5246248,0.299006,0.15206407
1,260,-1.041312,-0.83946884,0.41976357,0.52324057,0.29921103,0.15279567
1,261,-1.0411611,-0.83944094,0.4184456,0.52205133,0.2994149,0.15352973
1,262,-1.0414653,-0.83918995,0.42050362,0.5223298,0.29961765,0.15426625
1,263,-1.0412898,-0.83922654,0.4145069,0.5235424,0.2998193,0.15500522
1,264,-1.0416939,-0.83903664,0.42229462,0.52282095,0.30001977,0.15574661
1,265,-1.0414311,-0.83887947,0.4216175,0.52419376,0.30021912,0.15649045
1,266,-1.0412698,-0.83898276,0.4194336,0.521976,0.30041733,0.1572367
1,267,-1.0414904,-0.83882797,0.42145348,0.5221505,0.3006144,0.15798534
1,268,-1.0416602,-0.8385849,0.42162514,0.5236902,0.3008103,0.1587364
1,269,-1.0412264,-0.8387087,0.41947365,0.5222635,0.30100507,0.15948984
1,270,-1.0412258,-0.8384998,0.42160416,0.5228224,0.3011987,0.16024566
1,271,-1.0413467,-0.83884156,0.42024422,0.5216131,0.30139112,0.16100384
1,272,-1.0416632,-0.8384529,0.41303444,0.5230465,0.30158243,0.16176438
1,273,-1.0418619,-0.8380728,0.42014313,0.52309275,0.30177256,0.1625273
1,274,-1.0419077,-0.837865,0.41967964,0.5235343,0.30196154,0.16329253
1,275,-1.042012,-0.8378644,0.4206314,0.52248764,0.30214936,0.16406009
1,276,-1.0416402,-0.8379354,0.41465378,0.5215893,0.302336,0.16482997
1,277,-1.0419772,-0.83785963,0.42371178,0.52305126,0.30252147,0.16560216
1,278,-1.0416751,-0.83733404,0.41716003,0.5227885,0.30270576,0.16637665
1,279,-1.0416958,-0.8371987,0.42064285,0.52280664,0.30288887,0.16715343
1,280,-1.042097,-0.83722585,0.4218254,0.5230098,0.3030708,0.1679325
1,281,-1.0417961,-0.837162,0.4248867,0.5229354,0.3032516,0.16871382
1,282,-1.041853,-0.83695424,0.4191742,0.5233774,0.30343115,0.16949742
1,283,-1.0421462,-0.8370038,0.4190941,0.5232911,0.30360955,0.17028324
1,284,-1.0422534,-0.83696496,0.41970062,0.5225558,0.30378675,0.17107132
1,285,-1.0416965,-0.8366076,0.41822624,0.5244322,0.30396277,0.17186162
1,286,-1.0421633,-0.837137,0.42395782,0.5257697,0.30413756,0.17265414
1,287,-1.0419784,-0.83637726,0.41851044,0.52472305,0.3043112,0.17344886
1,288,-1.0418931,-0.8364414,0.4185295,0.5243063,0.30448362,0.17424579
1,289,-1.0419954,-0.8363004,0.4234047,0.52565765,0.30465484,0.1750449
1,290,-1.0418689,-0.8361646,0.4204502,0.52438545,0.30482483,0.17584617
1,291,-1.0420374,-0.83599174,0.41796875,0.5245533,0.30499366,0.17664963
1,292,-1.0424037,-0.83603096,0.4247551,0.5237279,0.30516124,0.17745523
1,293,-1.0421674,-0.8357851,0.42359352,0.5231323,0.30532762,0.17826298
1,294,-1.0423242,-0.83560836,0.42335892,0.52388334,0.30549282,0.17907287
1,295,-1.0422742,-0.83561206,0.4242592,0.5235901,0.30565676,0.17988488
1,296,-1.0430411,-0.83578646,0.4176159,0.5251713,0.3058195,0.18069899
1,297,-1.0424194,-0.83545065,0.42255402,0.52451897,0.305981,0.18151522
1,298,-1.0423225,-0.8353449,0.4217987,0.52389145,0.30614132,0.18233353
1,299,-1.0423714,-0.83532166,0.42329597,0.5241051,0.30630037,0.18315391
1,300,-1.0426207,-0.8353081,0.42274857,0.5236025,0.30645823,0.18397638
1,301,-1.0424309,-0.83507776,0.4252205,0.5246639,0.30661482,0.1848009
1,302,-1.0420812,-0.83531094,0.42728996,0.5233226,0.3067702,0.18562746
1,303,-1.0426936,-0.8348005,0.42611504,0.52467203,0.30692434,0.18645607
1,304,-1.0424536,-0.83484375,0.42064095,0.5251217,0.30707723,0.1872867
1,305,-1.0423876,-0.83464015,0.42481613,0.5243683,0.3072289,0.18811935
1,306,-1.0425771,-0.8343993,0.4205265,0.524982,0.3073793,0.188954
1,307,-1.042662,-0.8343456,0.4241047,0.52461195,0.3075285,0.18979064
1,308,-1.0425783,-0.8343792,0.42040825,0.52425575,0.3076764,0.19062926
1,309,-1.0425061,-0.83402216,0.42378998,0.5261135,0.3078231,0.19146986
1,310,-1.0425733,-0.8339704,0.42523193,0.52456236,0.3079685,0.19231242
1,311,-1.0425203,-0.8337513,0.4249382,0.5253744,0.30811268,0.19315691
1,312,-1.0426358,-0.83371127,0.42010307,0.5248537,0.30825558,0.19400336
1,313,-1.0427562,-0.833795,0.42687607,0.52467966,0.30839723,0.19485173
1,314,-1.0427266,-0.83350813,0.42437935,0.5255909,0.30853763,0.19570202
1,315,-1.042591,-0.8333901,0.42200089,0.5264249,0.30867675,0.1965542
1,316,-1.0428959,-0.83315384,0.42123222,0.52410126,0.30881462,0.19740829
1,317,-1.0427725,-0.8330604,0.42300797,0.5244818,0.3089512,0.19826426
1,318,-1.0427063,-0.83301127,0.42433357,0.52386904,0.3090865,0.19912209
1,319,-1.0429051,-0.83306086,0.4248352,0.52468824,0.30922055,0.19998178
1,320,-1.0429914,-0.8329761,0.42258263,0.5237298,0.30935332,0.20084332
1,321,-1.0429138,-0.8326274,0.42406464,0.5243163,0.3094848,0.2017067
1,322,-1.0427418,-0.83268404,0.42640305,0.52468824,0.30961502,0.20257188
1,323,-1.0428969,-0.8324013,0.42599297,0.52504826,0.30974397,0.20343891
1,324,-1.0432075,-0.8325666,0.42787552,0.524456,0.3098716,0.20430772
1,325,-1.0426466,-0.8324007,0.42401314,0.52427435,0.30999798,0.20517832
1,326,-1.0427071,-0.83209634,0.42552948,0.52470016,0.31012303,0.20605071
1,327,-1.043037,-0.83273774,0.4182968,0.52419424,0.3102468,0.20692486
1,328,-1.0433192,-0.8318959,0.42604065,0.52269363,0.31036928,0.20780078
1,329,-1.0433463,-0.83187145,0.42234802,0.5248108,0.3104905,0.20867842
1,330,-1.043433,-0.83184403,0.42267418,0.5239744,0.31061038,0.2095578
1,331,-1.0432148,-0.83137876,0.42612648,0.52526426,0.31072897,0.2104389
1,332,-1.0430398,-0.8313079,0.4253559,0.5246763,0.31084627,0.21132173
1,333,-1.0429606,-0.8313923,0.42256355,0.5273113,0.31096226,0.21220623
1,334,-1.0432972,-0.8313521,0.42661285,0.5253477,0.31107694,0.21309243
1,335,-1.0428419,-0.83123386,0.4268055,0.52342176,0.3111903,0.21398029
1,336,-1.0430046,-0.83104837,0.42575836,0.5267215,0.31130236,0.21486983
1,337,-1.042831,-0.8310805,0.4277115,0.52534294,0.3114131,0.215761
1,338,-1.0427312,-0.8309506,0.4274845,0.52536964,0.31152254,0.21665382
1,339,-1.0438802,-0.83106226,0.4271984,0.52692366,0.31163067,0.21754827
1,340,-1.0433048,-0.8306803,0.42569733,0.5256839,0.31173745,0.21844432
1,341,-1.0431054,-0.8305927,0.42835236,0.52771854,0.31184292,0.21934198
1,342,-1.0429509,-0.83027947,0.42888832,0.52494717,0.31194708,0.22024123
1,343,-1.0431564,-0.83070314,0.4234581,0.524189,0.3120499,0.22114207
1,344,-1.0437058,-0.83044374,0.42591476,0.52577114,0.3121514,0.22204447
1,345,-1.0433477,-0.8299967,0.41835785,0.526515,0.31225157,0.22294842
1,346,-1.0431144,-0.82993776,0.42225266,0.52590847,0.31235042,0.2238539
1,347,-1.0435152,-0.82953584,0.42035866,0.5260625,0.31244794,0.22476093
1,348,-1.0431826,-0.8301678,0.42484856,0.52791786,0.3125441,0.22566947
1,349,-1.0436006,-0.8296928,0.42287827,0.52461624,0.31263894,0.22657952
1,350,-1.0430969,-0.82953066,0.42764091,0.52707434,0.31273243,0.22749105
1,351,-1.0435535,-0.82966816,0.42959595,0.5253267,0.31282458,0.22840407
1,352,-1.0434526,-0.8291856,0.42407227,0.52740955,0.31291538,0.22931856
1,353,-1.0432308,-0.82903755,0.42575836,0.52678204,0.31300485,0.23023452
1,354,-1.0438603,-0.82912016,0.42775345,0.52578783,0.31309295,0.23115191
1,355,-1.0434624,-0.8289951,0.42753792,0.5260968,0.31317973,0.23207073
1,356,-1.0439167,-0.8288739,0.42830467,0.5258894,0.31326514,0.23299098
1,357,-1.0431309,-0.8289511,0.4291649,0.526433,0.3133492,0.23391263
1,358,-1.0435865,-0.828441,0.42815018,0.5286989,0.3134319,0.23483568
1,359,-1.0438976,-0.82868093,0.43320274,0.5261898,0.31351325,0.23576011
1,360,-1.0439649,-0.8284309,0.42538643,0.5252676,0.31359324,0.23668592
1,361,-1.0432429,-0.82855,0.42373657,0.526865,0.31367186,0.23761308
1,362,-1.0436147,-0.8283839,0.42878723,0.52478695,0.3137491,0.23854159
1,363,-1.0437253,-0.82810235,0.42595863,0.5265331,0.313825,0.23947142
1,364,-1.0440754,-0.82820344,0.4297657,0.52732515,0.31389955,0.2404026
1,365,-1.04403,-0.8280662,0.42853546,0.52734995,0.3139727,0.24133506
1,366,-1.0438844,-0.8277867,0.4264469,0.5275707,0.3140445,0.24226883
1,367,-1.0433042,-0.82769406,0.42779922,0.52644396,0.31411493,0.24320388
1,368,-1.043735,-0.8276615,0.4271183,0.52637863,0.31418398,0.2441402
1,369,-1.0439457,-0.82740563,0.43026733,0.52418613,0.31425163,0.24507777
1,370,-1.0437007,-0.8275162,0.42601395,0.5269809,0.31431794,0.24601659
1,371,-1.043804,-0.82692724,0.42317963,0.52553606,0.31438285,0.24695666
1,372,-1.0437269,-0.8271754,0.42412186,0.5265055,0.31444636,0.24789794
1,373,-1.044644,-0.8277963,0.4258957,0.52703285,0.31450853,0.24884042
1,374,-1.0436816,-0.8267515,0.42417908,0.5276756,0.31456926,0.2497841
1,375,-1.0441709,-0.82670873,0.42316628,0.52802515,0.31462866,0.25072896
1,376,-1.0439541,-0.8265584,0.4315548,0.52752256,0.31468663,0.251675
1,377,-1.0438877,-0.8264543,0.4292488,0.5255923,0.31474322,0.2526222
1,378,-1.0439268,-0.82656574,0.43071365,0.52660847,0.3147984,0.25357053
1,379,-1.0444438,-0.8264148,0.4261322,0.5263467,0.31485224,0.25451997
1,380,-1.0445695,-0.82640576,0.432312,0.5269995,0.31490466,0.25547057
1,381,-1.0439885,-0.8262138,0.4308529,0.52609205,0.31495565,0.25642225
1,382,-1.0443918,-0.8261034,0.4301052,0.5269556,0.31500527,0.25737503
1,383,-1.044242,-0.82625866,0.4343338,0.5288348,0.3150535,0.2583289
1,384,-1.0442728,-0.8258282,0.4298916,0.5287733,0.3151003,0.25928384
1,385,-1.0440786,-0.8255609,0.423275,0.528522,0.3151457,0.2602398
1,386,-1.0444729,-0.8256052,0.4303398,0.5286603,0.3151897,0.26119685
1,387,-1.0444152,-0.8256334,0.42606735,0.5285926,0.3152323,0.26215488
1,388,-1.0446386,-0.8255582,0.4298458,0.5263581,0.31527346,0.26311395
1,389,-1.0446047,-0.8252246,0.42768288,0.52834845,0.31531325,0.26407403
1,390,-1.04465,-0.8255625,0.42920303,0.5257335,0.3153516,0.2650351
1,391,-1.0446383,-0.82518494,0.42271233,0.5272031,0.31538856,0.2659971
1,392,-1.0445873,-0.825001,0.42658424,0.5282197,0.31542408,0.2669601
1,393,-1.0444789,-0.82526606,0.42822266,0.52949953,0.31545818,0.26792407
1,394,-1.0443871,-0.824678,0.4295578,0.52775097,0.31549087,0.26888895
1,395,-1.044596,-0.8250617,0.42846107,0.52597857,0.31552216,0.26985478
1,396,-1.0450102,-0.8245732,0.43149376,0.52792597,0.315552,0.2708215
1,397,-1.0447662,-0.8246325,0.42925262,0.52734756,0.31558043,0.27178913
1,398,-1.0445133,-0.824596,0.42606926,0.5267315,0.31560743,0.27275762
1,399,-1.044973,-0.8243406,0.42761993,0.5281215,0.315633,0.273727
1,400,-1.044762,-0.8240315,0.42964935,0.5283065,0.31565714,0.27469724
1,401,-1.04461,-0.82395643,0.4276085,0.5279379,0.31567985,0.27566832
1,402,-1.0452688,-0.82414556,0.42925072,0.525877,0.31570113,0.27664024
1,403,-1.0448471,-0.82391346,0.42656708,0.5288353,0.31572098,0.27761298
1,404,-1.0453018,-0.8240606,0.43162918,0.52730465,0.3157394,0.2785865
1,405,-1.0447662,-0.82374334,0.43030357,0.52704906,0.31575635,0.27956083
1,406,-1.045382,-0.8238046,0.42575836,0.529233,0.3157719,0.28053597
1,407,-1.0446543,-0.8234219,0.43034744,0.53062105,0.315786,0.28151184
1,408,-1.0450389,-0.8233344,0.4312477,0.52866554,0.31579864,0.28248847
1,409,-1.0449626,-0.8231341,0.43365097,0.5280323,0.31580988,0.28346583
1,410,-1.0452015,-0.82301116,0.43287086,0.52809906,0.31581962,0.2844439
1,411,-1.045142,-0.8228308,0.4315014,0.52835846,0.31582797,0.28542274
1,412,-1.044985,-0.82280827,0.43272972,0.52763414,0.31583485,0.28640226
1,413,-1.0447792,-0.82266307,0.43377686,0.52940226,0.31584027,0.28738245
1,414,-1.0451751,-0.82235426,0.4344883,0.5289388,0.31584424,0.2883633
1,415,-1.0451751,-0.8223529,0.4311638,0.52808,0.31584677,0.28934485
1,416,-1.045271,-0.82246447,0.4266262,0.5294132,0.31584787,0.290327
1,417,-1.0452467,-0.8220935,0.43057442,0.52788544,0.3158475,0.29130983
1,418,-1.0450594,-0.82217205,0.42887878,0.5307021,0.31584567,0.29229325
1,419,-1.0449085,-0.8222309,0.43217468,0.52906036,0.31584236,0.2932773
1,420,-1.0452678,-0.821745,0.43364906,0.52881575,0.31583762,0.2942619
1,421,-1.0453176,-0.82166463,0.43455315,0.5290508,0.31583142,0.2952471
1,422,-1.0453848,-0.82149935,0.43162727,0.5285535,0.31582376,0.29623288
1,423,-1.0454309,-0.8215544,0.42925835,0.5285144,0.31581464,0.29721922
1,424,-1.0455886,-0.8214587,0.43421745,0.5287781,0.31580403,0.29820606
1,425,-1.0456393,-0.8214732,0.43203163,0.52933884,0.315792,0.29919344
1,426,-1.0455079,-0.8211335,0.4315567,0.5300493,0.31577846,0.30018136
1,427,-1.0451255,-0.82106304,0.4294834,0.5286379,0.31576347,0.30116975
1,428,-1.0457796,-0.82077473,0.43315315,0.52967215,0.31574702,0.30215862
1,429,-1.0451708,-0.82078016,0.4277935,0.5292468,0.3157291,0.30314797
1,430,-1.0456334,-0.8207642,0.43052673,0.5296016,0.3157097,0.3041378
1,431,-1.0454926,-0.82081807,0.4376793,0.5343113,0.31568885,0.30512804
1,432,-1.0456408,-0.82097757,0.43330193,0.53019047,0.3156665,0.30611873
1,433,-1.0451881,-0.8202825,0.43286896,0.53008366,0.31564268,0.30710983
1,434,-1.0458399,-0.8201257,0.43458557,0.5293217,0.3156174,0.30810133
1,435,-1.0459234,-0.8199802,0.43029022,0.53069544,0.31559065,0.30909324
1,436,-1.0454676,-0.8201772,0.43273926,0.5290308,0.3155624,0.3100855
1,437,-1.045677,-0.820004,0.43520355,0.5309758,0.31553268,0.31107813
1,438,-1.0458646,-0.82005525,0.43885612,0.53143024,0.31550148,0.3120711
1,439,-1.0457014,-0.81985444,0.43167496,0.52871275,0.3154688,0.31306446
1,440,-1.045631,-0.8196038,0.42860985,0.52992964,0.31543463,0.3140581
1,441,-1.0455543,-0.8193717,0.43437958,0.52951384,0.31539896,0.31505203
1,442,-1.0459621,-0.8196044,0.43117142,0.53102493,0.31536183,0.31604627
1,443,-1.0458829,-0.8190721,0.4333954,0.5296769,0.3153232,0.3170408
1,444,-1.0457075,-0.81910175,0.43296432,0.52954674,0.3152831,0.3180356
1,445,-1.0462742,-0.8190839,0.43266487,0.5268874,0.31524152,0.31903064
1,446,-1.0458603,-0.8193991,0.4330845,0.5272856,0.31519842,0.32002592
1,447,-1.0461172,-0.81883854,0.43266678,0.53015757,0.31515384,0.32102144
1,448,-1.0460458,-0.81921244,0.42895508,0.52826643,0.31510776,0.32201716
1,449,-1.0461069,-0.8184742,0.4264965,0.5307512,0.31506023,0.32301307
1,450,-1.045835,-0.81874204,0.42748642,0.52925825,0.31501117,0.32400918
1,451,-1.0461519,-0.81842947,0.431324,0.5313616,0.3149606,0.32500547
1,452,-1.0462267,-0.8182848,0.42835045,0.5316887,0.31490856,0.32600188
1,453,-1.0459396,-0.8182419,0.43268394,0.52944994,0.31485504,0.32699847
1,454,-1.0463662,-0.8182274,0.43102837,0.5294609,0.3148,0.32799518
1,455,-1.0461224,-0.8177833,0.43306923,0.53087187,0.31474346,0.328992
1,456,-1.046564,-0.8174329,0.43526268,0.52952003,0.3146854,0.32998893
1,457,-1.0458101,-0.8177559,0.43294907,0.53013134,0.31462586,0.33098596
1,458,-1.0461994,-0.8172718,0.43647194,0.5299301,0.31456482,0.33198303
1,459,-1.046939,-0.8172194,0.4347477,0.5314808,0.3145023,0.3329802
1,460,-1.0466387,-0.8173822,0.43161964,0.5309577,0.31443825,0.3339774
1,461,-1.0463312,-0.81702125,0.4360237,0.53030396,0.3143727,0.33497465
1,462,-1.046169,-0.81688404,0.43340874,0.53254414,0.31430563,0.3359719
1,463,-1.0461158,-0.81694746,0.4339695,0.53104687,0.3142371,0.33696914
1,464,-1.0463343,-0.8169813,0.43816757,0.5312314,0.31416702,0.3379664
1,465,-1.0465062,-0.8168521,0.43361282,0.53225756,0.31409544,0.33896363
1,466,-1.0463092,-0.81665874,0.43416595,0.5320349,0.31402236,0.3399608
1,467,-1.0465096,-0.81682754,0.42678833,0.53142214,0.31394777,0.34095797
1,468,-1.046459,-0.81618774,0.4351349,0.5322609,0.31387165,0.34195507
1,469,-1.0467263,-0.8164457,0.43132973,0.5316267,0.31379405,0.34295207
1,470,-1.0465572,-0.8161156,0.4336834,0.5320592,0.31371492,0.343949
1,471,-1.0462102,-0.816241,0.43401146,0.5303421,0.31363428,0.3449458
1,472,-1.0462763,-0.8159605,0.4367771,0.5325117,0.3135521,0.3459425
1,473,-1.0468466,-0.8161698,0.431015,0.53156996,0.31346846,0.34693906
1,474,-1.0464203,-0.81575894,0.42826462,0.52994394,0.31338328,0.34793547
1,475,-1.0467913,-0.815761,0.43152046,0.52990437,0.31329656,0.34893173
1,476,-1.0465783,-0.81562436,0.43764687,0.5335436,0.31320834,0.3499278
1,477,-1.0469303,-0.8150513,0.43078232,0.53266907,0.3131186,0.35092372
1,478,-1.0465428,-0.8155364,0.42949677,0.5347543,0.31302735,0.3519194
1,479,-1.0470953,-0.81556106,0.4386444,0.53307104,0.31293458,0.3529149
1,480,-1.0463694,-0.8151767,0.431942,0.533175,0.3128403,0.35391015
1,481,-1.046637,-0.8150244,0.43860435,0.5331969,0.3127445,0.35490516
1,482,-1.0467598,-0.8147479,0.43393326,0.5312395,0.31264716,0.3558999
1,483,-1.0466797,-0.8144214,0.43433762,0.53316784,0.3125483,0.3568944
1,484,-1.0469037,-0.8150449,0.44306564,0.5295329,0.3124479,0.3578886
1,485,-1.0465872,-0.8148024,0.42889786,0.53262997,0.312346,0.3588825
1,486,-1.0469519,-0.8144151,0.43005562,0.53431416,0.3122426,0.3598761
1,487,-1.0466704,-0.81442404,0.43873596,0.5345249,0.31213763,0.36086935
1,488,-1.0471243,-0.81412405,0.43467522,0.53028965,0.31203118,0.36186227
1,489,-1.047234,-0.81398404,0.4372654,0.5322819,0.31192318,0.36285484
1,490,-1.0473933,-0.81404877,0.43679047,0.5289364,0.31181365,0.36384705
1,491,-1.0470906,-0.8141584,0.43508148,0.5306945,0.31170258,0.36483887
1,492,-1.0471851,-0.81389,0.43821335,0.5343857,0.31159002,0.3658303
1,493,-1.0470545,-0.81358397,0.4361477,0.532835,0.3114759,0.36682132
1,494,-1.0469937,-0.81363434,0.440485,0.53193855,0.31136024,0.36781192
1,495,-1.0468732,-0.8134855,0.43658638,0.530519,0.3112431,0.3688021
1,496,-1.0470695,-0.81313276,0.44070435,0.53334045,0.31112438,0.3697918
1,497,-1.0472004,-0.81344324,0.43613243,0.53189754,0.31100416,0.37078106
1,498,-1.0469784,-0.81281537,0.43899155,0.5325818,0.3108824,0.37176982
1,499,-1.0475274,-0.8129631,0.43655396,0.5331974,0.3107591,0.3727581
1,500,-1.0473195,-0.8137851,0.44464493,0.5359082,0.3106343,0.3737459
1,501,-1.0473976,-0.81258476,0.4355564,0.53249025,0.31050792,0.37473312
1,502,-1.0477128,-0.81307065,0.4279461,0.53605986,0.31038004,0.37571985
1,503,-1.0474846,-0.81232154,0.4360981,0.53307915,0.3102506,0.37670603
1,504,-1.0473161,-0.81240714,0.43975067,0.53487825,0.31011966,0.37769163
1,505,-1.0476166,-0.812604,0.43771935,0.53523684,0.3099872,0.37867668
1,506,-1.0477756,-0.8126632,0.4377041,0.53476095,0.30985317,0.37966114
1,507,-1.0471474,-0.8120009,0.43797302,0.5337801,0.3097176,0.38064498
1,508,-1.0475665,-0.8120196,0.43828392,0.5343342,0.3095805,0.38162822
1,509,-1.0477908,-0.8119192,0.44029236,0.5321722,0.30944186,0.38261083
1,510,-1.0471897,-0.8117746,0.43405533,0.5344305,0.3093017,0.38359278
1,511,-1.0473102,-0.8116405,0.4322281,0.5328145,0.30916,0.3845741
1,512,-1.047269,-0.81167567,0.4405365,0.5347843,0.30901676,0.3855547
1,513,-1.0475836,-0.8116417,0.4384098,0.53438044,0.30887198,0.38653466
1,514,-1.0475197,-0.8114424,0.4290867,0.5340347,0.30872568,0.3875139
1,515,-1.0477483,-0.81093585,0.43800735,0.5340595,0.30857784,0.38849244
1,516,-1.0477377,-0.8110739,0.43624878,0.53286314,0.30842844,0.38947025
1,517,-1.0479527,-0.81102324,0.43833733,0.53535604,0.30827752,0.39044732
1,518,-1.0478561,-0.81076735,0.44008636,0.5357771,0.30812505,0.39142364
1,519,-1.0482117,-0.8107828,0.4411316,0.5342469,0.30797103,0.3923992
1,520,-1.0477251,-0.81073004,0.4381008,0.5350847,0.3078155,0.39337394
1,521,-1.047718,-0.8107781,0.43052483,0.535758,0.3076584,0.39434794
1,522,-1.0482205,-0.8107438,0.43468475,0.535305,0.30749977,0.39532107
1,523,-1.0480103,-0.8105164,0.43461418,0.53678703,0.3073396,0.39629343
1,524,-1.0480644,-0.810513,0.43395042,0.5350499,0.3071779,0.39726493
1,525,-1.0478368,-0.81025445,0.43748474,0.5363207,0.30701464,0.3982356
1,526,-1.047718,-0.8102038,0.4333992,0.53600264,0.30684987,0.3992054
1,527,-1.0481639,-0.8104216,0.43488693,0.5339565,0.30668354,0.4001743
1,528,-1.048827,-0.8099702,0.43391228,0.53487825,0.30651566,0.40114233
1,529,-1.0479777,-0.80957246,0.4400196,0.5363493,0.30634627,0.40210944
1,530,-1.0484506,-0.80964136,0.43603706,0.53569317,0.3061753,0.40307564
1,531,-1.0478655,-0.80964696,0.4422226,0.53555536,0.3060028,0.4040409
1,532,-1.0481409,-0.8094672,0.43741417,0.53521633,0.30582878,0.40500522
1,533,-1.048157,-0.809176,0.4297371,0.53527546,0.30565318,0.4059686
1,534,-1.0480137,-0.8091391,0.44151688,0.537436,0.30547607,0.40693098
1,535,-1.0479567,-0.80898213,0.43683434,0.53706264,0.3052974,0.4078924
1,536,-1.048188,-0.80877185,0.43842125,0.53353214,0.3051172,0.4088528
1,537,-1.0482358,-0.8091587,0.4355259,0.5366273,0.30493546,0.40981218
1,538,-1.0483941,-0.80835843,0.43242073,0.5355644,0.30475217,0.41077054
1,539,-1.0484638,-0.8082895,0.440876,0.535028,0.30456734,0.41172788
1,540,-1.0480968,-0.8083658,0.43814087,0.53573275,0.30438095,0.41268414
1,541,-1.0482761,-0.80819917,0.43891716,0.53519297,0.30419305,0.41363934
1,542,-1.0490277,-0.80845076,0.44225883,0.5342283,0.3040036,0.41459346
1,543,-1.0484719,-0.8077214,0.43772697,0.535028,0.3038126,0.41554648
1,544,-1.0483537,-0.8082428,0.43281555,0.53398037,0.30362004,0.4164984
1,545,-1.0484043,-0.8076894,0.44190788,0.5353408,0.30342594,0.41744918
1,546,-1.0481983,-0.80785495,0.43543243,0.53567076,0.30323032,0.41839886
1,547,-1.0483634,-0.8078253,0.43426514,0.5399561,0.30303314,0.41934735
1,548,-1.0491714,-0.80754304,0.43672943,0.53530264,0.30283442,0.4202947
1,549,-1.0484556,-0.80750597,0.44016075,0.5343971,0.30263418,0.42124087
1,550,-1.0496308,-0.80737054,0.4487915,0.5367708,0.3024324,0.42218584
1,551,-1.0480821,-0.80717623,0.43906403,0.535058,0.30222905,0.42312962
1,552,-1.0486286,-0.8067761,0.44691086,0.5364194,0.30202416,0.42407218
1,553,-1.0486897,-0.80672455,0.44034576,0.5356903,0.30181772,0.42501348
1,554,-1.0488498,-0.80635524,0.4322033,0.5367727,0.30160975,0.42595357
1,555,-1.0488036,-0.8068557,0.44146347,0.5352802,0.30140024,0.4268924
1,556,-1.0491153,-0.8066843,0.44540215,0.53617954,0.3011892,0.42782995
1,557,-1.0487275,-0.8061429,0.4356041,0.536736,0.3009766,0.42876622
1,558,-1.0488038,-0.80681664,0.43489075,0.5356741,0.30076247,0.4297012
1,559,-1.0487884,-0.80606794,0.43927765,0.53530836,0.3005468,0.43063486
1,560,-1.0491701,-0.8061577,0.44116783,0.5380831,0.3003296,0.4315672
1,561,-1.0490713,-0.8058605,0.44687843,0.5364275,0.30011085,0.4324982
1,562,-1.0489284,-0.8059203,0.4364624,0.53983784,0.29989055,0.43342784
1,563,-1.0488579,-0.8054289,0.44182014,0.5391536,0.2996687,0.43435612
1,564,-1.0491085,-0.8053237,0.44081306,0.53568363,0.29944533,0.43528304
1,565,-1.0493906,-0.8054488,0.4421978,0.5372443,0.2992204,0.43620858
1,566,-1.049331,-0.80509806,0.43862343,0.5380516,0.29899395,0.4371327
1,567,-1.0497977,-0.8052009,0.43604088,0.5367012,0.29876596,0.43805537
1,568,-1.0490168,-0.8050816,0.44249535,0.5362673,0.29853642,0.43897665
1,569,-1.049277,-0.8050813,0.43915558,0.53679085,0.29830536,0.43989646
1,570,-1.0494999,-0.80494934,0.44107056,0.53918076,0.29807276,0.44081482
1,571,-1.0490718,-0.80477417,0.44574738,0.53841686,0.2978386,0.44173172
1,572,-1.04933,-0.8050895,0.44371414,0.5385313,0.29760292,0.44264713
1,573,-1.049327,-0.8043568,0.44211197,0.5386777,0.2973657,0.44356105
1,574,-1.0493352,-0.8043829,0.4357109,0.5375047,0.29712692,0.44447345
1,575,-1.0487465,-0.804112,0.4356556,0.53824234,0.29688662,0.44538432
1,576,-1.049578,-0.80417824,0.44608307,0.5395684,0.2966448,0.44629368
1,577,-1.0496552,-0.8036636,0.4435768,0.537457,0.29640144,0.44720146
1,578,-1.0494642,-0.80417806,0.4404621,0.5383835,0.29615653,0.4481077
1,579,-1.0500022,-0.8040797,0.44145393,0.5377927,0.2959101,0.44901237
1,580,-1.0499098,-0.80354965,0.44592094,0.5379224,0.2956621,0.44991544
1,581,-1.0493765,-0.80320835,0.43370056,0.5386853,0.2954126,0.4508169
1,582,-1.0491815,-0.80300784,0.44034004,0.53911734,0.29516158,0.45171675
1,583,-1.0489575,-0.8027551,0.43515205,0.5384712,0.294909,0.45261496
1,584,-1.0491785,-0.80295277,0.4457016,0.53891563,0.29465488,0.45351157
1,585,-1.0496316,-0.8034376,0.44211006,0.5403614,0.29439923,0.4544065
1,586,-1.0496377,-0.8023367,0.4395771,0.53820276,0.29414207,0.45529976
1,587,-1.0502263,-0.80313075,0.43465424,0.53925085,0.29388335,0.45619133
1,588,-1.0494809,-0.80249476,0.44173622,0.5404825,0.29362312,0.45708123
1,589,-1.0497894,-0.80272716,0.44182396,0.53897905,0.29336137,0.45796943
1,590,-1.0499958,-0.8023484,0.4352951,0.54071283,0.29309806,0.4588559
1,591,-1.049752,-0.8022678,0.44166183,0.53844595,0.29283324,0.45974064
1,592,-1.0505152,-0.8025719,0.4376793,0.53758097,0.2925669,0.46062362
1,593,-1.0498273,-0.80180067,0.4376278,0.5408516,0.292299,0.46150485
1,594,-1.0498602,-0.80142355,0.44024467,0.5406537,0.29202962,0.4623843
1,595,-1.0496299,-0.80167043,0.43376923,0.53826,0.2917587,0.463262
1,596,-1.0499678,-0.8017466,0.4380951,0.54159594,0.2914862,0.46413788
1,597,-1.0495886,-0.8016266,0.44776535,0.54013777,0.29121223,0.46501198
1,598,-1.0498172,-0.80168706,0.443285,0.53824806,0.2909367,0.46588424
1,599,-1.050149,-0.80142534,0.43910217,0.54023886,0.29065967,0.46675467
1,600,-1.0502888,-0.80188906,0.44589233,0.53793573,0.29038113,0.46762323
1,601,-1.0503558,-0.800786,0.44694138,0.54067993,0.29010105,0.46848997
1,602,-1.049475,-0.80141604,0.44077682,0.53857756,0.28981942,0.4693548
1,603,-1.049258,-0.8012667,0.44317436,0.5384116,0.2895363,0.47021776
1,604,-1.0499032,-0.8014596,0.43846703,0.543355,0.28925166,0.47107884
1,605,-1.0500567,-0.8006106,0.44015503,0.5412092,0.2889655,0.471938
1,606,-1.0504521,-0.8006786,0.4428959,0.54093266,0.2886778,0.47279525
1,607,-1.0502205,-0.80059373,0.4435997,0.5403476,0.2883886,0.47365054
1,608,-1.0502892,-0.800326,0.4464836,0.5398116,0.28809786,0.4745039
1,609,-1.0500696,-0.8007057,0.43546677,0.54142,0.28780562,0.4753553
1,610,-1.0503067,-0.8004031,0.4446869,0.5382161,0.2875119,0.47620472
1,611,-1.050483,-0.80011284,0.44259834,0.53960896,0.2872166,0.47705215
1,612,-1.0503701,-0.79977524,0.44914055,0.5406451,0.2869198,0.47789758
1,613,-1.0504375,-0.79977256,0.43733597,0.541101,0.2866215,0.47874102
1,614,-1.0502706,-0.7998271,0.4415989,0.5394707,0.2863217,0.47958243
1,615,-1.050171,-0.7991203,0.4427986,0.54184484,0.28602037,0.4804218
1,616,-1.050757,-0.7992687,0.44613647,0.5395837,0.28571752,0.48125914
1,617,-1.0501034,-0.79948986,0.44687462,0.5417247,0.28541318,0.4820944
1,618,-1.0503063,-0.79897666,0.44981575,0.539454,0.2851073,0.4829276
1,619,-1.0504345,-0.79887307,0.4483528,0.5416794,0.28479993,0.48375872
1,620,-1.0507139,-0.79887724,0.44865417,0.5419493,0.28449106,0.48458773
1,621,-1.0507587,-0.79888016,0.44270325,0.5409112,0.28418067,0.48541465
1,622,-1.050508,-0.79877293,0.44572067,0.54097843,0.2838688,0.48623943
1,623,-1.0507723,-0.798691,0.43421555,0.5392289,0.2835554,0.4870621
1,624,-1.0508769,-0.7986448,0.44756126,0.5401411,0.2832405,0.48788258
1,625,-1.0509701,-0.7981553,0.43788147,0.5398822,0.2829241,0.48870096
1,626,-1.0505843,-0.7984444,0.44420052,0.5408926,0.28260618,0.48951712
1,627,-1.0509137,-0.79806554,0.44485664,0.54059076,0.28228676,0.49033114
1,628,-1.0508611,-0.7981949,0.45442772,0.5431757,0.28196588,0.49114296
1,629,-1.0507362,-0.798016,0.45149612,0.54224014,0.28164345,0.49195254
1,630,-1.0505242,-0.7977712,0.43787193,0.54102755,0.28131956,0.49275994
1,631,-1.0508269,-0.7977902,0.44086647,0.54081583,0.28099415,0.49356508
1,632,-1.0504696,-0.7974981,0.43681717,0.5410557,0.28066725,0.49436802
1,633,-1.0512091,-0.797578,0.43806458,0.5408163,0.28033885,0.49516866
1,634,-1.0505902,-0.7975303,0.44994926,0.5430484,0.28000897,0.49596706
1,635,-1.050894,-0.7971873,0.4466629,0.5427275,0.27967757,0.49676317
1,636,-1.0509087,-0.7975608,0.44187927,0.54158497,0.2793447,0.497557
1,637,-1.0509331,-0.796738,0.4464531,0.5416393,0.27901033,0.49834853
1,638,-1.051136,-0.79657805,0.4479351,0.54120255,0.27867448,0.49913776
1,639,-1.0509899,-0.79634595,0.44630432,0.5429454,0.27833712,0.49992463
1,640,-1.0508752,-0.7961653,0.4445095,0.5431247,0.2779983,0.5007092
1,641,-1.0508606,-0.7962642,0.43939972,0.5410352,0.277658,0.5014914
1,642,-1.0511677,-0.7965037,0.44600296,0.54189396,0.27731618,0.50227123
1,643,-1.0509872,-0.7960385,0.4506302,0.5439644,0.2769729,0.5030487
1,644,-1.0507491,-0.7963402,0.4412117,0.5440211,0.2766281,0.5038238
1,645,-1.0511234,-0.79590195,0.44763184,0.54288197,0.27628183,0.5045965
1,646,-1.0511863,-0.79658496,0.4424801,0.54211617,0.2759341,0.5053668
1,647,-1.0511755,-0.7954724,0.44552422,0.54264975,0.2755849,0.5061346
1,648,-1.0512394,-0.7959175,0.44839668,0.54192734,0.2752342,0.5069001
1,649,-1.0515265,-0.795912,0.4447155,0.5431905,0.27488202,0.5076631
1,650,-1.0513526,-0.79551375,0.44259262,0.54346704,0.27452838,0.5084236
1,651,-1.0512424,-0.7948886,0.44553947,0.5415387,0.27417326,0.50918174
1,652,-1.0514308,-0.7952279,0.44939995,0.5444393,0.27381667,0.50993735
1,653,-1.0513626,-0.79497504,0.45064735,0.54381657,0.2734586,0.51069045
1,654,-1.0515329,-0.7948054,0.44433594,0.5429745,0.27309906,0.51144105
1,655,-1.0515786,-0.79493374,0.44444275,0.54223347,0.27273804,0.51218915
1,656,-1.0513221,-0.7946017,0.44026947,0.54146624,0.27237558,0.51293474
1,657,-1.0514008,-0.7944876,0.44947433,0.5418887,0.27201164,0.51367784
1,658,-1.0510733,-0.79420114,0.44613075,0.5448756,0.27164623,0.5144183
1,659,-1.0511934,-0.7940943,0.44465446,0.54463005,0.27127934,0.51515627
1,660,-1.0510827,-0.79444706,0.44802856,0.54455185,0.270911,0.5158917
1,661,-1.0513843,-0.7947129,0.44748116,0.5421958,0.27054122,0.51662445
1,662,-1.0518816,-0.79399085,0.44493294,0.5456147,0.27016997,0.51735467
1,663,-1.0517355,-0.7941698,0.4384613,0.5426421,0.26979724,0.5180823
1,664,-1.0523802,-0.7937757,0.44216347,0.54432297,0.26942307,0.5188073
1,665,-1.0518817,-0.7935749,0.44618225,0.54363155,0.26904744,0.5195297
1,666,-1.0516089,-0.79359865,0.45466042,0.545537,0.26867035,0.5202495
1,667,-1.0519421,-0.7932135,0.44744873,0.5451188,0.26829183,0.5209666
1,668,-1.0520363,-0.7932084,0.4492302,0.5454197,0.26791182,0.521681
1,669,-1.0517384,-0.79333043,0.44869232,0.5452571,0.26753038,0.5223928
1,670,-1.0520629,-0.7926774,0.45355225,0.54528093,0.2671475,0.5231019
1,671,-1.0519643,-0.7927785,0.44939804,0.54406404,0.26676318,0.52380836
1,672,-1.0514132,-0.7929245,0.44706535,0.5453024,0.2663774,0.52451205
1,673,-1.0516022,-0.79284936,0.4445076,0.54775715,0.26599017,0.52521306
1,674,-1.0520757,-0.7924504,0.43771172,0.5457449,0.26560152,0.5259114
1,675,-1.0522734,-0.7923602,0.4444313,0.5446229,0.2652114,0.5266069
1,676,-1.0520921,-0.7930436,0.44971657,0.54461527,0.26481986,0.52729976
1,677,-1.0516186,-0.79235005,0.448246,0.5463066,0.26442686,0.5279898
1,678,-1.0519323,-0.79219425,0.4449234,0.544291,0.26403245,0.5286771
1,679,-1.0522513,-0.79199135,0.44498444,0.5466418,0.2636366,0.52936167
1,680,-1.0517925,-0.7920791,0.45176506,0.5452018,0.2632393,0.53004336
1,681,-1.0518897,-0.7918515,0.45017433,0.5470724,0.26284057,0.5307223
1,682,-1.0517622,-0.79167247,0.44513512,0.54657507,0.2624404,0.5313985
1,683,-1.0522497,-0.7919389,0.44551468,0.5446453,0.26203886,0.53207177
1,684,-1.051913,-0.79139674,0.44880676,0.5442724,0.26163584,0.5327423
1,685,-1.0521849,-0.7915484,0.45230484,0.54696417,0.26123142,0.53340995
1,686,-1.0524257,-0.79125196,0.45189857,0.54913425,0.26082554,0.5340748
1,687,-1.0526376,-0.7910415,0.45057297,0.54610443,0.26041827,0.53473675
1,688,-1.0524815,-0.7908653,0.4493637,0.5466404,0.2600096,0.5353958
1,689,-1.0524098,-0.7907846,0.44244385,0.54691315,0.25959948,0.536052
1,690,-1.052342,-0.79108137,0.44875908,0.54754114,0.25918794,0.5367053
1,691,-1.0523238,-0.7907213,0.44309616,0.5442934,0.258775,0.5373558
1,692,-1.05258,-0.790697,0.44585228,0.5494461,0.25836062,0.53800327
1,693,-1.0524402,-0.7909203,0.44787598,0.54839563,0.25794485,0.53864783
1,694,-1.0524504,-0.7901468,0.4468956,0.54832315,0.25752768,0.53928953
1,695,-1.0527241,-0.7902185,0.44920158,0.54704475,0.25710908,0.5399282
1,696,-1.052313,-0.79050076,0.4473095,0.5475836,0.2566891,0.540564
1,697,-1.0525156,-0.7901566,0.44091606,0.54685736,0.2562677,0.5411968
1,698,-1.0525256,-0.78983736,0.45041656,0.5491905,0.2558449,0.54182667
1,699,-1.0519779,-0.79012537,0.45537186,0.54887676,0.25542068,0.54245347
1,700,-1.0524446,-0.78954536,0.44560814,0.5455432,0.25499508,0.54307735
1,701,-1.0526074,-0.7891897,0.45136833,0.54876614,0.25456807,0.54369825
1,702,-1.0528667,-0.789072,0.4484539,0.5462885,0.2541397,0.54431605
1,703,-1.052517,-0.7897436,0.44705772,0.5482383,0.25370988,0.54493093
1,704,-1.0526156,-0.78932637,0.4472847,0.5485544,0.2532787,0.5455427
1,705,-1.0529034,-0.78949714,0.44792938,0.54916954,0.25284615,0.5461515
1,706,-1.0529263,-0.78910077,0.44737053,0.55033255,0.25241217,0.5467572
1,707,-1.0530527,-0.7890605,0.45440674,0.5496907,0.25197685,0.5473599
1,708,-1.053345,-0.788593,0.45616722,0.54841375,0.2515401,0.54795945
1,709,-1.0524129,-0.7879906,0.4477806,0.54903316,0.251102,0.54855597
1,710,-1.0531873,-0.78820443,0.45609856,0.5489149,0.2506625,0.5491494
1,711,-1.0531486,-0.78792626,0.44973564,0.5473871,0.25022164,0.5497397
1,712,-1.0529662,-0.7881336,0.45344353,0.54998493,0.24977939,0.55032694
1,713,-1.0529033,-0.7874625,0.44968033,0.5483117,0.24933577,0.55091107
1,714,-1.0528619,-0.7871064,0.45437622,0.54934883,0.24889077,0.55149204
1,715,-1.0533046,-0.7876535,0.4462719,0.5484295,0.24844441,0.55206984
1,716,-1.0536788,-0.78756946,0.45271683,0.5494685,0.24799667,0.55264455
1,717,-1.0535046,-0.7872453,0.45124626,0.547709,0.24754758,0.5532161
1,718,-1.0528722,-0.7871691,0.45522308,0.5489278,0.24709712,0.5537845
1,719,-1.0532781,-0.78765166,0.45308495,0.5498867,0.24664529,0.5543497
1,720,-1.0536355,-0.7869029,0.44830322,0.5506711,0.2461921,0.55491173
1,721,-1.0530777,-0.786907,0.44758224,0.5519581,0.24573757,0.5554706
1,722,-1.053138,-0.78726953,0.44625092,0.54932547,0.24528167,0.5560262
1,723,-1.0533507,-0.7863401,0.45321274,0.54961157,0.24482441,0.55657864
1,724,-1.0533764,-0.78658587,0.44552803,0.5498247,0.2443658,0.55712783
1,725,-1.0529301,-0.7861923,0.4410534,0.5491996,0.24390584,0.5576738
1,726,-1.0535799,-0.7862503,0.45011902,0.55133104,0.24344453,0.5582166
1,727,-1.0535436,-0.78581774,0.44905853,0.54951143,0.24298188,0.55875605
1,728,-1.0536015,-0.78593665,0.4551754,0.5518584,0.24251789,0.5592923
1,729,-1.0534558,-0.78639114,0.45298004,0.55013275,0.24205256,0.5598253
1,730,-1.0538273,-0.78574497,0.4499302,0.5488248,0.24158588,0.560355
1,731,-1.0535216,-0.78593177,0.44504166,0.552166,0.24111786,0.56088144
1,732,-1.0537488,-0.78606594,0.44841576,0.553298,0.24064852,0.5614046
1,733,-1.0536458,-0.7853,0.45100594,0.54709244,0.24017784,0.56192446
1,734,-1.0541438,-0.7850995,0.4535885,0.5513501,0.23970583,0.562441
1,735,-1.0536852,-0.78498495,0.4424858,0.55259514,0.23923248,0.5629542
1,736,-1.0533255,-0.78488886,0.45420647,0.55179644,0.23875782,0.5634641
1,737,-1.0533386,-0.7846253,0.4432106,0.5496764,0.23828183,0.5639706
1,738,-1.0539911,-0.7850269,0.44766808,0.5495825,0.23780452,0.56447387
1,739,-1.0536425,-0.7848521,0.4481125,0.54869413,0.23732589,0.5649738
1,740,-1.0542045,-0.7849043,0.45466423,0.5488186,0.23684594,0.5654703
1,741,-1.054056,-0.7846252,0.45597267,0.55050564,0.23636468,0.5659634
1,742,-1.0534639,-0.78475225,0.4449482,0.54888964,0.2358821,0.56645316
1,743,-1.0543914,-0.7845146,0.4514351,0.5516448,0.23539822,0.5669396
1,744,-1.053764,-0.7842572,0.44413757,0.5512967,0.23491302,0.56742257
1,745,-1.0535232,-0.78414744,0.44833946,0.55092573,0.23442651,0.56790215
1,746,-1.0539252,-0.7835357,0.4548931,0.5511956,0.23393871,0.5683784
1,747,-1.0533832,-0.78338456,0.44989395,0.5510626,0.23344961,0.5688511
1,748,-1.0539182,-0.7832916,0.45215797,0.5533676,0.23295921,0.5693205
1,749,-1.054392,-0.78392947,0.45763206,0.54984474,0.2324675,0.5697864
1,750,-1.0539505,-0.7834117,0.44628334,0.5543518,0.23197451,0.5702489
1,751,-1.0536075,-0.783347,0.44451332,0.55202866,0.23148023,0.5707079
1,752,-1.054494,-0.7827501,0.4547081,0.5513239,0.23098464,0.5711635
1,753,-1.0540786,-0.78293157,0.45498085,0.5516672,0.23048778,0.5716156
1,754,-1.0542386,-0.78298485,0.44872856,0.54939795,0.22998963,0.5720642
1,755,-1.0539631,-0.7825375,0.44821548,0.5515914,0.2294902,0.5725094
1,756,-1.053877,-0.7826672,0.4528618,0.55195475,0.2289895,0.5729511
1,757,-1.054141,-0.7824054,0.44810486,0.55255127,0.2284875,0.57338923
1,758,-1.0541217,-0.78195715,0.45474434,0.5529213,0.22798425,0.5738239
1,759,-1.053513,-0.7824862,0.4579506,0.55263233,0.22747971,0.57425505
1,760,-1.0538615,-0.7824087,0.4557743,0.5526686,0.2269739,0.5746827
1,761,-1.0546374,-0.7815918,0.45114708,0.5540447,0.22646683,0.5751068
1,762,-1.0545574,-0.7817691,0.45054626,0.5515437,0.22595851,0.5755274
1,763,-1.0549955,-0.7815947,0.45170593,0.55296564,0.2254489,0.5759444
1,764,-1.0545385,-0.7814084,0.45495033,0.5546298,0.22493805,0.5763579
1,765,-1.0539241,-0.7812649,0.45186615,0.553082,0.22442594,0.57676786
1,766,-1.0544602,-0.7806421,0.45981216,0.55207396,0.22391257,0.57717425
1,767,-1.0548072,-0.78088576,0.44853973,0.5556097,0.22339794,0.57757705
1,768,-1.0543913,-0.7803557,0.45673943,0.5535493,0.22288208,0.5779762
1,769,-1.0549986,-0.7805163,0.45983505,0.5538969,0.22236495,0.5783719
1,770,-1.0544757,-0.78033936,0.45183945,0.5529542,0.2218466,0.5787639
1,771,-1.0549815,-0.78015864,0.4574871,0.5533714,0.22132698,0.57915235
1,772,-1.0547838,-0.7803775,0.45225143,0.55364466,0.22080614,0.5795372
1,773,-1.0546596,-0.78029656,0.4565735,0.55281496,0.22028406,0.57991844
1,774,-1.0548024,-0.77963114,0.45524788,0.55511045,0.21976075,0.58029604
1,775,-1.054202,-0.780048,0.4495945,0.55573845,0.2192362,0.58067
1,776,-1.0541129,-0.7798735,0.4538517,0.5544896,0.21871042,0.5810403
1,777,-1.0550565,-0.77989656,0.4570408,0.5533867,0.21818341,0.581407
1,778,-1.0550497,-0.78023493,0.4511776,0.5545225,0.2176552,0.58177006
1,779,-1.0550736,-0.77999324,0.4554367,0.5557904,0.21712574,0.5821295
1,780,-1.0549864,-0.77954817,0.46061707,0.5552263,0.21659508,0.5824852
1,781,-1.0549226,-0.7795204,0.45745468,0.55532265,0.2160632,0.5828373
1,782,-1.0551369,-0.7789374,0.45445442,0.55471325,0.21553011,0.5831856
1,783,-1.05541,-0.77898544,0.4530754,0.5561204,0.2149958,0.5835303
1,784,-1.0552782,-0.7790416,0.4603367,0.55255604,0.2144603,0.58387136
1,785,-1.0551854,-0.77855456,0.45351982,0.5546708,0.21392357,0.58420867
1,786,-1.0544381,-0.7786051,0.45467186,0.5543866,0.21338566,0.5845423
1,787,-1.0547379,-0.7787587,0.44895554,0.5559006,0.21284655,0.5848722
1,788,-1.0545365,-0.7787119,0.45928574,0.5564952,0.21230623,0.58519834
1,789,-1.0544043,-0.77857023,0.45435905,0.55523443,0.21176472,0.5855208
1,790,-1.0552884,-0.77818644,0.4592533,0.55481005,0.21122204,0.58583957
1,791,-1.0554932,-0.77809024,0.45550537,0.55554295,0.21067815,0.5861546
1,792,-1.0547546,-0.778286,0.458786,0.55617714,0.21013308,0.58646584
1,793,-1.0552673,-0.77777994,0.46263123,0.5562115,0.20958683,0.58677334
1,794,-1.0554694,-0.77807474,0.45664787,0.5527668,0.20903939,0.58707714
1,795,-1.0553571,-0.7780366,0.45791817,0.5577264,0.20849079,0.58737713
1,796,-1.0555127,-0.77803946,0.45771408,0.555295,0.207941,0.58767337
1,797,-1.0552294,-0.7777438,0.45513916,0.5548849,0.20739006,0.58796585
1,798,-1.0555462,-0.77698326,0.45357513,0.55555725,0.20683792,0.5882545
1,799,-1.0555044,-0.77809966,0.46439743,0.55658054,0.20628464,0.5885394
1,800,-1.0553064,-0.7775514,0.4573822,0.5576997,0.20573018,0.5888206
1,801,-1.05536,-0.7769733,0.45960426,0.5524678,0.20517458,0.5890979
1,802,-1.0553452,-0.7764993,0.4587078,0.55793905,0.20461781,0.58937144
1,803,-1.0555543,-0.7768403,0.460083,0.5558739,0.2040599,0.58964115
1,804,-1.0552548,-0.77670085,0.45899773,0.5564537,0.20350082,0.58990705
1,805,-1.055062,-0.77650595,0.45648193,0.55798054,0.20294061,0.59016913
1,806,-1.0551298,-0.7760711,0.4565773,0.5563755,0.20237924,0.5904274
1,807,-1.0558398,-0.77631915,0.4578476,0.5572257,0.20181674,0.59068185
1,808,-1.055758,-0.776018,0.45617104,0.5560155,0.2012531,0.5909324
1,809,-1.0557358,-0.77598596,0.4554386,0.5577078,0.20068832,0.5911792
1,810,-1.0556767,-0.77547526,0.45988274,0.55738497,0.2001224,0.59142214
1,811,-1.0557022,-0.7757491,0.4550724,0.55584145,0.19955537,0.5916612
1,812,-1.0564865,-0.7757045,0.4565544,0.55607843,0.19898719,0.5918964
1,813,-1.0557075,-0.7749486,0.45801544,0.55802345,0.1984179,0.59212774
1,814,-1.0558105,-0.77518,0.45718384,0.557302,0.19784749,0.59235525
1,815,-1.0560644,-0.7754127,0.45703316,0.5583401,0.19727595,0.5925788
1,816,-1.0557334,-0.7749218,0.4558239,0.55586433,0.1967033,0.5927986
1,817,-1.0562646,-0.77508634,0.4567337,0.5596628,0.19612955,0.5930144
1,818,-1.055966,-0.7755146,0.45895004,0.55694294,0.19555467,0.59322643
1,819,-1.0557626,-0.7749799,0.46777534,0.55852985,0.1949787,0.59343445
1,820,-1.0566537,-0.77490187,0.4617958,0.55705786,0.19440162,0.59363866
1,821,-1.0564059,-0.7743438,0.45586014,0.5590234,0.19382344,0.59383893
1,822,-1.0561665,-0.7744242,0.4582939,0.55902815,0.19324417,0.5940353
1,823,-1.0563573,-0.7743169,0.4552498,0.55812645,0.1926638,0.59422773
1,824,-1.0569134,-0.774254,0.45906067,0.556787,0.19208235,0.5944163
1,825,-1.0563457,-0.773667,0.45321465,0.5575161,0.1914998,0.5946009
1,826,-1.0564437,-0.77393734,0.4561348,0.5569382,0.19091617,0.59478164
1,827,-1.0566357,-0.77378666,0.45770645,0.55879116,0.19033146,0.59495836
1,828,-1.0570021,-0.77333564,0.46006012,0.5562711,0.18974568,0.5951312
1,829,-1.0558252,-0.77387583,0.45406914,0.55785656,0.18915881,0.5953001
1,830,-1.0562105,-0.77362525,0.46222687,0.55695295,0.18857089,0.595465
1,831,-1.0565981,-0.7732746,0.4632225,0.55645466,0.18798187,0.59562606
1,832,-1.0569073,-0.7729116,0.46632385,0.559155,0.18739182,0.59578305
1,833,-1.0567975,-0.7726918,0.45870972,0.5573435,0.18680069,0.5959362
1,834,-1.0562779,-0.7724904,0.45754242,0.56137466,0.1862085,0.59608525
1,835,-1.0569991,-0.77235913,0.46059418,0.5590949,0.18561526,0.59623045
1,836,-1.0567484,-0.77270156,0.46019173,0.55801105,0.18502095,0.59637165
1,837,-1.0565937,-0.77264357,0.46465492,0.55837345,0.18442562,0.59650886
1,838,-1.0569344,-0.77178633,0.46106148,0.5599985,0.18382923,0.5966421
1,839,-1.0571486,-0.7720783,0.4634056,0.5593138,0.1832318,0.5967713
1,840,-1.0569543,-0.77211833,0.46288872,0.55881023,0.18263333,0.5968966
1,841,-1.0562131,-0.7717916,0.45340157,0.5608802,0.18203382,0.5970179
1,842,-1.0567726,-0.7721149,0.45527267,0.5575514,0.18143328,0.5971351
1,843,-1.0573385,-0.77186763,0.46029663,0.55893993,0.18083172,0.59724844
1,844,-1.0567993,-0.77183455,0.45988464,0.56002045,0.18022911,0.5973577
1,845,-1.0569773,-0.7711774,0.4614277,0.56130266,0.1796255,0.59746295
1,846,-1.0565487,-0.7714281,0.45668983,0.5603795,0.17902085,0.5975642
1,847,-1.0566897,-0.771153,0.4542427,0.56040573,0.17841521,0.5976615
1,848,-1.0570266,-0.77077115,0.46187973,0.561594,0.17780854,0.5977547
1,849,-1.0570427,-0.7706038,0.4629879,0.5598893,0.17720087,0.59784395
1,850,-1.0570192,-0.7710618,0.46079063,0.5600133,0.17659219,0.5979291
1,851,-1.0568101,-0.7709017,0.46164894,0.56044245,0.1759825,0.5980103
1,852,-1.0567824,-0.7704546,0.4556198,0.5612645,0.17537181,0.59808743
1,853,-1.0569726,-0.77065516,0.45941162,0.5584521,0.17476013,0.5981605
1,854,-1.0570793,-0.7703098,0.45593643,0.5601673,0.17414746,0.5982296
1,855,-1.0572469,-0.76954156,0.45824242,0.56120014,0.1735338,0.5982946
1,856,-1.0571017,-0.7697551,0.45614052,0.5610347,0.17291915,0.5983556
1,857,-1.0569806,-0.76975095,0.45821953,0.55980635,0.17230353,0.5984125
1,858,-1.0567486,-0.769331,0.46299362,0.5612583,0.17168692,0.5984654
1,859,-1.0567578,-0.7692912,0.4629135,0.563869,0.17106934,0.5985142
1,860,-1.0576673,-0.76980853,0.46228218,0.56204987,0.17045078,0.59855896
1,861,-1.0566376,-0.76936543,0.45713997,0.5623293,0.16983125,0.5985997
1,862,-1.0574851,-0.7690598,0.45900536,0.5617752,0.16921076,0.5986363
1,863,-1.0574622,-0.76903516,0.45625877,0.5640707,0.16858931,0.5986689
1,864,-1.0572001,-0.7688924,0.46211433,0.56194687,0.1679669,0.59869736
1,865,-1.057511,-0.7696501,0.46364784,0.5611615,0.16734354,0.5987218
1,866,-1.0571593,-0.7686225,0.4554119,0.56291246,0.16671923,0.5987422
1,867,-1.05721,-0.7689067,0.46157455,0.5642729,0.16609396,0.59875846
1,868,-1.0573468,-0.7687105,0.45705414,0.5637984,0.16546775,0.5987707
1,869,-1.0575761,-0.7689926,0.46338844,0.56164837,0.16484061,0.5987788
1,870,-1.0571003,-0.76845205,0.45967484,0.564024,0.16421251,0.59878284
1,871,-1.0579494,-0.7681622,0.4602108,0.56087446,0.1635835,0.5987828
1,872,-1.0574324,-0.7680531,0.4622059,0.5640712,0.16295354,0.59877867
1,873,-1.0577043,-0.7676751,0.46125412,0.5645242,0.16232267,0.59877044
1,874,-1.0578102,-0.7677897,0.45723343,0.5609803,0.16169088,0.5987581
1,875,-1.0579499,-0.7676586,0.45959282,0.5658698,0.16105816,0.5987417
1,876,-1.0573157,-0.7674428,0.45815277,0.5633359,0.16042452,0.59872115
1,877,-1.0577536,-0.7674065,0.462389,0.56224203,0.15978998,0.59869653
1,878,-1.0577918,-0.7673055,0.47050667,0.56164265,0.15915452,0.5986678
1,879,-1.0579038,-0.76729554,0.45557022,0.5611458,0.15851817,0.598635
1,880,-1.0572615,-0.7670669,0.4578781,0.5644584,0.1578809,0.59859806
1,881,-1.0574383,-0.7671392,0.46300507,0.5637994,0.15724273,0.598557
1,882,-1.0577323,-0.766721,0.4592991,0.5596919,0.15660368,0.5985119
1,883,-1.057952,-0.76687574,0.46707535,0.5611415,0.15596373,0.5984626
1,884,-1.0576414,-0.766623,0.46566582,0.56605434,0.15532291,0.5984092
1,885,-1.0578805,-0.76605994,0.46350098,0.56586313,0.15468119,0.59835166
1,886,-1.0586382,-0.7659596,0.46173096,0.5636964,0.1540386,0.5982901
1,887,-1.0580971,-0.7663003,0.46427536,0.5607109,0.15339513,0.59822434
1,888,-1.058426,-0.7662769,0.46994781,0.5614333,0.15275079,0.5981545
1,889,-1.0581187,-0.76566875,0.4659958,0.5635276,0.15210557,0.59808046
1,890,-1.0586934,-0.7658043,0.46590042,0.5654359,0.1514595,0.5980024
1,891,-1.0582106,-0.76596224,0.46673012,0.5634241,0.15081257,0.5979201
1,892,-1.0583324,-0.7659683,0.46258926,0.5694065,0.15016477,0.59783375
1,893,-1.0580053,-0.7662225,0.46648788,0.56260633,0.14951612,0.5977432
1,894,-1.0576394,-0.7657808,0.4594574,0.5662956,0.14886662,0.5976486
1,895,-1.0573823,-0.765656,0.46715164,0.56419516,0.14821628,0.59754986
1,896,-1.0585699,-0.7651586,0.45721626,0.5654421,0.14756508,0.5974469
1,897,-1.0580122,-0.76456696,0.46945,0.56599426,0.14691305,0.5973399
1,898,-1.0583163,-0.7648554,0.45437622,0.56580925,0.1462602,0.59722877
1,899,-1.0584313,-0.7646219,0.46831512,0.5645127,0.1456065,0.59711343
1,900,-1.0577868,-0.7644125,0.4582863,0.5639758,0.14495198,0.596994
1,901,-1.0585095,-0.764615,0.45614815,0.56770706,0.14429663,0.5968704
1,902,-1.0585204,-0.76409936,0.4648838,0.5643525,0.14364047,0.5967427
1,903,-1.0582391,-0.7645273,0.45843697,0.56373596,0.1429835,0.5966108
1,904,-1.0586045,-0.7635243,0.4651966,0.5674858,0.1423257,0.5964748
1,905,-1.057536,-0.7640922,0.4622574,0.56476593,0.1416671,0.59633464
1,906,-1.0587162,-0.76415884,0.46045113,0.5677767,0.14100769,0.59619033
1,907,-1.0589899,-0.7635089,0.46189117,0.5671172,0.14034748,0.5960419
1,908,-1.0586656,-0.76331735,0.4632206,0.5651045,0.13968647,0.59588933
1,909,-1.0586392,-0.7630665,0.4650879,0.56761503,0.13902467,0.5957326
1,910,-1.0585899,-0.7631279,0.4629898,0.56628513,0.13836208,0.5955717
1,911,-1.0584381,-0.7635475,0.4625206,0.5640969,0.13769871,0.5954067
1,912,-1.0587528,-0.7627697,0.46756363,0.56687784,0.13703455,0.59523755
1,913,-1.0584072,-0.76353824,0.4732132,0.5663152,0.13636962,0.5950642
1,914,-1.0590419,-0.7627744,0.46608734,0.5650959,0.1357039,0.5948867
1,915,-1.0590451,-0.7630329,0.46182823,0.5677304,0.13503744,0.5947051
1,916,-1.0589713,-0.76229876,0.46608353,0.5672636,0.1343702,0.5945194
1,917,-1.0589987,-0.7626715,0.4559002,0.5668583,0.13370217,0.5943294
1,918,-1.059174,-0.762185,0.46567154,0.5664711,0.13303341,0.5941354
1,919,-1.0594075,-0.76211035,0.46639252,0.56846476,0.13236389,0.59393716
1,920,-1.059475,-0.761976,0.45982742,0.5682502,0.13169362,0.5937348
1,921,-1.0584164,-0.7622338,0.4632511,0.5674,0.1310226,0.5935283
1,922,-1.0588136,-0.76160425,0.46658134,0.5673871,0.13035084,0.5933176
1,923,-1.059205,-0.7620605,0.45687485,0.5675626,0.12967834,0.5931028
1,924,-1.0589101,-0.7617493,0.47120094,0.5677705,0.1290051,0.5928839
1,925,-1.0595487,-0.7617085,0.46185875,0.56815195,0.12833114,0.5926608
1,926,-1.0587498,-0.76167226,0.46094513,0.5704384,0.12765644,0.5924335
1,927,-1.059124,-0.76124847,0.46795464,0.5660429,0.12698103,0.5922021
1,928,-1.059192,-0.7608461,0.45968437,0.5679102,0.1263049,0.59196657
1,929,-1.0588343,-0.76086533,0.46046257,0.56790066,0.12562804,0.59172684
1,930,-1.059353,-0.76047814,0.46185875,0.5662675,0.12495048,0.591483
1,931,-1.0592269,-0.7606561,0.46696854,0.5664973,0.12427221,0.591235
1,932,-1.0592239,-0.7601685,0.46640396,0.56962156,0.12359324,0.59098285
1,933,-1.0593016,-0.7601482,0.46629333,0.56646633,0.12291357,0.59072655
1,934,-1.0598896,-0.7599826,0.4649887,0.56990623,0.122233205,0.59046614
1,935,-1.0597292,-0.75927544,0.46578026,0.5691271,0.12155214,0.59020156
1,936,-1.0591874,-0.7598412,0.45848274,0.5686097,0.1208704,0.58993286
1,937,-1.0594084,-0.7594646,0.4642334,0.5700011,0.12018797,0.58966
1,938,-1.0603861,-0.7597154,0.46126366,0.5657282,0.11950486,0.58938295
1,939,-1.0599854,-0.7593187,0.4656601,0.56941843,0.11882108,0.58910185
1,940,-1.0598707,-0.7588446,0.46987343,0.5694432,0.11813662,0.5888165
1,941,-1.0598052,-0.7586161,0.46757126,0.5680628,0.117451504,0.58852714
1,942,-1.0594578,-0.7594454,0.46073723,0.56768894,0.11676572,0.58823353
1,943,-1.0600091,-0.75832045,0.4669342,0.56870174,0.11607928,0.58793586
1,944,-1.059231,-0.7596594,0.45989418,0.5709071,0.11539218,0.587634
1,945,-1.0592903,-0.7584095,0.46440887,0.5675936,0.11470444,0.587328
1,946,-1.0594984,-0.7581916,0.462471,0.56905746,0.11401604,0.58701795
1,947,-1.0594614,-0.75816107,0.46459007,0.5685873,0.113327004,0.5867037
1,948,-1.0594504,-0.75863755,0.4663086,0.5711503,0.112637326,0.5863853
1,949,-1.0601281,-0.7583431,0.4636898,0.5709863,0.111947015,0.58606285
1,950,-1.0596554,-0.75835526,0.46446037,0.571013,0.11125608,0.5857362
1,951,-1.0592083,-0.75742793,0.46339607,0.5707884,0.110564515,0.58540547
1,952,-1.0597775,-0.7579163,0.4695511,0.57020426,0.109872326,0.58507055
1,953,-1.0600915,-0.75754654,0.46865082,0.56953526,0.10917952,0.5847316
1,954,-1.0595819,-0.75732183,0.46140862,0.57039833,0.1084861,0.58438843
1,955,-1.06041,-0.75675523,0.46379662,0.5694504,0.10779207,0.5840412
1,956,-1.0599447,-0.75699073,0.46821594,0.5718584,0.10709744,0.5836898
1,957,-1.0600423,-0.7563272,0.46938705,0.5719633,0.1064022,0.5833343
1,958,-1.060407,-0.7571187,0.46787453,0.57266474,0.10570637,0.58297473
1,959,-1.0594397,-0.75721705,0.46035957,0.5712857,0.10500994,0.582611
1,960,-1.0599282,-0.7572906,0.4584999,0.5741124,0.104312934,0.5822432
1,961,-1.0599874,-0.75654423,0.46398926,0.5716877,0.103615336,0.58187133
1,962,-1.060447,-0.75616014,0.46939278,0.57166624,0.10291716,0.5814953
1,963,-1.0603428,-0.7561564,0.45548248,0.57240725,0.102218404,0.5811151
1,964,-1.0603635,-0.7557374,0.45393562,0.5724845,0.10151908,0.5807309
1,965,-1.0601279,-0.7561087,0.47346878,0.5718808,0.10081918,0.58034253
1,966,-1.059964,-0.755592,0.47042656,0.5715933,0.10011873,0.5799501
1,967,-1.0605977,-0.75489676,0.46499825,0.5698123,0.09941771,0.57955354
1,968,-1.06011,-0.7554277,0.46801376,0.57384014,0.09871613,0.57915294
1,969,-1.060056,-0.75554687,0.46592712,0.5730963,0.09801401,0.5787482
1,970,-1.0603268,-0.75514853,0.45388412,0.5716729,0.09731134,0.5783394
1,971,-1.0606711,-0.75557804,0.4647751,0.57454777,0.09660813,0.5779265
1,972,-1.060805,-0.7544627,0.46295166,0.57056046,0.09590438,0.5775095
1,973,-1.0603696,-0.7554817,0.46258354,0.5715389,0.0952001,0.5770884
1,974,-1.0608939,-0.75460887,0.46442413,0.5715952,0.09449528,0.5766633
1,975,-1.0601006,-0.7547165,0.4579754,0.5722079,0.09378994,0.5762341
1,976,-1.0612422,-0.7542809,0.46744537,0.5716839,0.09308408,0.5758008
1,977,-1.0607272,-0.7542407,0.45675278,0.5722723,0.09237771,0.5753634
1,978,-1.0601059,-0.7543132,0.46344185,0.5698786,0.09167082,0.57492197
1,979,-1.0603856,-0.7544524,0.45579147,0.5725522,0.09096342,0.5744765
1,980,-1.0606574,-0.7537626,0.46767998,0.5716772,0.09025552,0.57402694
1,981,-1.0601281,-0.7547762,0.46814346,0.57098675,0.08954712,0.5735733
1,982,-1.0608608,-0.7533204,0.45508194,0.5725341,0.08883822,0.57311565
1,983,-1.0602908,-0.753744,0.4681759,0.57277536,0.088128835,0.5726539
1,984,-1.0616941,-0.7534786,0.47299385,0.57206964,0.08741896,0.57218814
1,985,-1.061019,-0.7533825,0.45770454,0.574667,0.086708605,0.5717183
1,986,-1.0605724,-0.75296897,0.46361923,0.5730939,0.08599777,0.5712444
1,987,-1.0609363,-0.75314206,0.45755196,0.5729389,0.08528646,0.5707665
1,988,-1.0604519,-0.7530996,0.46833038,0.57503366,0.084574685,0.57028455
1,989,-1.0612212,-0.75234437,0.46386528,0.57293797,0.08386244,0.5697986
1,990,-1.0616676,-0.75235087,0.46474266,0.5698538,0.08314973,0.5693086
1,991,-1.0606252,-0.752375,0.4515648,0.5730176,0.08243658,0.5688145
1,992,-1.0610849,-0.7528856,0.46687698,0.5766597,0.08172296,0.56831646
1,993,-1.0615227,-0.7519293,0.4662552,0.57231283,0.0810089,0.5678144
1,994,-1.0612321,-0.75245464,0.46710014,0.5693922,0.08029439,0.5673083
1,995,-1.0612966,-0.751845,0.45423508,0.57501936,0.07957945,0.5667982
1,996,-1.0615106,-0.75188786,0.46315575,0.57368946,0.078864075,0.56628406
1,997,-1.0621669,-0.75172806,0.46607208,0.5724535,0.07814827,0.5657659
1,998,-1.0611397,-0.751392,0.45835304,0.57539606,0.07743204,0.56524384
1,999,-1.0612903,-0.7511798,0.46308136,0.5674877,0.07671538,0.5647177
2,0,-0.3969789,0.639789,2.0360184,1.0930247,-0.570985,-0.010316873
2,1,-0.39683998,0.64100504,2.0457,1.0894232,-0.5716949,-0.011020052
2,2,-0.3969196,0.6408578,2.0408134,1.0876837,-0.5724068,-0.0117238825
2,3,-0.39659578,0.6411041,2.0428371,1.0886946,-0.57312065,-0.01242836
2,4,-0.39692003,0.64159226,2.04257,1.0895662,-0.5738365,-0.013133481
2,5,-0.39691943,0.641284,2.0484772,1.088512,-0.5745543,-0.013839243
2,6,-0.3967626,0.6416744,2.0396137,1.0883698,-0.57527405,-0.01454564
2,7,-0.39658016,0.6416609,2.0419865,1.0891743,-0.5759958,-0.01525267
2,8,-0.39649957,0.6417899,2.0484352,1.0892692,-0.57671946,-0.015960328
2,9,-0.39662933,0.6418698,2.045723,1.0891595,-0.5774451,-0.016668612
2,10,-0.39683825,0.6422856,2.0457363,1.088089,-0.5781726,-0.017377516
2,11,-0.39662498,0.6424949,2.0415993,1.08881,-0.57890207,-0.018087039
2,12,-0.39698106,0.64270616,2.0447025,1.0879917,-0.5796334,-0.018797174
2,13,-0.39659244,0.64257467,2.045597,1.088418,-0.5803667,-0.01950792
2,14,-0.39686114,0.64316404,2.0420551,1.0893617,-0.58110183,-0.020219272
2,15,-0.39684296,0.64294183,2.0416355,1.0887151,-0.58183885,-0.020931227
2,16,-0.39707088,0.6432047,2.0419216,1.0892553,-0.58257776,-0.02164378
2,17,-0.39712512,0.6436044,2.042509,1.0876007,-0.58331853,-0.022356927
2,18,-0.39736634,0.64337313,2.037754,1.0865431,-0.5840612,-0.023070665
2,19,-0.39713943,0.64390767,2.0476284,1.0895138,-0.58480567,-0.023784991
2,20,-0.39719754,0.6435183,2.0434208,1.0884418,-0.585552,-0.0244999
2,21,-0.3966512,0.6442437,2.0386906,1.0898724,-0.5863002,-0.02521539
2,22,-0.3967607,0.64459646,2.0385551,1.0893979,-0.58705014,-0.025931453
2,23,-0.39679682,0.64454484,2.0384846,1.0872312,-0.58780193,-0.02664809
2,24,-0.39691436,0.6447573,2.041521,1.088459,-0.5885555,-0.027365293
2,25,-0.39730382,0.6449832,2.0423222,1.090056,-0.58931094,-0.028083062
2,26,-0.39738888,0.64500797,2.03693,1.0878778,-0.5900681,-0.02880139
2,27,-0.39714408,0.64492977,2.042593,1.0884047,-0.59082705,-0.029520275
2,28,-0.39707536,0.6448374,2.0427494,1.088912,-0.5915878,-0.030239712
2,29,-0.3968535,0.64515495,2.0416412,1.0895572,-0.5923503,-0.0309597
2,30,-0.39707327,0.6452472,2.0444126,1.088191,-0.59311455,-0.03168023
2,31,-0.39697403,0.6456294,2.0396042,1.0887837,-0.59388053,-0.032401305
2,32,-0.3969304,0.64576375,2.0426693,1.0886292,-0.59464824,-0.033122912
2,33,-0.39701867,0.6459789,2.0424614,1.0893993,-0.5954177,-0.033845056
2,34,-0.39714944,0.6461384,2.0431366,1.0900369,-0.59618884,-0.03456773
2,35,-0.3969863,0.6465187,2.0434055,1.0892248,-0.5969617,-0.035290927
2,36,-0.39717984,0.6464789,2.0393906,1.0887918,-0.59773624,-0.036014646
2,37,-0.39764506,0.6468661,2.034603,1.087039,-0.5985125,-0.036738884
2,38,-0.39724284,0.6466335,2.0395298,1.0882702,-0.5992904,-0.03746363
2,39,-0.3971579,0.6469631,2.0387745,1.0880527,-0.60006994,-0.038188893
2,40,-0.39719218,0.6470114,2.0397015,1.0891771,-0.60085124,-0.03891466
2,41,-0.39718813,0.64731467,2.0411339,1.0882483,-0.6016341,-0.03964093
2,42,-0.3975712,0.6476165,2.0370522,1.0878267,-0.60241866,-0.040367696
2,43,-0.39720654,0.6475836,2.0373573,1.0888181,-0.6032048,-0.041094955
2,44,-0.39711928,0.6475471,2.0404625,1.08844,-0.6039926,-0.04182271
2,45,-0.39754325,0.6480272,2.037037,1.0875921,-0.604782,-0.042550944
2,46,-0.39718443,0.647918,2.0395641,1.0879793,-0.605573,-0.043279663
2,47,-0.3970304,0.6483444,2.0381107,1.088253,-0.60636556,-0.044008862
2,48,-0.397398,0.64848685,2.038725,1.0873213,-0.60715973,-0.044738535
2,49,-0.3975464,0.64839125,2.0328884,1.0884438,-0.6079555,-0.045468677
2,50,-0.39740908,0.6487957,2.0414276,1.0881557,-0.60875285,-0.04619929
2,51,-0.39728528,0.64887226,2.0386047,1.0896983,-0.6095517,-0.046930358
2,52,-0.39739382,0.64881456,2.0434875,1.0887647,-0.6103521,-0.04766189
2,53,-0.39724994,0.6493033,2.038538,1.0892525,-0.6111541,-0.048393875
2,54,-0.39741158,0.6494584,2.039177,1.0880647,-0.61195755,-0.04912631
2,55,-0.39725775,0.6496295,2.0344238,1.087863,-0.6127626,-0.049859192
2,56,-0.39709413,0.6497221,2.0373898,1.0880051,-0.6135691,-0.050592516
2,57,-0.3971815,0.6498829,2.040882,1.0878968,-0.6143771,-0.05132628
2,58,-0.39753354,0.65009224,2.0341263,1.0879416,-0.6151866,-0.052060477
2,59,-0.39718217,0.6500242,2.0351105,1.0892076,-0.61599755,-0.052795105
2,60,-0.39711028,0.65010595,2.0368118,1.0887423,-0.61680996,-0.05353016
2,61,-0.39732647,0.65019596,2.036152,1.0890217,-0.61762387,-0.054265637
2,62,-0.3970971,0.65056515,2.0364723,1.0887694,-0.61843926,-0.05500153
2,63,-0.39751583,0.65108573,2.036436,1.0881367,-0.619256,-0.055737842
2,64,-0.39758962,0.6508577,2.0340805,1.0877151,-0.6200743,-0.056474563
2,65,-0.39731628,0.6509433,2.039915,1.089529,-0.6208939,-0.05721169
2,66,-0.39760476,0.65155876,2.0377407,1.0888371,-0.62171495,-0.05794922
2,67,-0.3974952,0.65163445,2.0357056,1.0888782,-0.6225374,-0.058687147
2,68,-0.39737803,0.6518332,2.037691,1.0893955,-0.62336123,-0.05942547
2,69,-0.39762396,0.65198207,2.038498,1.0892777,-0.62418646,-0.06016418
2,70,-0.3975842,0.6522887,2.039959,1.0884581,-0.62501305,-0.06090328
2,71,-0.397475,0.6521939,2.035471,1.088717,-0.625841,-0.06164276
2,72,-0.39765543,0.65226364,2.0359287,1.0894842,-0.6266703,-0.06238262
2,73,-0.3975067,0.65232396,2.0343266,1.088397,-0.62750095,-0.06312285
2,74,-0.39753968,0.6526724,2.0371532,1.0877681,-0.6283329,-0.063863456
2,75,-0.39784056,0.6532576,2.0305119,1.0886765,-0.62916625,-0.064604424
2,76,-0.39744884,0.65300226,2.039034,1.0880275,-0.6300008,-0.06534575
2,77,-0.39749932,0.65323937,2.0364265,1.0877409,-0.6308367,-0.06608744
2,78,-0.39764386,0.6537677,2.035614,1.0881815,-0.63167393,-0.06682948
2,79,-0.3977031,0.6538075,2.0362816,1.0883541,-0.63251245,-0.06757187
2,80,-0.39782977,0.65353453,2.0294876,1.0879378,-0.63335216,-0.068314604
2,81,-0.3977266,0.6540358,2.0342522,1.0878487,-0.6341932,-0.06905768
2,82,-0.39774686,0.6540357,2.0355663,1.0895033,-0.63503546,-0.0698011
2,83,-0.39760053,0.6544744,2.0331516,1.0882893,-0.635879,-0.07054485
2,84,-0.39790398,0.65434885,2.0337105,1.089673,-0.6367237,-0.07128892
2,85,-0.3978411,0.6544566,2.033146,1.0892076,-0.63756967,-0.07203332
2,86,-0.39758164,0.65508044,2.0350456,1.088191,-0.6384168,-0.072778046
2,87,-0.39789122,0.6552478,2.0338726,1.087512,-0.6392652,-0.07352308
2,88,-0.39773607,0.65501034,2.033762,1.0895495,-0.6401147,-0.07426843
2,89,-0.39769363,0.6552738,2.0306797,1.0879741,-0.64096546,-0.07501409
2,90,-0.3978058,0.65552866,2.0351639,1.0884733,-0.6418174,-0.07576005
2,91,-0.39780056,0.65570855,2.0339775,1.0885892,-0.64267045,-0.07650632
2,92,-0.39773428,0.65597045,2.0342197,1.0882416,-0.64352465,-0.07725288
2,93,-0.39785302,0.65608215,2.0348167,1.0892987,-0.64438,-0.077999726
2,94,-0.39811718,0.6565523,2.0354786,1.088068,-0.6452365,-0.07874687
2,95,-0.39785218,0.65632653,2.0299435,1.0885954,-0.6460941,-0.07949429
2,96,-0.397734,0.6561005,2.03158,1.0883636,-0.6469528,-0.08024199
2,97,-0.39759052,0.65678847,2.031227,1.0887117,-0.6478126,-0.080989964
2,98,-0.39791942,0.65671384,2.0297756,1.0879321,-0.6486735,-0.08173822
2,99,-0.3979209,0.65689564,2.030716,1.0884433,-0.6495354,-0.08248673
2,100,-0.3977455,0.65722764,2.0348701,1.0883431,-0.6503985,-0.08323551
2,101,-0.39792526,0.6573242,2.0314713,1.0882459,-0.6512625,-0.08398454
2,102,-0.39796633,0.65717447,2.0324554,1.0883908,-0.6521277,-0.08473384
2,103,-0.39756727,0.65735507,2.0312786,1.0882182,-0.65299386,-0.08548337
2,104,-0.39799815,0.65783274,2.0339851,1.0880799,-0.65386105,-0.08623316
2,105,-0.3979566,0.6581582,2.031826,1.0880666,-0.65472925,-0.08698319
2,106,-0.3979802,0.65802205,2.0321102,1.0888886,-0.65559846,-0.087733455
2,107,-0.39784205,0.6582259,2.0327148,1.0879188,-0.65646863,-0.08848395
2,108,-0.3980443,0.65828705,2.0324059,1.088604,-0.6573398,-0.08923468
2,109,-0.39778572,0.65840304,2.0303001,1.0876937,-0.658212,-0.08998563
2,110,-0.39775681,0.658661,2.031248,1.0883036,-0.6590851,-0.09073681
2,111,-0.3977877,0.65905297,2.0282116,1.0883842,-0.6599592,-0.0914882
2,112,-0.39790452,0.6590973,2.0302105,1.0878906,-0.6608342,-0.092239805
2,113,-0.39789695,0.6589643,2.0243473,1.0870018,-0.66171014,-0.09299161
2,114,-0.39805347,0.6593765,2.0291862,1.0874743,-0.662587,-0.09374363
2,115,-0.39796758,0.65966845,2.032734,1.0878716,-0.6634647,-0.09449585
2,116,-0.39784193,0.65966773,2.0314274,1.0872002,-0.6643434,-0.09524826
2,117,-0.39831448,0.6597645,2.0292282,1.0875578,-0.66522294,-0.09600086
2,118,-0.39806664,0.65994275,2.0306053,1.0887799,-0.66610336,-0.09675365
2,119,-0.3980453,0.6600969,2.02981,1.0876031,-0.6669847,-0.09750662
2,120,-0.39777023,0.66016054,2.030857,1.0889268,-0.6678668,-0.09825977
2,121,-0.3979572,0.66041136,2.0239544,1.0870295,-0.6687498,-0.0990131
2,122,-0.39821386,0.6609572,2.030651,1.0874729,-0.6696336,-0.0997666
2,123,-0.39810216,0.661042,2.0272846,1.0889616,-0.6705183,-0.10052026
2,124,-0.3980149,0.66118824,2.0312881,1.0880747,-0.67140377,-0.10127408
2,125,-0.39838994,0.66109693,2.0304928,1.0876379,-0.67229,-0.102028064
2,126,-0.39826632,0.6612122,2.0224838,1.0877218,-0.67317706,-0.1027822
2,127,-0.39779633,0.66161835,2.0280514,1.0876937,-0.67406493,-0.10353649
2,128,-0.39812827,0.6614671,2.027439,1.0878949,-0.6749535,-0.10429091
2,129,-0.39822787,0.66186833,2.0266342,1.0882125,-0.6758429,-0.10504548
2,130,-0.3981542,0.66162264,2.0290413,1.0872502,-0.676733,-0.10580019
2,131,-0.39826906,0.6619667,2.0318089,1.0882878,-0.67762387,-0.10655503
2,132,-0.39810848,0.66219556,2.026455,1.088314,-0.67851543,-0.10731
2,133,-0.39813387,0.66266966,2.030943,1.0878534,-0.6794077,-0.10806508
2,134,-0.3979926,0.66266036,2.0272655,1.0865412,-0.6803007,-0.10882029
2,135,-0.39812374,0.66261864,2.0219688,1.0863409,-0.6811944,-0.109575614
2,136,-0.39834005,0.6630368,2.029089,1.0873895,-0.6820888,-0.11033105
2,137,-0.398551,0.663355,2.0292282,1.0877476,-0.6829838,-0.11108659
2,138,-0.39820284,0.6633221,2.0288048,1.0875869,-0.68387955,-0.11184224
2,139,-0.39832032,0.66321707,2.024458,1.0876589,-0.6847759,-0.11259798
2,140,-0.3985631,0.6635933,2.0261745,1.0870733,-0.6856729,-0.11335382
2,141,-0.39867234,0.6640146,2.026085,1.0873122,-0.6865705,-0.11410975
2,142,-0.39841586,0.66450167,2.027382,1.0884628,-0.68746877,-0.11486576
2,143,-0.39834517,0.66432726,2.0273552,1.0877743,-0.68836766,-0.11562185
2,144,-0.39837384,0.6640123,2.0269318,1.087204,-0.6892671,-0.11637802
2,145,-0.39830005,0.66457736,2.027195,1.087975,-0.6901671,-0.11713426
2,146,-0.39833438,0.66492224,2.028328,1.0871229,-0.69106776,-0.11789057
2,147,-0.39864188,0.6649951,2.0232143,1.0868626,-0.6919689,-0.11864694
2,148,-0.39804453,0.6648265,2.0246162,1.0873723,-0.6928706,-0.11940338
2,149,-0.39818966,0.6650388,2.0256004,1.0867863,-0.6937729,-0.120159864
2,150,-0.3983683,0.6653187,2.0266685,1.089004,-0.6946757,-0.120916404
2,151,-0.39851934,0.66579247,2.0256672,1.0870023,-0.695579,-0.12167299
2,152,-0.39881748,0.66562974,2.0234985,1.0876913,-0.69648284,-0.12242962
2,153,-0.39861488,0.66574883,2.0244884,1.086977,-0.69738716,-0.12318628
2,154,-0.39846587,0.6658782,2.0271454,1.0873117,-0.69829196,-0.123942986
2,155,-0.3982607,0.6661917,2.0232506,1.0871644,-0.6991973,-0.12469972
2,156,-0.39821446,0.6660539,2.024683,1.0871892,-0.70010304,-0.12545648
2,157,-0.39865345,0.6666087,2.0242004,1.0865784,-0.7010092,-0.12621325
2,158,-0.39841866,0.66659033,2.0270195,1.0871654,-0.70191586,-0.12697005
2,159,-0.39872003,0.66658854,2.0217667,1.0878396,-0.702823,-0.12772685
2,160,-0.39864492,0.6668401,2.0237904,1.0862646,-0.70373046,-0.12848367
2,161,-0.39863336,0.6671071,2.021469,1.0865116,-0.70463836,-0.12924048
2,162,-0.39828074,0.6674862,2.020916,1.0872021,-0.7055467,-0.1299973
2,163,-0.39850682,0.66757846,2.0220718,1.0872416,-0.70645535,-0.13075411
2,164,-0.39858598,0.6675769,2.0216465,1.0873451,-0.70736444,-0.13151093
2,165,-0.39843768,0.66752326,2.0260277,1.0865984,-0.7082739,-0.13226771
2,166,-0.39856845,0.6681875,2.0207767,1.0877199,-0.7091837,-0.13302448
2,167,-0.3986681,0.66803515,2.020876,1.0868053,-0.7100938,-0.13378124
2,168,-0.398839,0.6684935,2.020401,1.0875282,-0.71100426,-0.13453797
2,169,-0.3990206,0.66862893,2.0193806,1.0861254,-0.7119151,-0.13529466
2,170,-0.39881808,0.6684792,2.022974,1.0857024,-0.71282613,-0.13605133
2,171,-0.39908522,0.66861475,2.0250664,1.0881176,-0.71373755,-0.13680795
2,172,-0.3988095,0.6691315,2.0191555,1.0871248,-0.71464926,-0.13756453
2,173,-0.39866096,0.66907847,2.0259151,1.0874467,-0.7155612,-0.13832106
2,174,-0.3985784,0.6691015,2.0193233,1.085979,-0.71647346,-0.13907753
2,175,-0.39929706,0.66943824,2.026226,1.0872726,-0.7173859,-0.13983396
2,176,-0.3988008,0.66944563,2.021492,1.0871844,-0.7182986,-0.14059031
2,177,-0.39939225,0.66963434,2.02137,1.0866222,-0.7192116,-0.14134662
2,178,-0.39891207,0.66976607,2.0234985,1.0872912,-0.7201248,-0.14210284
2,179,-0.3988909,0.669711,2.0226746,1.0868707,-0.72103816,-0.142859
2,180,-0.3986851,0.67025566,2.0207157,1.0871868,-0.7219517,-0.14361507
2,181,-0.3988912,0.6700362,2.0228138,1.0855527,-0.7228655,-0.14437106
2,182,-0.39854282,0.6703061,2.0177097,1.0866241,-0.72377944,-0.14512697
2,183,-0.39878488,0.6706699,2.0253315,1.0869226,-0.7246936,-0.14588279
2,184,-0.398638,0.670727,2.0205956,1.0874276,-0.7256079,-0.14663851
2,185,-0.39868945,0.6712117,2.019186,1.0867052,-0.72652227,-0.14739414
2,186,-0.3985871,0.67125285,2.021923,1.086266,-0.7274368,-0.14814965
2,187,-0.39892846,0.6713984,2.024147,1.0865536,-0.7283515,-0.14890505
2,188,-0.3987254,0.671551,2.0166702,1.086422,-0.7292662,-0.14966036
2,189,-0.39886796,0.6717087,2.021555,1.0866799,-0.7301811,-0.15041554
2,190,-0.3988213,0.67173076,2.0201836,1.0867133,-0.7310961,-0.1511706
2,191,-0.3986969,0.6717515,2.0195084,1.0877523,-0.73201114,-0.15192553
2,192,-0.39907366,0.67218935,2.0152245,1.0861087,-0.7329262,-0.15268034
2,193,-0.39893752,0.6725899,2.021984,1.0861053,-0.73384136,-0.153435
2,194,-0.39889437,0.6723298,2.0175343,1.0876884,-0.7347566,-0.15418954
2,195,-0.3988676,0.67251146,2.023117,1.0871925,-0.73567176,-0.15494394
2,196,-0.3992237,0.6726798,2.0191631,1.0864921,-0.73658705,-0.15569818
2,197,-0.3987621,0.6729299,2.0147896,1.0852289,-0.7375023,-0.15645227
2,198,-0.39906287,0.6732272,2.0143814,1.0867481,-0.73841757,-0.15720621
2,199,-0.39913958,0.6730889,2.019884,1.0861053,-0.7393328,-0.15795998
2,200,-0.39876002,0.67337036,2.0192528,1.087244,-0.74024796,-0.1587136
2,201,-0.39891893,0.6734123,2.0214481,1.0865922,-0.7411632,-0.15946704
2,202,-0.39900607,0.67348933,2.0193768,1.0862298,-0.7420783,-0.16022032
2,203,-0.39887345,0.6739571,2.02318,1.0854874,-0.74299335,-0.16097341
2,204,-0.39913732,0.6741328,2.0158882,1.0854878,-0.7439084,-0.16172633
2,205,-0.39910918,0.6740341,2.0192966,1.0857139,-0.7448233,-0.16247906
2,206,-0.3989737,0.67411137,2.0184383,1.0860672,-0.74573815,-0.1632316
2,207,-0.399069,0.6742978,2.019333,1.0870628,-0.74665284,-0.16398394
2,208,-0.3992632,0.6749339,2.0156498,1.0862265,-0.7475675,-0.16473609
2,209,-0.3990171,0.67460585,2.0197697,1.0857167,-0.7484819,-0.16548803
2,210,-0.39898455,0.67503536,2.0186234,1.0862045,-0.7493963,-0.16623977
2,211,-0.39913768,0.675128,2.017828,1.0857663,-0.7503105,-0.1669913
2,212,-0.39908445,0.67514896,2.0185947,1.0858626,-0.7512245,-0.1677426
2,213,-0.39916646,0.6757544,2.0140495,1.086595,-0.75213844,-0.16849369
2,214,-0.39917803,0.6756375,2.0181332,1.0856357,-0.7530521,-0.16924456
2,215,-0.3992933,0.6760247,2.0182648,1.0856309,-0.7539656,-0.16999519
2,216,-0.39913583,0.6759156,2.0182095,1.0858803,-0.7548789,-0.1707456
2,217,-0.39925814,0.6761544,2.0134125,1.0861769,-0.75579196,-0.17149575
2,218,-0.39915758,0.67651606,2.0133839,1.0866494,-0.7567048,-0.17224568
2,219,-0.3991539,0.67654,2.011055,1.0868864,-0.7576174,-0.17299536
2,220,-0.39926618,0.67665064,2.0141907,1.0863123,-0.7585298,-0.17374478
2,221,-0.39909333,0.6766728,2.016016,1.0860996,-0.7594419,-0.17449395
2,222,-0.39924592,0.67692053,2.0167599,1.0859537,-0.76035374,-0.17524287
2,223,-0.39954203,0.67718863,2.0174541,1.0848756,-0.7612653,-0.17599152
2,224,-0.39956158,0.6772857,2.0103264,1.0861268,-0.7621765,-0.17673992
2,225,-0.39925522,0.6773286,2.0135841,1.0857787,-0.76308745,-0.17748803
2,226,-0.39938664,0.6775911,2.0132008,1.087193,-0.7639981,-0.17823586
2,227,-0.39947128,0.6779696,2.0155945,1.0848575,-0.76490843,-0.17898342
2,228,-0.39955866,0.6775613,2.0169334,1.0866475,-0.7658184,-0.17973068
2,229,-0.39918858,0.678108,2.0119438,1.0858598,-0.766728,-0.18047766
2,230,-0.39910388,0.67818856,2.0173397,1.0854588,-0.76763725,-0.18122436
2,231,-0.39908177,0.6781851,2.0146294,1.0867019,-0.76854616,-0.18197076
2,232,-0.3994766,0.67864025,2.0137386,1.0876522,-0.76945466,-0.18271685
2,233,-0.39950186,0.6784214,2.0144367,1.0857701,-0.77036273,-0.18346263
2,234,-0.39943886,0.6789607,2.0130424,1.085146,-0.77127045,-0.18420811
2,235,-0.39913177,0.67906153,2.0126286,1.0840406,-0.77217776,-0.18495327
2,236,-0.39923066,0.67881846,2.0165787,1.0852685,-0.7730846,-0.1856981
2,237,-0.3992887,0.679477,2.0188503,1.0849681,-0.77399105,-0.18644263
2,238,-0.39931536,0.6795881,2.012495,1.0846963,-0.774897,-0.18718682
2,239,-0.39948016,0.6798738,2.0084686,1.0861044,-0.7758025,-0.18793067
2,240,-0.39952898,0.6797886,2.0135403,1.0852256,-0.77670753,-0.1886742
2,241,-0.39931017,0.68012977,2.0141163,1.084743,-0.7776121,-0.18941739
2,242,-0.39912492,0.6803124,2.0119553,1.084908,-0.7785161,-0.19016023
2,243,-0.39932102,0.6801996,2.0109844,1.0844483,-0.77941966,-0.19090271
2,244,-0.39944053,0.68044317,2.011345,1.0853286,-0.78032273,-0.19164486
2,245,-0.39911866,0.6809901,2.013054,1.0847049,-0.7812252,-0.19238664
2,246,-0.39991355,0.6807523,2.0035172,1.0835376,-0.7821272,-0.19312805
2,247,-0.39966494,0.6809429,2.00778,1.0833502,-0.7830286,-0.19386911
2,248,-0.39953417,0.6816143,2.0143013,1.084724,-0.78392947,-0.19460979
2,249,-0.3993212,0.68128943,2.0112476,1.0846381,-0.78482974,-0.19535011
2,250,-0.3995477,0.68172014,2.0132866,1.0849686,-0.7857294,-0.19609003
2,251,-0.39975852,0.6814568,2.010744,1.0847025,-0.78662854,-0.19682959
2,252,-0.39969194,0.6820077,2.0160236,1.0839844,-0.787527,-0.19756874
2,253,-0.39953995,0.68216026,2.009697,1.0851631,-0.7884249,-0.19830751
2,254,-0.39980245,0.68202126,2.0130424,1.0844617,-0.78932214,-0.1990459
2,255,-0.39977336,0.68250465,2.0080853,1.0835648,-0.7902188,-0.19978386
2,256,-0.39972925,0.6826172,2.0124512,1.0847898,-0.79111475,-0.20052144
2,257,-0.39951986,0.68269014,2.0090961,1.0842328,-0.79201,-0.2012586
2,258,-0.39948905,0.68280196,2.0116062,1.083703,-0.7929047,-0.20199536
2,259,-0.39965767,0.6828561,2.0132656,1.0846682,-0.7937986,-0.20273168
2,260,-0.39957964,0.68325007,2.0091248,1.085165,-0.79469186,-0.20346761
2,261,-0.3996479,0.6833633,2.0071068,1.0832009,-0.7955844,-0.20420308
2,262,-0.39962178,0.68324566,2.0085945,1.0835032,-0.7964762,-0.20493814
2,263,-0.39991736,0.6835203,2.005827,1.0843434,-0.79736733,-0.20567277
2,264,-0.39972305,0.68374527,2.006466,1.0842133,-0.79825765,-0.20640697
2,265,-0.39979893,0.683916,2.0080261,1.0845585,-0.7991473,-0.20714071
2,266,-0.39983523,0.6841545,2.0059605,1.0841179,-0.80003613,-0.20787401
2,267,-0.39997506,0.68404675,2.0084362,1.0836749,-0.8009242,-0.20860687
2,268,-0.4000187,0.68447554,2.0070343,1.084032,-0.8018115,-0.20933926
2,269,-0.40011233,0.6847414,2.0094528,1.0819025,-0.802698,-0.21007119
2,270,-0.39957815,0.6849073,2.0069675,1.0824733,-0.8035837,-0.21080267
2,271,-0.39980036,0.6849164,2.0089016,1.0845847,-0.8044686,-0.21153368
2,272,-0.39975727,0.68501043,2.0086937,1.0845613,-0.8053526,-0.21226421
2,273,-0.39973468,0.6851599,2.0069084,1.0842018,-0.80623585,-0.21299428
2,274,-0.39981258,0.68536055,2.0029545,1.0820065,-0.80711824,-0.21372385
2,275,-0.3998807,0.6848898,2.0030308,1.0826292,-0.80799973,-0.21445295
2,276,-0.39983124,0.68595195,2.0080376,1.0851812,-0.8088804,-0.21518156
2,277,-0.39982784,0.68590856,2.0063229,1.084383,-0.8097601,-0.21590967
2,278,-0.39968926,0.68586326,2.008072,1.0828371,-0.81063896,-0.21663728
2,279,-0.39978474,0.68594337,2.0055542,1.0839539,-0.81151694,-0.21736442
2,280,-0.39967787,0.6860422,2.0091934,1.0837541,-0.81239396,-0.21809103
2,281,-0.39992672,0.6862762,2.0068054,1.083581,-0.8132701,-0.21881713
2,282,-0.39991915,0.6867478,2.0059109,1.0836601,-0.8141453,-0.21954273
2,283,-0.39991575,0.6870816,2.0048294,1.0833392,-0.81501955,-0.22026779
2,284,-0.39967394,0.68691456,2.0060444,1.0828505,-0.8158928,-0.22099234
2,285,-0.3998915,0.6869986,2.0036354,1.0833664,-0.8167651,-0.22171637
2,286,-0.40012735,0.68728733,2.0063763,1.0836759,-0.8176365,-0.22243987
2,287,-0.4000526,0.6876466,2.0074062,1.0830584,-0.81850684,-0.22316283
2,288,-0.39989525,0.6875434,2.0050983,1.084188,-0.8193762,-0.22388527
2,289,-0.39974117,0.6876584,2.004633,1.0837984,-0.8202445,-0.22460714
2,290,-0.39996505,0.6881584,2.0057697,1.0815597,-0.8211118,-0.22532849
2,291,-0.4002729,0.6879381,2.0056114,1.0825925,-0.8219781,-0.22604927
2,292,-0.39986885,0.6883334,2.0031738,1.0827899,-0.8228433,-0.2267695
2,293,-0.40029788,0.6883719,2.009138,1.0826416,-0.8237075,-0.22748917
2,294,-0.40012842,0.68890464,2.0076447,1.0828328,-0.8245706,-0.22820829
2,295,-0.39985085,0.68863463,2.0011444,1.0816841,-0.82543266,-0.22892682
2,296,-0.40037948,0.68930614,2.0014439,1.0822434,-0.8262936,-0.2296448
2,297,-0.39997876,0.6891482,2.0019245,1.0828133,-0.82715344,-0.2303622
2,298,-0.39997292,0.6893325,2.003561,1.082376,-0.82801217,-0.23107901
2,299,-0.4003712,0.68977225,2.0057144,1.0823989,-0.8288698,-0.23179525
2,300,-0.40040916,0.68943274,2.0056248,1.0831547,-0.8297263,-0.2325109
2,301,-0.39998102,0.6900785,2.0034294,1.0809269,-0.83058167,-0.23322596
2,302,-0.4004119,0.6899959,2.009735,1.0830784,-0.83143586,-0.23394041
2,303,-0.3999883,0.68987954,1.9996262,1.082613,-0.8322889,-0.23465428
2,304,-0.4004879,0.6898519,2.008276,1.0802331,-0.8331408,-0.23536754
2,305,-0.40038753,0.6901771,2.0058842,1.0814872,-0.83399147,-0.23608018
2,306,-0.4001677,0.69019246,2.0017834,1.0814705,-0.83484095,-0.2367922
2,307,-0.40032148,0.69077015,2.006609,1.0827851,-0.83568925,-0.23750363
2,308,-0.40074265,0.69129634,2.0035381,1.0818405,-0.8365363,-0.23821443
2,309,-0.40011787,0.69103825,2.000557,1.0825863,-0.83738214,-0.23892461
2,310,-0.40015805,0.6915629,2.0009098,1.0808578,-0.8382268,-0.23963416
2,311,-0.40009302,0.69100034,1.9983578,1.0801411,-0.83907014,-0.24034306
2,312,-0.40039104,0.6920358,1.9982853,1.0823603,-0.83991224,-0.24105135
2,313,-0.40022117,0.6918819,2.0000668,1.0819268,-0.8407531,-0.24175899
2,314,-0.40050226,0.6917746,1.9942722,1.0817866,-0.84159267,-0.24246597
2,315,-0.4003622,0.69221497,2.0027866,1.0815816,-0.8424309,-0.24317232
2,316,-0.40024376,0.6922046,2.0026665,1.081739,-0.84326786,-0.24387802
2,317,-0.4000861,0.6923102,2.0003433,1.0809736,-0.8441036,-0.24458306
2,318,-0.40041727,0.69223,1.9982243,1.0806999,-0.8449379,-0.24528743
2,319,-0.40024698,0.692238,2.0022678,1.0815487,-0.8457709,-0.24599114
2,320,-0.40038127,0.69293606,1.9985428,1.0816936,-0.84660256,-0.24669418
2,321,-0.40042514,0.69348204,1.9937305,1.0810556,-0.8474329,-0.24739654
2,322,-0.4003567,0.69315827,2.0019703,1.0810533,-0.84826183,-0.24809824
2,323,-0.4004317,0.69343185,1.9979954,1.0809827,-0.84908944,-0.24879925
2,324,-0.40032434,0.6932204,1.9985485,1.0819764,-0.8499156,-0.24949957
2,325,-0.40036482,0.69379616,1.99617,1.0802112,-0.85074043,-0.2501992
2,326,-0.4003954,0.6936439,1.9951,1.0799294,-0.8515639,-0.25089815
2,327,-0.40034503,0.6937028,1.9974289,1.0812812,-0.8523859,-0.25159642
2,328,-0.40054858,0.69431174,2.000906,1.0807209,-0.85320646,-0.25229394
2,329,-0.4001621,0.6942359,1.995678,1.0800982,-0.85402554,-0.25299078
2,330,-0.4005924,0.6945479,1.9946842,1.0796723,-0.85484326,-0.25368693
2,331,-0.40024245,0.69448435,1.996954,1.0798655,-0.8556595,-0.25438234
2,332,-0.40054488,0.6947541,1.995882,1.0804186,-0.8564743,-0.25507706
2,333,-0.40059376,0.69489324,1.9943771,1.0810041,-0.8572876,-0.25577104
2,334,-0.40046376,0.6951219,1.99963,1.0801616,-0.8580994,-0.2564643
2,335,-0.40050036,0.6952039,2.0019474,1.079411,-0.85890967,-0.25715682
2,336,-0.40078276,0.6955167,1.9916153,1.0799928,-0.8597185,-0.25784862
2,337,-0.40085852,0.69554377,1.9922962,1.0782657,-0.8605258,-0.2585397
2,338,-0.40059346,0.69552386,1.9992218,1.0799012,-0.8613316,-0.25923002
2,339,-0.40041286,0.6957861,1.996561,1.0797958,-0.86213577,-0.25991958
2,340,-0.40062296,0.6959909,1.998415,1.0803723,-0.86293846,-0.26060843
2,341,-0.40075117,0.69624996,1.9949036,1.0796471,-0.8637396,-0.2612965
2,342,-0.40063453,0.6964412,1.9969063,1.0798802,-0.86453915,-0.26198384
2,343,-0.4007411,0.6964725,1.9978523,1.0790758,-0.86533713,-0.2626704
2,344,-0.4005065,0.6966188,1.9943256,1.0796914,-0.8661335,-0.26335618
2,345,-0.4006098,0.6969696,1.9917793,1.0769258,-0.86692834,-0.26404122
2,346,-0.40091574,0.6968287,1.9947834,1.0786309,-0.8677215,-0.26472548
2,347,-0.40079403,0.6974944,1.9952221,1.0790763,-0.8685131,-0.26540896
2,348,-0.40067947,0.69712055,1.9943142,1.0790033,-0.86930305,-0.26609167
2,349,-0.40104407,0.69786346,1.9941387,1.078372,-0.8700913,-0.26677358
2,350,-0.40066642,0.69776106,1.9896393,1.0779777,-0.870878,-0.26745474
2,351,-0.4009089,0.6976663,1.9962997,1.079464,-0.87166303,-0.26813507
2,352,-0.40079015,0.69771755,1.9963741,1.0796833,-0.87244636,-0.26881462
2,353,-0.4005435,0.6983136,1.990715,1.0792236,-0.873228,-0.26949337
2,354,-0.40069675,0.69809747,1.9957962,1.0789161,-0.874008,-0.2701713
2,355,-0.40079075,0.69835615,1.9950218,1.0783753,-0.87478626,-0.27084845
2,356,-0.4007281,0.69860065,1.9980373,1.0790186,-0.87556285,-0.2715248
2,357,-0.40104783,0.69899666,1.9897308,1.0788441,-0.8763377,-0.27220032
2,358,-0.400993,0.6990057,1.9950981,1.0781851,-0.87711084,-0.272875
2,359,-0.40081906,0.69938457,1.9899521,1.0779762,-0.8778822,-0.2735489
2,360,-0.40057725,0.69926345,1.9939537,1.078053,-0.87865186,-0.27422196
2,361,-0.40095907,0.699288,1.9909763,1.0801291,-0.87941974,-0.27489418
2,362,-0.40081036,0.6997049,1.9890442,1.0790305,-0.88018584,-0.27556556
2,363,-0.40087646,0.6998286,1.9958496,1.0782657,-0.8809502,-0.27623612
2,364,-0.40108323,0.699777,1.9883156,1.0787954,-0.8817128,-0.27690583
2,365,-0.40067846,0.70021045,1.9903698,1.078259,-0.8824736,-0.27757472
2,366,-0.4009384,0.700397,1.9949455,1.0791807,-0.88323253,-0.27824274
2,367,-0.40127003,0.7003665,1.9913368,1.076458,-0.8839897,-0.2789099
2,368,-0.40114343,0.7004391,1.9930611,1.0787439,-0.884745,-0.2795762
2,369,-0.40108562,0.7007936,1.9948902,1.0783114,-0.8854985,-0.28024167
2,370,-0.40111232,0.70106936,1.9919834,1.0784497,-0.88625014,-0.28090626
2,371,-0.40081578,0.7007512,1.987505,1.0780921,-0.88699996,-0.28157
2,372,-0.40079135,0.7011006,1.9858017,1.0782232,-0.8877479,-0.28223282
2,373,-0.40101033,0.70119464,1.9866829,1.0774665,-0.88849396,-0.28289482
2,374,-0.40101486,0.70121074,1.9872398,1.0781198,-0.8892382,-0.28355592
2,375,-0.40103167,0.70190156,1.9872875,1.0759988,-0.88998044,-0.28421614
2,376,-0.4010018,0.7017765,1.9919739,1.077867,-0.89072084,-0.28487548
2,377,-0.40112293,0.70153606,1.9852505,1.0778508,-0.89145935,-0.2855339
2,378,-0.40120858,0.7023401,1.9952946,1.0766406,-0.8921959,-0.28619146
2,379,-0.401124,0.70197713,1.992199,1.0773854,-0.89293057,-0.28684813
2,380,-0.40112174,0.7025204,1.990736,1.0778918,-0.8936632,-0.28750387
2,381,-0.40117693,0.70260525,1.9888248,1.0783305,-0.894394,-0.28815874
2,382,-0.40120435,0.7028613,1.9871693,1.0762162,-0.8951228,-0.28881267
2,383,-0.4013741,0.7030401,1.9890118,1.0764022,-0.89584965,-0.2894657
2,384,-0.40108925,0.70277834,1.9903984,1.0768137,-0.8965745,-0.29011783
2,385,-0.40125686,0.70288074,1.9859333,1.0767479,-0.8972974,-0.290769
2,386,-0.40130585,0.7031579,1.9881725,1.0768566,-0.89801824,-0.2914193
2,387,-0.40107977,0.7034793,1.9887981,1.077436,-0.89873713,-0.29206866
2,388,-0.40133697,0.7034725,1.988369,1.0778589,-0.899454,-0.29271707
2,389,-0.40104175,0.70364106,1.9900913,1.076076,-0.90016884,-0.29336455
2,390,-0.40125686,0.7040777,1.9833183,1.076458,-0.90088165,-0.29401112
2,391,-0.40116793,0.7043427,1.9856339,1.0756073,-0.90159243,-0.29465672
2,392,-0.4010048,0.70390177,1.9903984,1.0769773,-0.90230113,-0.29530138
2,393,-0.4013242,0.703972,1.9893608,1.0762987,-0.9030078,-0.2959451
2,394,-0.40122622,0.7045423,1.9913788,1.0755911,-0.90371245,-0.29658788
2,395,-0.40144235,0.7052114,1.9902363,1.0774903,-0.90441495,-0.29722968
2,396,-0.40139943,0.70519114,1.9816265,1.0758595,-0.90511537,-0.29787055
2,397,-0.4013427,0.7056141,1.9847221,1.076705,-0.90581375,-0.29851043
2,398,-0.40160078,0.70512056,1.9879227,1.0763907,-0.90651,-0.29914936
2,399,-0.4012156,0.7056068,1.9873924,1.075954,-0.9072041,-0.2997873
2,400,-0.40164024,0.7056488,1.9816608,1.0781579,-0.9078961,-0.3004243
2,401,-0.40146405,0.7059767,1.9872818,1.0790844,-0.90858597,-0.30106032
2,402,-0.40116322,0.7060076,1.9829674,1.0776491,-0.90927374,-0.30169535
2,403,-0.4016328,0.7058948,1.9800377,1.0751262,-0.9099593,-0.3023294
2,404,-0.40098733,0.7061739,1.989851,1.0756841,-0.91064274,-0.30296245
2,405,-0.40100408,0.70656836,1.9840088,1.0747848,-0.911324,-0.3035945
2,406,-0.40128988,0.7063918,1.9806347,1.0752072,-0.9120031,-0.3042256
2,407,-0.4015153,0.70676506,1.9864368,1.0763512,-0.91268003,-0.30485567
2,408,-0.40116298,0.70673263,1.9855042,1.0760431,-0.91335475,-0.30548474
2,409,-0.40137064,0.70704055,1.9867306,1.0763378,-0.9140273,-0.30611283
2,410,-0.40131956,0.7068403,1.9848824,1.0749846,-0.9146976,-0.30673987
2,411,-0.4014805,0.70765793,1.9823208,1.0751262,-0.91536564,-0.30736592
2,412,-0.4011755,0.7074436,1.9822292,1.0749907,-0.91603154,-0.30799097
2,413,-0.4010644,0.70775914,1.9830666,1.0752211,-0.9166952,-0.308615
2,414,-0.40139884,0.7073827,1.9819164,1.0758791,-0.91735655,-0.309238
2,415,-0.4017384,0.70788014,1.9856167,1.0754628,-0.91801566,-0.30985996
2,416,-0.40154618,0.7083421,1.984087,1.0747318,-0.9186725,-0.31048092
2,417,-0.40142488,0.70837474,1.9791203,1.0740085,-0.91932714,-0.3111008
2,418,-0.40113735,0.70811796,1.985384,1.0745249,-0.91997945,-0.3117197
2,419,-0.40177554,0.70857596,1.9847603,1.0741234,-0.9206295,-0.31233755
2,420,-0.40142173,0.7085854,1.9857063,1.0743542,-0.9212772,-0.31295434
2,421,-0.40171832,0.70909595,1.9770203,1.0753894,-0.9219226,-0.31357008
2,422,-0.4012614,0.70908487,1.9813366,1.0738244,-0.92256576,-0.31418478
2,423,-0.40150583,0.70918286,1.9843674,1.0743632,-0.92320657,-0.31479844
2,424,-0.40148473,0.70945525,1.9810486,1.0735888,-0.923845,-0.31541103
2,425,-0.40153784,0.70944476,1.9755135,1.0747128,-0.92448115,-0.31602257
2,426,-0.40169448,0.7096108,1.980257,1.0734696,-0.9251149,-0.31663305
2,427,-0.40162522,0.7095475,1.9835949,1.0729866,-0.9257464,-0.31724244
2,428,-0.40162462,0.71014214,1.9831772,1.0737305,-0.92637545,-0.3178508
2,429,-0.40174347,0.70996416,1.9794788,1.0730734,-0.92700213,-0.31845805
2,430,-0.40159923,0.7102765,1.9791965,1.0745163,-0.92762643,-0.31906423
2,431,-0.40176386,0.7103392,1.9782143,1.0725989,-0.92824835,-0.31966937
2,432,-0.40161413,0.7107432,1.9753857,1.0733514,-0.9288679,-0.32027337
2,433,-0.40175253,0.7106054,1.9771442,1.0734506,-0.929485,-0.32087633
2,434,-0.40155637,0.71062875,1.980814,1.0730138,-0.9300997,-0.3214782
2,435,-0.40166825,0.71124375,1.9749241,1.0733919,-0.93071204,-0.32207894
2,436,-0.40164995,0.71089005,1.9789104,1.0730033,-0.93132186,-0.3226786
2,437,-0.40183008,0.71146035,1.9783058,1.0736957,-0.9319293,-0.32327718
2,438,-0.40170056,0.7117157,1.9739685,1.07265,-0.9325343,-0.32387462
2,439,-0.40200782,0.71180594,1.9767551,1.0731654,-0.9331368,-0.324471
2,440,-0.40159923,0.711812,1.9749336,1.073163,-0.9337369,-0.32506624
2,441,-0.40156603,0.7120043,1.9770432,1.0727491,-0.9343345,-0.32566038
2,442,-0.401806,0.7119379,1.9801598,1.0726109,-0.9349296,-0.3262534
2,443,-0.40152174,0.71248937,1.9755898,1.0730968,-0.93552226,-0.32684532
2,444,-0.40158337,0.7122563,1.9777527,1.0729413,-0.9361124,-0.3274361
2,445,-0.40174216,0.71251905,1.9781952,1.0739932,-0.93670005,-0.32802576
2,446,-0.40200496,0.712697,1.9762745,1.0739284,-0.9372852,-0.3286143
2,447,-0.401815,0.71310425,1.9743481,1.073245,-0.9378678,-0.3292017
2,448,-0.4017688,0.7130953,1.9764996,1.0722218,-0.9384479,-0.32978794
2,449,-0.40201396,0.71334875,1.9765148,1.0728145,-0.93902546,-0.33037308
2,450,-0.40187007,0.71335804,1.9752789,1.0732555,-0.9396005,-0.33095708
2,451,-0.4015739,0.7134929,1.9777641,1.0717874,-0.940173,-0.33153993
2,452,-0.40152597,0.71366453,1.9730797,1.0719366,-0.9407429,-0.3321216
2,453,-0.40149504,0.7136996,1.9750214,1.072207,-0.9413103,-0.33270216
2,454,-0.40186757,0.71411526,1.9737778,1.0712976,-0.9418751,-0.33328155
2,455,-0.40174,0.7141602,1.9758453,1.0721197,-0.9424373,-0.3338598
2,456,-0.401806,0.71450984,1.9731579,1.0711865,-0.9429969,-0.33443686
2,457,-0.40182787,0.7145543,1.978487,1.0723147,-0.943554,-0.3350128
2,458,-0.40167642,0.7146652,1.9730206,1.0719023,-0.9441084,-0.33558753
2,459,-0.40174943,0.7146895,1.9711857,1.0714841,-0.94466025,-0.3361611
2,460,-0.40187818,0.71520734,1.972044,1.0711713,-0.94520944,-0.33673352
2,461,-0.40196943,0.71510553,1.9727974,1.0718541,-0.9457561,-0.33730477
2,462,-0.4019209,0.7153269,1.9738655,1.0723758,-0.9463,-0.33787483
2,463,-0.40207982,0.71554875,1.9738445,1.0708356,-0.94684136,-0.3384437
2,464,-0.40204573,0.71588266,1.9744129,1.0709028,-0.94738,-0.3390114
2,465,-0.4018513,0.7156882,1.9727688,1.0716481,-0.94791603,-0.33957788
2,466,-0.4023474,0.7155645,1.969307,1.0701604,-0.94844943,-0.3401432
2,467,-0.40208203,0.7162601,1.972311,1.0714955,-0.94898015,-0.34070733
2,468,-0.4023003,0.71647704,1.9743328,1.0719671,-0.94950813,-0.34127027
2,469,-0.40206504,0.71626353,1.9720898,1.0707455,-0.9500335,-0.34183198
2,470,-0.40213645,0.71643126,1.971302,1.0703526,-0.95055616,-0.3423925
2,471,-0.4021653,0.7169794,1.9702072,1.0715575,-0.95107615,-0.34295183
2,472,-0.40229923,0.71720994,1.969492,1.0706053,-0.9515934,-0.34350994
2,473,-0.40222925,0.7169037,1.9747925,1.071095,-0.95210797,-0.34406683
2,474,-0.40233058,0.71736085,1.9714355,1.0703521,-0.9526198,-0.34462252
2,475,-0.40254658,0.717546,1.9651928,1.0690293,-0.9531289,-0.345177
2,476,-0.40255773,0.7177409,1.9688034,1.0698729,-0.9536353,-0.34573025
2,477,-0.402327,0.71798646,1.9670563,1.0701289,-0.95413893,-0.34628227
2,478,-0.4018417,0.7176212,1.9696579,1.0701699,-0.9546398,-0.34683308
2,479,-0.40225142,0.7180556,1.9717693,1.0703616,-0.95513797,-0.34738263
2,480,-0.40253478,0.7179034,1.9691486,1.0690923,-0.95563334,-0.347931
2,481,-0.4020205,0.71822095,1.9696789,1.0693312,-0.956126,-0.3484781
2,482,-0.4020385,0.7186663,1.9710865,1.0711617,-0.9566158,-0.34902397
2,483,-0.40220731,0.7185174,1.9696579,1.0694299,-0.9571029,-0.3495686
2,484,-0.4023276,0.718647,1.9708958,1.0693264,-0.9575872,-0.350112
2,485,-0.40216058,0.71887386,1.9692669,1.0700169,-0.95806867,-0.35065413
2,486,-0.40204376,0.71901155,1.9681702,1.0694423,-0.95854735,-0.35119504
2,487,-0.40225875,0.71920776,1.9665108,1.0684414,-0.9590233,-0.35173467
2,488,-0.4024443,0.71929324,1.9687233,1.0696468,-0.9594963,-0.35227305
2,489,-0.40242624,0.71932995,1.9656544,1.0705166,-0.9599666,-0.35281017
2,490,-0.40253055,0.7196739,1.9684315,1.0683427,-0.960434,-0.35334605
2,491,-0.40224093,0.7198777,1.9706116,1.0694957,-0.96089864,-0.35388067
2,492,-0.40233403,0.71984005,1.9699821,1.0689101,-0.9613604,-0.35441402
2,493,-0.40212262,0.7202276,1.970808,1.0688157,-0.9618193,-0.35494608
2,494,-0.40246278,0.72044396,1.9662476,1.0682454,-0.9622754,-0.3554769
2,495,-0.40236896,0.7202159,1.9681969,1.0696359,-0.96272856,-0.3560064
2,496,-0.4024415,0.72071993,1.9658604,1.0687537,-0.96317893,-0.35653466
2,497,-0.4022869,0.72084355,1.9690247,1.0687623,-0.9636264,-0.35706162
2,498,-0.40244198,0.7207663,1.9687328,1.068996,-0.964071,-0.35758734
2,499,-0.40226114,0.72107947,1.9709435,1.0692625,-0.96451265,-0.35811174
2,500,-0.40234095,0.7209786,1.9675064,1.0673242,-0.9649515,-0.35863486
2,501,-0.4022349,0.72151196,1.9689312,1.0681219,-0.9653874,-0.3591567
2,502,-0.4027033,0.72188175,1.962883,1.0682492,-0.96582043,-0.35967723
2,503,-0.4023174,0.7216368,1.9708176,1.0678964,-0.96625054,-0.36019647
2,504,-0.4023375,0.72201896,1.9649582,1.0680752,-0.9666777,-0.3607144
2,505,-0.4023462,0.72179866,1.9659691,1.0678067,-0.967102,-0.36123106
2,506,-0.4024123,0.72201824,1.968504,1.0677452,-0.96752334,-0.3617464
2,507,-0.40266865,0.72251534,1.9654522,1.0679679,-0.96794176,-0.36226043
2,508,-0.40236175,0.72222114,1.9709663,1.0676222,-0.9683572,-0.36277315
2,509,-0.4024709,0.7221985,1.9691658,1.0673289,-0.9687697,-0.36328456
2,510,-0.40257782,0.72283745,1.9635849,1.0676861,-0.96917933,-0.36379465
2,511,-0.4024331,0.7229854,1.9625492,1.0680442,-0.96958596,-0.36430344
2,512,-0.40268797,0.7227117,1.96274,1.0665851,-0.9699896,-0.3648109
2,513,-0.40240663,0.72329664,1.9658852,1.0671935,-0.97039026,-0.36531705
2,514,-0.40274864,0.7233541,1.9625835,1.0671287,-0.970788,-0.36582187
2,515,-0.402534,0.7235184,1.9625454,1.0680537,-0.9711827,-0.36632535
2,516,-0.4026199,0.7236147,1.9652958,1.0672288,-0.9715745,-0.36682752
2,517,-0.40280485,0.72365654,1.9666252,1.0670667,-0.9719632,-0.36732835
2,518,-0.4027478,0.7238858,1.9629288,1.0656757,-0.9723489,-0.36782783
2,519,-0.40273416,0.7242929,1.9594421,1.0663915,-0.9727317,-0.368326
2,520,-0.402655,0.7243912,1.9637108,1.0682979,-0.97311145,-0.3688228
2,521,-0.40299445,0.72463405,1.9648705,1.0667977,-0.97348815,-0.3693183
2,522,-0.40275574,0.72490585,1.9661407,1.0653963,-0.9738619,-0.36981243
2,523,-0.4027319,0.72457695,1.963192,1.0662732,-0.97423255,-0.3703052
2,524,-0.40277332,0.724697,1.9667797,1.0671129,-0.9746002,-0.37079665
2,525,-0.40266174,0.7255248,1.9590988,1.0670686,-0.9749648,-0.37128675
2,526,-0.40272695,0.7256367,1.9602966,1.0682712,-0.97532636,-0.37177548
2,527,-0.40270597,0.72548044,1.9580612,1.0668731,-0.9756848,-0.37226284
2,528,-0.40242952,0.72561395,1.9650612,1.0661874,-0.9760403,-0.37274885
2,529,-0.40258682,0.7258291,1.957983,1.0668173,-0.9763927,-0.3732335
2,530,-0.4024912,0.7260829,1.9588871,1.0666952,-0.976742,-0.3737168
2,531,-0.4026165,0.72579277,1.9675865,1.066453,-0.9770883,-0.3741987
2,532,-0.40296972,0.7265465,1.9660645,1.0665784,-0.9774315,-0.37467927
2,533,-0.40277976,0.7259667,1.9628773,1.0656471,-0.9777716,-0.37515846
2,534,-0.4027062,0.72621965,1.9606838,1.0646324,-0.9781086,-0.37563625
2,535,-0.40282696,0.7266822,1.9609871,1.0666189,-0.97844255,-0.3761127
2,536,-0.40284008,0.7268003,1.9622097,1.0654664,-0.97877336,-0.37658775
2,537,-0.4029079,0.7273302,1.9605999,1.0655527,-0.9791011,-0.37706143
2,538,-0.4029091,0.72731733,1.9609604,1.0653467,-0.9794257,-0.3775337
2,539,-0.40286022,0.72742975,1.9627342,1.0660748,-0.97974724,-0.3780046
2,540,-0.40267164,0.72743464,1.9586105,1.0652328,-0.98006564,-0.37847415
2,541,-0.40258205,0.7274536,1.9610958,1.0647702,-0.9803809,-0.37894225
2,542,-0.40264225,0.72757554,1.9612274,1.0644064,-0.98069304,-0.379409
2,543,-0.4030239,0.7281374,1.9598255,1.0648074,-0.9810021,-0.37987435
2,544,-0.40284556,0.7281878,1.9571552,1.0640697,-0.9813079,-0.38033828
2,545,-0.40289354,0.72861934,1.9565086,1.0662899,-0.9816107,-0.38080084
2,546,-0.40267932,0.7282442,1.957531,1.064024,-0.9819103,-0.38126197
2,547,-0.4029696,0.7284801,1.957056,1.0642347,-0.9822067,-0.3817217
2,548,-0.4027871,0.72885716,1.9572964,1.0648289,-0.9825,-0.38218006
2,549,-0.40279114,0.7288703,1.9551735,1.0638518,-0.9827901,-0.382637
2,550,-0.40282136,0.7288562,1.9532356,1.0644526,-0.9830771,-0.3830925
2,551,-0.40292323,0.7288102,1.9595966,1.0643082,-0.9833609,-0.38354662
2,552,-0.40286595,0.72928286,1.9595699,1.063962,-0.9836415,-0.3839993
2,553,-0.40300524,0.7294167,1.9569035,1.0643625,-0.9839189,-0.38445058
2,554,-0.4030568,0.72947097,1.9550476,1.0647812,-0.9841932,-0.38490042
2,555,-0.4029796,0.72978616,1.9566746,1.0635023,-0.9844642,-0.38534886
2,556,-0.40303522,0.72994554,1.9536228,1.0640941,-0.9847321,-0.3857959
2,557,-0.40295935,0.7299,1.9594078,1.0643139,-0.9849968,-0.38624147
2,558,-0.40337753,0.73024035,1.954731,1.0632334,-0.9852583,-0.38668564
2,559,-0.40311295,0.7304088,1.9525356,1.0637484,-0.9855165,-0.38712835
2,560,-0.40315378,0.73037446,1.9520512,1.0640192,-0.9857716,-0.38756967
2,561,-0.40303957,0.73085177,1.9557896,1.0638757,-0.9860234,-0.38800952
2,562,-0.40326327,0.73040044,1.954298,1.0633345,-0.98627204,-0.38844797
2,563,-0.4031577,0.7308215,1.953371,1.0633597,-0.9865174,-0.38888496
2,564,-0.40309954,0.7309563,1.9558392,1.0646973,-0.9867596,-0.3893205
2,565,-0.40326202,0.73108864,1.9514923,1.0635753,-0.98699856,-0.38975462
2,566,-0.40306777,0.7314675,1.9533978,1.0632477,-0.98723423,-0.3901873
2,567,-0.40296894,0.7315774,1.9530964,1.0631104,-0.9874667,-0.3906185
2,568,-0.40337086,0.73145175,1.9512901,1.0620241,-0.98769593,-0.39104828
2,569,-0.40304363,0.73192465,1.9553204,1.0633717,-0.9879219,-0.3914766
2,570,-0.40319443,0.7319573,1.9582119,1.0638952,-0.9881446,-0.3919035
2,571,-0.40337604,0.73233604,1.9528599,1.0632453,-0.98836404,-0.39232892
2,572,-0.40354306,0.73280716,1.9529953,1.0625901,-0.9885802,-0.39275286
2,573,-0.40316296,0.73230886,1.9541473,1.0615683,-0.9887932,-0.39317536
2,574,-0.40320647,0.73241687,1.9540653,1.0617723,-0.9890028,-0.3935964
2,575,-0.4030041,0.7332159,1.955946,1.0623012,-0.98920923,-0.394016
2,576,-0.4034567,0.7329211,1.953743,1.0621719,-0.98941237,-0.39443412
2,577,-0.4033649,0.7333237,1.9553776,1.0617447,-0.98961216,-0.3948508
2,578,-0.40300775,0.73313975,1.9532433,1.061871,-0.98980874,-0.39526597
2,579,-0.40346938,0.7335768,1.9511127,1.0621834,-0.990002,-0.3956797
2,580,-0.40330517,0.73366547,1.9502907,1.0617971,-0.99019194,-0.39609194
2,581,-0.40333188,0.73361504,1.9524956,1.0619483,-0.9903786,-0.39650273
2,582,-0.40308666,0.7338824,1.955389,1.0615301,-0.990562,-0.39691204
2,583,-0.40317297,0.73433363,1.9509926,1.0625477,-0.9907421,-0.39731985
2,584,-0.40342408,0.73421085,1.9471474,1.060935,-0.9909189,-0.3977262
2,585,-0.40329075,0.7346271,1.9512215,1.0613842,-0.9910923,-0.39813107
2,586,-0.40328366,0.7344494,1.9521542,1.0611353,-0.9912625,-0.39853445
2,587,-0.40338653,0.7346307,1.9489021,1.0610938,-0.9914293,-0.39893636
2,588,-0.40340704,0.7349198,1.9464111,1.0614066,-0.9915928,-0.39933679
2,589,-0.4034683,0.7350787,1.9466515,1.0605845,-0.99175304,-0.3997357
2,590,-0.40353608,0.73535013,1.9502316,1.0615449,-0.99190986,-0.40013313
2,591,-0.40338373,0.7354163,1.9459972,1.0603209,-0.9920634,-0.4005291
2,592,-0.403543,0.73563695,1.9475803,1.06107,-0.9922136,-0.40092355
2,593,-0.403468,0.7355503,1.950346,1.0617814,-0.9923605,-0.40131652
2,594,-0.40362138,0.73580515,1.9467335,1.0605993,-0.992504,-0.40170798
2,595,-0.40361172,0.7357979,1.9478626,1.0611043,-0.9926442,-0.40209794
2,596,-0.40345895,0.73591006,1.9506397,1.0608363,-0.99278104,-0.4024864
2,597,-0.4035523,0.7363334,1.9523754,1.0605483,-0.9929145,-0.4028734
2,598,-0.40355152,0.73631096,1.952425,1.0604186,-0.9930447,-0.40325886
2,599,-0.40374404,0.73646843,1.9497261,1.0600085,-0.99317145,-0.4036428
2,600,-0.4036172,0.7365712,1.9478302,1.0591102,-0.99329484,-0.40402526
2,601,-0.40362293,0.7368332,1.9513245,1.0601478,-0.9934149,-0.40440622
2,602,-0.40371764,0.7372198,1.949419,1.0590472,-0.9935316,-0.40478566
2,603,-0.40376502,0.73705363,1.9443531,1.0593805,-0.99364495,-0.4051636
2,604,-0.40353101,0.73720753,1.9494076,1.0597792,-0.9937549,-0.40554
2,605,-0.4037571,0.737466,1.9449959,1.0593724,-0.9938615,-0.4059149
2,606,-0.40368998,0.7378118,1.9450741,1.0594168,-0.9939647,-0.40628827
2,607,-0.4037007,0.73763597,1.947895,1.0606375,-0.9940645,-0.40666014
2,608,-0.4034825,0.7379712,1.9474182,1.0591483,-0.99416095,-0.4070305
2,609,-0.40376985,0.7380737,1.9488125,1.0596666,-0.99425405,-0.40739933
2,610,-0.4036727,0.7379205,1.9475346,1.0582685,-0.9943437,-0.40776664
2,611,-0.40376812,0.7383853,1.9462471,1.0586481,-0.99443,-0.4081324
2,612,-0.40356594,0.7383851,1.9450073,1.0597725,-0.9945129,-0.40849668
2,613,-0.40368527,0.73868155,1.9450092,1.0585308,-0.9945924,-0.4088594
2,614,-0.40354747,0.7387692,1.9459362,1.0588446,-0.99466854,-0.4092206
2,615,-0.40352434,0.73896,1.9486389,1.058888,-0.99474126,-0.4095803
2,616,-0.4036212,0.7389363,1.9425755,1.0588894,-0.9948106,-0.40993842
2,617,-0.40349352,0.7393006,1.9428806,1.0580778,-0.99487644,-0.41029504
2,618,-0.40389413,0.7393689,1.946621,1.0585289,-0.99493897,-0.4106501
2,619,-0.40366805,0.73933935,1.9449768,1.0586705,-0.99499804,-0.41100365
2,620,-0.4036647,0.73989785,1.9448185,1.0600429,-0.9950537,-0.41135567
2,621,-0.40389454,0.73978376,1.9453583,1.0590053,-0.995106,-0.41170612
2,622,-0.4036327,0.7399752,1.9457302,1.0577278,-0.99515486,-0.41205505
2,623,-0.40361047,0.74035287,1.9423599,1.0585847,-0.9952003,-0.41240245
2,624,-0.40377742,0.74021435,1.9457455,1.0585546,-0.99524224,-0.41274828
2,625,-0.4037208,0.7404001,1.9454079,1.0577188,-0.99528086,-0.41309258
2,626,-0.40393698,0.74094677,1.9453926,1.0576138,-0.995316,-0.41343534
2,627,-0.40369517,0.7409133,1.9432182,1.0593619,-0.99534774,-0.41377655
2,628,-0.4037578,0.7406509,1.943882,1.0578947,-0.99537605,-0.41411623
2,629,-0.40359443,0.7410296,1.9451447,1.0571046,-0.9954009,-0.41445434
2,630,-0.40374464,0.74123406,1.9449215,1.0571928,-0.99542236,-0.4147909
2,631,-0.40404147,0.741155,1.9417381,1.0564198,-0.99544036,-0.4151259
2,632,-0.4039809,0.74154496,1.940979,1.0570145,-0.99545497,-0.41545936
2,633,-0.40395582,0.7416831,1.9420395,1.0578156,-0.9954661,-0.41579127
2,634,-0.4038788,0.7416277,1.9450951,1.057836,-0.9954738,-0.41612163
2,635,-0.40368158,0.74190676,1.9434261,1.0573335,-0.99547803,-0.4164504
2,636,-0.40399957,0.7422391,1.940176,1.0565076,-0.9954788,-0.41677767
2,637,-0.4037763,0.7421738,1.9424267,1.0560436,-0.9954762,-0.41710332
2,638,-0.404042,0.7424723,1.9397011,1.0560646,-0.9954701,-0.41742745
2,639,-0.4038998,0.74277866,1.9396515,1.0572801,-0.99546057,-0.41775
2,640,-0.40370005,0.74279046,1.9416466,1.0571856,-0.9954476,-0.418071
2,641,-0.40440792,0.74277174,1.9409962,1.0561519,-0.9954311,-0.41839042
2,642,-0.4042601,0.7429354,1.9438305,1.0563016,-0.9954113,-0.4187083
2,643,-0.40414828,0.743446,1.9435139,1.0544767,-0.9953879,-0.4190246
2,644,-0.40398228,0.74303865,1.9436035,1.055696,-0.9953611,-0.41933933
2,645,-0.40377253,0.7435385,1.9386063,1.0557084,-0.99533087,-0.4196525
2,646,-0.40413278,0.74337816,1.9420528,1.0552049,-0.99529713,-0.41996408
2,647,-0.40403825,0.7440655,1.9383202,1.0564032,-0.99525994,-0.4202741
2,648,-0.40383595,0.74398875,1.9400234,1.0553703,-0.9952193,-0.42058256
2,649,-0.40415955,0.743798,1.9395561,1.0557008,-0.9951752,-0.42088944
2,650,-0.40395683,0.74397266,1.9407215,1.0546403,-0.9951276,-0.42119473
2,651,-0.40406036,0.7444699,1.9396038,1.0556941,-0.99507654,-0.42149845
2,652,-0.40388858,0.74466705,1.939106,1.0555763,-0.99502206,-0.4218006
2,653,-0.4041866,0.7444221,1.9387188,1.0551238,-0.99496406,-0.4221012
2,654,-0.40421075,0.744884,1.9404831,1.0550303,-0.9949026,-0.42240018
2,655,-0.40412676,0.74485695,1.9397621,1.054904,-0.9948377,-0.4226976
2,656,-0.40425467,0.74523425,1.9378548,1.0543375,-0.99476933,-0.42299345
2,657,-0.4040246,0.7450278,1.9410954,1.054575,-0.99469745,-0.4232877
2,658,-0.404074,0.7455238,1.9368954,1.0545182,-0.9946221,-0.42358038
2,659,-0.4041379,0.74561834,1.9390068,1.0540433,-0.9945433,-0.4238715
2,660,-0.4041797,0.7457632,1.9378452,1.0550437,-0.994461,-0.424161
2,661,-0.40408498,0.74566567,1.9345818,1.0542803,-0.9943753,-0.4244489
2,662,-0.4043851,0.7458589,1.9359207,1.0537176,-0.994286,-0.42473525
2,663,-0.40424323,0.7460642,1.9378967,1.0543337,-0.9941933,-0.42502
2,664,-0.40432423,0.74629414,1.9341545,1.0530167,-0.9940971,-0.42530316
2,665,-0.40416825,0.7466539,1.9343948,1.0545721,-0.9939974,-0.42558473
2,666,-0.40418577,0.7464495,1.9377728,1.0540252,-0.9938943,-0.42586473
2,667,-0.4042725,0.74678075,1.9392853,1.0535779,-0.9937876,-0.4261431
2,668,-0.40426666,0.74685574,1.9378471,1.0538368,-0.9936775,-0.4264199
2,669,-0.40403098,0.7472806,1.937954,1.0536065,-0.9935639,-0.42669514
2,670,-0.4043473,0.7473048,1.9335785,1.0529232,-0.99344677,-0.42696875
2,671,-0.40417546,0.74724185,1.9386883,1.0548949,-0.99332625,-0.4272408
2,672,-0.4040926,0.74780786,1.935833,1.0523925,-0.99320215,-0.42751122
2,673,-0.40396905,0.7476609,1.9360523,1.0537987,-0.9930746,-0.42778006
2,674,-0.4044001,0.7477367,1.9329643,1.0523319,-0.9929436,-0.4280473
2,675,-0.40414184,0.74811375,1.9353924,1.0534267,-0.99280906,-0.42831293
2,676,-0.40435004,0.7480792,1.9323425,1.0521946,-0.9926711,-0.42857698
2,677,-0.40431786,0.74818003,1.9376717,1.0524068,-0.9925296,-0.42883945
2,678,-0.40445435,0.7486448,1.9354763,1.0529361,-0.9923846,-0.42910028
2,679,-0.4043702,0.748446,1.9348736,1.0519538,-0.99223614,-0.42935953
2,680,-0.40411174,0.74892247,1.9345894,1.0522442,-0.9920842,-0.4296172
2,681,-0.40436006,0.7489612,1.9366875,1.0522933,-0.99192876,-0.42987323
2,682,-0.40423107,0.7488519,1.9343452,1.0516162,-0.99176985,-0.43012768
2,683,-0.40406471,0.74913406,1.9335747,1.0521507,-0.9916074,-0.43038052
2,684,-0.40434802,0.74958515,1.9386921,1.0518761,-0.99144155,-0.43063176
2,685,-0.4044097,0.74933815,1.9344273,1.0508986,-0.99127215,-0.4308814
2,686,-0.40476966,0.7500794,1.9365635,1.0513821,-0.9910993,-0.43112943
2,687,-0.4043597,0.74980545,1.9324055,1.0520191,-0.9909229,-0.43137586
2,688,-0.40442395,0.7501857,1.929224,1.051281,-0.9907431,-0.4316207
2,689,-0.40473503,0.75008667,1.9319553,1.0516076,-0.99055976,-0.4318639
2,690,-0.4048108,0.750394,1.9313488,1.0529451,-0.9903729,-0.4321055
2,691,-0.4049043,0.7508402,1.927721,1.0517735,-0.9901826,-0.4323455
2,692,-0.40475708,0.7506019,1.9361877,1.0524287,-0.9899888,-0.4325839
2,693,-0.4045983,0.7510514,1.9305782,1.0518823,-0.9897915,-0.43282068
2,694,-0.40474635,0.75070083,1.9316521,1.0511036,-0.98959076,-0.43305585
2,695,-0.4050216,0.7509943,1.933384,1.051753,-0.9893865,-0.4332894
2,696,-0.40484172,0.75142634,1.9331169,1.0508094,-0.9891787,-0.43352136
2,697,-0.40463203,0.75118256,1.9283276,1.051363,-0.9889675,-0.4337517
2,698,-0.40460837,0.75155246,1.9339199,1.0505857,-0.9887528,-0.43398044
2,699,-0.40435177,0.75181127,1.9322262,1.0508051,-0.98853457,-0.43420756
2,700,-0.40444475,0.7516614,1.9301186,1.0494919,-0.9883129,-0.43443307
2,701,-0.4043551,0.75199986,1.9328728,1.0501642,-0.9880877,-0.43465695
2,702,-0.40463907,0.7522534,1.9305477,1.0498452,-0.9878591,-0.43487924
2,703,-0.40441024,0.7523961,1.9282398,1.049737,-0.9876269,-0.4350999
2,704,-0.40465492,0.7525995,1.925827,1.0500407,-0.9873913,-0.43531895
2,705,-0.4045229,0.752663,1.9298363,1.0514655,-0.9871522,-0.43553638
2,706,-0.40445453,0.75288475,1.9314594,1.0493841,-0.9869096,-0.4357522
2,707,-0.4045959,0.7527069,1.9316998,1.0488629,-0.9866636,-0.43596643
2,708,-0.40452152,0.75275993,1.9294758,1.0493603,-0.986414,-0.436179
2,709,-0.40487474,0.75326097,1.9277496,1.0507264,-0.986161,-0.43638998
2,710,-0.40471286,0.7532799,1.9290962,1.0497255,-0.9859045,-0.43659934
2,711,-0.40462822,0.7534878,1.9275646,1.0494046,-0.9856445,-0.4368071
2,712,-0.4046545,0.7534864,1.9287071,1.0496688,-0.98538107,-0.4370132
2,713,-0.4048698,0.75386846,1.9233418,1.0494013,-0.98511416,-0.4372177
2,714,-0.40491885,0.7535604,1.9288197,1.0495577,-0.98484373,-0.4374206
2,715,-0.40487504,0.75390196,1.9303551,1.0486441,-0.98456985,-0.4376219
2,716,-0.40478015,0.7542764,1.9246483,1.0493407,-0.9842925,-0.43782154
2,717,-0.40483195,0.7542038,1.9262562,1.0486917,-0.9840117,-0.43801957
2,718,-0.4048509,0.7545707,1.9276829,1.0493226,-0.9837274,-0.43821597
2,719,-0.4050839,0.75469637,1.9256954,1.0480785,-0.9834397,-0.4384108
2,720,-0.4049368,0.7547854,1.9272118,1.049592,-0.98314846,-0.43860397
2,721,-0.40487492,0.75485885,1.9256306,1.0478921,-0.9828537,-0.4387955
2,722,-0.4049579,0.75512326,1.9232616,1.0484071,-0.98255557,-0.43898544
2,723,-0.40480584,0.75527024,1.9244652,1.0487757,-0.98225397,-0.43917376
2,724,-0.4047284,0.75516737,1.9270248,1.0483165,-0.98194885,-0.43936047
2,725,-0.40508944,0.7553624,1.924839,1.0476427,-0.98164034,-0.43954554
2,726,-0.40495986,0.7557149,1.9235725,1.0482707,-0.9813283,-0.439729
2,727,-0.40489167,0.75558305,1.9239655,1.0475445,-0.9810128,-0.43991083
2,728,-0.40513045,0.755666,1.9240837,1.0476112,-0.9806939,-0.44009104
2,729,-0.4051301,0.7561325,1.926403,1.0482593,-0.98037153,-0.44026962
2,730,-0.40498883,0.7562586,1.9258881,1.047411,-0.9800457,-0.44044662
2,731,-0.40513778,0.7564435,1.9232807,1.0474443,-0.97971636,-0.44062194
2,732,-0.40509123,0.75617254,1.9219742,1.0476937,-0.97938365,-0.4407957
2,733,-0.40510464,0.75665545,1.9230938,1.0467381,-0.9790475,-0.4409678
2,734,-0.40496904,0.75679517,1.924015,1.0470228,-0.9787078,-0.44113827
2,735,-0.40501636,0.7569028,1.9233398,1.0471978,-0.9783647,-0.44130713
2,736,-0.40509838,0.7568935,1.9221058,1.0474072,-0.97801816,-0.44147438
2,737,-0.40497112,0.75711334,1.926218,1.0474095,-0.9776682,-0.44164
2,738,-0.40504086,0.75730145,1.9206009,1.0465984,-0.9773148,-0.441804
2,739,-0.40505272,0.7575338,1.9238586,1.0469575,-0.9769579,-0.44196635
2,740,-0.40520263,0.75755596,1.9273529,1.0464649,-0.9765976,-0.4421271
2,741,-0.4052264,0.7577704,1.9209461,1.0463176,-0.9762339,-0.44228625
2,742,-0.4051441,0.7579495,1.9239979,1.0472798,-0.97586673,-0.44244376
2,743,-0.4054333,0.7581718,1.9213562,1.045445,-0.9754961,-0.44259965
2,744,-0.4051293,0.75813615,1.9214573,1.0464301,-0.9751221,-0.4427539
2,745,-0.40523607,0.7582251,1.9198112,1.046155,-0.9747446,-0.44290656
2,746,-0.40520817,0.75871944,1.9229412,1.0452771,-0.97436374,-0.44305757
2,747,-0.4050504,0.758633,1.9207878,1.045958,-0.9739794,-0.44320697
2,748,-0.4051932,0.75915706,1.925024,1.045351,-0.9735917,-0.44335476
2,749,-0.40509498,0.7587246,1.9213543,1.046885,-0.97320056,-0.4435009
2,750,-0.40532368,0.759228,1.9190769,1.0463219,-0.972806,-0.44364545
2,751,-0.40518665,0.7592099,1.92379,1.0456676,-0.972408,-0.44378835
2,752,-0.4052788,0.75988376,1.9231033,1.0451417,-0.9720066,-0.44392967
2,753,-0.40498537,0.7596047,1.9201946,1.0462017,-0.9716018,-0.44406933
2,754,-0.40516514,0.7600312,1.9200497,1.044806,-0.97119355,-0.44420737
2,755,-0.40516907,0.7600539,1.9188805,1.0449858,-0.9707819,-0.4443438
2,756,-0.40529245,0.76003385,1.9193268,1.0451293,-0.9703669,-0.44447863
2,757,-0.40509528,0.76009154,1.9239578,1.0450506,-0.9699485,-0.44461182
2,758,-0.40529037,0.7606336,1.9196377,1.0452895,-0.96952665,-0.4447434
2,759,-0.4048887,0.76061344,1.9205189,1.0450878,-0.96910137,-0.44487333
2,760,-0.40537566,0.76059246,1.917099,1.0442295,-0.96867275,-0.44500166
2,761,-0.40529174,0.7607198,1.918747,1.0434208,-0.96824074,-0.44512838
2,762,-0.4050939,0.76092136,1.9191647,1.0437417,-0.9678053,-0.44525346
2,763,-0.40527517,0.7613766,1.9194088,1.0444102,-0.9673665,-0.44537693
2,764,-0.40522903,0.7611872,1.9172993,1.0442839,-0.96692437,-0.4454988
2,765,-0.4053464,0.76152444,1.9161758,1.042769,-0.9664788,-0.44561902
2,766,-0.40550208,0.7616607,1.9199562,1.0441861,-0.9660299,-0.44573766
2,767,-0.40525156,0.7615429,1.916172,1.043931,-0.96557754,-0.44585463
2,768,-0.40538645,0.7617825,1.9178772,1.0447474,-0.96512187,-0.44597003
2,769,-0.40536475,0.76200306,1.9197044,1.0432568,-0.9646628,-0.44608378
2,770,-0.4051965,0.76198614,1.9213295,1.0437398,-0.9642004,-0.44619596
2,771,-0.40537667,0.76251054,1.9135876,1.0434122,-0.96373457,-0.44630647
2,772,-0.4055243,0.7622311,1.9202232,1.0415492,-0.9632654,-0.4464154
2,773,-0.40554547,0.76251686,1.9149761,1.0421228,-0.9627929,-0.44652268
2,774,-0.40548104,0.76255333,1.9141979,1.0435624,-0.962317,-0.4466284
2,775,-0.40546334,0.7627642,1.922327,1.043222,-0.96183777,-0.44673246
2,776,-0.40530324,0.7630904,1.9172115,1.0420413,-0.9613552,-0.4468349
2,777,-0.4055527,0.7628863,1.9162865,1.0441356,-0.96086925,-0.44693574
2,778,-0.40514958,0.76323783,1.918747,1.0426693,-0.96038,-0.44703498
2,779,-0.4057852,0.76369417,1.9173603,1.0416107,-0.9598874,-0.4471326
2,780,-0.40547282,0.76369417,1.9114437,1.0432539,-0.9593914,-0.44722858
2,781,-0.4057272,0.76387644,1.9142323,1.0430827,-0.95889217,-0.447323
2,782,-0.40534258,0.76367986,1.9127026,1.0421782,-0.9583895,-0.44741577
2,783,-0.40544868,0.76411474,1.9132977,1.0421643,-0.9578836,-0.44750693
2,784,-0.4057629,0.76421714,1.9134636,1.0427728,-0.95737433,-0.4475965
2,785,-0.4054016,0.7639849,1.9142952,1.0414023,-0.95686173,-0.44768444
2,786,-0.40543383,0.7645178,1.913784,1.041976,-0.9563458,-0.44777077
2,787,-0.40548015,0.7646618,1.9162636,1.0431871,-0.9558266,-0.44785547
2,788,-0.40577495,0.76474845,1.9131069,1.0427895,-0.955304,-0.4479386
2,789,-0.4054206,0.7649511,1.915226,1.0431409,-0.9547782,-0.4480201
2,790,-0.4055515,0.76496077,1.9135551,1.0418315,-0.954249,-0.4481
2,791,-0.40531844,0.7650113,1.9074936,1.0412974,-0.9537166,-0.44817832
2,792,-0.40555662,0.76526,1.9158878,1.0417266,-0.9531808,-0.448255
2,793,-0.40518975,0.7655113,1.9157581,1.0417857,-0.9526417,-0.44833007
2,794,-0.4055395,0.76576734,1.9126663,1.0417075,-0.9520994,-0.44840357
2,795,-0.4053641,0.7657641,1.9140759,1.0410147,-0.95155376,-0.44847542
2,796,-0.4051351,0.76596475,1.9129486,1.0402346,-0.95100486,-0.4485457
2,797,-0.4059416,0.7659823,1.9171009,1.0420699,-0.9504527,-0.44861436
2,798,-0.40558106,0.7662096,1.9137115,1.0402427,-0.94989717,-0.4486814
2,799,-0.4054383,0.7661599,1.9131813,1.0399237,-0.94933844,-0.4487469
2,800,-0.40568817,0.7665492,1.9126606,1.0416436,-0.9487764,-0.44881073
2,801,-0.40545726,0.7666874,1.9077358,1.0396504,-0.94821113,-0.44887298
2,802,-0.40549588,0.76671064,1.909275,1.0400786,-0.9476426,-0.44893366
2,803,-0.40584308,0.76671135,1.9120464,1.0392962,-0.9470708,-0.4489927
2,804,-0.40611506,0.7669035,1.9127216,1.0399885,-0.9464957,-0.44905016
2,805,-0.40545058,0.76747775,1.9135513,1.0407681,-0.9459174,-0.44910604
2,806,-0.4059137,0.76763654,1.9087505,1.0399251,-0.94533587,-0.4491603
2,807,-0.4057185,0.76752853,1.9108944,1.0399976,-0.9447511,-0.44921297
2,808,-0.40556377,0.76783633,1.9099331,1.0383787,-0.9441631,-0.44926405
2,809,-0.40597326,0.7679758,1.9133244,1.0405021,-0.9435718,-0.44931352
2,810,-0.40582842,0.76746774,1.913702,1.0391684,-0.9429773,-0.4493614
2,811,-0.4057911,0.76792395,1.9084587,1.0388923,-0.9423796,-0.4494077
2,812,-0.40576243,0.7681774,1.9095955,1.0398183,-0.9417786,-0.4494524
2,813,-0.40540624,0.7681706,1.9132118,1.0382504,-0.94117445,-0.4494955
2,814,-0.40545905,0.76882386,1.9097633,1.0389304,-0.9405671,-0.449537
2,815,-0.40604293,0.7686341,1.9126301,1.038722,-0.9399565,-0.44957694
2,816,-0.40572602,0.76859415,1.9090157,1.0380383,-0.9393427,-0.44961527
2,817,-0.40560037,0.7688656,1.908884,1.0391259,-0.9387257,-0.44965202
2,818,-0.40597898,0.76898134,1.9098434,1.0381403,-0.9381055,-0.44968718
2,819,-0.4059093,0.76917744,1.9109612,1.0377612,-0.9374821,-0.44972077
2,820,-0.40589076,0.7694156,1.9047794,1.0386786,-0.93685555,-0.44975275
2,821,-0.40572888,0.7695191,1.9057121,1.0375161,-0.93622583,-0.44978315
2,822,-0.4057452,0.7693856,1.9069824,1.0383453,-0.9355929,-0.449812
2,823,-0.40590787,0.77013385,1.9029846,1.0392714,-0.9349568,-0.44983923
2,824,-0.40556002,0.76994646,1.9056587,1.0384007,-0.93431747,-0.44986486
2,825,-0.4057144,0.76983964,1.9077988,1.0375886,-0.93367505,-0.44988894
2,826,-0.40555882,0.77022195,1.9096546,1.0371456,-0.9330294,-0.44991145
2,827,-0.4056909,0.77030337,1.9048824,1.0377784,-0.9323807,-0.44993237
2,828,-0.40601516,0.77044296,1.9068317,1.0367532,-0.9317288,-0.4499517
2,829,-0.40615553,0.7709701,1.9045143,1.0367346,-0.93107367,-0.44996947
2,830,-0.4058329,0.7706958,1.9092712,1.0372791,-0.9304155,-0.44998565
2,831,-0.40600008,0.77096176,1.9060707,1.0367136,-0.92975414,-0.45000026
2,832,-0.4057001,0.771065,1.9064884,1.0365291,-0.92908967,-0.4500133
2,833,-0.40589273,0.7711519,1.9077206,1.0365973,-0.92842203,-0.45002478
2,834,-0.40594697,0.7715739,1.902689,1.0371342,-0.9277513,-0.45003468
2,835,-0.4057961,0.77132094,1.9094257,1.0387192,-0.9270775,-0.450043
2,836,-0.405415,0.77166665,1.9084644,1.0372825,-0.9264005,-0.45004973
2,837,-0.40568727,0.7720642,1.9108849,1.0390267,-0.92572045,-0.4500549
2,838,-0.40596873,0.7717866,1.907156,1.0371776,-0.92503726,-0.45005855
2,839,-0.40627307,0.77247596,1.9064522,1.0361066,-0.924351,-0.4500606
2,840,-0.40601343,0.77230966,1.9055557,1.0365071,-0.9236616,-0.45006108
2,841,-0.40594018,0.77227795,1.9033642,1.0367913,-0.9229691,-0.45006
2,842,-0.4060095,0.77255905,1.9046497,1.035644,-0.9222736,-0.45005736
2,843,-0.4059536,0.77248204,1.9087372,1.0366282,-0.92157495,-0.45005316
2,844,-0.4059713,0.7728189,1.9051838,1.0355549,-0.9208732,-0.45004737
2,845,-0.4058168,0.77288747,1.9037113,1.035604,-0.92016846,-0.45004007
2,846,-0.40603912,0.7733213,1.9049015,1.0363913,-0.9194606,-0.4500312
2,847,-0.40594357,0.7732669,1.9055843,1.0372567,-0.9187497,-0.45002073
2,848,-0.40571147,0.7734388,1.9054165,1.0358443,-0.91803575,-0.45000875
2,849,-0.4058907,0.77342784,1.9049835,1.0350542,-0.91731876,-0.4499952
2,850,-0.40571564,0.7740015,1.9069214,1.0352263,-0.9165987,-0.44998008
2,851,-0.4062338,0.77401054,1.9092388,1.0344973,-0.9158756,-0.44996342
2,852,-0.4060182,0.7741562,1.8991966,1.0359926,-0.91514945,-0.4499452
2,853,-0.4065777,0.77425945,1.9071445,1.0371485,-0.9144203,-0.44992545
2,854,-0.40608096,0.7744142,1.9069881,1.0356727,-0.9136881,-0.44990417
2,855,-0.40590256,0.77403533,1.9011688,1.0346603,-0.91295296,-0.44988132
2,856,-0.40606707,0.7746109,1.9013023,1.0350542,-0.91221476,-0.4498569
2,857,-0.4065765,0.77501285,1.8911133,1.0333977,-0.9114735,-0.44983095
2,858,-0.40617877,0.77464235,1.8970909,1.0331316,-0.9107293,-0.44980347
2,859,-0.4060127,0.77494013,1.9008331,1.0352211,-0.9099821,-0.44977444
2,860,-0.40590698,0.7752868,1.898901,1.0342474,-0.9092319,-0.44974387
2,861,-0.40643305,0.77521026,1.8954239,1.032526,-0.9084787,-0.44971177
2,862,-0.40647316,0.77554786,1.9031086,1.0349193,-0.90772253,-0.44967812
2,863,-0.4065482,0.7751168,1.8985577,1.0337496,-0.9069634,-0.44964293
2,864,-0.40643543,0.7757827,1.9007893,1.0330315,-0.9062013,-0.4496062
2,865,-0.40605748,0.7761332,1.8944798,1.0328517,-0.9054362,-0.44956794
2,866,-0.4062884,0.7762934,1.9018307,1.0361509,-0.90466815,-0.44952816
2,867,-0.40651774,0.77571976,1.8997841,1.0346322,-0.90389717,-0.44948682
2,868,-0.40620667,0.7764791,1.899971,1.0322676,-0.90312326,-0.449444
2,869,-0.40610516,0.7762922,1.9022636,1.03161,-0.9023464,-0.44939962
2,870,-0.4064933,0.7766813,1.8964729,1.0318022,-0.90156657,-0.4493537
2,871,-0.4060434,0.77657783,1.8973465,1.0331602,-0.90078384,-0.44930628
2,872,-0.40618944,0.7771369,1.8954601,1.0313272,-0.8999982,-0.4492573
2,873,-0.40598613,0.77695,1.8953438,1.0326953,-0.8992096,-0.44920683
2,874,-0.40581197,0.77722704,1.8983078,1.031765,-0.8984181,-0.44915482
2,875,-0.40604687,0.7772156,1.8962326,1.0324745,-0.8976237,-0.44910133
2,876,-0.40597457,0.77718985,1.9052467,1.0316496,-0.89682645,-0.44904628
2,877,-0.40639794,0.7777709,1.8943233,1.0320878,-0.89602625,-0.44898972
2,878,-0.40640694,0.7774817,1.8997478,1.0328264,-0.89522314,-0.44893166
2,879,-0.40602016,0.77817976,1.8990631,1.0325184,-0.89441717,-0.44887206
2,880,-0.40650737,0.7782966,1.8978138,1.0326252,-0.89360833,-0.44881096
2,881,-0.4059378,0.77816904,1.9001408,1.0316944,-0.89279664,-0.44874835
2,882,-0.40633303,0.7780236,1.8981056,1.0317793,-0.8919821,-0.44868425
2,883,-0.40604585,0.77854216,1.8928242,1.0313554,-0.89116466,-0.44861862
2,884,-0.4061455,0.77846444,1.9009361,1.0307422,-0.8903444,-0.44855148
2,885,-0.40630144,0.77872837,1.8981647,1.0325627,-0.88952124,-0.44848284
2,886,-0.4065907,0.7786881,1.8972206,1.0319214,-0.8886953,-0.44841272
2,887,-0.40640247,0.77919376,1.9003792,1.0314741,-0.8878665,-0.44834107
2,888,-0.40643424,0.7796291,1.8998909,1.0324488,-0.88703483,-0.44826794
2,889,-0.4061749,0.7792579,1.8932018,1.0313606,-0.8862004,-0.44819328
2,890,-0.4063837,0.7794949,1.8967972,1.0315666,-0.88536316,-0.44811717
2,891,-0.40601182,0.7793759,1.8920135,1.030499,-0.8845231,-0.44803953
2,892,-0.4061262,0.78009665,1.8961792,1.032731,-0.8836802,-0.4479604
2,893,-0.40607613,0.7800218,1.8943119,1.0308194,-0.88283455,-0.4478798
2,894,-0.40658534,0.780269,1.8947372,1.0298734,-0.8819861,-0.4477977
2,895,-0.40603173,0.7802907,1.8964596,1.0304508,-0.88113487,-0.4477141
2,896,-0.40690827,0.7805239,1.8928108,1.0312176,-0.8802808,-0.447629
2,897,-0.40661198,0.78036153,1.8998051,1.0308933,-0.87942404,-0.44754243
2,898,-0.40677905,0.78033745,1.8961201,1.0297551,-0.8785645,-0.4474544
2,899,-0.40668523,0.7807528,1.8949718,1.0285587,-0.8777022,-0.44736484
2,900,-0.40620154,0.78093493,1.8965569,1.0302601,-0.8768371,-0.44727385
2,901,-0.40595937,0.7811531,1.8941288,1.0301371,-0.8759693,-0.44718134
2,902,-0.40650892,0.78107417,1.8895531,1.0292864,-0.87509876,-0.44708738
2,903,-0.40656525,0.78162587,1.891592,1.0293498,-0.8742255,-0.44699195
2,904,-0.40652478,0.7815186,1.8960724,1.0303302,-0.8733495,-0.44689503
2,905,-0.4063447,0.78202426,1.8930302,1.0298319,-0.87247074,-0.44679663
2,906,-0.40639442,0.7817739,1.8880119,1.0286527,-0.8715893,-0.4466968
2,907,-0.40618348,0.7820052,1.8927307,1.0290241,-0.8707052,-0.44659546
2,908,-0.4068942,0.7819458,1.8930874,1.0290613,-0.86981833,-0.44649267
2,909,-0.40661573,0.78235424,1.8872814,1.0280752,-0.8689288,-0.4463884
2,910,-0.40676385,0.78175175,1.8897629,1.0304604,-0.86803657,-0.44628268
2,911,-0.4067508,0.7825476,1.9037323,1.0276718,-0.8671417,-0.44617552
2,912,-0.4063962,0.7826289,1.892725,1.0292292,-0.86624414,-0.4460669
2,913,-0.40603065,0.7827195,1.8942089,1.028328,-0.8653439,-0.4459568
2,914,-0.4063902,0.7831882,1.8898582,1.0259881,-0.86444104,-0.44584525
2,915,-0.40669298,0.78342855,1.8852749,1.0276446,-0.86353546,-0.44573224
2,916,-0.4064067,0.7829114,1.8935757,1.0297256,-0.8626273,-0.44561777
2,917,-0.40641075,0.78361547,1.8916779,1.0298586,-0.86171645,-0.44550186
2,918,-0.40658283,0.78369224,1.8862667,1.0293965,-0.860803,-0.44538453
2,919,-0.40619934,0.7834395,1.8888779,1.02986,-0.85988694,-0.44526574
2,920,-0.40633994,0.7841829,1.889185,1.0280805,-0.85896826,-0.4451455
2,921,-0.406532,0.7836882,1.891531,1.0287719,-0.85804695,-0.4450238
2,922,-0.40632302,0.7841948,1.8902245,1.0277448,-0.857123,-0.4449007
2,923,-0.4068122,0.7841948,1.8902397,1.0298591,-0.8561965,-0.44477612
2,924,-0.40677094,0.78414595,1.8966713,1.0263581,-0.85526747,-0.4446501
2,925,-0.4066828,0.78422797,1.8900852,1.027895,-0.8543358,-0.44452268
2,926,-0.407117,0.7848681,1.8898048,1.029005,-0.85340154,-0.4443938
2,927,-0.40670913,0.7846652,1.8892021,1.0267835,-0.85246474,-0.44426352
2,928,-0.40663576,0.7850779,1.8933506,1.0275803,-0.8515253,-0.4441318
2,929,-0.40661693,0.7850429,1.890831,1.0275431,-0.8505834,-0.44399866
2,930,-0.4069981,0.7853099,1.8918324,1.0265784,-0.84963894,-0.44386408
2,931,-0.40684712,0.7851101,1.8958588,1.0254321,-0.8486919,-0.4437281
2,932,-0.40673935,0.78500545,1.8902149,1.0251374,-0.8477424,-0.44359067
2,933,-0.40693676,0.7853848,1.8853798,1.0254936,-0.84679025,-0.44345182
2,934,-0.4070366,0.78562987,1.8833332,1.0259686,-0.8458357,-0.44331157
2,935,-0.4071378,0.7857107,1.8797932,1.0285268,-0.8448786,-0.4431699
2,936,-0.4068008,0.78573143,1.8872204,1.0281615,-0.843919,-0.4430268
2,937,-0.4072507,0.7859906,1.8901806,1.0279202,-0.8429569,-0.44288233
2,938,-0.40679884,0.7861074,1.8832054,1.025465,-0.84199226,-0.44273642
2,939,-0.40693754,0.7865528,1.882925,1.0266137,-0.84102523,-0.44258913
2,940,-0.4070086,0.7864262,1.882576,1.0253668,-0.84005564,-0.44244042
2,941,-0.40689504,0.7862083,1.8863792,1.0247355,-0.8390837,-0.4422903
2,942,-0.40675193,0.78668725,1.886713,1.0243888,-0.8381092,-0.4421388
2,943,-0.40656787,0.7870637,1.8849812,1.0257301,-0.8371323,-0.44198588
2,944,-0.40630275,0.7869321,1.8866024,1.0253091,-0.8361529,-0.44183156
2,945,-0.40701503,0.78700006,1.8854656,1.0256925,-0.8351711,-0.44167587
2,946,-0.40719372,0.78689396,1.885601,1.0265284,-0.83418685,-0.44151875
2,947,-0.40681487,0.78711545,1.8864918,1.023591,-0.83320016,-0.4413603
2,948,-0.40709507,0.78738296,1.8841896,1.0236549,-0.83221114,-0.4412004
2,949,-0.40664977,0.7875017,1.8803158,1.0261021,-0.8312196,-0.44103914
2,950,-0.4071777,0.7877387,1.8864155,1.0250292,-0.83022577,-0.4408765
2,951,-0.40702868,0.78802836,1.8781357,1.0240126,-0.8292295,-0.44071248
2,952,-0.40690005,0.7881254,1.8816223,1.0244226,-0.8282308,-0.44054708
2,953,-0.40724927,0.78801095,1.8830795,1.0258479,-0.8272298,-0.4403803
2,954,-0.40697306,0.78845036,1.8830433,1.0259595,-0.8262264,-0.44021216
2,955,-0.40673482,0.78820336,1.8813038,1.0256634,-0.82522064,-0.44004264
2,956,-0.40696573,0.7883154,1.88064,1.0233741,-0.8242125,-0.43987173
2,957,-0.40709406,0.78855383,1.8805656,1.0234427,-0.8232021,-0.43969947
2,958,-0.40713084,0.78901756,1.883873,1.0235276,-0.8221893,-0.43952584
2,959,-0.40696985,0.78904736,1.8790512,1.0244384,-0.8211741,-0.43935084
2,960,-0.40707338,0.78926575,1.8849659,1.0244689,-0.82015663,-0.4391745
2,961,-0.40698504,0.78939617,1.8791351,1.0235186,-0.81913686,-0.4389968
2,962,-0.40674382,0.7894038,1.8836384,1.0227685,-0.8181148,-0.4388177
2,963,-0.40713155,0.789822,1.8837776,1.025681,-0.8170904,-0.4386373
2,964,-0.40690964,0.7896882,1.8821392,1.023366,-0.81606376,-0.43845552
2,965,-0.4069909,0.78960097,1.8859901,1.0233359,-0.8150348,-0.4382724
2,966,-0.40661412,0.7901772,1.8797607,1.023469,-0.8140036,-0.4380879
2,967,-0.4067747,0.7903482,1.8860607,1.0218325,-0.81297004,-0.4379021
2,968,-0.40680546,0.79041946,1.8848495,1.0229926,-0.8119343,-0.4377149
2,969,-0.40693212,0.7903842,1.8851547,1.0239124,-0.8108963,-0.4375264
2,970,-0.4067335,0.7907909,1.8801708,1.0230851,-0.809856,-0.43733656
2,971,-0.40659678,0.7907959,1.8814011,1.0222297,-0.8088135,-0.43714538
2,972,-0.406999,0.79106224,1.8807774,1.0227509,-0.8077688,-0.43695286
2,973,-0.40697533,0.7908162,1.8799076,1.0229483,-0.80672187,-0.43675902
2,974,-0.40682417,0.7912551,1.8847294,1.0228367,-0.8056727,-0.43656382
2,975,-0.40691113,0.79119194,1.8810406,1.0216026,-0.80462134,-0.43636733
2,976,-0.40702206,0.79149234,1.8806953,1.0222564,-0.80356777,-0.4361695
2,977,-0.40698844,0.7914747,1.8803482,1.0226016,-0.802512,-0.43597034
2,978,-0.4071495,0.79146993,1.8795204,1.0221038,-0.80145407,-0.43576986
2,979,-0.407076,0.79153407,1.8819675,1.0226045,-0.800394,-0.43556806
2,980,-0.4070179,0.7915951,1.8803673,1.0217357,-0.7993317,-0.43536496
2,981,-0.40753227,0.79227793,1.8862705,1.0215335,-0.7982673,-0.43516055
2,982,-0.40704203,0.7920083,1.8818607,1.0243716,-0.7972007,-0.43495482
2,983,-0.40718472,0.7920457,1.8858871,1.0213337,-0.79613197,-0.4347478
2,984,-0.40716857,0.79222214,1.8814201,1.0219917,-0.7950611,-0.43453944
2,985,-0.40691638,0.7926861,1.8821564,1.0216575,-0.79398817,-0.43432978
2,986,-0.40722674,0.7926258,1.879364,1.0224032,-0.7929131,-0.43411884
2,987,-0.40692794,0.7927977,1.8783245,1.0212903,-0.79183584,-0.43390658
2,988,-0.40708548,0.79291546,1.882,1.0208726,-0.7907566,-0.43369302
2,989,-0.40711576,0.79275763,1.8821259,1.0209537,-0.7896752,-0.43347818
2,990,-0.4072047,0.7929603,1.8816681,1.0201335,-0.7885917,-0.43326205
2,991,-0.4070536,0.79356587,1.8794842,1.0216622,-0.78750616,-0.43304464
2,992,-0.4070168,0.79353034,1.881012,1.0216436,-0.78641856,-0.43282592
2,993,-0.40723765,0.7933074,1.8798027,1.0214591,-0.78532887,-0.43260592
2,994,-0.40708488,0.7935952,1.8811455,1.0207992,-0.78423715,-0.43238467
2,995,-0.4070753,0.7938057,1.8822861,1.0206118,-0.78314334,-0.4321621
2,996,-0.4071678,0.793893,1.8777924,1.0209599,-0.78204757,-0.4319383
2,997,-0.4071511,0.7939662,1.8790131,1.0210776,-0.7809497,-0.43171316
2,998,-0.40711772,0.7940699,1.880703,1.0213761,-0.7798499,-0.43148682
2,999,-0.40731782,0.7939426,1.8770428,1.0219021,-0.77874804,-0.43125916
3,0,0.83878374,-0.27207434,2.2258053,0.8415961,0.15972193,0.18620797
3,1,0.8391757,-0.26997024,2.21706,0.84093475,0.15827556,0.1867495
3,2,0.8395958,-0.26990288,2.220955,0.8398366,0.15682898,0.18728766
3,3,0.83964753,-0.27110136,2.2060509,0.84320974,0.15538225,0.18782245
3,4,0.8399632,-0.27003342,2.2183762,0.84445286,0.15393536,0.18835384
3,5,0.8398683,-0.26998848,2.2068768,0.84494257,0.1524883,0.18888186
3,6,0.83943653,-0.2701298,2.2027721,0.8447957,0.15104112,0.18940647
3,7,0.8395014,-0.26937664,2.2218933,0.84216976,0.14959383,0.18992771
3,8,0.8390844,-0.27059186,2.2224388,0.8430319,0.14814642,0.19044554
3,9,0.83948874,-0.270384,2.2197514,0.8442855,0.1466989,0.19095996
3,10,0.8388598,-0.27061474,2.23353,0.8446536,0.14525133,0.191471
3,11,0.83965564,-0.26969534,2.2147236,0.84085083,0.14380367,0.19197862
3,12,0.8390813,-0.2694229,2.2106094,0.8430009,0.14235596,0.19248281
3,13,0.83896375,-0.2700771,2.2139912,0.8461704,0.14090823,0.19298361
3,14,0.8401065,-0.26882094,2.213934,0.8397989,0.13946044,0.19348098
3,15,0.84011745,-0.26982564,2.2037506,0.84418774,0.13801266,0.19397494
3,16,0.8393235,-0.26985842,2.2103405,0.84296274,0.13656488,0.19446547
3,17,0.83975506,-0.2706344,2.2199478,0.83942413,0.1351171,0.19495256
3,18,0.8398526,-0.26945865,2.224846,0.84391737,0.13366935,0.19543624
3,19,0.8399377,-0.2693851,2.220356,0.8461342,0.13222164,0.19591647
3,20,0.8397095,-0.26905727,2.2212791,0.8455281,0.13077398,0.19639327
3,21,0.84041214,-0.268431,2.2246647,0.8417306,0.12932639,0.19686662
3,22,0.8404968,-0.26953924,2.2155666,0.84556484,0.12787887,0.19733652
3,23,0.83923984,-0.2692603,2.2135143,0.84331656,0.12643145,0.19780299
3,24,0.84009504,-0.2693001,2.2209606,0.84732056,0.12498413,0.198266
3,25,0.83962846,-0.26867944,2.2238064,0.8428364,0.12353694,0.19872557
3,26,0.83966446,-0.26899564,2.2277203,0.84470034,0.12208987,0.19918166
3,27,0.8399906,-0.26951927,2.207779,0.8453827,0.12064295,0.19963431
3,28,0.83990526,-0.2678901,2.230198,0.84372854,0.11919619,0.2000835
3,29,0.839139,-0.26925313,2.202591,0.84807205,0.1177496,0.2005292
3,30,0.84032655,-0.26881033,2.2158222,0.84294605,0.1163032,0.20097145
3,31,0.84081626,-0.26869774,2.2106743,0.8421302,0.11485699,0.20141022
3,32,0.839772,-0.2689448,2.2213154,0.84117985,0.113410994,0.20184553
3,33,0.8394282,-0.26865548,2.2215672,0.8447833,0.111965224,0.20227735
3,34,0.8392396,-0.26848996,2.221405,0.8401933,0.11051969,0.20270568
3,35,0.8401964,-0.26852745,2.2229805,0.84180117,0.10907441,0.20313054
3,36,0.8399484,-0.2678041,2.2091885,0.8476939,0.10762939,0.20355192
3,37,0.83899856,-0.2680233,2.236126,0.8428159,0.10618465,0.2039698
3,38,0.8402622,-0.26755506,2.2257576,0.8447323,0.104740195,0.2043842
3,39,0.8397217,-0.26744103,2.2066822,0.84365845,0.10329605,0.20479509
3,40,0.84020925,-0.26755404,2.2189999,0.84381914,0.10185222,0.2052025
3,41,0.8396611,-0.26875216,2.2207146,0.84329796,0.10040872,0.2056064
3,42,0.83959126,-0.26777983,2.2248287,0.8426204,0.09896556,0.20600681
3,43,0.8402755,-0.2679842,2.2262573,0.84633446,0.09752276,0.20640372
3,44,0.84006476,-0.2677791,2.2266064,0.84656,0.096080326,0.20679711
3,45,0.8405442,-0.26779854,2.2296162,0.8463187,0.09463827,0.207187
3,46,0.83948755,-0.26750588,2.226656,0.84656334,0.093196616,0.20757337
3,47,0.84038377,-0.26771295,2.2290382,0.84284115,0.09175536,0.20795622
3,48,0.8392129,-0.2671135,2.2312565,0.84833527,0.09031454,0.20833556
3,49,0.84051657,-0.2674204,2.2231064,0.8454876,0.08887414,0.20871139
3,50,0.8399472,-0.26672167,2.2256718,0.8436551,0.087434195,0.20908369
3,51,0.84097123,-0.26762867,2.2223148,0.8479166,0.085994706,0.20945247
3,52,0.84007025,-0.26702875,2.2220135,0.8407583,0.08455569,0.20981772
3,53,0.8406222,-0.2675224,2.209835,0.8460908,0.083117165,0.21017945
3,54,0.84024286,-0.2670436,2.2262478,0.845932,0.081679136,0.21053764
3,55,0.8407109,-0.26709265,2.2283077,0.8475609,0.08024161,0.2108923
3,56,0.84114146,-0.2666726,2.224783,0.85047626,0.07880462,0.21124344
3,57,0.84050083,-0.26717496,2.2301598,0.8478422,0.07736817,0.21159104
3,58,0.83993506,-0.26668036,2.2308044,0.84098196,0.075932264,0.21193509
3,59,0.840194,-0.2659619,2.2166939,0.8459878,0.074496925,0.2122756
3,60,0.841028,-0.26631504,2.2276363,0.84541845,0.07306216,0.21261257
3,61,0.84047294,-0.26638645,2.217411,0.8452034,0.07162798,0.212946
3,62,0.8402486,-0.2668125,2.2215614,0.8453474,0.07019441,0.21327588
3,63,0.84084535,-0.2665431,2.2289562,0.84576845,0.06876145,0.21360222
3,64,0.8406694,-0.265805,2.2266064,0.8463516,0.067329116,0.21392499
3,65,0.83956265,-0.26567155,2.22431,0.8470683,0.06589743,0.21424422
3,66,0.8402884,-0.26544452,2.2289715,0.84596205,0.064466394,0.2145599
3,67,0.8398826,-0.26602995,2.2234497,0.8477149,0.063036025,0.214872
3,68,0.8398757,-0.26637602,2.2157803,0.8445964,0.061606333,0.21518056
3,69,0.83935976,-0.26645046,2.218893,0.8461504,0.060177334,0.21548557
3,70,0.84040666,-0.26642764,2.2309914,0.84790754,0.05874904,0.21578701
3,71,0.8403256,-0.26576447,2.2194023,0.8452215,0.05732146,0.21608488
3,72,0.83983016,-0.26565975,2.2208767,0.8464966,0.055894613,0.2163792
3,73,0.8404424,-0.26583916,2.210146,0.84488773,0.05446851,0.21666993
3,74,0.8406513,-0.265213,2.2249737,0.8465171,0.053043157,0.21695712
3,75,0.8400793,-0.26537508,2.2182255,0.84495926,0.051618576,0.21724072
3,76,0.8409953,-0.26541638,2.2250004,0.8453903,0.050194778,0.21752076
3,77,0.83967924,-0.26551044,2.2326221,0.84398603,0.04877177,0.21779722
3,78,0.8409617,-0.2655412,2.2216148,0.8428354,0.04734957,0.21807012
3,79,0.84097886,-0.2650982,2.2132092,0.8482995,0.045928188,0.21833943
3,80,0.84068537,-0.26490235,2.2206764,0.84694767,0.044507634,0.21860516
3,81,0.8397088,-0.26582032,2.231554,0.84558153,0.04308793,0.21886732
3,82,0.840013,-0.26478136,2.2176037,0.8459563,0.04166908,0.2191259
3,83,0.8407631,-0.26539028,2.2233562,0.8464675,0.040251095,0.2193809
3,84,0.8397021,-0.26499146,2.2164764,0.84600544,0.038834,0.21963231
3,85,0.8408935,-0.26503247,2.2252483,0.84636736,0.03741779,0.21988015
3,86,0.8406532,-0.2643751,2.219593,0.8497186,0.036002494,0.2201244
3,87,0.8402271,-0.26460463,2.2236023,0.84451914,0.034588113,0.22036506
3,88,0.8409221,-0.2637105,2.2197933,0.85076475,0.033174664,0.22060212
3,89,0.841079,-0.26411676,2.221445,0.8494582,0.03176216,0.22083561
3,90,0.83983326,-0.26480466,2.220356,0.84790754,0.030350614,0.2210655
3,91,0.8406601,-0.26525968,2.2223644,0.8486314,0.028940037,0.22129181
3,92,0.84077024,-0.26372683,2.2287369,0.8466587,0.027530441,0.22151452
3,93,0.8408046,-0.26440215,2.2168655,0.8491726,0.026121838,0.22173364
3,94,0.84112334,-0.26500678,2.2193165,0.8449602,0.024714243,0.22194918
3,95,0.8413949,-0.26372838,2.2289925,0.84738445,0.023307666,0.22216111
3,96,0.840374,-0.264027,2.2332706,0.8458748,0.02190212,0.22236945
3,97,0.8400328,-0.26399797,2.2327595,0.8488622,0.020497616,0.22257419
3,98,0.84093,-0.2632671,2.2215137,0.84672403,0.019094171,0.22277534
3,99,0.8399935,-0.26316315,2.224945,0.84310055,0.017691793,0.22297288
3,100,0.84144115,-0.26335198,2.2210484,0.84704304,0.016290493,0.22316682
3,101,0.84144354,-0.26321387,2.2282867,0.8475356,0.014890289,0.22335717
3,102,0.8403511,-0.26367164,2.2228565,0.8523941,0.013491188,0.22354391
3,103,0.8408363,-0.26353252,2.2233505,0.8464346,0.012093205,0.22372706
3,104,0.84181166,-0.26315457,2.225811,0.8462596,0.0106963515,0.2239066
3,105,0.8430848,-0.26401812,2.223381,0.84270763,0.00930064,0.22408254
3,106,0.8408098,-0.26333642,2.231533,0.8503523,0.007906082,0.22425489
3,107,0.8401685,-0.2640559,2.2305794,0.84724474,0.00651269,0.22442362
3,108,0.8405013,-0.2641589,2.2294292,0.8491926,0.0051204762,0.22458875
3,109,0.84193707,-0.26360458,2.2094345,0.8506789,0.003729453,0.22475027
3,110,0.84123445,-0.26301455,2.2239246,0.84882927,0.0023396325,0.22490819
3,111,0.84033775,-0.26183563,2.228756,0.8495903,0.0009510266,0.2250625
3,112,0.8414607,-0.2620672,2.2219715,0.8465061,-0.00043635254,0.22521321
3,113,0.84093237,-0.26285368,2.216467,0.84977484,-0.0018224928,0.2253603
3,114,0.841491,-0.26271105,2.222742,0.84637594,-0.0032073823,0.2255038
3,115,0.8405905,-0.26304048,2.2357578,0.85000324,-0.0045910086,0.2256437
3,116,0.8410988,-0.2630154,2.2241535,0.8468809,-0.00597336,0.22577997
3,117,0.8409219,-0.2624094,2.2241802,0.8474541,-0.007354425,0.22591263
3,118,0.84083056,-0.26230633,2.2266102,0.8459306,-0.00873419,0.2260417
3,119,0.84130716,-0.26291275,2.2302094,0.8477783,-0.010112645,0.22616716
3,120,0.8421781,-0.26292193,2.221653,0.8484354,-0.011489776,0.226289
3,121,0.8412156,-0.26241583,2.227991,0.85304165,-0.012865573,0.22640723
3,122,0.84251547,-0.26242393,2.2314987,0.8454046,-0.014240023,0.22652186
3,123,0.84088373,-0.26210493,2.2241936,0.8465023,-0.015613114,0.22663288
3,124,0.8414743,-0.2620229,2.232153,0.84748745,-0.016984835,0.22674029
3,125,0.84159136,-0.26186275,2.225792,0.84904146,-0.018355174,0.22684409
3,126,0.841835,-0.26097643,2.218361,0.8501525,-0.019724118,0.22694427
3,127,0.84116745,-0.26111692,2.2278786,0.85035896,-0.021091657,0.22704086
3,128,0.8411281,-0.26204926,2.2213802,0.8476496,-0.022457777,0.22713383
3,129,0.841274,-0.26139027,2.230791,0.8475747,-0.023822468,0.22722319
3,130,0.8421097,-0.26047426,2.228115,0.84806824,-0.025185717,0.22730894
3,131,0.8427694,-0.26213318,2.2265797,0.845696,-0.026547514,0.2273911
3,132,0.84154224,-0.2619409,2.2190914,0.84796906,-0.027907845,0.22746962
3,133,0.8417628,-0.26224327,2.215744,0.84947443,-0.0292667,0.22754455
3,134,0.8421035,-0.26088405,2.2302017,0.8521199,-0.030624066,0.22761588
3,135,0.8415499,-0.26092297,2.2207546,0.8507371,-0.031979933,0.22768359
3,136,0.840112,-0.26147842,2.2128239,0.85129976,-0.03333429,0.2277477
3,137,0.84201837,-0.26120466,2.2253113,0.8541331,-0.03468712,0.22780818
3,138,0.840976,-0.2606181,2.2304497,0.8479285,-0.036038417,0.22786507
3,139,0.8413458,-0.260733,2.221262,0.8521757,-0.03738817,0.22791836
3,140,0.84089184,-0.2612844,2.2259846,0.8490181,-0.038736362,0.22796804
3,141,0.84262276,-0.26088858,2.229494,0.846437,-0.040082984,0.22801411
3,142,0.8415189,-0.26092666,2.2252827,0.8473878,-0.041428026,0.22805658
3,143,0.8420818,-0.26067787,2.232521,0.8493514,-0.042771477,0.22809543
3,144,0.8421142,-0.26107347,2.2340946,0.84795046,-0.044113323,0.2281307
3,145,0.84147906,-0.26035547,2.2318668,0.8494568,-0.045453552,0.22816235
3,146,0.84254456,-0.2607624,2.217411,0.8490906,-0.046792157,0.22819039
3,147,0.84212804,-0.2605462,2.2273006,0.8523412,-0.048129123,0.22821485
3,148,0.8424325,-0.2601688,2.2290955,0.84838915,-0.049464438,0.22823569
3,149,0.8426213,-0.26004142,2.2310658,0.8490801,-0.050798092,0.22825293
3,150,0.8415382,-0.2605263,2.2292233,0.8468995,-0.052130077,0.22826658
3,151,0.841434,-0.2600248,2.2182693,0.84854317,-0.053460374,0.22827663
3,152,0.8417008,-0.2609418,2.230608,0.85222816,-0.054788977,0.22828308
3,153,0.8419585,-0.2595557,2.226162,0.8492975,-0.056115873,0.22828592
3,154,0.8412683,-0.26041657,2.2215137,0.8476834,-0.057441056,0.22828518
3,155,0.84154177,-0.25994736,2.22196,0.8493042,-0.058764506,0.22828084
3,156,0.84153724,-0.25999528,2.2252388,0.8531604,-0.060086217,0.2282729
3,157,0.84183335,-0.26063216,2.2263699,0.8553057,-0.061406177,0.22826137
3,158,0.84235334,-0.25979257,2.2295036,0.85286856,-0.062724374,0.22824624
3,159,0.8419385,-0.2601738,2.219923,0.8487811,-0.064040795,0.22822753
3,160,0.84182763,-0.25877607,2.2433453,0.85372305,-0.065355435,0.2282052
3,161,0.8412967,-0.25950116,2.2283707,0.8475733,-0.06666828,0.2281793
3,162,0.84267974,-0.25930238,2.2165737,0.8502259,-0.06797931,0.22814982
3,163,0.842468,-0.260049,2.2171593,0.8493719,-0.06928853,0.22811675
3,164,0.84224653,-0.2592854,2.219349,0.84918785,-0.07059592,0.22808008
3,165,0.84218144,-0.2590562,2.219963,0.85112476,-0.07190146,0.22803983
3,166,0.8417971,-0.25914764,2.2125778,0.85148525,-0.073205166,0.22799599
3,167,0.84206176,-0.2584077,2.2248173,0.8483057,-0.074507,0.22794858
3,168,0.84177446,-0.2581712,2.2291985,0.85437155,-0.07580696,0.22789758
3,169,0.84116054,-0.25860047,2.228239,0.850461,-0.07710504,0.227843
3,170,0.8417883,-0.25891966,2.2215118,0.8479667,-0.07840122,0.22778484
3,171,0.8425586,-0.25843698,2.2211056,0.851799,-0.0796955,0.2277231
3,172,0.8430557,-0.25898415,2.2329617,0.8526473,-0.08098786,0.2276578
3,173,0.84189844,-0.25899398,2.2231693,0.85344934,-0.0822783,0.2275889
3,174,0.8415437,-0.25788963,2.2338638,0.8493514,-0.08356679,0.22751644
3,175,0.841696,-0.2580974,2.2208004,0.84881353,-0.084853336,0.2274404
3,176,0.8421025,-0.25810134,2.2272148,0.85108185,-0.08613792,0.2273608
3,177,0.84200835,-0.25792032,2.2223682,0.8518257,-0.08742054,0.22727762
3,178,0.84178567,-0.2576812,2.2252636,0.85087585,-0.08870117,0.22719088
3,179,0.8416388,-0.25826645,2.2237148,0.85009336,-0.08997981,0.22710058
3,180,0.8428681,-0.25773215,2.2352238,0.8516712,-0.091256455,0.2270067
3,181,0.84258676,-0.25801986,2.221115,0.85458565,-0.09253108,0.22690926
3,182,0.8415346,-0.2567256,2.2245083,0.848084,-0.09380368,0.22680828
3,183,0.84253883,-0.25779092,2.2221966,0.8491769,-0.09507425,0.22670372
3,184,0.84262514,-0.25758183,2.222849,0.85375357,-0.09634277,0.22659561
3,185,0.8430686,-0.25752163,2.2236595,0.85009813,-0.09760924,0.22648394
3,186,0.8421266,-0.2585327,2.2280426,0.8525758,-0.09887364,0.22636873
3,187,0.84226847,-0.25686133,2.2325325,0.85180664,-0.10013596,0.22624995
3,188,0.8419459,-0.25712997,2.237671,0.8543973,-0.101396196,0.22612762
3,189,0.8411505,-0.25780392,2.2150173,0.84645796,-0.10265434,0.22600175
3,190,0.842458,-0.25715053,2.2402039,0.8475642,-0.103910364,0.22587234
3,191,0.8425431,-0.25793517,2.2307472,0.8549943,-0.105164275,0.22573937
3,192,0.84218144,-0.25778133,2.226801,0.85521317,-0.10641606,0.22560287
3,193,0.843009,-0.25729442,2.2166233,0.8490038,-0.1076657,0.22546282
3,194,0.8416774,-0.25662524,2.2313385,0.8529296,-0.1089132,0.22531924
3,195,0.84231305,-0.2577877,2.2271614,0.8490615,-0.11015853,0.22517212
3,196,0.8418305,-0.25723642,2.2359505,0.85380125,-0.11140169,0.22502147
3,197,0.8424561,-0.25601202,2.229475,0.85018635,-0.112642676,0.22486728
3,198,0.8427439,-0.25651246,2.2223816,0.85224485,-0.11388147,0.22470957
3,199,0.8419466,-0.25650638,2.220312,0.85016584,-0.115118064,0.22454832
3,200,0.8422923,-0.2567808,2.2287273,0.85541105,-0.11635244,0.22438356
3,201,0.8426192,-0.25650936,2.22995,0.8530259,-0.1175846,0.22421527
3,202,0.84230375,-0.25630707,2.2307339,0.85356903,-0.11881453,0.22404347
3,203,0.84238005,-0.25697625,2.226345,0.85369873,-0.12004221,0.22386813
3,204,0.8426471,-0.2563662,2.2349682,0.8548007,-0.12126765,0.22368929
3,205,0.8425896,-0.2560234,2.2254257,0.85448694,-0.12249082,0.22350694
3,206,0.84213495,-0.25689733,2.231697,0.85393476,-0.12371172,0.22332107
3,207,0.84322095,-0.25600803,2.2276516,0.84976673,-0.124930345,0.22313169
3,208,0.8428743,-0.25569904,2.2241,0.8511367,-0.12614667,0.2229388
3,209,0.8417156,-0.25563198,2.2251968,0.8494611,-0.1273607,0.22274242
3,210,0.84197545,-0.25586998,2.230173,0.8475003,-0.1285724,0.22254254
3,211,0.84297514,-0.2558552,2.2139034,0.85278225,-0.1297818,0.22233915
3,212,0.8423419,-0.2550437,2.2262,0.8548484,-0.13098887,0.22213227
3,213,0.8425782,-0.2556132,2.2401829,0.85266113,-0.13219358,0.22192189
3,214,0.8422353,-0.25569654,2.2318726,0.8522353,-0.13339595,0.22170801
3,215,0.8427026,-0.254902,2.2099133,0.8547993,-0.13459596,0.22149067
3,216,0.8419931,-0.25514382,2.2221355,0.85377836,-0.1357936,0.22126983
3,217,0.8417733,-0.2556882,2.2100658,0.8522482,-0.13698886,0.22104551
3,218,0.8430028,-0.25528413,2.2323208,0.853364,-0.13818173,0.2208177
3,219,0.8427422,-0.25553137,2.2167778,0.8590703,-0.1393722,0.22058642
3,220,0.8432386,-0.2556786,2.2320137,0.85358,-0.14056025,0.22035167
3,221,0.84233,-0.2545848,2.229082,0.8533335,-0.1417459,0.22011344
3,222,0.8424909,-0.25534695,2.2231636,0.856545,-0.1429291,0.21987176
3,223,0.8422916,-0.2540927,2.2375908,0.85417557,-0.14410987,0.21962659
3,224,0.84217834,-0.25540435,2.219246,0.8503723,-0.1452882,0.21937798
3,225,0.84153056,-0.25527334,2.229477,0.8503332,-0.14646406,0.2191259
3,226,0.84299374,-0.25394994,2.2253342,0.8507695,-0.14763747,0.21887036
3,227,0.8422854,-0.25504726,2.2260075,0.8523569,-0.14880839,0.21861136
3,228,0.8428464,-0.2556129,2.2280388,0.8539028,-0.14997683,0.21834892
3,229,0.84289503,-0.25515658,2.228115,0.8554363,-0.15114278,0.21808304
3,230,0.84280753,-0.2538013,2.2260227,0.8533468,-0.15230621,0.2178137
3,231,0.8423512,-0.25489283,2.2317562,0.853281,-0.15346713,0.21754093
3,232,0.84275603,-0.25445276,2.2214394,0.8498874,-0.15462554,0.21726471
3,233,0.8426299,-0.25441748,2.2258625,0.8542185,-0.1557814,0.21698508
3,234,0.8438425,-0.25429338,2.2269955,0.8531685,-0.15693474,0.216702
3,235,0.8425269,-0.2550649,2.2157707,0.8554969,-0.15808551,0.2164155
3,236,0.84239244,-0.25385892,2.2250862,0.85760355,-0.15923373,0.21612556
3,237,0.84280634,-0.25405115,2.2256336,0.85177326,-0.16037938,0.2158322
3,238,0.84324,-0.25383198,2.2279835,0.8573804,-0.16152245,0.21553543
3,239,0.84270954,-0.2544031,2.226488,0.85626507,-0.16266292,0.21523525
3,240,0.8426857,-0.25465608,2.2351532,0.8518734,-0.1638008,0.21493165
3,241,0.84398293,-0.25365764,2.219801,0.8551631,-0.16493608,0.21462466
3,242,0.84294295,-0.25346327,2.2312222,0.8554411,-0.16606875,0.21431424
3,243,0.8430834,-0.25316,2.2197227,0.8587074,-0.16719878,0.21400043
3,244,0.8433795,-0.25318843,2.237585,0.855968,-0.16832618,0.21368323
3,245,0.8434222,-0.25379097,2.2161388,0.85126686,-0.16945095,0.21336262
3,246,0.84327865,-0.25302392,2.233923,0.85713196,-0.17057306,0.21303864
3,247,0.8435106,-0.25306016,2.2198315,0.8555398,-0.17169252,0.21271126
3,248,0.84290504,-0.2539338,2.2250671,0.8542924,-0.1728093,0.2123805
3,249,0.84334564,-0.25387716,2.2262268,0.85169363,-0.1739234,0.21204636
3,250,0.8420882,-0.2537725,2.2239685,0.8540902,-0.17503482,0.21170883
3,251,0.84303737,-0.2531773,2.224554,0.85153055,-0.17614354,0.21136795
3,252,0.8434806,-0.25275522,2.2194767,0.85835457,-0.17724957,0.21102369
3,253,0.84305644,-0.25303787,2.2241688,0.855989,-0.17835286,0.21067607
3,254,0.841923,-0.25228852,2.2224655,0.8571286,-0.17945345,0.21032509
3,255,0.84304404,-0.25343847,2.2189941,0.8553648,-0.1805513,0.20997074
3,256,0.84332085,-0.2519393,2.217533,0.85939455,-0.18164642,0.20961305
3,257,0.84417176,-0.25287127,2.2314987,0.8587899,-0.1827388,0.20925201
3,258,0.84383106,-0.25318545,2.223978,0.8547611,-0.1838284,0.20888764
3,259,0.84336376,-0.2522536,2.2302036,0.85596704,-0.18491524,0.2085199
3,260,0.84249544,-0.252519,2.2139606,0.85400724,-0.18599932,0.20814884
3,261,0.8425553,-0.25282907,2.2248974,0.8553281,-0.18708062,0.20777445
3,262,0.8437221,-0.2517321,2.23168,0.85474825,-0.18815912,0.20739672
3,263,0.8432498,-0.25269574,2.2240276,0.85217047,-0.18923482,0.20701566
3,264,0.84288716,-0.2517556,2.2291584,0.85939074,-0.19030772,0.20663129
3,265,0.8439534,-0.25198084,2.229206,0.85364723,-0.1913778,0.2062436
3,266,0.84387875,-0.25272584,2.2288475,0.85774994,-0.19244505,0.2058526
3,267,0.84305716,-0.25153744,2.227213,0.85276127,-0.19350947,0.20545828
3,268,0.84295106,-0.25280178,2.227333,0.85404444,-0.19457106,0.20506068
3,269,0.8430543,-0.251801,2.220478,0.8561053,-0.19562979,0.20465976
3,270,0.8430128,-0.251929,2.2341099,0.8498821,-0.19668567,0.20425555
3,271,0.84338975,-0.25088274,2.233675,0.8570185,-0.19773869,0.20384805
3,272,0.84268355,-0.25178897,2.2391758,0.8563895,-0.19878882,0.20343725
3,273,0.84292364,-0.25213253,2.2348385,0.8554902,-0.19983609,0.20302318
3,274,0.84273887,-0.2513525,2.232359,0.8572011,-0.20088045,0.20260583
3,275,0.8438401,-0.25138408,2.2325363,0.8549652,-0.20192192,0.20218521
3,276,0.8432653,-0.25152498,2.2307873,0.85386276,-0.20296049,0.2017613
3,277,0.84294415,-0.25142914,2.2244778,0.85554886,-0.20399614,0.20133415
3,278,0.84327555,-0.25141847,2.232502,0.85472584,-0.20502886,0.20090373
3,279,0.8435075,-0.25046116,2.2236385,0.85323477,-0.20605867,0.20047005
3,280,0.84427786,-0.25072193,2.2255497,0.8599839,-0.20708552,0.20003313
3,281,0.84373283,-0.2506436,2.2297916,0.8513713,-0.20810944,0.19959295
3,282,0.84365344,-0.25090438,2.2282715,0.85446405,-0.2091304,0.19914952
3,283,0.8431325,-0.25033224,2.2116985,0.85727644,-0.2101484,0.19870287
3,284,0.8435664,-0.2504186,2.2266636,0.85412645,-0.21116343,0.19825298
3,285,0.8442087,-0.25096238,2.2257347,0.8545656,-0.21217549,0.19779986
3,286,0.8441031,-0.25007242,2.2271786,0.85084105,-0.21318455,0.19734351
3,287,0.84455013,-0.25065374,2.2299728,0.854527,-0.21419063,0.19688395
3,288,0.843379,-0.25054592,2.2325554,0.8572154,-0.2151937,0.19642118
3,289,0.84175754,-0.2505393,2.2336025,0.8525348,-0.21619377,0.19595519
3,290,0.8439524,-0.24988228,2.2224846,0.8571744,-0.21719082,0.195486
3,291,0.8434553,-0.2500038,2.2314873,0.85194016,-0.21818484,0.1950136
3,292,0.84439325,-0.24996823,2.218979,0.8523402,-0.21917585,0.19453801
3,293,0.84322,-0.24980175,2.2147884,0.8553252,-0.2201638,0.19405924
3,294,0.84475327,-0.2502864,2.2197723,0.8558297,-0.22114871,0.19357727
3,295,0.84414625,-0.24982959,2.22513,0.8538308,-0.22213058,0.19309212
3,296,0.8440447,-0.25041223,2.2207413,0.85503244,-0.22310938,0.19260381
3,297,0.84375715,-0.24937534,2.2130394,0.8590393,-0.2240851,0.19211231
3,298,0.8446791,-0.24916404,2.2266254,0.85701656,-0.22505777,0.19161765
3,299,0.8435447,-0.24932855,2.2255611,0.8575959,-0.22602734,0.19111985
3,300,0.84396267,-0.24985826,2.2160587,0.8573003,-0.22699381,0.19061887
3,301,0.84442806,-0.24907917,2.2114334,0.855855,-0.2279572,0.19011475
3,302,0.84430885,-0.24945635,2.22962,0.8576288,-0.22891748,0.18960749
3,303,0.84459686,-0.24898869,2.2255325,0.8535733,-0.22987466,0.18909708
3,304,0.84379077,-0.24883056,2.2218876,0.8562794,-0.2308287,0.18858352
3,305,0.84366846,-0.24925971,2.2318802,0.8557668,-0.23177962,0.18806686
3,306,0.8436558,-0.24936104,2.2279377,0.8574443,-0.23272741,0.18754706
3,307,0.84426403,-0.24907345,2.212204,0.8551626,-0.23367205,0.18702413
3,308,0.8438959,-0.24876738,2.2277832,0.8541074,-0.23461355,0.1864981
3,309,0.8449292,-0.24890143,2.2415314,0.85573673,-0.2355519,0.18596897
3,310,0.8439374,-0.24864942,2.226181,0.8554921,-0.23648708,0.18543673
3,311,0.8437431,-0.24918187,2.2124119,0.8564782,-0.2374191,0.18490139
3,312,0.84317875,-0.24816936,2.2345905,0.8577175,-0.23834793,0.18436295
3,313,0.84418726,-0.24884355,2.2148457,0.8559847,-0.23927358,0.18382142
3,314,0.84327817,-0.2479102,2.2311459,0.8560219,-0.24019605,0.18327682
3,315,0.8441591,-0.2487123,2.2292423,0.8598752,-0.24111532,0.18272914
3,316,0.84384465,-0.24826664,2.2276573,0.8568363,-0.24203138,0.1821784
3,317,0.8447256,-0.24936318,2.2328568,0.85853577,-0.24294424,0.18162458
3,318,0.8438077,-0.2479974,2.2327194,0.85518837,-0.24385388,0.1810677
3,319,0.8432286,-0.24910468,2.230814,0.8605666,-0.24476029,0.18050776
3,320,0.8452327,-0.24809289,2.2150803,0.8574767,-0.24566348,0.1799448
3,321,0.8441403,-0.24776328,2.226904,0.85450506,-0.24656342,0.17937876
3,322,0.84437966,-0.24762803,2.221632,0.8556695,-0.24746013,0.17880972
3,323,0.8425548,-0.2483604,2.2247868,0.8580818,-0.24835359,0.17823762
3,324,0.84386253,-0.24784309,2.218214,0.8588891,-0.24924378,0.1776625
3,325,0.8436792,-0.24761462,2.2268639,0.8564644,-0.2501307,0.17708436
3,326,0.8440592,-0.24746954,2.221157,0.8556986,-0.25101438,0.17650321
3,327,0.8441944,-0.24784648,2.2187424,0.8556819,-0.25189477,0.17591904
3,328,0.84417796,-0.2472496,2.2239876,0.8573885,-0.25277185,0.17533188
3,329,0.84375477,-0.24750352,2.2273026,0.8569598,-0.2536457,0.17474172
3,330,0.84478235,-0.24782687,2.2171974,0.85786676,-0.25451618,0.17414856
3,331,0.84468794,-0.24730378,2.2304802,0.86099243,-0.2553834,0.17355242
3,332,0.8441057,-0.24732512,2.2269268,0.8532624,-0.2562473,0.17295331
3,333,0.8436339,-0.24704027,2.2343998,0.85603476,-0.2571079,0.17235121
3,334,0.84341955,-0.24718624,2.2222614,0.85713434,-0.25796518,0.17174615
3,335,0.84437394,-0.24675608,2.2247753,0.8532419,-0.25881913,0.17113812
3,336,0.8440459,-0.24693924,2.2271214,0.8535228,-0.25966975,0.17052715
3,337,0.8444202,-0.24720317,2.2272491,0.85542154,-0.26051703,0.16991322
3,338,0.8452623,-0.24547362,2.2203407,0.8552213,-0.26136094,0.16929635
3,339,0.8448844,-0.24675494,2.234949,0.85596514,-0.26220155,0.16867654
3,340,0.8445277,-0.2466569,2.2134056,0.85454416,-0.26303875,0.16805379
3,341,0.8438456,-0.24733019,2.2288647,0.85968924,-0.26387262,0.16742812
3,342,0.84375167,-0.24684137,2.2296638,0.8572569,-0.2647031,0.16679953
3,343,0.8448374,-0.24578953,2.220852,0.85832596,-0.2655302,0.16616803
3,344,0.8445556,-0.24618697,2.2227,0.8569517,-0.26635394,0.16553362
3,345,0.8444233,-0.2464295,2.221674,0.8575921,-0.26717427,0.16489631
3,346,0.8454733,-0.24671495,2.2337837,0.8585572,-0.26799124,0.16425611
3,347,0.8445325,-0.24604249,2.213192,0.85792065,-0.2688048,0.16361302
3,348,0.8437562,-0.24599546,2.2319584,0.8572235,-0.26961493,0.16296704
3,349,0.84385586,-0.24652988,2.227377,0.85636425,-0.27042165,0.16231818
3,350,0.84521985,-0.24543518,2.2199993,0.8578434,-0.27122498,0.16166647
3,351,0.8438902,-0.2455352,2.2290268,0.85818815,-0.27202487,0.16101187
3,352,0.84461737,-0.24609643,2.2306366,0.8571391,-0.27282137,0.16035444
3,353,0.8440645,-0.24611795,2.2211437,0.85559845,-0.27361438,0.15969415
3,354,0.844537,-0.24600649,2.225399,0.8561115,-0.274404,0.159031
3,355,0.84551334,-0.24534208,2.2370071,0.85608244,-0.27519014,0.15836503
3,356,0.8443513,-0.2457428,2.2110443,0.85675335,-0.27597284,0.15769623
3,357,0.84355116,-0.2453993,2.2318687,0.8574767,-0.27675208,0.15702459
3,358,0.84409046,-0.24420303,2.2154713,0.85568714,-0.27752787,0.15635015
3,359,0.84495497,-0.2455833,2.2199097,0.8559098,-0.2783002,0.15567288
3,360,0.84453344,-0.24544501,2.2346077,0.85634804,-0.27906907,0.15499282
3,361,0.84534526,-0.24482131,2.2255192,0.8585787,-0.27983442,0.15430994
3,362,0.8448396,-0.24543554,2.2250824,0.8567233,-0.28059632,0.1536243
3,363,0.8433833,-0.24571949,2.2280083,0.8595624,-0.28135473,0.15293585
3,364,0.8441167,-0.24458247,2.225956,0.8586364,-0.28210962,0.15224463
3,365,0.84501886,-0.2439344,2.2253857,0.86072254,-0.28286102,0.15155064
3,366,0.8443105,-0.24457109,2.2222977,0.85750437,-0.28360894,0.15085387
3,367,0.8451321,-0.24490958,2.2205257,0.859025,-0.28435335,0.15015435
3,368,0.84447837,-0.24481982,2.2211533,0.85908556,-0.28509423,0.14945209
3,369,0.84488726,-0.24530745,2.2203789,0.86328936,-0.2858316,0.14874707
3,370,0.84603333,-0.2439062,2.2156982,0.85967064,-0.28656545,0.14803931
3,371,0.844357,-0.2439928,2.216442,0.8591833,-0.28729576,0.14732882
3,372,0.84504294,-0.24519384,2.2287655,0.8577485,-0.28802255,0.14661562
3,373,0.8446212,-0.24446726,2.2320347,0.86018276,-0.2887458,0.1458997
3,374,0.84448576,-0.24480069,2.2102432,0.85937023,-0.2894655,0.14518106
3,375,0.8453009,-0.24365664,2.223978,0.85778475,-0.29018164,0.14445971
3,376,0.84415317,-0.24465668,2.2301998,0.8603282,-0.29089424,0.14373566
3,377,0.8446188,-0.24365932,2.2133904,0.8565717,-0.29160327,0.14300893
3,378,0.8451724,-0.24346334,2.226654,0.86033344,-0.29230875,0.14227952
3,379,0.8453591,-0.24401063,2.2198315,0.85613155,-0.29301065,0.14154743
3,380,0.84522724,-0.24382031,2.237341,0.8584199,-0.29370898,0.14081267
3,381,0.84530616,-0.24369079,2.223158,0.8595209,-0.29440373,0.14007525
3,382,0.8453388,-0.24388605,2.2209396,0.8562913,-0.2950949,0.13933517
3,383,0.84404254,-0.2437228,2.2282524,0.8586135,-0.2957825,0.13859244
3,384,0.84486103,-0.24265605,2.2267628,0.85862064,-0.2964665,0.13784707
3,385,0.8451178,-0.2433722,2.2212944,0.8575573,-0.29714692,0.13709907
3,386,0.84531474,-0.24358898,2.2185497,0.85969496,-0.29782373,0.13634844
3,387,0.8447912,-0.24311382,2.226328,0.8554683,-0.2984969,0.13559519
3,388,0.8449812,-0.24214703,2.2327957,0.86111784,-0.2991665,0.13483933
3,389,0.8449333,-0.24298245,2.2112637,0.86046696,-0.2998325,0.13408086
3,390,0.84430814,-0.24282724,2.212471,0.8591051,-0.30049485,0.1333198
3,391,0.8462362,-0.24305522,2.2223072,0.8557825,-0.30115357,0.13255614
3,392,0.844723,-0.24305016,2.2232952,0.8571763,-0.30180869,0.1317899
3,393,0.84580135,-0.24268967,2.2238598,0.85965157,-0.30246016,0.13102108
3,394,0.8446877,-0.2423901,2.2232666,0.8560276,-0.303108,0.1302497
3,395,0.8450391,-0.24262643,2.2338486,0.86348295,-0.3037522,0.12947574
3,396,0.8461313,-0.24192059,2.214119,0.8615484,-0.30439276,0.12869924
3,397,0.8449564,-0.24307656,2.2110157,0.8596964,-0.3050297,0.1279202
3,398,0.8454089,-0.24203116,2.227785,0.85942125,-0.30566293,0.12713861
3,399,0.8446467,-0.24307084,2.2193375,0.8599372,-0.30629256,0.12635449
3,400,0.8450315,-0.24226594,2.225788,0.8600073,-0.3069185,0.12556784
3,401,0.84523964,-0.24232632,2.2134838,0.8600745,-0.30754077,0.12477868
3,402,0.8449924,-0.2421447,2.2154408,0.86098766,-0.30815938,0.123987004
3,403,0.84571385,-0.24216312,2.220173,0.8580756,-0.30877432,0.123192824
3,404,0.8450744,-0.24203503,2.220274,0.8595629,-0.3093856,0.122396156
3,405,0.8460238,-0.24297208,2.2239323,0.85818624,-0.30999318,0.121597
3,406,0.8455367,-0.24184191,2.2250118,0.85728073,-0.3105971,0.12079536
3,407,0.84500194,-0.24179393,2.230753,0.85868883,-0.3111973,0.11999125
3,408,0.84616566,-0.24152315,2.2264175,0.85874796,-0.31179383,0.11918467
3,409,0.8459232,-0.2409178,2.2224255,0.85865974,-0.31238666,0.118375644
3,410,0.84541106,-0.24095172,2.2231045,0.8606081,-0.3129758,0.11756416
3,411,0.84518385,-0.24132305,2.225998,0.8581996,-0.31356123,0.11675023
3,412,0.84568214,-0.24129629,2.218813,0.85546446,-0.31414294,0.11593387
3,413,0.8452871,-0.24213499,2.2140484,0.85556936,-0.31472096,0.11511509
3,414,0.84504247,-0.24065953,2.2253609,0.86137104,-0.31529525,0.11429389
3,415,0.84627247,-0.24163002,2.2241592,0.85680246,-0.31586584,0.11347027
3,416,0.8445709,-0.24087942,2.2303295,0.85416937,-0.3164327,0.112644255
3,417,0.84560394,-0.2412461,2.2246704,0.8641472,-0.31699583,0.11181584
3,418,0.84491634,-0.24101782,2.2218685,0.8603654,-0.31755525,0.11098504
3,419,0.8449843,-0.24106705,2.213831,0.8598995,-0.31811094,0.11015186
3,420,0.84629583,-0.24119705,2.2118797,0.864398,-0.31866288,0.109316304
3,421,0.8448663,-0.24060965,2.2233906,0.8571539,-0.3192111,0.10847839
3,422,0.8460727,-0.24162161,2.2154999,0.8567252,-0.31975558,0.10763811
3,423,0.84616065,-0.2405473,2.2268772,0.8571429,-0.32029632,0.10679549
3,424,0.84526443,-0.24084574,2.214695,0.85763884,-0.3208333,0.10595053
3,425,0.84494233,-0.24037093,2.2105236,0.8602638,-0.32136652,0.10510323
3,426,0.8458011,-0.23982614,2.2101097,0.85864735,-0.321896,0.10425361
3,427,0.8454864,-0.24093705,2.2318783,0.8593421,-0.32242173,0.103401676
3,428,0.8457,-0.24024874,2.2206306,0.86107826,-0.3229437,0.10254743
3,429,0.84563947,-0.24013937,2.2321987,0.8602271,-0.3234619,0.10169088
3,430,0.8460858,-0.24032354,2.2190342,0.8570218,-0.3239763,0.10083204
3,431,0.8458247,-0.23957676,2.2095394,0.8604045,-0.32448697,0.099970914
3,432,0.84580874,-0.23956382,2.2291183,0.85287666,-0.32499388,0.09910751
3,433,0.8462627,-0.23981047,2.214899,0.8534875,-0.325497,0.09824184
3,434,0.84485865,-0.23968112,2.2214146,0.8626199,-0.32599634,0.09737391
3,435,0.84557414,-0.2398321,2.224846,0.85882187,-0.3264919,0.09650373
3,436,0.8446164,-0.23993093,2.2181568,0.859231,-0.3269837,0.0956313
3,437,0.846262,-0.23914278,2.2332191,0.8616333,-0.32747167,0.09475664
3,438,0.8457625,-0.24045831,2.2216759,0.8587632,-0.32795587,0.093879744
3,439,0.8466563,-0.23895204,2.2132225,0.859674,-0.3284363,0.093000636
3,440,0.84457684,-0.23876709,2.2329388,0.8615265,-0.3289129,0.09211931
3,441,0.8448353,-0.2387234,2.2153683,0.8623338,-0.32938573,0.09123578
3,442,0.8466327,-0.23831034,2.2300968,0.8550134,-0.32985476,0.09035006
3,443,0.84402347,-0.23879755,2.2253838,0.85691833,-0.33031997,0.08946215
3,444,0.8465235,-0.23883533,2.2217197,0.85672,-0.3307814,0.08857206
3,445,0.8458452,-0.23845166,2.2157726,0.8592558,-0.331239,0.0876798
3,446,0.84659123,-0.2383765,2.2232246,0.8652673,-0.3316928,0.08678538
3,447,0.8462384,-0.23788661,2.2251778,0.8576608,-0.3321428,0.08588881
3,448,0.8453655,-0.23967868,2.2234612,0.85811377,-0.33258897,0.084990084
3,449,0.84609246,-0.23797566,2.219284,0.86073065,-0.33303133,0.08408923
3,450,0.84560585,-0.2384023,2.2212448,0.858109,-0.33346987,0.08318625
3,451,0.8467457,-0.2374183,2.226717,0.8541937,-0.3339046,0.082281135
3,452,0.84575367,-0.2380426,2.2336826,0.85798264,-0.33433548,0.081373915
3,453,0.84695864,-0.23786896,2.2095757,0.85645103,-0.33476254,0.080464594
3,454,0.8456111,-0.23915088,2.2239742,0.86122036,-0.3351858,0.07955318
3,455,0.84544945,-0.23777401,2.2228813,0.85414267,-0.3356052,0.07863967
3,456,0.8456907,-0.23812479,2.2021866,0.86041594,-0.33602077,0.07772409
3,457,0.84567547,-0.23758912,2.230793,0.8621354,-0.33643252,0.07680644
3,458,0.84717894,-0.23815817,2.225483,0.85985327,-0.33684042,0.07588673
3,459,0.84601927,-0.23754734,2.2219849,0.8533416,-0.3372445,0.07496496
3,460,0.84683084,-0.2367593,2.2145405,0.8546457,-0.33764473,0.07404115
3,461,0.8465836,-0.23847795,2.2185555,0.86012316,-0.3380411,0.073115304
3,462,0.8458023,-0.23744726,2.2148056,0.8595195,-0.33843365,0.07218743
3,463,0.84574723,-0.23736507,2.2205086,0.8557334,-0.33882234,0.07125754
3,464,0.8454895,-0.23701763,2.2260685,0.8597727,-0.3392072,0.070325635
3,465,0.84642434,-0.23708695,2.220129,0.8575654,-0.3395882,0.069391735
3,466,0.8456192,-0.23729897,2.2112598,0.8619714,-0.33996534,0.06845584
3,467,0.84668636,-0.2369771,2.2204628,0.85977125,-0.34033862,0.06751796
3,468,0.84611154,-0.2369495,2.2148552,0.8608422,-0.34070805,0.066578105
3,469,0.8473096,-0.2371403,2.2035255,0.8684101,-0.34107363,0.065636285
3,470,0.84597063,-0.2366736,2.22398,0.86339235,-0.34143534,0.064692505
3,471,0.84674454,-0.2366013,2.2027225,0.85731554,-0.3417932,0.06374678
3,472,0.846468,-0.23665279,2.2123222,0.8605919,-0.3421472,0.06279911
3,473,0.8465533,-0.236575,2.2233868,0.8631425,-0.34249735,0.06184951
3,474,0.8468473,-0.23589611,2.2216873,0.8529029,-0.34284362,0.060897984
3,475,0.8458445,-0.23680973,2.2118587,0.8566389,-0.34318602,0.059944548
3,476,0.84555507,-0.23627818,2.2230492,0.86096096,-0.34352455,0.0589892
3,477,0.84623957,-0.23682886,2.203102,0.85934067,-0.34385923,0.05803196
3,478,0.8462863,-0.23664945,2.22077,0.8562527,-0.34419,0.057072833
3,479,0.84590673,-0.23674792,2.2168007,0.8592305,-0.34451693,0.056111827
3,480,0.84594274,-0.23767376,2.20607,0.8561959,-0.34483996,0.055148948
3,481,0.845525,-0.23627645,2.207735,0.8563986,-0.34515914,0.05418421
3,482,0.8470478,-0.23613113,2.2112103,0.8608165,-0.34547445,0.05321762
3,483,0.84672165,-0.2361862,2.2100315,0.8555732,-0.34578586,0.052249186
3,484,0.84630346,-0.23631048,2.2087479,0.8614316,-0.3460934,0.051278915
3,485,0.8466928,-0.23672849,2.2342339,0.8548913,-0.34639707,0.05030682
3,486,0.84735703,-0.23652625,2.2094116,0.85937405,-0.34669682,0.04933291
3,487,0.8469441,-0.23643601,2.2214375,0.8632202,-0.34699273,0.04835719
3,488,0.84660435,-0.23506182,2.2172585,0.86089563,-0.34728476,0.04737967
3,489,0.84688354,-0.23513818,2.2108803,0.85437775,-0.3475729,0.04640036
3,490,0.8466494,-0.23492223,2.2127476,0.8562007,-0.34785712,0.045419272
3,491,0.8466742,-0.2352401,2.2195148,0.858366,-0.3481375,0.04443641
3,492,0.84672904,-0.23519099,2.2167683,0.8583946,-0.34841394,0.043451782
3,493,0.8463447,-0.2365588,2.2166023,0.8592849,-0.34868655,0.042465407
3,494,0.8470609,-0.23484421,2.2170467,0.86106443,-0.34895524,0.04147728
3,495,0.84710264,-0.23495793,2.2183018,0.85407734,-0.34922004,0.040487424
3,496,0.84614086,-0.23548532,2.1941795,0.8567419,-0.34948096,0.039495837
3,497,0.8468075,-0.23493665,2.2149296,0.85561705,-0.34973797,0.038502533
3,498,0.84724,-0.23534584,2.2131748,0.85749865,-0.3499911,0.037507523
3,499,0.8461411,-0.23497123,2.2172394,0.856194,-0.35024035,0.03651081
3,500,0.8468294,-0.23532903,2.21344,0.85740805,-0.3504857,0.035512406
3,501,0.84704614,-0.23503023,2.2081146,0.85828304,-0.35072717,0.034512326
3,502,0.84732413,-0.23458648,2.2278614,0.8576617,-0.35096473,0.03351057
3,503,0.84553146,-0.23520029,2.210085,0.8633318,-0.35119838,0.03250715
3,504,0.8467703,-0.23519409,2.2193909,0.86059237,-0.35142815,0.03150208
3,505,0.8462317,-0.2341131,2.219698,0.86047745,-0.35165402,0.030495364
3,506,0.8462429,-0.23498452,2.2138252,0.85886955,-0.351876,0.029487012
3,507,0.8464489,-0.2350468,2.2069206,0.86203957,-0.35209408,0.028477034
3,508,0.8468847,-0.23390418,2.219387,0.8618126,-0.35230827,0.02746544
3,509,0.8474877,-0.2341258,2.21916,0.8600874,-0.35251856,0.026452238
3,510,0.8474505,-0.23435229,2.2155762,0.86130095,-0.35272494,0.025437437
3,511,0.84654164,-0.23390692,2.2099152,0.8592968,-0.35292742,0.024421047
3,512,0.8466127,-0.23339564,2.220312,0.8592291,-0.35312602,0.023403076
3,513,0.84625244,-0.2340979,2.2150002,0.85567,-0.35332072,0.022383537
3,514,0.84696007,-0.23431247,2.2113075,0.8542328,-0.3535115,0.021362435
3,515,0.8466711,-0.23438334,2.2177906,0.8587756,-0.3536984,0.020339781
3,516,0.846519,-0.23343784,2.2049828,0.8584442,-0.3538814,0.019315585
3,517,0.8473153,-0.23369265,2.219204,0.8581214,-0.3540605,0.018289857
3,518,0.84660673,-0.23342943,2.2127724,0.86239576,-0.35423568,0.017262602
3,519,0.8464589,-0.23256278,2.2074146,0.86098766,-0.35440698,0.016233835
3,520,0.8461964,-0.23414052,2.2182693,0.85965157,-0.35457438,0.015203562
3,521,0.84671974,-0.23304749,2.216446,0.8592768,-0.35473788,0.014171793
3,522,0.8469088,-0.23299354,2.2111282,0.8589363,-0.35489747,0.013138537
3,523,0.84588003,-0.23258054,2.2118835,0.86347485,-0.3550532,0.012103804
3,524,0.8465028,-0.23243451,2.209116,0.85994196,-0.355205,0.011067605
3,525,0.84778905,-0.23255998,2.2071896,0.8643651,-0.35535288,0.010029946
3,526,0.84614277,-0.23311108,2.2233944,0.8581996,-0.35549688,0.008990839
3,527,0.8466947,-0.23292106,2.2163906,0.8597245,-0.355637,0.007950292
3,528,0.8457279,-0.23231697,2.2103825,0.8601141,-0.3557732,0.0069083157
3,529,0.8458383,-0.23287112,2.2089844,0.8555379,-0.35590553,0.0058649187
3,530,0.8462081,-0.23237908,2.2198162,0.8626361,-0.35603392,0.0048201107
3,531,0.8469579,-0.23283243,2.2240028,0.86475563,-0.35615844,0.0037739016
3,532,0.84668875,-0.23257709,2.2215233,0.85960436,-0.35627908,0.0027263004
3,533,0.8473792,-0.23299575,2.216505,0.853281,-0.35639578,0.0016773167
3,534,0.84674764,-0.23236561,2.2208061,0.8573661,-0.3565086,0.00062696007
3,535,0.8477018,-0.23179638,2.2176456,0.8557172,-0.35661754,-0.0004247599
3,536,0.84740734,-0.23182893,2.225359,0.85465574,-0.3567226,-0.0014778337
3,537,0.84637475,-0.2326802,2.2066174,0.8564782,-0.35682374,-0.0025322519
3,538,0.8469577,-0.2323767,2.2262363,0.8561635,-0.356921,-0.0035880047
3,539,0.8467777,-0.23203635,2.2127666,0.85788727,-0.35701433,-0.0046450826
3,540,0.84691644,-0.23129874,2.1930885,0.8588762,-0.3571038,-0.0057034763
3,541,0.84694076,-0.23189503,2.2155304,0.85977983,-0.3571894,-0.006763176
3,542,0.84630656,-0.23098564,2.213251,0.86094666,-0.35727108,-0.007824172
3,543,0.84761286,-0.23171079,2.2090645,0.8581171,-0.35734886,-0.008886455
3,544,0.8471174,-0.23236895,2.219736,0.8605542,-0.35742277,-0.009950015
3,545,0.8473785,-0.23220289,2.2144737,0.8586602,-0.35749277,-0.0110148415
3,546,0.84712243,-0.23208857,2.2103615,0.85942316,-0.3575589,-0.012080927
3,547,0.8471556,-0.23157346,2.2271614,0.86466694,-0.35762113,-0.013148261
3,548,0.8469963,-0.23227787,2.2193985,0.8567929,-0.35767952,-0.014216833
3,549,0.84764194,-0.2315765,2.21027,0.8610177,-0.35773396,-0.015286634
3,550,0.8467562,-0.23143595,2.2154503,0.85595894,-0.35778457,-0.016357655
3,551,0.84748936,-0.2306217,2.2156487,0.8606591,-0.35783127,-0.017429885
3,552,0.8463981,-0.23132366,2.2164211,0.8602638,-0.3578741,-0.018503314
3,553,0.8476782,-0.23145914,2.2127,0.8604717,-0.35791302,-0.019577933
3,554,0.84673834,-0.23096603,2.2137413,0.8576617,-0.3579481,-0.020653734
3,555,0.8474343,-0.23039836,2.2100525,0.8569555,-0.35797927,-0.021730706
3,556,0.84822273,-0.22959858,2.2085094,0.8587856,-0.35800657,-0.022808837
3,557,0.8458531,-0.23115098,2.220272,0.8568773,-0.35803002,-0.02388812
3,558,0.84651303,-0.22951132,2.2207546,0.854053,-0.35804957,-0.024968546
3,559,0.84742,-0.2292794,2.225008,0.8594899,-0.35806525,-0.026050102
3,560,0.84776807,-0.23030645,2.2122707,0.8584657,-0.35807705,-0.027132781
3,561,0.847003,-0.2301268,2.2117367,0.85338306,-0.358085,-0.028216572
3,562,0.84795666,-0.22926241,2.1980915,0.8556633,-0.35808906,-0.029301466
3,563,0.84632516,-0.22950327,2.2100067,0.8603177,-0.35808927,-0.030387452
3,564,0.84838057,-0.22982132,2.208912,0.85611916,-0.3580856,-0.03147452
3,565,0.848783,-0.22895223,2.2164955,0.8590145,-0.35807806,-0.032562662
3,566,0.8467331,-0.22909588,2.2020702,0.8597903,-0.35806668,-0.03365187
3,567,0.84818435,-0.22929454,2.2129135,0.8617773,-0.35805142,-0.034742128
3,568,0.8473325,-0.22907025,2.2154446,0.85662985,-0.35803232,-0.03583343
3,569,0.84736204,-0.22932494,2.20961,0.85754585,-0.35800934,-0.036925767
3,570,0.8476522,-0.22944927,2.214016,0.8574796,-0.35798252,-0.03801913
3,571,0.8485477,-0.22894186,2.218979,0.85725594,-0.35795182,-0.039113503
3,572,0.8478539,-0.23007786,2.2069874,0.8581629,-0.35791728,-0.04020888
3,573,0.8471174,-0.22969115,2.2021656,0.86238813,-0.35787886,-0.041305255
3,574,0.8480468,-0.22788513,2.2080383,0.8613329,-0.35783663,-0.04240261
3,575,0.8472862,-0.22962528,2.2169933,0.86013985,-0.35779053,-0.043500945
3,576,0.8476355,-0.227799,2.2099667,0.8512597,-0.3577406,-0.04460024
3,577,0.8466482,-0.22895342,2.2152557,0.85875225,-0.35768682,-0.045700494
3,578,0.8471267,-0.22790879,2.2076511,0.85662603,-0.35762918,-0.04680169
3,579,0.8478234,-0.22967404,2.2039356,0.85802317,-0.3575677,-0.047903825
3,580,0.84871197,-0.22968751,2.210144,0.8617315,-0.3575024,-0.049006883
3,581,0.84803987,-0.22811967,2.2003212,0.85697556,-0.35743326,-0.050110854
3,582,0.84759474,-0.2287637,2.2202568,0.8575554,-0.35736027,-0.051215734
3,583,0.84802294,-0.22785318,2.201746,0.86018896,-0.35728344,-0.05232151
3,584,0.8475306,-0.22825271,2.2124481,0.8601041,-0.3572028,-0.05342817
3,585,0.84721565,-0.22789061,2.203659,0.86219263,-0.35711834,-0.054535702
3,586,0.84773254,-0.22800481,2.2148647,0.85422325,-0.35703003,-0.055644102
3,587,0.8471186,-0.22774333,2.2107296,0.8600626,-0.3569379,-0.05675336
3,588,0.8481612,-0.22845322,2.2246685,0.8564167,-0.35684195,-0.057863463
3,589,0.8475363,-0.22861886,2.2091846,0.85680294,-0.35674217,-0.0589744
3,590,0.84778094,-0.22715652,2.2056694,0.8610101,-0.35663858,-0.060086165
3,591,0.84817195,-0.22841543,2.2182026,0.86096764,-0.35653117,-0.061198745
3,592,0.847599,-0.22702765,2.2043476,0.85973215,-0.35641995,-0.062312134
3,593,0.84814525,-0.22877485,2.214241,0.86021423,-0.3563049,-0.063426316
3,594,0.84742737,-0.22756493,2.2100525,0.8567076,-0.3561861,-0.06454128
3,595,0.8480511,-0.2266736,2.197527,0.8582516,-0.35606343,-0.06565703
3,596,0.8471415,-0.22818232,2.2035084,0.8531823,-0.35593697,-0.066773534
3,597,0.84864974,-0.2275384,2.2059975,0.8561578,-0.35580674,-0.0678908
3,598,0.8483913,-0.22657597,2.2046185,0.85797644,-0.3556727,-0.06900881
3,599,0.8478782,-0.22754568,2.2080765,0.86098194,-0.35553482,-0.07012756
3,600,0.8476083,-0.22690207,2.2060318,0.85529184,-0.3553932,-0.071247034
3,601,0.8467264,-0.22639072,2.2045288,0.8532586,-0.35524777,-0.07236723
3,602,0.8485148,-0.22762293,2.2066135,0.8558378,-0.35509852,-0.07348812
3,603,0.8475764,-0.22698468,2.2141266,0.8580661,-0.3549455,-0.07460971
3,604,0.8467791,-0.22802615,2.199236,0.8546753,-0.35478872,-0.07573199
3,605,0.8483727,-0.22686821,2.2050152,0.858438,-0.35462815,-0.076854944
3,606,0.84674597,-0.2266028,2.2119064,0.8587332,-0.3544638,-0.07797857
3,607,0.84781075,-0.22598708,2.2106037,0.85812616,-0.35429567,-0.07910284
3,608,0.84720516,-0.22682571,2.2033882,0.8553624,-0.35412377,-0.08022776
3,609,0.84809995,-0.22667587,2.208311,0.85752726,-0.3539481,-0.081353314
3,610,0.8472731,-0.22791523,2.2036114,0.8552766,-0.35376865,-0.0824795
3,611,0.84809136,-0.22691566,2.2055588,0.85634613,-0.35358545,-0.083606295
3,612,0.84832144,-0.22620165,2.2007484,0.85559225,-0.3533985,-0.084733695
3,613,0.84763384,-0.22686762,2.2124767,0.8597665,-0.35320777,-0.0858617
3,614,0.84818506,-0.2258457,2.2138348,0.86209345,-0.35301328,-0.08699028
3,615,0.8481064,-0.22595465,2.2130013,0.85634995,-0.35281506,-0.08811944
3,616,0.8479762,-0.2256906,2.2143764,0.85564613,-0.3526131,-0.089249164
3,617,0.84765387,-0.22604346,2.2014275,0.8590045,-0.35240737,-0.09037944
3,618,0.8478496,-0.22650802,2.2099667,0.8551736,-0.3521979,-0.091510266
3,619,0.8483572,-0.22497284,2.2140732,0.85778904,-0.35198468,-0.09264162
3,620,0.8479433,-0.22563434,2.1984043,0.8560257,-0.35176775,-0.09377351
3,621,0.84812737,-0.2259028,2.2063427,0.85401964,-0.35154706,-0.094905905
3,622,0.8483305,-0.22441518,2.2100735,0.8530774,-0.35132265,-0.09603881
3,623,0.8479996,-0.22467041,2.2085648,0.85673285,-0.3510945,-0.09717221
3,624,0.8476379,-0.2257731,2.2095318,0.85428715,-0.35086265,-0.09830609
3,625,0.8480327,-0.22551012,2.2083225,0.8589244,-0.35062706,-0.09944045
3,626,0.84802294,-0.2255845,2.206705,0.85891867,-0.35038778,-0.10057527
3,627,0.84757614,-0.22614598,2.2023144,0.8555827,-0.35014474,-0.10171054
3,628,0.8477156,-0.22584867,2.2042446,0.8574958,-0.34989804,-0.102846265
3,629,0.8481097,-0.22506654,2.2129097,0.8562083,-0.3496476,-0.10398241
3,630,0.8489187,-0.22571266,2.2042198,0.8590765,-0.34939346,-0.10511899
3,631,0.84696126,-0.22566044,2.205925,0.856215,-0.34913564,-0.10625598
3,632,0.84875274,-0.22442031,2.2143688,0.85510397,-0.3488741,-0.10739338
3,633,0.84938335,-0.22610092,2.2070923,0.85286045,-0.34860888,-0.10853116
3,634,0.8479068,-0.2247417,2.210352,0.85796833,-0.34833997,-0.109669335
3,635,0.8472333,-0.22515476,2.2043571,0.8550229,-0.34806737,-0.11080788
3,636,0.8485112,-0.22405708,2.209713,0.85605764,-0.34779108,-0.111946784
3,637,0.84879446,-0.22399902,2.210146,0.8579931,-0.3475111,-0.113086045
3,638,0.84915686,-0.22385526,2.2243729,0.85469437,-0.34722748,-0.11422565
3,639,0.84851956,-0.22393465,2.2147408,0.8542614,-0.34694016,-0.11536559
3,640,0.84807634,-0.22340274,2.2231884,0.8581629,-0.3466492,-0.11650585
3,641,0.84863806,-0.2248435,2.217928,0.85547066,-0.34635454,-0.11764642
3,642,0.84841776,-0.22426498,2.2001133,0.855113,-0.34605625,-0.11878729
3,643,0.8485174,-0.22400987,2.2029915,0.8534131,-0.3457543,-0.11992846
3,644,0.84884214,-0.22284365,2.19763,0.8565345,-0.34544867,-0.1210699
3,645,0.8486595,-0.22411132,2.2099895,0.86019325,-0.3451394,-0.12221162
3,646,0.8475518,-0.22465086,2.205864,0.85168934,-0.34482652,-0.1233536
3,647,0.8486874,-0.22430909,2.2011585,0.8581934,-0.34450996,-0.124495834
3,648,0.848371,-0.22336876,2.19347,0.8567772,-0.3441898,-0.1256383
3,649,0.8487797,-0.22440135,2.2044144,0.855803,-0.34386596,-0.12678102
3,650,0.84858346,-0.22322392,2.206133,0.851305,-0.34353852,-0.12792395
3,651,0.8488023,-0.22322834,2.205885,0.8571167,-0.34320745,-0.12906708
3,652,0.84820294,-0.22312212,2.2059689,0.85982656,-0.34287277,-0.13021043
3,653,0.8478606,-0.22259784,2.1999912,0.85660887,-0.34253445,-0.13135396
3,654,0.84820175,-0.22404182,2.211401,0.8567867,-0.34219253,-0.13249767
3,655,0.8478949,-0.22307801,2.2077885,0.85106754,-0.341847,-0.13364154
3,656,0.8489487,-0.22394097,2.2271652,0.8567643,-0.34149787,-0.1347856
3,657,0.8489158,-0.2229873,2.2025204,0.85809803,-0.34114516,-0.13592978
3,658,0.84816194,-0.22273338,2.2108822,0.85216093,-0.3407888,-0.13707411
3,659,0.84847355,-0.22312295,2.1969566,0.85443306,-0.3404289,-0.13821858
3,660,0.8492117,-0.22166753,2.2126236,0.85510063,-0.3400654,-0.13936317
3,661,0.84895945,-0.22314465,2.2229443,0.852684,-0.3396983,-0.14050786
3,662,0.84922194,-0.22256207,2.2086353,0.85640097,-0.33932763,-0.14165264
3,663,0.8487556,-0.22246683,2.2007084,0.8564515,-0.33895338,-0.14279753
3,664,0.8489723,-0.22283077,2.2070332,0.85682344,-0.33857557,-0.14394249
3,665,0.84786725,-0.22200263,2.2014236,0.8568721,-0.3381942,-0.14508753
3,666,0.8476176,-0.22216463,2.2069263,0.8523917,-0.33780926,-0.14623262
3,667,0.8483188,-0.22243273,2.2044678,0.8585601,-0.33742076,-0.14737776
3,668,0.84867764,-0.22257423,2.2028027,0.85765266,-0.3370287,-0.14852293
3,669,0.84851646,-0.22228873,2.2141075,0.8545079,-0.33663312,-0.14966814
3,670,0.8492882,-0.22202289,2.201151,0.855474,-0.33623397,-0.15081337
3,671,0.84903955,-0.2215743,2.2002888,0.8579073,-0.33583128,-0.1519586
3,672,0.8488884,-0.22100878,2.2003117,0.8522725,-0.33542508,-0.15310383
3,673,0.8484323,-0.22186172,2.1975803,0.8547292,-0.33501533,-0.15424906
3,674,0.84837747,-0.22136045,2.2152824,0.8582802,-0.33460206,-0.15539426
3,675,0.8486736,-0.22219145,2.204008,0.8554945,-0.33418527,-0.15653943
3,676,0.84724116,-0.22101498,2.1954823,0.8561063,-0.33376497,-0.15768455
3,677,0.84948254,-0.22074938,2.1950092,0.8543844,-0.33334115,-0.15882961
3,678,0.84862876,-0.22090149,2.203083,0.85359573,-0.33291385,-0.15997463
3,679,0.8483319,-0.22171164,2.2060318,0.8484111,-0.33248302,-0.16111957
3,680,0.847759,-0.22054231,2.2005596,0.8530855,-0.3320487,-0.16226442
3,681,0.8486638,-0.22115898,2.2035732,0.85716057,-0.3316109,-0.16340919
3,682,0.8482518,-0.22128057,2.194069,0.8561578,-0.3311696,-0.16455385
3,683,0.84831,-0.2208091,2.2086563,0.85496235,-0.33072484,-0.1656984
3,684,0.8494792,-0.22019267,2.2093544,0.85612917,-0.33027658,-0.16684283
3,685,0.84884095,-0.2199471,2.2036247,0.8563309,-0.32982484,-0.16798712
3,686,0.84950256,-0.22004664,2.201847,0.8477497,-0.32936966,-0.16913126
3,687,0.8494761,-0.22046304,2.206396,0.8545399,-0.328911,-0.17027527
3,688,0.848387,-0.2205267,2.2027683,0.852828,-0.3284489,-0.1714191
3,689,0.8486593,-0.22097957,2.2109814,0.85914326,-0.32798332,-0.17256276
3,690,0.84783936,-0.22084951,2.201765,0.8514862,-0.32751432,-0.17370625
3,691,0.84857464,-0.21985245,2.2069302,0.85041,-0.32704186,-0.17484953
3,692,0.8494592,-0.22031844,2.210596,0.85380745,-0.32656598,-0.17599261
3,693,0.8483567,-0.21992385,2.1895847,0.8522258,-0.32608667,-0.17713548
3,694,0.8483548,-0.22020018,2.2053814,0.8477311,-0.32560393,-0.17827812
3,695,0.85034156,-0.21996808,2.1995697,0.85963535,-0.32511777,-0.17942053
3,696,0.8487332,-0.2203418,2.2021046,0.8546109,-0.3246282,-0.1805627
3,697,0.8489227,-0.21961057,2.2049656,0.85196733,-0.3241352,-0.18170461
3,698,0.8483472,-0.21804607,2.1871147,0.85196257,-0.3236388,-0.18284626
3,699,0.8493891,-0.21986341,2.2031784,0.85162926,-0.323139,-0.18398763
3,700,0.8495126,-0.21999586,2.1983128,0.85452986,-0.32263583,-0.18512873
3,701,0.8491821,-0.22020543,2.191555,0.8516164,-0.32212925,-0.18626954
3,702,0.8490155,-0.22024739,2.204321,0.85604906,-0.3216193,-0.18741003
3,703,0.84881806,-0.2193172,2.1928883,0.85339594,-0.32110596,-0.1885502
3,704,0.8482113,-0.2208209,2.2103214,0.8506799,-0.32058924,-0.18969007
3,705,0.8495798,-0.21859407,2.211008,0.8492737,-0.32006916,-0.19082959
3,706,0.85039496,-0.2194221,2.2010975,0.85402346,-0.31954572,-0.19196877
3,707,0.8490958,-0.21892333,2.2036629,0.8572302,-0.31901893,-0.19310759
3,708,0.84938717,-0.21847212,2.1962452,0.84743357,-0.31848878,-0.19424605
3,709,0.8484123,-0.21818459,2.197338,0.85329676,-0.3179553,-0.19538414
3,710,0.85031986,-0.21975076,2.203352,0.8519325,-0.31741843,-0.19652185
3,711,0.8493552,-0.21929431,2.2062874,0.8504238,-0.31687826,-0.19765916
3,712,0.8491936,-0.2197262,2.2022114,0.85290194,-0.31633478,-0.19879606
3,713,0.8499954,-0.2184279,2.2127972,0.8514843,-0.31578794,-0.19993256
3,714,0.8498235,-0.21911025,2.2065544,0.8492036,-0.31523782,-0.20106862
3,715,0.84942603,-0.21805227,2.2120667,0.85586834,-0.31468436,-0.20220426
3,716,0.8493488,-0.21892631,2.1996365,0.85146,-0.31412762,-0.20333946
3,717,0.84955716,-0.21822095,2.2043438,0.855237,-0.31356755,-0.2044742
3,718,0.84979916,-0.21880686,2.2044506,0.85168743,-0.31300423,-0.20560847
3,719,0.84846234,-0.21809995,2.215641,0.852376,-0.31243756,-0.20674227
3,720,0.8491299,-0.21715117,2.216154,0.85163975,-0.31186765,-0.2078756
3,721,0.8496134,-0.21804464,2.1899662,0.84799194,-0.31129447,-0.20900841
3,722,0.8498664,-0.21860647,2.2094593,0.854599,-0.310718,-0.21014073
3,723,0.8494239,-0.21758318,2.2042065,0.8590255,-0.31013826,-0.21127254
3,724,0.8486769,-0.2175045,2.2017937,0.84975195,-0.30955526,-0.21240383
3,725,0.84795284,-0.21896696,2.207819,0.85232496,-0.30896902,-0.21353458
3,726,0.84919786,-0.21664035,2.2059479,0.8503785,-0.30837953,-0.21466479
3,727,0.8487265,-0.21716201,2.2002182,0.8495054,-0.3077868,-0.21579444
3,728,0.84875464,-0.21746099,2.204422,0.85288906,-0.30719084,-0.21692353
3,729,0.8493948,-0.2176243,2.1944695,0.8523817,-0.30659163,-0.21805206
3,730,0.8496804,-0.21786225,2.1992054,0.85412025,-0.3059892,-0.21918
3,731,0.8503623,-0.2181946,2.198679,0.8469033,-0.30538356,-0.22030735
3,732,0.8490741,-0.21822286,2.2002964,0.849741,-0.3047747,-0.22143409
3,733,0.8488395,-0.21801805,2.1995544,0.85305405,-0.30416265,-0.22256023
3,734,0.8488803,-0.21805465,2.197155,0.8537388,-0.3035474,-0.22368574
3,735,0.8500674,-0.21843028,2.2053642,0.84969664,-0.30292895,-0.22481062
3,736,0.8499627,-0.21680689,2.2094898,0.84256697,-0.3023073,-0.22593485
3,737,0.8497224,-0.21723735,2.199892,0.8555727,-0.3016825,-0.22705844
3,738,0.84980845,-0.21686149,2.1984806,0.8510475,-0.3010545,-0.22818136
3,739,0.84951854,-0.2164756,2.2010918,0.8501277,-0.30042335,-0.22930363
3,740,0.84880614,-0.21529758,2.207281,0.8505788,-0.29978904,-0.2304252
3,741,0.849689,-0.21756124,2.197321,0.84692955,-0.29915157,-0.23154607
3,742,0.8499019,-0.2159487,2.2003632,0.85255957,-0.29851094,-0.23266627
3,743,0.8495133,-0.21766734,2.2091675,0.8537426,-0.29786718,-0.23378573
3,744,0.84904957,-0.21637142,2.2131653,0.8531127,-0.2972203,-0.23490448
3,745,0.8496947,-0.21616042,2.195694,0.8536496,-0.29657027,-0.23602252
3,746,0.85005045,-0.21686435,2.2059174,0.85351944,-0.2959171,-0.23713979
3,747,0.84980774,-0.21770012,2.2085266,0.85107946,-0.29526085,-0.23825634
3,748,0.84919596,-0.21610177,2.2085037,0.84550905,-0.29460144,-0.2393721
3,749,0.8505485,-0.21589589,2.1981468,0.850739,-0.29393896,-0.24048711
3,750,0.8500452,-0.21609008,2.2010765,0.85232687,-0.2932734,-0.24160135
3,751,0.84929013,-0.21533144,2.1911297,0.8463974,-0.2926047,-0.24271479
3,752,0.8496735,-0.21588445,2.2046585,0.85009384,-0.29193294,-0.24382743
3,753,0.8494251,-0.21648431,2.1938133,0.84978676,-0.29125813,-0.24493927
3,754,0.84988713,-0.2152679,2.2070827,0.8513694,-0.2905802,-0.2460503
3,755,0.8505173,-0.21560764,2.204523,0.8513093,-0.28989923,-0.2471605
3,756,0.84738755,-0.21540165,2.1916656,0.84918356,-0.2892152,-0.24826984
3,757,0.8498671,-0.2151221,2.2146606,0.84960604,-0.2885281,-0.24937835
3,758,0.8496928,-0.2167021,2.1885128,0.8483696,-0.28783798,-0.25048602
3,759,0.85012674,-0.21443558,2.203167,0.85064983,-0.28714484,-0.25159281
3,760,0.84938836,-0.21449184,2.1963692,0.8476467,-0.28644863,-0.25269872
3,761,0.85090184,-0.21495831,2.210472,0.8500409,-0.2857494,-0.25380376
3,762,0.84999895,-0.21496701,2.2063236,0.85035944,-0.28504717,-0.25490788
3,763,0.84922194,-0.21534598,2.200182,0.85071087,-0.28434193,-0.25601113
3,764,0.8498132,-0.21454835,2.1890125,0.8529115,-0.28363368,-0.25711343
3,765,0.850291,-0.2143215,2.2051601,0.85155916,-0.28292242,-0.25821483
3,766,0.85041475,-0.2148695,2.212225,0.84659624,-0.28220817,-0.2593153
3,767,0.8502147,-0.21449685,2.2101326,0.85005283,-0.28149095,-0.2604148
3,768,0.8506615,-0.21397221,2.1990204,0.8555589,-0.28077075,-0.26151338
3,769,0.84950423,-0.2148056,2.2135239,0.8530712,-0.28004757,-0.262611
3,770,0.84986067,-0.21463215,2.196766,0.84835243,-0.27932143,-0.26370764
3,771,0.8496442,-0.21476507,2.2131596,0.84261703,-0.27859232,-0.2648033
3,772,0.84957075,-0.21391463,2.1859894,0.85115194,-0.27786028,-0.26589796
3,773,0.85026145,-0.21506178,2.2058697,0.8536229,-0.2771253,-0.26699165
3,774,0.8502822,-0.21543682,2.1972046,0.84278584,-0.2763874,-0.2680843
3,775,0.84944344,-0.2146008,2.2015266,0.84797907,-0.27564654,-0.26917595
3,776,0.8496263,-0.2136141,2.1949387,0.8494568,-0.27490276,-0.27026656
3,777,0.8501425,-0.21451628,2.2216587,0.8431115,-0.27415606,-0.27135614
3,778,0.849957,-0.21330237,2.1965466,0.84577465,-0.27340648,-0.27244467
3,779,0.8496213,-0.2140516,2.198925,0.8462548,-0.272654,-0.27353215
3,780,0.8505819,-0.21336722,2.1954784,0.8488512,-0.2718986,-0.27461857
3,781,0.84954023,-0.21382165,2.1994095,0.84788465,-0.27114034,-0.27570388
3,782,0.8512738,-0.21467566,2.1976051,0.8482919,-0.2703792,-0.27678815
3,783,0.8514383,-0.21354353,2.2120495,0.84456444,-0.26961517,-0.2778713
3,784,0.850739,-0.212924,2.1979141,0.8518882,-0.26884827,-0.27895334
3,785,0.85035634,-0.2130599,2.2013245,0.84222317,-0.26807854,-0.2800343
3,786,0.85081744,-0.21459341,2.204136,0.8468585,-0.26730594,-0.2811141
3,787,0.8502047,-0.21298468,2.1889324,0.84439087,-0.2665305,-0.2821928
3,788,0.8501613,-0.21297443,2.207201,0.84802675,-0.26575226,-0.28327036
3,789,0.84992814,-0.21257901,2.2089443,0.84828424,-0.26497114,-0.28434676
3,790,0.8506446,-0.21273899,2.2013645,0.84750175,-0.26418722,-0.285422
3,791,0.8502946,-0.21325743,2.200924,0.84856844,-0.2634005,-0.28649607
3,792,0.84957266,-0.21215022,2.2054806,0.8488698,-0.26261094,-0.28756896
3,793,0.8499594,-0.2126633,2.2007198,0.8442607,-0.26181862,-0.28864068
3,794,0.8507242,-0.21226954,2.2062263,0.8494501,-0.2610235,-0.28971118
3,795,0.85101175,-0.2121085,2.201168,0.84693193,-0.26022556,-0.29078048
3,796,0.8499999,-0.21310747,2.2090569,0.8476925,-0.2594249,-0.29184857
3,797,0.8503468,-0.21277845,2.2017555,0.8464341,-0.25862142,-0.29291543
3,798,0.85013366,-0.2114675,2.1988602,0.84637547,-0.2578152,-0.29398108
3,799,0.85054016,-0.21231401,2.1973495,0.84273005,-0.25700623,-0.29504547
3,800,0.8509152,-0.21269262,2.1862164,0.8484874,-0.2561945,-0.2961086
3,801,0.8505378,-0.21280634,2.201046,0.8498316,-0.25538006,-0.2971705
3,802,0.84977436,-0.21224344,2.1863117,0.84756565,-0.25456285,-0.2982311
3,803,0.8509891,-0.21309686,2.1938305,0.852129,-0.25374296,-0.29929042
3,804,0.85029316,-0.21198237,2.1869717,0.84920406,-0.25292033,-0.30034846
3,805,0.8509269,-0.21344876,2.2119656,0.84327173,-0.25209498,-0.30140522
3,806,0.85006714,-0.2127024,2.1876984,0.8442874,-0.25126693,-0.30246064
3,807,0.85071945,-0.21147978,2.2052593,0.84818983,-0.2504362,-0.30351478
3,808,0.8510003,-0.21195292,2.1937027,0.8486657,-0.24960278,-0.30456758
3,809,0.8496597,-0.2112149,2.2013626,0.8479886,-0.24876668,-0.30561903
3,810,0.8501015,-0.21175742,2.1967125,0.84257936,-0.2479279,-0.30666915
3,811,0.85077834,-0.210886,2.1944733,0.84526587,-0.24708648,-0.30771792
3,812,0.8505471,-0.21059656,2.1871834,0.846941,-0.24624239,-0.30876532
3,813,0.8506274,-0.21146011,2.1942997,0.8470745,-0.24539565,-0.30981138
3,814,0.850204,-0.21025872,2.2093067,0.84051037,-0.24454628,-0.31085604
3,815,0.85072374,-0.21019757,2.193798,0.8434291,-0.24369426,-0.3118993
3,816,0.8497186,-0.21194232,2.1902313,0.848598,-0.24283963,-0.3129412
3,817,0.8509507,-0.21046448,2.2039967,0.8394456,-0.24198239,-0.31398165
3,818,0.8510127,-0.2107737,2.2059593,0.84569883,-0.24112253,-0.3150207
3,819,0.851115,-0.21189988,2.1983948,0.8477626,-0.24026006,-0.31605834
3,820,0.8505578,-0.21152115,2.20125,0.8445606,-0.23939501,-0.31709453
3,821,0.8500662,-0.21117914,2.1978436,0.84285784,-0.23852737,-0.3181293
3,822,0.851485,-0.21200395,2.1833973,0.8484745,-0.23765716,-0.3191626
3,823,0.8508432,-0.21056867,2.211626,0.8445692,-0.23678438,-0.32019445
3,824,0.8505018,-0.2097739,2.202301,0.84087896,-0.23590903,-0.32122484
3,825,0.85066676,-0.21075237,2.195427,0.8468361,-0.23503113,-0.32225373
3,826,0.84957623,-0.21031272,2.1955051,0.8438077,-0.2341507,-0.32328114
3,827,0.85043097,-0.21086478,2.202856,0.8456044,-0.23326771,-0.32430705
3,828,0.8520088,-0.21111834,2.181635,0.84226274,-0.2323822,-0.32533148
3,829,0.85042214,-0.21079743,2.1936436,0.8425727,-0.23149416,-0.32635438
3,830,0.8510332,-0.21051466,2.210371,0.84162426,-0.2306036,-0.32737577
3,831,0.85092664,-0.21033287,2.1975594,0.84302425,-0.22971056,-0.32839563
3,832,0.8512378,-0.21110165,2.1985855,0.84515,-0.228815,-0.32941395
3,833,0.8503349,-0.20982635,2.203436,0.84887457,-0.22791697,-0.33043072
3,834,0.8503194,-0.20991218,2.1952286,0.84481,-0.22701645,-0.3314459
3,835,0.8498802,-0.20994389,2.1740322,0.8473182,-0.22611345,-0.33245957
3,836,0.85113764,-0.20997524,2.1964703,0.8439827,-0.22520798,-0.33347163
3,837,0.8512914,-0.21090388,2.192213,0.842741,-0.22430007,-0.33448213
3,838,0.85156584,-0.20958066,2.1963654,0.8381252,-0.2233897,-0.33549103
3,839,0.8508072,-0.20924747,2.1961746,0.8430438,-0.22247688,-0.33649832
3,840,0.8513167,-0.21113789,2.2016754,0.8474755,-0.22156166,-0.33750403
3,841,0.85128546,-0.2096225,2.1958847,0.84740734,-0.22064398,-0.3385081
3,842,0.8497629,-0.2102089,2.196495,0.84185934,-0.2197239,-0.33951056
3,843,0.8514991,-0.20772111,2.1916885,0.83925056,-0.21880141,-0.34051135
3,844,0.8515339,-0.20998704,2.2025928,0.8416724,-0.21787652,-0.34151053
3,845,0.851032,-0.20962167,2.2040596,0.84385204,-0.21694924,-0.34250805
3,846,0.8511398,-0.20913172,2.1911163,0.84002733,-0.21601957,-0.34350392
3,847,0.851624,-0.2093103,2.198103,0.83986664,-0.21508753,-0.34449813
3,848,0.85113573,-0.20955443,2.195137,0.8433633,-0.21415313,-0.34549063
3,849,0.85231113,-0.2096374,2.1993084,0.83999205,-0.21321635,-0.34648147
3,850,0.8506293,-0.20923376,2.1988049,0.843997,-0.21227723,-0.3474706
3,851,0.8518903,-0.20919478,2.1900578,0.8428416,-0.21133578,-0.34845805
3,852,0.8509402,-0.20830333,2.2003555,0.8384485,-0.21039198,-0.34944376
3,853,0.850687,-0.20954108,2.1938725,0.8403044,-0.20944586,-0.35042778
3,854,0.85095096,-0.20870149,2.1996899,0.83907413,-0.20849743,-0.35141006
3,855,0.8502307,-0.2090491,2.2032204,0.8467717,-0.20754668,-0.3523906
3,856,0.8511698,-0.20786393,2.191162,0.83519745,-0.20659363,-0.3533694
3,857,0.8514681,-0.20873773,2.199152,0.84049416,-0.2056383,-0.35434645
3,858,0.8515096,-0.2074107,2.2046986,0.83846235,-0.20468068,-0.35532174
3,859,0.8513739,-0.20838058,2.1952362,0.8382988,-0.2037208,-0.35629526
3,860,0.8515935,-0.20756316,2.1947517,0.8435979,-0.20275863,-0.357267
3,861,0.8509326,-0.20693862,2.1856422,0.8393526,-0.2017942,-0.35823694
3,862,0.85071325,-0.20826733,2.1922226,0.83960056,-0.20082754,-0.3592051
3,863,0.85201955,-0.20683813,2.2041397,0.83891964,-0.19985864,-0.36017147
3,864,0.85117173,-0.20831239,2.1943226,0.83469343,-0.19888748,-0.36113602
3,865,0.8510997,-0.20773542,2.1934242,0.83806705,-0.19791412,-0.36209875
3,866,0.8499789,-0.20781052,2.1942997,0.83773565,-0.19693854,-0.36305964
3,867,0.85087657,-0.2071501,2.1919289,0.8420377,-0.19596075,-0.3640187
3,868,0.85095024,-0.20681691,2.198574,0.835145,-0.19498076,-0.36497593
3,869,0.85129523,-0.20703375,2.1844254,0.8379679,-0.19399859,-0.3659313
3,870,0.85189295,-0.20724344,2.1968899,0.83534765,-0.19301422,-0.36688483
3,871,0.8519323,-0.20730615,2.1860676,0.84039974,-0.19202769,-0.36783648
3,872,0.8518901,-0.2072761,2.1950321,0.8344369,-0.191039,-0.36878622
3,873,0.85165286,-0.20650041,2.1929207,0.8440075,-0.19004814,-0.3697341
3,874,0.8523755,-0.20747793,2.1983528,0.83815384,-0.18905514,-0.3706801
3,875,0.8502431,-0.20708549,2.1876507,0.8350377,-0.18806002,-0.3716242
3,876,0.8512094,-0.20684469,2.1800518,0.8408189,-0.18706276,-0.37256637
3,877,0.85158634,-0.20761049,2.1994915,0.8377614,-0.18606336,-0.37350667
3,878,0.8512349,-0.20655048,2.1948853,0.840487,-0.18506187,-0.374445
3,879,0.85162735,-0.20658255,2.2033672,0.83942413,-0.18405826,-0.3753814
3,880,0.85165596,-0.20675588,2.2013397,0.8405962,-0.18305257,-0.3763159
3,881,0.85140085,-0.20649552,2.1906967,0.8410983,-0.18204479,-0.3772484
3,882,0.8520527,-0.20632374,2.1998043,0.8392048,-0.18103492,-0.37817898
3,883,0.85059166,-0.20638919,2.1926441,0.8400817,-0.180023,-0.37910756
3,884,0.85200405,-0.20693433,2.1861572,0.83384275,-0.179009,-0.3800342
3,885,0.8518045,-0.20661497,2.1912365,0.83624077,-0.17799297,-0.38095886
3,886,0.8516567,-0.20623112,2.1802235,0.83881474,-0.1769749,-0.38188154
3,887,0.8513758,-0.20646465,2.1895924,0.833673,-0.17595477,-0.3828022
3,888,0.8520279,-0.2057674,2.1965714,0.83663845,-0.17493264,-0.38372087
3,889,0.8512113,-0.20678031,2.186802,0.8359823,-0.17390849,-0.38463753
3,890,0.85269046,-0.20657587,2.1887875,0.8368826,-0.17288232,-0.38555217
3,891,0.85240555,-0.2056725,2.1975536,0.84081364,-0.17185417,-0.38646477
3,892,0.8515477,-0.20639205,2.1907196,0.8358879,-0.170824,-0.38737535
3,893,0.85174227,-0.20666671,2.1882858,0.841094,-0.16979188,-0.38828388
3,894,0.8515315,-0.20556378,2.196556,0.83198404,-0.16875778,-0.38919038
3,895,0.8508625,-0.20628822,2.1935291,0.8433695,-0.16772172,-0.3900948
3,896,0.85153985,-0.20704603,2.1986103,0.8359499,-0.1666837,-0.39099717
3,897,0.85158634,-0.2056402,2.2063084,0.833385,-0.16564374,-0.39189747
3,898,0.8515482,-0.20532584,2.1940727,0.83446074,-0.16460183,-0.39279565
3,899,0.85188365,-0.20554149,2.1760902,0.83376694,-0.16355802,-0.39369178
3,900,0.85136867,-0.20487309,2.1879025,0.836154,-0.16251227,-0.39458582
3,901,0.85135126,-0.20559347,2.193985,0.8337307,-0.16146462,-0.39547774
3,902,0.85173154,-0.20488846,2.1835194,0.8361125,-0.16041507,-0.39636755
3,903,0.85232973,-0.20534813,2.1899967,0.8342943,-0.15936363,-0.39725527
3,904,0.8524766,-0.20453644,2.1856632,0.8367524,-0.1583103,-0.39814082
3,905,0.85167956,-0.20498025,2.1962013,0.83546877,-0.1572551,-0.39902428
3,906,0.85255265,-0.2047205,2.1916733,0.8361454,-0.15619802,-0.39990556
3,907,0.8522508,-0.20495379,2.1846123,0.8371582,-0.15513912,-0.40078473
3,908,0.8510003,-0.20347786,2.1906414,0.83290434,-0.15407835,-0.40166172
3,909,0.85173583,-0.20459664,2.1893387,0.83449507,-0.15301575,-0.40253654
3,910,0.85272,-0.20442748,2.2013168,0.83165455,-0.15195131,-0.4034092
3,911,0.852015,-0.20521021,2.191019,0.83798695,-0.15088506,-0.4042797
3,912,0.8518641,-0.2047199,2.186449,0.8348217,-0.149817,-0.405148
3,913,0.8519857,-0.20368326,2.1918278,0.83684206,-0.14874715,-0.4060141
3,914,0.8517132,-0.20399356,2.18363,0.83585596,-0.1476755,-0.40687802
3,915,0.85121346,-0.20381999,2.1797886,0.8361182,-0.14660206,-0.40773973
3,916,0.85224414,-0.20450115,2.2004242,0.83512497,-0.14552686,-0.40859923
3,917,0.85219526,-0.2041961,2.1899376,0.84256697,-0.14444987,-0.4094565
3,918,0.8524282,-0.20387232,2.190033,0.8349347,-0.14337115,-0.41031152
3,919,0.8534856,-0.20359623,2.190794,0.8340907,-0.14229068,-0.4111643
3,920,0.8515258,-0.20384765,2.1775703,0.8325467,-0.14120847,-0.4120149
3,921,0.85248137,-0.20339477,2.1812534,0.83661556,-0.14012453,-0.4128632
3,922,0.85198927,-0.20381165,2.1828098,0.83223677,-0.13903886,-0.41370925
3,923,0.8513768,-0.20336998,2.1941147,0.83288765,-0.1379515,-0.41455305
3,924,0.85100126,-0.20342219,2.2141914,0.8333063,-0.13686243,-0.41539457
3,925,0.8505764,-0.2033062,2.1819572,0.8331137,-0.13577166,-0.4162338
3,926,0.8533559,-0.20354784,2.2011395,0.837379,-0.13467923,-0.41707078
3,927,0.8510895,-0.20251036,2.2045364,0.83096075,-0.13358511,-0.41790542
3,928,0.85230684,-0.20448804,2.197115,0.8329549,-0.13248932,-0.4187378
3,929,0.8519635,-0.20341158,2.1980877,0.8344722,-0.1313919,-0.41956785
3,930,0.8523803,-0.2036438,2.1895657,0.82995033,-0.13029282,-0.42039558
3,931,0.85216737,-0.20407462,2.183609,0.8312993,-0.1291921,-0.42122102
3,932,0.85217166,-0.20285976,2.1903667,0.8326988,-0.12808976,-0.42204413
3,933,0.85298395,-0.20267522,2.1929016,0.83704376,-0.1269858,-0.42286488
3,934,0.8529248,-0.20329595,2.198763,0.83054924,-0.12588023,-0.42368332
3,935,0.851954,-0.20304382,2.191351,0.8313608,-0.12477306,-0.4244994
3,936,0.853631,-0.20264375,2.1846848,0.83304024,-0.12366431,-0.4253131
3,937,0.8517561,-0.20274985,2.196968,0.8303447,-0.122553974,-0.42612445
3,938,0.85263824,-0.20273268,2.1874313,0.83483934,-0.121442065,-0.42693344
3,939,0.8530562,-0.20201719,2.1900253,0.8353133,-0.12032859,-0.42774007
3,940,0.8516183,-0.2026335,2.1943302,0.8317666,-0.119213566,-0.42854428
3,941,0.85139036,-0.20206046,2.1821232,0.82756996,-0.118097,-0.42934614
3,942,0.8519347,-0.20280695,2.1794968,0.8309989,-0.116978906,-0.4301456
3,943,0.85349655,-0.20230925,2.1896324,0.8289161,-0.11585928,-0.43094262
3,944,0.8528955,-0.2019893,2.1794872,0.8290796,-0.11473814,-0.43173727
3,945,0.8521483,-0.2018882,2.1946163,0.8379884,-0.11361549,-0.4325295
3,946,0.85300946,-0.20109713,2.19561,0.8305955,-0.11249135,-0.4333193
3,947,0.8510449,-0.20250452,2.193819,0.83249855,-0.11136572,-0.43410668
3,948,0.8533428,-0.20238316,2.1906261,0.83245945,-0.11023861,-0.4348916
3,949,0.85176754,-0.2025317,2.1770573,0.83288527,-0.109110035,-0.4356741
3,950,0.85289407,-0.20198715,2.1815815,0.8293624,-0.10798,-0.43645415
3,951,0.8523903,-0.20018125,2.192009,0.82886267,-0.106848516,-0.43723175
3,952,0.8531606,-0.20177019,2.1961708,0.83432436,-0.10571559,-0.43800688
3,953,0.85218024,-0.20134878,2.1932144,0.8293457,-0.10458123,-0.43877956
3,954,0.85187936,-0.20093238,2.1979904,0.83228874,-0.103445455,-0.43954974
3,955,0.8522403,-0.20178616,2.1911068,0.8290796,-0.10230826,-0.44031745
3,956,0.85258484,-0.20067,2.1943436,0.82817173,-0.10116967,-0.4410827
3,957,0.85172176,-0.20171428,2.1890068,0.82555676,-0.100029685,-0.44184542
3,958,0.85339165,-0.20004559,2.1977634,0.83079386,-0.09888831,-0.44260564
3,959,0.8532915,-0.20016515,2.2029037,0.8317485,-0.09774557,-0.44336337
3,960,0.8523259,-0.20053363,2.189642,0.8278432,-0.09660146,-0.4441186
3,961,0.85087276,-0.19993603,2.1972237,0.8296051,-0.09545599,-0.44487128
3,962,0.85331607,-0.20051277,2.178173,0.82688046,-0.09430918,-0.44562143
3,963,0.85281706,-0.20095599,2.1990623,0.8289614,-0.09316103,-0.44636908
3,964,0.8513284,-0.19929147,2.1866379,0.82873297,-0.092011556,-0.4471142
3,965,0.85215473,-0.20047104,2.200592,0.8302579,-0.09086076,-0.44785675
3,966,0.8536806,-0.20137262,2.186575,0.82834387,-0.089708656,-0.44859675
3,967,0.8530812,-0.2002455,2.1968746,0.82444143,-0.08855526,-0.4493342
3,968,0.8527489,-0.20175517,2.1846638,0.8271532,-0.08740057,-0.4500691
3,969,0.8535576,-0.20044672,2.1957397,0.82364035,-0.0862446,-0.45080143
3,970,0.85199356,-0.20168066,2.183447,0.82890177,-0.08508736,-0.45153117
3,971,0.85226417,-0.19997823,2.1912918,0.8282995,-0.08392886,-0.45225835
3,972,0.85330343,-0.20112169,2.1904106,0.82794905,-0.08276911,-0.45298293
3,973,0.8528247,-0.19913054,2.1974335,0.82858086,-0.08160812,-0.45370492
3,974,0.85287523,-0.20060122,2.188881,0.83291864,-0.08044589,-0.45442432
3,975,0.8527174,-0.1999582,2.1952171,0.8272376,-0.07928244,-0.4551411
3,976,0.8526945,-0.2006321,2.203804,0.82879686,-0.07811778,-0.45585528
3,977,0.85301423,-0.19935334,2.1936302,0.8263016,-0.07695191,-0.45656684
3,978,0.8517759,-0.1988008,2.1887608,0.8307562,-0.075784855,-0.45727578
3,979,0.8512533,-0.20043159,2.1870403,0.8264365,-0.07461661,-0.4579821
3,980,0.85265684,-0.19746494,2.199854,0.8215747,-0.07344719,-0.4586858
3,981,0.85341096,-0.19903123,2.1860638,0.82420397,-0.07227661,-0.45938683
3,982,0.85194683,-0.19877732,2.1909199,0.82694244,-0.07110487,-0.4600852
3,983,0.8522661,-0.19968665,2.1949062,0.8267255,-0.069931984,-0.46078098
3,984,0.8523016,-0.19936776,2.1903343,0.82186365,-0.06875796,-0.46147406
3,985,0.8522763,-0.19994783,2.2071915,0.8225179,-0.06758281,-0.4621645
3,986,0.8524139,-0.19963837,2.1850262,0.82457304,-0.06640654,-0.46285224
3,987,0.85181546,-0.1992079,2.19458,0.8265052,-0.06522917,-0.46353734
3,988,0.8521273,-0.19818676,2.1860619,0.82705927,-0.06405069,-0.46421975
3,989,0.85340285,-0.19780552,2.1979885,0.82151556,-0.06287113,-0.46489948
3,990,0.85258985,-0.200086,2.193262,0.8294225,-0.061690487,-0.4655765
3,991,0.85268116,-0.1996901,2.1881046,0.8202567,-0.060508776,-0.46625084
3,992,0.85269976,-0.19897902,2.1950169,0.8262286,-0.059326004,-0.46692246
3,993,0.85325027,-0.19823086,2.2030296,0.8271918,-0.05814218,-0.4675914
3,994,0.8526771,-0.1987189,2.191145,0.8272376,-0.05695732,-0.4682576
3,995,0.85341024,-0.19980228,2.192896,0.8246269,-0.055771425,-0.4689211
3,996,0.8525281,-0.19938564,2.2105713,0.82596827,-0.054584507,-0.46958187
3,997,0.8530772,-0.19796526,2.2027225,0.8305645,-0.05339658,-0.47023994
3,998,0.8529947,-0.19927025,2.1769505,0.82027626,-0.05220765,-0.47089523
3,999,0.8537295,-0.19843757,2.188507,0.8278227,-0.051017724,-0.4715478
4,0,-0.9185596,0.2338072,-6.9558725,-2.4543674,-0.56806004,0.35665607
4,1,-0.9187174,0.23291266,-6.9354916,-2.455238,-0.5672097,0.3574793
4,2,-0.9187192,0.23265433,-6.935046,-2.4550276,-0.5663577,0.3583028
4,3,-0.9188674,0.2325728,-6.934436,-2.4553113,-0.56550395,0.35912657
4,4,-0.9191707,0.232404,-6.9359074,-2.4563997,-0.5646485,0.35995057
4,5,-0.9191632,0.23203504,-6.937419,-2.4557967,-0.56379133,0.36077484
4,6,-0.9189419,0.23208201,-6.93676,-2.454441,-0.5629325,0.3615994
4,7,-0.91913134,0.23196375,-6.935341,-2.455145,-0.562072,0.36242417
4,8,-0.9192194,0.2317977,-6.937998,-2.454926,-0.56120974,0.3632492
4,9,-0.9192935,0.23189998,-6.940398,-2.4554555,-0.5603459,0.36407453
4,10,-0.91948485,0.23161972,-6.9378557,-2.454922,-0.5594803,0.36490008
4,11,-0.91947705,0.23164248,-6.9377537,-2.454601,-0.55861306,0.36572587
4,12,-0.9195912,0.23141348,-6.937522,-2.4552712,-0.5577442,0.36655194
4,13,-0.9195087,0.23116815,-6.937602,-2.4561493,-0.5568736,0.36737823
4,14,-0.91968393,0.2314347,-6.937974,-2.454978,-0.5560014,0.36820477
4,15,-0.9198625,0.23090494,-6.9367733,-2.4553642,-0.5551275,0.36903155
4,16,-0.9199215,0.23084998,-6.937791,-2.4548676,-0.554252,0.36985856
4,17,-0.9198905,0.23089921,-6.9382076,-2.455158,-0.5533748,0.37068585
4,18,-0.9200586,0.23062623,-6.9384336,-2.4546254,-0.552496,0.37151337
4,19,-0.9198142,0.23040164,-6.9394035,-2.454783,-0.5516156,0.3723411
4,20,-0.920004,0.23045206,-6.9364624,-2.4551115,-0.5507335,0.3731691
4,21,-0.91991436,0.23029613,-6.9393997,-2.4544895,-0.5498498,0.3739973
4,22,-0.920238,0.23014414,-6.9413843,-2.4547782,-0.5489645,0.37482575
4,23,-0.92023027,0.23005354,-6.935686,-2.4549942,-0.5480775,0.37565443
4,24,-0.9202857,0.22991681,-6.93709,-2.454517,-0.547189,0.37648332
4,25,-0.92024827,0.22986436,-6.9345446,-2.4560263,-0.54629886,0.37731245
4,26,-0.920586,0.22987938,-6.936138,-2.4551544,-0.54540706,0.37814182
4,27,-0.9205979,0.22955608,-6.9406767,-2.4553778,-0.5445137,0.3789714
4,28,-0.92065746,0.22927237,-6.940073,-2.4556954,-0.54361874,0.3798012
4,29,-0.9205886,0.22914231,-6.9387856,-2.4551775,-0.54272217,0.38063124
4,30,-0.92080784,0.22902012,-6.939188,-2.4545364,-0.54182404,0.38146147
4,31,-0.9211803,0.22881055,-6.9385624,-2.4555283,-0.5409243,0.38229194
4,32,-0.9212017,0.22891104,-6.9418135,-2.455386,-0.54002297,0.38312262
4,33,-0.9211041,0.22881913,-6.9406376,-2.455459,-0.5391201,0.3839535
4,34,-0.9212807,0.22865379,-6.9360676,-2.455307,-0.53821564,0.3847846
4,35,-0.92131203,0.22831261,-6.937998,-2.4552033,-0.53730965,0.38561592
4,36,-0.9212456,0.22858584,-6.9397326,-2.4553428,-0.53640205,0.38644743
4,37,-0.921281,0.22849238,-6.940075,-2.4551244,-0.5354929,0.38727915
4,38,-0.92143804,0.22801518,-6.939023,-2.4546618,-0.53458226,0.38811108
4,39,-0.9212702,0.22818232,-6.9390335,-2.455296,-0.53367,0.3889432
4,40,-0.9212984,0.22819471,-6.941616,-2.4556453,-0.5327562,0.3897755
4,41,-0.92139673,0.22780871,-6.941086,-2.4550943,-0.5318409,0.39060804
4,42,-0.9217006,0.22756243,-6.9423494,-2.455628,-0.5309241,0.39144078
4,43,-0.9216729,0.22747159,-6.9416447,-2.4556315,-0.5300057,0.3922737
4,44,-0.9218179,0.22728884,-6.9408016,-2.455323,-0.52908576,0.3931068
4,45,-0.92175496,0.22726154,-6.9408054,-2.4548934,-0.5281643,0.3939401
4,46,-0.9217056,0.22739232,-6.939707,-2.4559562,-0.5272414,0.39477357
4,47,-0.9221289,0.22716928,-6.940155,-2.4558187,-0.52631694,0.39560723
4,48,-0.92233944,0.22691953,-6.937681,-2.4568896,-0.525391,0.39644107
4,49,-0.9222164,0.2267363,-6.9443283,-2.4547129,-0.52446353,0.39727512
4,50,-0.92227167,0.22665262,-6.944606,-2.454595,-0.52353454,0.39810932
4,51,-0.92249405,0.22648382,-6.9414454,-2.454764,-0.5226041,0.39894372
4,52,-0.92242783,0.22628868,-6.944557,-2.4545882,-0.5216721,0.39977828
4,53,-0.92241913,0.22625601,-6.9419575,-2.4553225,-0.5207387,0.40061304
4,54,-0.92263216,0.22614145,-6.942052,-2.4552672,-0.5198038,0.40144795
4,55,-0.9225268,0.22577882,-6.9431705,-2.4551885,-0.51886743,0.402283
4,56,-0.9227263,0.22570956,-6.9425173,-2.4549594,-0.51792955,0.40311828
4,57,-0.92286277,0.22564197,-6.941412,-2.4556847,-0.51699024,0.40395367
4,58,-0.9229597,0.22567248,-6.94116,-2.4550903,-0.51604944,0.40478927
4,59,-0.9229676,0.2254051,-6.940442,-2.4554136,-0.5151072,0.405625
4,60,-0.92304736,0.2252438,-6.943469,-2.4547932,-0.5141635,0.40646088
4,61,-0.9230161,0.22500813,-6.9436445,-2.4545698,-0.51321834,0.40729693
4,62,-0.92298317,0.22498202,-6.9430304,-2.4546597,-0.51227176,0.40813315
4,63,-0.92317367,0.2247771,-6.9444704,-2.4548328,-0.5113237,0.4089695
4,64,-0.92322266,0.22481215,-6.9437714,-2.4544764,-0.51037425,0.409806
4,65,-0.9231472,0.2246778,-6.9459133,-2.4551973,-0.5094233,0.41064265
4,66,-0.9235177,0.22439945,-6.9429016,-2.4556074,-0.508471,0.41147944
4,67,-0.9235289,0.22434199,-6.945277,-2.4551742,-0.5075172,0.4123164
4,68,-0.92336524,0.22416818,-6.943426,-2.4548874,-0.50656205,0.41315347
4,69,-0.9232385,0.22392857,-6.946368,-2.4549756,-0.5056055,0.4139907
4,70,-0.9235904,0.22407746,-6.944813,-2.45457,-0.5046475,0.41482806
4,71,-0.9234557,0.2238841,-6.9456396,-2.4544096,-0.5036881,0.41566554
4,72,-0.9237518,0.22370923,-6.944044,-2.454484,-0.5027273,0.41650316
4,73,-0.92398787,0.22367203,-6.942852,-2.4547298,-0.50176513,0.4173409
4,74,-0.9239707,0.22354555,-6.9443893,-2.4546046,-0.50080156,0.41817877
4,75,-0.9240985,0.2232523,-6.946144,-2.454638,-0.4998366,0.41901678
4,76,-0.92407125,0.2231301,-6.944401,-2.4543967,-0.49887022,0.4198549
4,77,-0.9242537,0.22308588,-6.945057,-2.4546852,-0.4979025,0.42069313
4,78,-0.9244169,0.22293067,-6.9442453,-2.4547033,-0.49693343,0.4215315
4,79,-0.9243952,0.22281075,-6.9413214,-2.4544437,-0.49596295,0.42236996
4,80,-0.9241858,0.22261846,-6.9436693,-2.4547017,-0.49499112,0.42320853
4,81,-0.92447853,0.22252274,-6.946969,-2.45487,-0.49401796,0.42404723
4,82,-0.92458445,0.22245276,-6.9444838,-2.455018,-0.49304342,0.42488602
4,83,-0.92470324,0.2222476,-6.9459667,-2.4543219,-0.49206755,0.42572492
4,84,-0.9245802,0.22224402,-6.943139,-2.4546335,-0.4910903,0.42656392
4,85,-0.9248477,0.22203481,-6.9475985,-2.453886,-0.49011174,0.42740303
4,86,-0.9249064,0.22197282,-6.9456415,-2.4550214,-0.48913184,0.42824224
4,87,-0.9246176,0.22175765,-6.9459877,-2.454781,-0.4881506,0.42908153
4,88,-0.92484355,0.22171497,-6.9459248,-2.4538748,-0.48716804,0.4299209
4,89,-0.92526734,0.22128284,-6.9461,-2.4539645,-0.48618415,0.43076038
4,90,-0.92524886,0.22137213,-6.9454765,-2.4544125,-0.48519894,0.43159994
4,91,-0.9251289,0.22111726,-6.9475403,-2.4547758,-0.48421243,0.43243957
4,92,-0.9252962,0.2209928,-6.9469385,-2.4535053,-0.48322463,0.4332793
4,93,-0.9252796,0.22088003,-6.9464664,-2.4542077,-0.4822355,0.4341191
4,94,-0.9254145,0.22084975,-6.947014,-2.4536262,-0.48124507,0.434959
4,95,-0.9254937,0.22067285,-6.9465637,-2.4534771,-0.48025337,0.43579894
4,96,-0.9256392,0.22052956,-6.9463053,-2.454394,-0.47926036,0.43663895
4,97,-0.9257612,0.22073054,-6.950283,-2.4547265,-0.47826606,0.43747905
4,98,-0.92586815,0.22023332,-6.9495792,-2.4545014,-0.47727048,0.4383192
4,99,-0.9260003,0.22023427,-6.947652,-2.4541938,-0.47627366,0.43915942
4,100,-0.9259292,0.22005355,-6.949231,-2.454234,-0.47527552,0.4399997
4,101,-0.92579776,0.21997738,-6.9450455,-2.454717,-0.47427616,0.44084004
4,102,-0.9260858,0.2197057,-6.9470634,-2.4538527,-0.4732755,0.4416804
4,103,-0.92621887,0.21954465,-6.9457674,-2.4539,-0.4722736,0.44252086
4,104,-0.92622614,0.21928632,-6.948125,-2.4540112,-0.47127044,0.44336134
4,105,-0.9262296,0.21918428,-6.9465876,-2.453946,-0.47026604,0.4442019
4,106,-0.92645335,0.21911907,-6.9496813,-2.4537978,-0.4692604,0.44504246
4,107,-0.9264864,0.21891797,-6.9468603,-2.4537945,-0.4682535,0.44588307
4,108,-0.92640626,0.21881437,-6.9478474,-2.454301,-0.4672454,0.44672373
4,109,-0.9263612,0.21887791,-6.9461746,-2.4564884,-0.46623603,0.4475644
4,110,-0.9264975,0.21863163,-6.948744,-2.453412,-0.46522546,0.44840512
4,111,-0.92665666,0.21881044,-6.9513235,-2.4549131,-0.46421367,0.44924587
4,112,-0.92672914,0.21839714,-6.947613,-2.4535801,-0.46320066,0.45008665
4,113,-0.9268909,0.21820807,-6.9515038,-2.4534383,-0.46218646,0.45092744
4,114,-0.9271143,0.21795404,-6.9485455,-2.4535873,-0.46117103,0.45176825
4,115,-0.9271214,0.21800065,-6.9497595,-2.4533458,-0.46015438,0.4526091
4,116,-0.92713404,0.21820652,-6.9489727,-2.4540513,-0.45913658,0.45344993
4,117,-0.9272355,0.21766877,-6.9488983,-2.4537482,-0.45811754,0.45429078
4,118,-0.9272344,0.21760845,-6.949235,-2.4532337,-0.45709735,0.45513165
4,119,-0.92749,0.21760583,-6.954136,-2.4547064,-0.45607597,0.45597252
4,120,-0.9274994,0.2174182,-6.9517555,-2.4542534,-0.4550534,0.4568134
4,121,-0.92754143,0.21722269,-6.951006,-2.4549427,-0.45402965,0.45765427
4,122,-0.9275831,0.21708465,-6.9510546,-2.4534514,-0.45300475,0.45849514
4,123,-0.9276354,0.21695268,-6.9495344,-2.4536316,-0.45197868,0.45933598
4,124,-0.9277327,0.21671188,-6.950432,-2.4544744,-0.45095146,0.46017686
4,125,-0.9279996,0.21660697,-6.9486246,-2.454078,-0.44992307,0.46101767
4,126,-0.92790574,0.21646094,-6.9515705,-2.4546762,-0.44889352,0.4618585
4,127,-0.92799723,0.21645343,-6.9506664,-2.453635,-0.44786283,0.4626993
4,128,-0.92814624,0.21631455,-6.9494057,-2.4541917,-0.44683102,0.46354008
4,129,-0.928215,0.21623099,-6.950881,-2.454199,-0.44579804,0.46438083
4,130,-0.92834723,0.21619105,-6.948798,-2.4545658,-0.44476396,0.46522155
4,131,-0.9282837,0.21595073,-6.9504023,-2.4536936,-0.44372874,0.46606225
4,132,-0.92818624,0.21586657,-6.9491014,-2.4535003,-0.4426924,0.4669029
4,133,-0.9283427,0.21582103,-6.948659,-2.4537795,-0.44165495,0.46774352
4,134,-0.92838275,0.21569562,-6.9511013,-2.4527092,-0.44061637,0.4685841
4,135,-0.92831874,0.21580386,-6.951803,-2.45303,-0.4395767,0.46942464
4,136,-0.92851746,0.21522546,-6.9504375,-2.4536817,-0.4385359,0.47026512
4,137,-0.92837155,0.21529233,-6.9528503,-2.4529743,-0.437494,0.47110555
4,138,-0.92859906,0.21527278,-6.9512196,-2.4524496,-0.43645105,0.47194594
4,139,-0.9288289,0.21500862,-6.951933,-2.4531126,-0.43540698,0.47278625
4,140,-0.9286855,0.21473157,-6.9495945,-2.4526918,-0.43436182,0.47362652
4,141,-0.92892337,0.21467233,-6.9526157,-2.4526598,-0.43331558,0.4744667
4,142,-0.9290239,0.21463466,-6.953705,-2.4533803,-0.4322683,0.47530684
4,143,-0.9290312,0.21443868,-6.951682,-2.4527066,-0.4312199,0.47614688
4,144,-0.92944,0.21416128,-6.953264,-2.4532623,-0.43017045,0.47698689
4,145,-0.9293269,0.21408021,-6.9523144,-2.452451,-0.42911994,0.47782677
4,146,-0.92936254,0.21417177,-6.9539375,-2.452913,-0.42806837,0.4786666
4,147,-0.9294644,0.21416175,-6.9521627,-2.4528475,-0.42701578,0.47950634
4,148,-0.92974806,0.21383274,-6.951104,-2.452975,-0.4259621,0.480346
4,149,-0.92968464,0.21393406,-6.9512215,-2.453537,-0.4249074,0.48118556
4,150,-0.92976314,0.2135067,-6.9540176,-2.4532487,-0.42385164,0.48202503
4,151,-0.9297821,0.21323037,-6.9520826,-2.453043,-0.42279488,0.48286438
4,152,-0.92972594,0.2131989,-6.950968,-2.452026,-0.42173707,0.48370367
4,153,-0.9298912,0.21307981,-6.950243,-2.45409,-0.42067823,0.48454282
4,154,-0.9301522,0.21283281,-6.9524517,-2.453807,-0.41961837,0.48538187
4,155,-0.93000346,0.21290326,-6.953598,-2.45394,-0.41855752,0.4862208
4,156,-0.93007755,0.21275902,-6.9534483,-2.4525259,-0.41749564,0.48705965
4,157,-0.93003714,0.21269393,-6.952223,-2.4524333,-0.41643277,0.48789835
4,158,-0.93018097,0.21250498,-6.952962,-2.4525735,-0.41536888,0.48873693
4,159,-0.9300414,0.21240819,-6.952471,-2.453165,-0.414304,0.4895754
4,160,-0.9301714,0.21258092,-6.955947,-2.4527102,-0.41323814,0.49041373
4,161,-0.93037915,0.21189809,-6.9546356,-2.452778,-0.41217127,0.49125192
4,162,-0.9304962,0.21195531,-6.953328,-2.4524503,-0.41110343,0.49209
4,163,-0.9304168,0.21207023,-6.952832,-2.45232,-0.41003463,0.4929279
4,164,-0.93064237,0.21182132,-6.9528103,-2.4520447,-0.40896484,0.49376568
4,165,-0.93056667,0.21182525,-6.9524336,-2.453935,-0.40789407,0.4946033
4,166,-0.9308113,0.2115295,-6.952943,-2.4525926,-0.40682235,0.4954408
4,167,-0.93060327,0.21175957,-6.954133,-2.4545636,-0.40574968,0.49627814
4,168,-0.93103117,0.2112639,-6.9499683,-2.4541187,-0.40467605,0.49711528
4,169,-0.93103504,0.21117783,-6.953191,-2.4517488,-0.4036015,0.49795228
4,170,-0.931128,0.210917,-6.957881,-2.4531329,-0.40252596,0.49878913
4,171,-0.931044,0.21076167,-6.955595,-2.4522355,-0.4014495,0.4996258
4,172,-0.9312232,0.21071076,-6.955865,-2.4524715,-0.40037212,0.5004623
4,173,-0.9314545,0.21090138,-6.9551754,-2.4521062,-0.39929378,0.5012986
4,174,-0.9315698,0.2105813,-6.954874,-2.4521003,-0.39821452,0.50213474
4,175,-0.9315282,0.21079814,-6.952717,-2.4529572,-0.39713436,0.5029707
4,176,-0.93182343,0.21011794,-6.9572515,-2.4512162,-0.39605325,0.5038065
4,177,-0.9317136,0.21028912,-6.9542265,-2.4519742,-0.39497125,0.50464207
4,178,-0.9317266,0.21001971,-6.9554625,-2.4518898,-0.39388835,0.5054774
4,179,-0.9315882,0.21001565,-6.957939,-2.4521055,-0.39280453,0.5063126
4,180,-0.93183535,0.20978403,-6.9556484,-2.4527488,-0.39171985,0.5071476
4,181,-0.9319917,0.20962656,-6.955966,-2.4518352,-0.39063424,0.5079824
4,182,-0.9319818,0.20941162,-6.956027,-2.4515803,-0.38954777,0.5088169
4,183,-0.93203795,0.20940518,-6.9544573,-2.451951,-0.3884604,0.50965124
4,184,-0.9322324,0.20943415,-6.9554567,-2.4520047,-0.38737214,0.5104854
4,185,-0.93226516,0.20921767,-6.9554806,-2.4523532,-0.386283,0.5113193
4,186,-0.93217885,0.20905888,-6.9564514,-2.452291,-0.38519302,0.51215297
4,187,-0.9322524,0.20891523,-6.956607,-2.4530332,-0.38410217,0.5129864
4,188,-0.9325185,0.20857334,-6.957056,-2.4519305,-0.38301045,0.51381963
4,189,-0.9326087,0.20866823,-6.9543657,-2.45307,-0.3819179,0.5146526
4,190,-0.9326595,0.20858872,-6.955736,-2.4528434,-0.38082448,0.51548535
4,191,-0.93268466,0.20841432,-6.9563217,-2.4511375,-0.3797302,0.51631784
4,192,-0.9326708,0.20848215,-6.9546614,-2.451921,-0.3786351,0.5171501
4,193,-0.9326358,0.2083081,-6.958602,-2.453507,-0.37753916,0.51798207
4,194,-0.9327914,0.2080996,-6.956811,-2.451085,-0.37644237,0.5188138
4,195,-0.9327888,0.20806444,-6.9551344,-2.4513187,-0.37534478,0.5196453
4,196,-0.93295395,0.20810938,-6.957451,-2.4529593,-0.37424636,0.52047646
4,197,-0.9329213,0.2078247,-6.9607143,-2.452299,-0.37314713,0.5213074
4,198,-0.933074,0.20746613,-6.962264,-2.4518025,-0.37204707,0.52213806
4,199,-0.933273,0.20723403,-6.9556293,-2.4523487,-0.37094623,0.5229684
4,200,-0.93353796,0.2072283,-6.959856,-2.451275,-0.36984456,0.5237985
4,201,-0.93337595,0.20757055,-6.957999,-2.4530132,-0.3687421,0.52462834
4,202,-0.9334067,0.20703173,-6.955943,-2.450982,-0.36763886,0.52545786
4,203,-0.9334822,0.20699978,-6.9587803,-2.4508626,-0.3665348,0.5262871
4,204,-0.93364215,0.20695722,-6.955924,-2.4527228,-0.36542997,0.527116
4,205,-0.93370676,0.20656574,-6.9578037,-2.4510305,-0.3643244,0.5279446
4,206,-0.9336966,0.20660293,-6.9555655,-2.4527369,-0.363218,0.52877295
4,207,-0.93389523,0.20645392,-6.9571676,-2.4508793,-0.36211085,0.529601
4,208,-0.93403125,0.20619631,-6.959429,-2.4525995,-0.36100292,0.53042865
4,209,-0.93383425,0.20640278,-6.96008,-2.451554,-0.35989425,0.531256
4,210,-0.9340608,0.2060951,-6.958477,-2.4517288,-0.35878482,0.5320831
4,211,-0.9340645,0.20600235,-6.9614153,-2.4514434,-0.35767463,0.5329098
4,212,-0.93399906,0.20586574,-6.9581957,-2.4513786,-0.35656372,0.53373617
4,213,-0.9342625,0.20560133,-6.95903,-2.451102,-0.35545203,0.53456223
4,214,-0.93422854,0.20563781,-6.959819,-2.450436,-0.35433963,0.535388
4,215,-0.9343771,0.20557785,-6.958296,-2.4506834,-0.35322648,0.53621334
4,216,-0.934494,0.20516801,-6.9589787,-2.4501524,-0.35211262,0.5370384
4,217,-0.93469775,0.2053343,-6.9596615,-2.4511306,-0.350998,0.537863
4,218,-0.9346386,0.20515823,-6.957617,-2.4509833,-0.34988272,0.53868735
4,219,-0.93481493,0.20491159,-6.9602795,-2.4514673,-0.34876668,0.5395113
4,220,-0.9347251,0.20498478,-6.9593124,-2.4506595,-0.34764996,0.5403349
4,221,-0.9347471,0.20490527,-6.9601965,-2.4506075,-0.34653252,0.5411581
4,222,-0.93525034,0.20463753,-6.95971,-2.452006,-0.34541437,0.5419809
4,223,-0.9352325,0.20474923,-6.9586124,-2.4513133,-0.34429556,0.5428034
4,224,-0.9352318,0.20458734,-6.957714,-2.451565,-0.34317604,0.5436255
4,225,-0.93519765,0.20409417,-6.9588966,-2.4512615,-0.34205583,0.5444472
4,226,-0.93568414,0.20393932,-6.9571743,-2.4513228,-0.34093493,0.5452685
4,227,-0.9353473,0.20396292,-6.959775,-2.4495215,-0.33981338,0.54608935
4,228,-0.9355135,0.20392764,-6.9628267,-2.4501326,-0.33869115,0.54690987
4,229,-0.9356755,0.2036612,-6.9614506,-2.4505606,-0.33756822,0.54772997
4,230,-0.9357342,0.2036035,-6.9601507,-2.4508038,-0.33644468,0.54854965
4,231,-0.9356029,0.20341754,-6.962331,-2.4507763,-0.33532044,0.5493689
4,232,-0.93575543,0.20344448,-6.959896,-2.4503915,-0.33419558,0.55018777
4,233,-0.9358619,0.20307803,-6.960308,-2.450703,-0.33307004,0.5510062
4,234,-0.9361537,0.20285451,-6.962884,-2.4510722,-0.3319439,0.5518242
4,235,-0.93595517,0.20294607,-6.9607573,-2.4497764,-0.33081707,0.5526418
4,236,-0.93605435,0.20278537,-6.9615717,-2.4517708,-0.32968965,0.5534589
4,237,-0.93598545,0.20270514,-6.9597178,-2.4510043,-0.32856157,0.55427563
4,238,-0.93617153,0.2024672,-6.960437,-2.4495378,-0.3274329,0.55509186
4,239,-0.93633664,0.20227444,-6.959979,-2.4498124,-0.32630357,0.55590767
4,240,-0.93620014,0.20233226,-6.9609175,-2.4506674,-0.32517365,0.556723
4,241,-0.9363556,0.20210767,-6.962185,-2.4502764,-0.32404312,0.5575379
4,242,-0.9366504,0.20187294,-6.9602356,-2.4503224,-0.32291198,0.55835235
4,243,-0.93664825,0.20189941,-6.9614725,-2.4501173,-0.32178023,0.5591663
4,244,-0.9367132,0.20168102,-6.9618835,-2.4498115,-0.3206479,0.5599798
4,245,-0.9366119,0.2017014,-6.9628143,-2.4498975,-0.31951496,0.5607928
4,246,-0.9366907,0.20169532,-6.9666214,-2.4514735,-0.31838146,0.5616053
4,247,-0.9368621,0.20107949,-6.967285,-2.4486375,-0.31724733,0.5624173
4,248,-0.9370855,0.20114815,-6.9617596,-2.4496524,-0.31611267,0.5632289
4,249,-0.93697333,0.20149612,-6.9594936,-2.4497364,-0.3149774,0.56403995
4,250,-0.93701464,0.20112443,-6.960679,-2.4497743,-0.3138416,0.56485045
4,251,-0.9369422,0.20119512,-6.961935,-2.450185,-0.31270522,0.56566054
4,252,-0.93719715,0.20115125,-6.9623528,-2.4510455,-0.31156826,0.56647
4,253,-0.93721896,0.20047796,-6.962351,-2.4502563,-0.31043077,0.56727904
4,254,-0.93722886,0.20087218,-6.9621944,-2.4505408,-0.30929273,0.5680876
4,255,-0.9371083,0.20053494,-6.9646664,-2.4492898,-0.30815414,0.5688955
4,256,-0.9371768,0.20042181,-6.9627457,-2.4486682,-0.307015,0.569703
4,257,-0.9376856,0.20010531,-6.9635572,-2.450041,-0.30587533,0.5705099
4,258,-0.93762755,0.20019722,-6.963071,-2.448999,-0.30473515,0.5713163
4,259,-0.93766993,0.19989383,-6.965914,-2.4489274,-0.3035944,0.5721221
4,260,-0.93770576,0.1999073,-6.964426,-2.448723,-0.3024532,0.5729274
4,261,-0.9379044,0.1995908,-6.963417,-2.450337,-0.3013114,0.57373214
4,262,-0.9380062,0.19955885,-6.962878,-2.4495215,-0.30016914,0.5745363
4,263,-0.93809503,0.19937801,-6.9638214,-2.447965,-0.29902637,0.5753399
4,264,-0.9381199,0.19931698,-6.9639654,-2.4484563,-0.29788306,0.57614297
4,265,-0.937985,0.19910264,-6.9659557,-2.4497435,-0.29673928,0.5769454
4,266,-0.93810755,0.1991713,-6.9656696,-2.4485338,-0.29559502,0.57774734
4,267,-0.9382266,0.19879901,-6.9688444,-2.4489152,-0.29445025,0.57854867
4,268,-0.93835056,0.19878721,-6.962823,-2.4484913,-0.293305,0.5793494
4,269,-0.93846196,0.19842005,-6.9636517,-2.449792,-0.29215926,0.58014953
4,270,-0.9384942,0.19872272,-6.9626255,-2.4498527,-0.29101306,0.58094907
4,271,-0.9387047,0.19828331,-6.967676,-2.448128,-0.2898664,0.581748
4,272,-0.93867254,0.19842851,-6.962614,-2.4487789,-0.28871924,0.58254635
4,273,-0.9387005,0.19815361,-6.966732,-2.4480581,-0.28757164,0.58334404
4,274,-0.93880594,0.19804525,-6.965905,-2.4482496,-0.2864236,0.58414114
4,275,-0.93900365,0.1979301,-6.963537,-2.4496496,-0.28527507,0.58493763
4,276,-0.9389897,0.19770479,-6.963167,-2.4487572,-0.28412613,0.58573353
4,277,-0.9389125,0.19774306,-6.9641895,-2.448582,-0.28297672,0.5865288
4,278,-0.9391204,0.1975689,-6.9665813,-2.4477744,-0.28182688,0.58732337
4,279,-0.93903977,0.1976831,-6.9658575,-2.4483824,-0.2806766,0.5881173
4,280,-0.9391676,0.1974014,-6.9629745,-2.4479668,-0.2795259,0.58891064
4,281,-0.9392997,0.19726968,-6.964428,-2.448346,-0.2783748,0.58970326
4,282,-0.9394547,0.19675791,-6.9639606,-2.4483688,-0.27722323,0.5904953
4,283,-0.93943155,0.19695652,-6.96358,-2.448194,-0.27607128,0.59128666
4,284,-0.9393413,0.19681156,-6.964774,-2.4479563,-0.2749189,0.5920773
4,285,-0.9397576,0.19679093,-6.9668236,-2.4474185,-0.27376613,0.5928673
4,286,-0.9396866,0.19659245,-6.9656134,-2.4490356,-0.27261296,0.59365666
4,287,-0.9398399,0.1965481,-6.9640217,-2.447884,-0.2714594,0.5944453
4,288,-0.9399644,0.19620657,-6.9646597,-2.4481018,-0.27030542,0.59523326
4,289,-0.93993115,0.19656146,-6.9645987,-2.4482276,-0.26915106,0.5960206
4,290,-0.94014025,0.19628131,-6.963106,-2.447439,-0.26799634,0.5968071
4,291,-0.9399094,0.19609642,-6.9679585,-2.4471664,-0.26684123,0.597593
4,292,-0.940102,0.1960479,-6.96772,-2.4484832,-0.26568574,0.5983782
4,293,-0.9402929,0.19569325,-6.966426,-2.4479654,-0.26452988,0.5991627
4,294,-0.9403548,0.19574857,-6.966296,-2.447068,-0.26337367,0.59994644
4,295,-0.94046986,0.195575,-6.968937,-2.4481378,-0.2622171,0.60072947
4,296,-0.9406135,0.19521964,-6.9631224,-2.448469,-0.26106015,0.6015118
4,297,-0.94068277,0.19522893,-6.966897,-2.4465566,-0.2599029,0.6022933
4,298,-0.94069475,0.19504273,-6.9693356,-2.4481807,-0.25874525,0.6030742
4,299,-0.9406979,0.19495523,-6.9643726,-2.4477754,-0.25758728,0.60385424
4,300,-0.9410337,0.1948322,-6.9671373,-2.4479764,-0.256429,0.6046336
4,301,-0.94100726,0.19488025,-6.964863,-2.447294,-0.25527033,0.6054122
4,302,-0.9408324,0.19454873,-6.968135,-2.4463937,-0.25411138,0.60619
4,303,-0.94123095,0.19428313,-6.9677553,-2.448402,-0.2529521,0.6069671
4,304,-0.9412397,0.19443452,-6.964593,-2.4469988,-0.2517925,0.60774344
4,305,-0.94134206,0.19410992,-6.9674187,-2.4471653,-0.25063255,0.60851896
4,306,-0.94144464,0.19429684,-6.9658413,-2.4466472,-0.24947233,0.6092937
4,307,-0.94138694,0.19388437,-6.9671335,-2.4468532,-0.2483118,0.61006767
4,308,-0.94171566,0.19375765,-6.9687843,-2.44644,-0.24715097,0.61084086
4,309,-0.94147646,0.19385362,-6.9662895,-2.446917,-0.24598984,0.6116133
4,310,-0.9415431,0.19365764,-6.966324,-2.446123,-0.24482843,0.61238486
4,311,-0.9415977,0.19330549,-6.9680176,-2.4466262,-0.24366672,0.61315566
4,312,-0.9414545,0.19323611,-6.9685287,-2.4466105,-0.24250473,0.61392564
4,313,-0.941697,0.19325161,-6.9668074,-2.446222,-0.24134247,0.6146948
4,314,-0.941921,0.19302297,-6.9682083,-2.4458082,-0.24017994,0.61546314
4,315,-0.942011,0.19315493,-6.9678335,-2.4465218,-0.23901713,0.61623067
4,316,-0.9418699,0.19283867,-6.9737396,-2.446418,-0.23785406,0.61699736
4,317,-0.94206965,0.19266891,-6.966898,-2.4459374,-0.23669074,0.6177632
4,318,-0.94192344,0.19272435,-6.970295,-2.4485261,-0.23552716,0.61852825
4,319,-0.9418652,0.19211876,-6.965784,-2.4468427,-0.23436333,0.6192924
4,320,-0.94252384,0.19234908,-6.966692,-2.446354,-0.23319925,0.6200557
4,321,-0.9423295,0.19241309,-6.968438,-2.446217,-0.23203494,0.62081814
4,322,-0.9424435,0.19218421,-6.9670134,-2.445677,-0.2308704,0.62157977
4,323,-0.94278574,0.19207013,-6.97034,-2.4470704,-0.22970562,0.6223405
4,324,-0.94272757,0.19161665,-6.967952,-2.4449255,-0.2285406,0.62310034
4,325,-0.942803,0.1917026,-6.9679384,-2.4455152,-0.22737537,0.6238593
4,326,-0.9426895,0.19160843,-6.9669895,-2.4459965,-0.22620992,0.6246174
4,327,-0.94302964,0.19108331,-6.971591,-2.4455817,-0.22504425,0.6253746
4,328,-0.94314754,0.19138896,-6.9679203,-2.445515,-0.22387838,0.6261309
4,329,-0.943161,0.19122219,-6.9686594,-2.446331,-0.22271231,0.6268863
4,330,-0.9430021,0.19115365,-6.9674063,-2.4446564,-0.22154602,0.6276408
4,331,-0.9429685,0.1908803,-6.966138,-2.4465647,-0.22037956,0.62839437
4,332,-0.9435396,0.19096363,-6.9706383,-2.4458616,-0.21921289,0.62914705
4,333,-0.94347906,0.1906712,-6.9678555,-2.4458494,-0.21804605,0.6298988
4,334,-0.94336545,0.19056869,-6.966916,-2.4460387,-0.21687901,0.6306496
4,335,-0.9431408,0.19029856,-6.9660997,-2.447088,-0.2157118,0.6313995
4,336,-0.9433084,0.19060981,-6.964366,-2.445433,-0.21454443,0.63214844
4,337,-0.943475,0.1902386,-6.96846,-2.4451,-0.21337688,0.6328965
4,338,-0.94346285,0.19011581,-6.9691257,-2.4450421,-0.21220917,0.6336435
4,339,-0.9434693,0.19008112,-6.968568,-2.4450176,-0.2110413,0.63438964
4,340,-0.94375134,0.18980873,-6.975132,-2.4467406,-0.20987327,0.63513476
4,341,-0.94393146,0.18976533,-6.9681253,-2.445692,-0.2087051,0.635879
4,342,-0.9438509,0.18966222,-6.9669704,-2.4455993,-0.20753677,0.63662213
4,343,-0.94406915,0.18962705,-6.968874,-2.445023,-0.20636831,0.6373644
4,344,-0.9439769,0.18951976,-6.969921,-2.4455934,-0.2051997,0.63810563
4,345,-0.94416267,0.18942225,-6.9734488,-2.4439583,-0.20403098,0.63884586
4,346,-0.9442692,0.18897736,-6.9731693,-2.4445014,-0.20286211,0.63958514
4,347,-0.94435406,0.1892258,-6.969452,-2.4443185,-0.20169313,0.6403234
4,348,-0.9444929,0.18902719,-6.969303,-2.4445384,-0.20052403,0.64106065
4,349,-0.94458413,0.18907034,-6.9670944,-2.44519,-0.19935481,0.64179695
4,350,-0.94467425,0.18866456,-6.970233,-2.4448688,-0.19818547,0.64253217
4,351,-0.9449715,0.18875027,-6.971319,-2.4449747,-0.19701605,0.6432664
4,352,-0.94454086,0.18832946,-6.967659,-2.444292,-0.19584651,0.6439996
4,353,-0.94484866,0.18830895,-6.969063,-2.4441776,-0.19467688,0.6447317
4,354,-0.9446045,0.18839192,-6.970586,-2.443195,-0.19350716,0.6454629
4,355,-0.9449682,0.1880703,-6.9696064,-2.4452946,-0.19233735,0.6461929
4,356,-0.94500756,0.18794751,-6.96828,-2.4439235,-0.19116746,0.64692193
4,357,-0.9451963,0.18777311,-6.968585,-2.4449644,-0.18999748,0.6476499
4,358,-0.9452625,0.18780708,-6.969037,-2.4447322,-0.18882744,0.6483768
4,359,-0.94552493,0.18741047,-6.9686375,-2.4438534,-0.18765733,0.6491027
4,360,-0.9455192,0.1874491,-6.9719095,-2.444432,-0.18648714,0.6498274
4,361,-0.94544005,0.18740344,-6.9685984,-2.4427762,-0.18531689,0.65055114
4,362,-0.94561565,0.18737471,-6.969124,-2.4441426,-0.1841466,0.6512737
4,363,-0.94562,0.18712664,-6.9711637,-2.4439862,-0.18297625,0.65199524
4,364,-0.94541883,0.18695915,-6.9730635,-2.4443016,-0.18180585,0.6527157
4,365,-0.9454961,0.18715727,-6.96185,-2.443234,-0.1806354,0.65343505
4,366,-0.94590753,0.18681931,-6.970744,-2.4442477,-0.17946492,0.6541532
4,367,-0.9461055,0.18697393,-6.9645815,-2.445007,-0.1782944,0.6548704
4,368,-0.94587624,0.18637812,-6.9706535,-2.4442348,-0.17712386,0.65558636
4,369,-0.94604504,0.18632555,-6.970455,-2.4415927,-0.17595328,0.65630126
4,370,-0.9459857,0.18626451,-6.970892,-2.4426038,-0.1747827,0.65701497
4,371,-0.94641405,0.18587697,-6.9713106,-2.441769,-0.17361207,0.6577276
4,372,-0.9467808,0.18586338,-6.968337,-2.443515,-0.17244145,0.6584391
4,373,-0.94617975,0.1858362,-6.965624,-2.4429526,-0.17127082,0.6591494
4,374,-0.9465002,0.1856755,-6.9692793,-2.4431107,-0.17010018,0.6598586
4,375,-0.94636434,0.18582499,-6.9717426,-2.4430609,-0.16892955,0.66056657
4,376,-0.94640857,0.1856718,-6.9699326,-2.4433703,-0.16775893,0.6612735
4,377,-0.94647443,0.1852963,-6.9674234,-2.4418437,-0.1665883,0.66197914
4,378,-0.9463339,0.18537712,-6.9726543,-2.4426293,-0.1654177,0.66268367
4,379,-0.946739,0.18537915,-6.967103,-2.4426284,-0.16424711,0.663387
4,380,-0.9467555,0.18534279,-6.9710217,-2.4423728,-0.16307655,0.66408914
4,381,-0.9472233,0.18509758,-6.9760256,-2.4411514,-0.161906,0.6647901
4,382,-0.9468452,0.18501031,-6.9709177,-2.4431074,-0.1607355,0.66548985
4,383,-0.9470788,0.18469894,-6.9728556,-2.4440365,-0.15956503,0.6661884
4,384,-0.94717693,0.18467641,-6.9712267,-2.4422073,-0.15839459,0.6668858
4,385,-0.9470042,0.18480456,-6.968938,-2.4438124,-0.15722421,0.6675819
4,386,-0.94707215,0.18461335,-6.969548,-2.4426494,-0.15605387,0.66827685
4,387,-0.9471468,0.18448937,-6.9733324,-2.4413707,-0.15488358,0.6689705
4,388,-0.9475169,0.1840874,-6.968706,-2.4422455,-0.15371336,0.669663
4,389,-0.94760513,0.18400061,-6.9725246,-2.4416153,-0.15254319,0.67035425
4,390,-0.94775987,0.18390596,-6.9739304,-2.443848,-0.15137309,0.67104423
4,391,-0.9474319,0.18388355,-6.9711733,-2.441607,-0.15020306,0.67173296
4,392,-0.94807893,0.18357742,-6.9663725,-2.4426215,-0.1490331,0.67242044
4,393,-0.9478592,0.18386936,-6.970002,-2.4420907,-0.14786322,0.6731067
4,394,-0.94799626,0.18343294,-6.9713583,-2.4431734,-0.14669344,0.6737916
4,395,-0.94807816,0.18325889,-6.974578,-2.4405627,-0.14552373,0.6744753
4,396,-0.94809186,0.18354976,-6.969699,-2.4422522,-0.14435412,0.6751577
4,397,-0.94821584,0.1830411,-6.9722624,-2.4423034,-0.1431846,0.6758388
4,398,-0.9482701,0.18294573,-6.967846,-2.4423878,-0.14201517,0.6765187
4,399,-0.9483534,0.18290782,-6.97468,-2.440096,-0.14084587,0.6771972
4,400,-0.9488367,0.18310928,-6.972148,-2.4411466,-0.13967666,0.67787445
4,401,-0.94867694,0.18257189,-6.972971,-2.4404142,-0.13850757,0.67855036
4,402,-0.94844264,0.18258071,-6.971449,-2.4407847,-0.13733861,0.67922497
4,403,-0.94881546,0.18249846,-6.9705687,-2.4411213,-0.13616976,0.67989826
4,404,-0.9488498,0.18238151,-6.972003,-2.4412603,-0.13500103,0.68057024
4,405,-0.94907475,0.18228698,-6.973873,-2.4402707,-0.13383244,0.6812409
4,406,-0.94898283,0.1820525,-6.972026,-2.441066,-0.132664,0.6819102
4,407,-0.9488666,0.18187475,-6.972474,-2.4407797,-0.13149567,0.6825782
4,408,-0.9489658,0.18186307,-6.973379,-2.4392996,-0.1303275,0.6832448
4,409,-0.9491054,0.1818341,-6.9725676,-2.440737,-0.12915947,0.6839101
4,410,-0.9488344,0.18181276,-6.97215,-2.4403827,-0.1279916,0.684574
4,411,-0.949257,0.18174386,-6.9715652,-2.439288,-0.12682387,0.6852365
4,412,-0.9493116,0.18161666,-6.977046,-2.4414163,-0.12565632,0.6858977
4,413,-0.94938385,0.18112755,-6.975403,-2.4402108,-0.12448893,0.68655753
4,414,-0.9492624,0.18111539,-6.971591,-2.4410655,-0.123321705,0.6872159
4,415,-0.94931924,0.18107545,-6.9754877,-2.4403732,-0.12215465,0.68787295
4,416,-0.94918245,0.18073559,-6.973442,-2.4396458,-0.12098778,0.6885286
4,417,-0.9498553,0.18078661,-6.9731054,-2.4417405,-0.11982109,0.6891828
4,418,-0.94970024,0.18072474,-6.9767,-2.4411032,-0.11865458,0.68983567
4,419,-0.9501855,0.1806128,-6.9732914,-2.4410715,-0.117488265,0.690487
4,420,-0.9500989,0.18024826,-6.973875,-2.4403992,-0.116322145,0.6911371
4,421,-0.94985306,0.18062222,-6.972912,-2.4393106,-0.115156226,0.69178563
4,422,-0.9501239,0.18006194,-6.9698305,-2.4386816,-0.11399051,0.69243276
4,423,-0.9501475,0.18018627,-6.974408,-2.4386091,-0.11282499,0.69307846
4,424,-0.9501182,0.1797787,-6.973796,-2.440254,-0.11165969,0.6937227
4,425,-0.95044696,0.18041945,-6.9707327,-2.440453,-0.110494606,0.69436556
4,426,-0.95013046,0.17982149,-6.9723644,-2.4404633,-0.10932974,0.6950069
4,427,-0.9505683,0.17937493,-6.970559,-2.4387174,-0.1081651,0.6956468
4,428,-0.9507631,0.17949641,-6.9748335,-2.4411378,-0.107000686,0.69628525
4,429,-0.95049226,0.17950106,-6.9772186,-2.4420893,-0.1058365,0.69692224
4,430,-0.9508142,0.17931736,-6.97075,-2.439635,-0.10467256,0.69755775
4,431,-0.95031834,0.17912722,-6.973962,-2.438824,-0.10350885,0.69819176
4,432,-0.9504965,0.17902315,-6.9754696,-2.4386442,-0.10234539,0.6988243
4,433,-0.95119596,0.17905927,-6.969842,-2.4393067,-0.101182185,0.6994553
4,434,-0.95110863,0.179124,-6.9753046,-2.4414606,-0.100019224,0.70008487
4,435,-0.95074534,0.17883742,-6.9716415,-2.4388723,-0.09885652,0.70071286
4,436,-0.95147336,0.17851472,-6.9741488,-2.43793,-0.097694084,0.70133936
4,437,-0.9509075,0.17834234,-6.973324,-2.4388084,-0.09653191,0.7019644
4,438,-0.9511486,0.17847157,-6.9745684,-2.4372706,-0.09537001,0.70258784
4,439,-0.9511136,0.17800987,-6.9755936,-2.4389482,-0.09420838,0.70320976
4,440,-0.9513934,0.17839909,-6.972003,-2.438149,-0.09304703,0.7038302
4,441,-0.9517882,0.17789984,-6.973627,-2.43566,-0.09188596,0.70444906
4,442,-0.9516313,0.17777467,-6.978298,-2.4385664,-0.090725176,0.7050664
4,443,-0.95157677,0.17816162,-6.9727745,-2.4370701,-0.08956468,0.7056821
4,444,-0.9519124,0.17793798,-6.975116,-2.4387069,-0.088404484,0.7062963
4,445,-0.9514991,0.177405,-6.9787006,-2.437227,-0.087244585,0.70690894
4,446,-0.9521081,0.17743433,-6.9750824,-2.437465,-0.08608499,0.70752
4,447,-0.9521611,0.17692637,-6.9752903,-2.4406154,-0.0849257,0.7081295
4,448,-0.952038,0.17725372,-6.975194,-2.4371593,-0.08376672,0.70873743
4,449,-0.9520857,0.17702985,-6.971815,-2.4370725,-0.08260806,0.70934373
4,450,-0.95220906,0.17701197,-6.9705267,-2.436214,-0.08144972,0.7099485
4,451,-0.9521651,0.1767391,-6.9737434,-2.4376843,-0.080291696,0.71055156
4,452,-0.95222265,0.17679906,-6.9717054,-2.437542,-0.079134,0.7111531
4,453,-0.95225215,0.17657006,-6.9713955,-2.435943,-0.07797664,0.711753
4,454,-0.95216,0.176826,-6.9734907,-2.4382317,-0.07681961,0.71235126
4,455,-0.9524938,0.1761564,-6.9762087,-2.4359286,-0.075662926,0.7129479
4,456,-0.9528508,0.17622292,-6.974922,-2.4373076,-0.07450658,0.71354294
4,457,-0.9527875,0.17583978,-6.976633,-2.4374685,-0.073350586,0.71413636
4,458,-0.9528574,0.17586017,-6.9761086,-2.4369743,-0.07219494,0.7147281
4,459,-0.95284116,0.17602825,-6.9740067,-2.4373927,-0.071039654,0.7153182
4,460,-0.95289683,0.17600751,-6.973217,-2.4353726,-0.06988473,0.7159066
4,461,-0.95308053,0.17565203,-6.9747095,-2.4366834,-0.06873017,0.7164934
4,462,-0.9529791,0.17560649,-6.9709787,-2.4359553,-0.067575976,0.71707857
4,463,-0.95334566,0.17544675,-6.9746943,-2.4351437,-0.06642215,0.71766204
4,464,-0.9532249,0.1752299,-6.9733925,-2.4369702,-0.0652687,0.7182438
4,465,-0.9534349,0.17519438,-6.9742765,-2.436638,-0.064115636,0.71882385
4,466,-0.9534707,0.17530012,-6.9743967,-2.4342706,-0.06296296,0.71940225
4,467,-0.9532443,0.17440164,-6.9713717,-2.4379354,-0.06181066,0.719979
4,468,-0.95346785,0.17478204,-6.9735584,-2.4361923,-0.06065876,0.720554
4,469,-0.9538288,0.17472577,-6.9725523,-2.4359725,-0.059507255,0.7211273
4,470,-0.95395213,0.17474616,-6.979,-2.434843,-0.05835615,0.7216989
4,471,-0.9538401,0.17469418,-6.9726734,-2.4361343,-0.05720545,0.7222687
4,472,-0.95421016,0.17437899,-6.9734125,-2.4357078,-0.05605516,0.72283685
4,473,-0.95390666,0.17422545,-6.977475,-2.4348004,-0.054905277,0.7234033
4,474,-0.9539455,0.17408156,-6.9785233,-2.4349148,-0.053755812,0.7239679
4,475,-0.9541849,0.1741625,-6.974741,-2.4350374,-0.05260677,0.7245309
4,476,-0.9538487,0.17418885,-6.9781237,-2.433988,-0.05145815,0.72509205
4,477,-0.9541878,0.17419875,-6.9746056,-2.434889,-0.05030996,0.72565144
4,478,-0.9545113,0.17390859,-6.9763613,-2.4351723,-0.0491622,0.7262091
4,479,-0.95470536,0.17355847,-6.974555,-2.4353478,-0.04801488,0.72676504
4,480,-0.95467687,0.17354167,-6.9717646,-2.436338,-0.046867996,0.7273191
4,481,-0.9548421,0.17351353,-6.9744053,-2.4346805,-0.04572156,0.7278715
4,482,-0.9546368,0.17331004,-6.973757,-2.435808,-0.044575572,0.72842205
4,483,-0.9546452,0.17296958,-6.9752235,-2.4335794,-0.043430034,0.7289708
4,484,-0.9545506,0.17330706,-6.978323,-2.4368548,-0.04228495,0.7295178
4,485,-0.95506305,0.17219031,-6.976492,-2.4349952,-0.04114033,0.73006296
4,486,-0.95467985,0.17309117,-6.977357,-2.4332423,-0.039996173,0.7306064
4,487,-0.95458376,0.1727345,-6.9742765,-2.43379,-0.038852483,0.7311479
4,488,-0.95505774,0.17273557,-6.9751816,-2.436204,-0.037709266,0.73168766
4,489,-0.9549744,0.17243743,-6.9739065,-2.434735,-0.036566522,0.73222554
4,490,-0.9552078,0.17223191,-6.969946,-2.4323406,-0.03542426,0.7327616
4,491,-0.9554306,0.17270875,-6.972308,-2.4344451,-0.03428248,0.73329586
4,492,-0.9552833,0.17206681,-6.974225,-2.4353595,-0.03314119,0.7338283
4,493,-0.9557568,0.17225075,-6.973812,-2.4336157,-0.03200039,0.73435885
4,494,-0.95553184,0.17203581,-6.98205,-2.4358795,-0.030860083,0.73488754
4,495,-0.95546365,0.17209947,-6.977171,-2.4342449,-0.029720277,0.7354144
4,496,-0.9558784,0.17163837,-6.9678774,-2.4344597,-0.028580975,0.7359393
4,497,-0.95566654,0.17187214,-6.9725637,-2.4331,-0.027442178,0.7364624
4,498,-0.9558733,0.17155695,-6.9745817,-2.4335475,-0.026303893,0.73698366
4,499,-0.95603263,0.17122722,-6.975477,-2.4332075,-0.025166122,0.737503
4,500,-0.95607555,0.17133844,-6.9797955,-2.4344904,-0.02402887,0.7380204
4,501,-0.95649934,0.17116642,-6.976596,-2.4333336,-0.02289214,0.738536
4,502,-0.9562062,0.17110169,-6.9743366,-2.4332206,-0.021755937,0.7390496
4,503,-0.95634997,0.17087615,-6.984888,-2.4320936,-0.020620264,0.7395614
4,504,-0.9563844,0.17111063,-6.980014,-2.4334352,-0.019485125,0.74007124
4,505,-0.9565098,0.17058742,-6.974184,-2.432347,-0.018350523,0.7405791
4,506,-0.95650065,0.17116499,-6.9730873,-2.4321175,-0.017216463,0.7410851
4,507,-0.9564842,0.1709007,-6.9743156,-2.434488,-0.01608295,0.7415892
4,508,-0.9564654,0.17030823,-6.9744005,-2.4329426,-0.014949984,0.7420913
4,509,-0.9564638,0.17028058,-6.9773827,-2.43244,-0.013817572,0.74259144
4,510,-0.9565871,0.16998422,-6.975545,-2.4332383,-0.012685718,0.7430897
4,511,-0.9569669,0.17003655,-6.9734945,-2.4320781,-0.011554424,0.74358594
4,512,-0.95666337,0.1702528,-6.97571,-2.431075,-0.010423695,0.7440803
4,513,-0.95684874,0.1697706,-6.973817,-2.432558,-0.009293534,0.74457264
4,514,-0.95694023,0.17000031,-6.968212,-2.433216,-0.008163946,0.745063
4,515,-0.95711166,0.16978586,-6.9815254,-2.4321373,-0.0070349327,0.7455514
4,516,-0.95722675,0.16965258,-6.9798603,-2.4311576,-0.0059065004,0.74603784
4,517,-0.95729387,0.1695689,-6.9791927,-2.431492,-0.004778651,0.7465223
4,518,-0.9576918,0.16934824,-6.977294,-2.4317226,-0.0036513894,0.7470047
4,519,-0.957724,0.1690867,-6.9755898,-2.4314923,-0.002524719,0.74748516
4,520,-0.95785093,0.16917789,-6.975193,-2.4311004,-0.0013986436,0.7479636
4,521,-0.9576402,0.16906035,-6.973836,-2.43201,-0.00027316686,0.74844
4,522,-0.95801276,0.16906571,-6.9811363,-2.4305139,0.00085170736,0.7489144
4,523,-0.95815694,0.16868365,-6.974745,-2.4317906,0.0019759755,0.7493868
4,524,-0.9579334,0.16868603,-6.973053,-2.4317067,0.0030996334,0.7498571
4,525,-0.95783496,0.16842198,-6.9750357,-2.4308305,0.0042226776,0.75032544
4,526,-0.95819896,0.16855335,-6.9745874,-2.4300826,0.0053451043,0.7507917
4,527,-0.9579391,0.1682831,-6.9733295,-2.4306436,0.00646691,0.751256
4,528,-0.95834124,0.16771698,-6.9806623,-2.4319234,0.0075880904,0.75171816
4,529,-0.95886695,0.16825283,-6.978627,-2.4305396,0.008708642,0.75217825
4,530,-0.95855594,0.16798401,-6.9728565,-2.4306426,0.009828561,0.7526363
4,531,-0.958447,0.16773093,-6.976962,-2.4307144,0.010947845,0.75309235
4,532,-0.9585336,0.16801143,-6.9775267,-2.4300778,0.012066488,0.75354624
4,533,-0.95901,0.16765141,-6.9749184,-2.4294436,0.013184488,0.7539981
4,534,-0.9589991,0.16723824,-6.975795,-2.4306433,0.01430184,0.7544478
4,535,-0.95898235,0.16724014,-6.9796104,-2.4306037,0.015418542,0.7548955
4,536,-0.9588603,0.1673398,-6.97707,-2.4302676,0.01653459,0.75534105
4,537,-0.95888484,0.1673125,-6.97645,-2.4289935,0.017649977,0.7557845
4,538,-0.958906,0.16717875,-6.9785004,-2.4276683,0.018764704,0.7562258
4,539,-0.95895046,0.16708648,-6.9742727,-2.4309533,0.019878764,0.7566651
4,540,-0.9596764,0.1666807,-6.9721107,-2.428044,0.020992156,0.7571022
4,541,-0.95931923,0.16695929,-6.976124,-2.4312434,0.022104874,0.7575372
4,542,-0.95897055,0.16665232,-6.978445,-2.4300582,0.023216916,0.75797004
4,543,-0.95925,0.16652322,-6.9747934,-2.4289148,0.024328277,0.7584008
4,544,-0.9591926,0.16646528,-6.970482,-2.4292715,0.025438955,0.75882936
4,545,-0.9598646,0.16652143,-6.975606,-2.425693,0.026548944,0.75925577
4,546,-0.9604578,0.16637194,-6.9743557,-2.4282444,0.027658243,0.75968003
4,547,-0.9594544,0.16593611,-6.9817543,-2.4317422,0.028766846,0.76010215
4,548,-0.95993274,0.16632831,-6.9805756,-2.4312158,0.029874751,0.7605221
4,549,-0.9597,0.16616094,-6.979357,-2.4282687,0.030981952,0.7609399
4,550,-0.960014,0.1654439,-6.97713,-2.4315357,0.03208845,0.7613555
4,551,-0.9598483,0.16568089,-6.971693,-2.4265106,0.033194236,0.76176894
4,552,-0.96038955,0.16596508,-6.9740715,-2.4294174,0.03429931,0.76218015
4,553,-0.9605819,0.16554081,-6.969944,-2.4270399,0.03540367,0.7625892
4,554,-0.9599837,0.1655029,-6.9779243,-2.4300406,0.03650731,0.7629961
4,555,-0.9599924,0.1651913,-6.973379,-2.429423,0.03761022,0.76340073
4,556,-0.9606774,0.1650312,-6.9828596,-2.4294293,0.038712405,0.7638031
4,557,-0.9603768,0.16496992,-6.9772663,-2.4293249,0.03981386,0.76420337
4,558,-0.96042573,0.16535151,-6.977453,-2.4278805,0.040914584,0.76460135
4,559,-0.9605037,0.16540825,-6.9801655,-2.429322,0.042014565,0.7649971
4,560,-0.96117854,0.1644293,-6.9751997,-2.426576,0.043113805,0.76539063
4,561,-0.9609376,0.16429687,-6.9727087,-2.4262102,0.0442123,0.76578194
4,562,-0.9609146,0.16447651,-6.9751987,-2.4288223,0.045310047,0.76617104
4,563,-0.961076,0.16415036,-6.9747705,-2.4284189,0.04640704,0.7665578
4,564,-0.96116036,0.16459,-6.9731855,-2.4283636,0.047503278,0.7669424
4,565,-0.96099675,0.1640513,-6.974617,-2.4300125,0.04859876,0.7673247
4,566,-0.9614203,0.16407502,-6.9777594,-2.4283588,0.049693473,0.7677047
4,567,-0.9613809,0.16426814,-6.9721603,-2.4275012,0.050787423,0.7680825
4,568,-0.96093106,0.16397154,-6.977194,-2.426702,0.0518806,0.76845795
4,569,-0.96193266,0.16403437,-6.9719534,-2.426729,0.052973006,0.7688312
4,570,-0.961529,0.16363752,-6.974539,-2.426362,0.054064635,0.7692021
4,571,-0.9617628,0.16354072,-6.9745617,-2.427147,0.055155482,0.7695707
4,572,-0.9612878,0.16335762,-6.9803762,-2.4291358,0.056245547,0.76993704
4,573,-0.9618567,0.1632111,-6.980463,-2.428457,0.05733482,0.7703011
4,574,-0.96205235,0.16385901,-6.9747496,-2.4269419,0.058423307,0.7706628
4,575,-0.96174425,0.16307867,-6.9750032,-2.425276,0.059511,0.7710222
4,576,-0.96220917,0.16318583,-6.976753,-2.4266427,0.06059789,0.7713793
4,577,-0.9626471,0.16309857,-6.9754353,-2.4275837,0.06168398,0.77173406
4,578,-0.9621903,0.16294444,-6.981577,-2.426077,0.062769264,0.7720865
4,579,-0.96190214,0.16200459,-6.9839983,-2.4268682,0.06385374,0.7724366
4,580,-0.96246666,0.16238844,-6.9779015,-2.4244096,0.064937405,0.77278435
4,581,-0.96240866,0.16243482,-6.9757576,-2.4253058,0.06602026,0.77312976
4,582,-0.962799,0.16231954,-6.977437,-2.428739,0.06710229,0.77347285
4,583,-0.9622209,0.16287756,-6.972185,-2.4262555,0.0681835,0.77381355
4,584,-0.9625145,0.16227245,-6.9725447,-2.425357,0.06926388,0.77415186
4,585,-0.9628079,0.16188836,-6.9770174,-2.424569,0.070343435,0.77448785
4,586,-0.9629283,0.16163218,-6.979431,-2.4248993,0.07142215,0.77482146
4,587,-0.96333283,0.16167617,-6.9728603,-2.4242544,0.07250004,0.7751527
4,588,-0.9629371,0.16167283,-6.975381,-2.425301,0.07357708,0.7754815
4,589,-0.9632287,0.16189706,-6.9803953,-2.4233801,0.07465329,0.775808
4,590,-0.96328616,0.16181052,-6.972823,-2.4247556,0.07572865,0.77613205
4,591,-0.9626733,0.1612711,-6.974248,-2.4280748,0.07680315,0.77645373
4,592,-0.96331036,0.16176772,-6.972969,-2.4235218,0.077876806,0.776773
4,593,-0.96331704,0.16115463,-6.9744606,-2.4232938,0.0789496,0.77708983
4,594,-0.96321994,0.16109788,-6.9705257,-2.4232986,0.08002154,0.7774043
4,595,-0.9636701,0.16117883,-6.9736843,-2.4258041,0.08109261,0.7777163
4,596,-0.96346426,0.16124558,-6.9758005,-2.4238985,0.08216282,0.7780259
4,597,-0.96420276,0.16120613,-6.979624,-2.4237225,0.08323216,0.77833307
4,598,-0.9641237,0.16077554,-6.9833317,-2.4237213,0.08430062,0.7786378
4,599,-0.96468866,0.16048634,-6.9721813,-2.4262547,0.085368216,0.7789401
4,600,-0.96393514,0.16031158,-6.969818,-2.4212596,0.08643492,0.77923995
4,601,-0.9642507,0.16017962,-6.9678125,-2.4231286,0.08750074,0.7795373
4,602,-0.96426296,0.16055155,-6.971282,-2.4227247,0.088565685,0.77983224
4,603,-0.9645026,0.16036332,-6.975873,-2.4247928,0.08962973,0.7801247
4,604,-0.9647507,0.15995264,-6.9781113,-2.4206042,0.090692885,0.78041476
4,605,-0.9639584,0.15999186,-6.973152,-2.4231935,0.091755144,0.7807023
4,606,-0.9642844,0.16029143,-6.9821014,-2.4224973,0.0928165,0.7809874
4,607,-0.9645903,0.1599245,-6.971138,-2.4238932,0.09387696,0.78126997
4,608,-0.9646385,0.1596632,-6.9670944,-2.4229503,0.094936505,0.78155005
4,609,-0.96459556,0.15975821,-6.9738903,-2.424158,0.09599514,0.7818277
4,610,-0.96486413,0.15928233,-6.974846,-2.4240558,0.097052865,0.78210276
4,611,-0.9654125,0.15886676,-6.968705,-2.4224203,0.09810968,0.7823754
4,612,-0.9648254,0.15911508,-6.9791975,-2.4211538,0.099165566,0.7826455
4,613,-0.9651028,0.15904498,-6.974395,-2.4252863,0.10022053,0.7829131
4,614,-0.96451104,0.15921366,-6.9753723,-2.4206352,0.10127457,0.7831782
4,615,-0.9652227,0.15907454,-6.9801283,-2.4222836,0.10232768,0.78344077
4,616,-0.96510875,0.15896595,-6.978266,-2.4225912,0.10337985,0.78370076
4,617,-0.9648614,0.1585741,-6.9783955,-2.4199014,0.1044311,0.78395826
4,618,-0.9657956,0.15908945,-6.9703245,-2.4207141,0.1054814,0.78421324
4,619,-0.9656621,0.15801823,-6.9775524,-2.42179,0.106530756,0.7844657
4,620,-0.9662407,0.15893638,-6.977335,-2.419148,0.10757917,0.78471553
4,621,-0.96601415,0.15856147,-6.9759007,-2.4230783,0.108626634,0.7849629
4,622,-0.96625197,0.15877712,-6.9752197,-2.4209278,0.10967315,0.7852076
4,623,-0.9658762,0.1578275,-6.971675,-2.4201934,0.110718705,0.78544986
4,624,-0.9655894,0.15770507,-6.977847,-2.4221742,0.1117633,0.7856895
4,625,-0.96566296,0.15823579,-6.972762,-2.4210947,0.11280694,0.7859266
4,626,-0.9660212,0.15793741,-6.9799414,-2.42076,0.11384961,0.78616107
4,627,-0.9658828,0.15787446,-6.9747515,-2.4196222,0.11489131,0.786393
4,628,-0.96647274,0.1580118,-6.976755,-2.4205222,0.11593204,0.78662235
4,629,-0.96627426,0.15784538,-6.9743156,-2.420432,0.1169718,0.7868491
4,630,-0.9666444,0.15751255,-6.9848614,-2.4210308,0.11801057,0.78707325
4,631,-0.96662605,0.15748477,-6.9760656,-2.422546,0.11904837,0.7872948
4,632,-0.9666573,0.15710902,-6.9760447,-2.4211633,0.12008519,0.78751373
4,633,-0.96688086,0.1572063,-6.9759426,-2.420592,0.12112101,0.7877301
4,634,-0.96671,0.15698802,-6.979682,-2.4234128,0.122155845,0.78794384
4,635,-0.96740496,0.15671563,-6.9833736,-2.4190576,0.12318969,0.7881549
4,636,-0.96721566,0.15658545,-6.9753304,-2.4199283,0.12422253,0.7883634
4,637,-0.9673494,0.1567868,-6.976755,-2.4191256,0.12525438,0.7885693
4,638,-0.9668654,0.15658236,-6.970048,-2.4207401,0.12628523,0.7887725
4,639,-0.96742135,0.15642881,-6.9789276,-2.4217293,0.12731506,0.7889731
4,640,-0.9676193,0.15667748,-6.9775,-2.421429,0.12834388,0.78917104
4,641,-0.9671098,0.15615511,-6.9773836,-2.420181,0.12937169,0.78936636
4,642,-0.9677192,0.15587294,-6.9730883,-2.4187794,0.1303985,0.789559
4,643,-0.9675914,0.15624535,-6.975588,-2.4189718,0.13142428,0.789749
4,644,-0.96746373,0.15526652,-6.9789066,-2.418787,0.13244903,0.78993636
4,645,-0.9675683,0.15599287,-6.971055,-2.4187136,0.13347276,0.790121
4,646,-0.96824974,0.15583074,-6.972644,-2.419778,0.13449547,0.790303
4,647,-0.9675205,0.15553808,-6.9778223,-2.4218936,0.13551714,0.79048234
4,648,-0.9684741,0.15528691,-6.9774275,-2.4187944,0.13653778,0.790659
4,649,-0.9684436,0.15629399,-6.9804573,-2.418913,0.13755739,0.790833
4,650,-0.9675497,0.15556002,-6.971154,-2.4178197,0.13857594,0.79100424
4,651,-0.9682653,0.1552316,-6.9714317,-2.4192982,0.13959347,0.79117286
4,652,-0.9682065,0.1547203,-6.977586,-2.419883,0.14060993,0.79133874
4,653,-0.9679321,0.15513945,-6.9689445,-2.4183977,0.14162536,0.79150194
4,654,-0.96818674,0.15475428,-6.9718924,-2.420691,0.14263973,0.7916624
4,655,-0.96845853,0.1546011,-6.9808683,-2.420231,0.14365304,0.79182017
4,656,-0.968524,0.15460789,-6.9690313,-2.4196954,0.1446653,0.79197526
4,657,-0.96891034,0.15488756,-6.9733896,-2.4197524,0.1456765,0.7921276
4,658,-0.9688196,0.1543256,-6.9718885,-2.4163964,0.14668663,0.7922772
4,659,-0.9684046,0.15453231,-6.9722576,-2.4157941,0.14769569,0.79242414
4,660,-0.9686035,0.15438378,-6.975754,-2.41688,0.14870368,0.79256827
4,661,-0.96813035,0.15407777,-6.9815464,-2.4205968,0.1497106,0.7927097
4,662,-0.9690269,0.15449595,-6.980624,-2.4193497,0.15071644,0.7928484
4,663,-0.96928716,0.15427005,-6.9818134,-2.419276,0.1517212,0.79298437
4,664,-0.9692898,0.1539936,-6.975772,-2.418003,0.15272488,0.7931175
4,665,-0.9695666,0.15357482,-6.977783,-2.418648,0.15372747,0.793248
4,666,-0.96949255,0.15398669,-6.97674,-2.4159923,0.15472898,0.7933757
4,667,-0.96926314,0.1537919,-6.9709473,-2.4164133,0.1557294,0.7935006
4,668,-0.96935403,0.15307283,-6.9743404,-2.4181063,0.15672871,0.79362273
4,669,-0.96940106,0.15351748,-6.9749346,-2.415642,0.15772693,0.7937421
4,670,-0.96951354,0.15348399,-6.970236,-2.4166975,0.15872405,0.7938587
4,671,-0.96984977,0.15330386,-6.9847336,-2.4170256,0.15972008,0.79397255
4,672,-0.9697345,0.15325856,-6.970248,-2.4159515,0.16071498,0.7940836
4,673,-0.9699873,0.15291679,-6.9741507,-2.41564,0.16170879,0.7941919
4,674,-0.9700106,0.15293741,-6.971097,-2.4164472,0.16270149,0.79429734
4,675,-0.9700861,0.15294242,-6.9782305,-2.4141881,0.16369306,0.79440004
4,676,-0.96974003,0.15297306,-6.9750643,-2.417235,0.16468352,0.7944999
4,677,-0.97036684,0.15244818,-6.9762278,-2.417477,0.16567285,0.79459697
4,678,-0.9702207,0.15238643,-6.978876,-2.4166987,0.16666107,0.7946912
4,679,-0.9703258,0.15299845,-6.9770756,-2.4146965,0.16764815,0.7947827
4,680,-0.9704052,0.15258348,-6.9744463,-2.4148252,0.16863412,0.79487133
4,681,-0.9704706,0.15263271,-6.9756346,-2.4155073,0.16961893,0.7949571
4,682,-0.9708133,0.1523093,-6.9740305,-2.4137526,0.17060263,0.79504013
4,683,-0.9710668,0.15243948,-6.977646,-2.4143672,0.17158519,0.7951203
4,684,-0.9703125,0.15186083,-6.978772,-2.4151359,0.1725666,0.7951976
4,685,-0.9705469,0.15238523,-6.977579,-2.4134402,0.17354687,0.7952721
4,686,-0.971191,0.15205002,-6.9719925,-2.4150174,0.17452598,0.79534376
4,687,-0.9711913,0.15227842,-6.973159,-2.4160202,0.17550395,0.79541254
4,688,-0.9708339,0.15176773,-6.9719505,-2.4146755,0.17648077,0.7954785
4,689,-0.97117937,0.15135515,-6.9808073,-2.413163,0.17745644,0.79554164
4,690,-0.9715736,0.15177739,-6.978299,-2.4133005,0.17843093,0.7956019
4,691,-0.9711658,0.1508975,-6.9771395,-2.414958,0.17940427,0.7956593
4,692,-0.97181296,0.15143943,-6.969224,-2.4125729,0.18037646,0.79571384
4,693,-0.9713499,0.15107751,-6.97898,-2.4131305,0.18134747,0.7957655
4,694,-0.97187614,0.1507796,-6.974456,-2.4120784,0.18231732,0.7958143
4,695,-0.971236,0.15092993,-6.9774504,-2.4136636,0.183286,0.79586023
4,696,-0.97174895,0.15074182,-6.9745035,-2.412379,0.18425348,0.79590327
4,697,-0.97200906,0.15066862,-6.972251,-2.4117932,0.18521981,0.79594344
4,698,-0.9718888,0.15012658,-6.9799414,-2.4151986,0.18618494,0.7959807
4,699,-0.97250587,0.15048254,-6.9773016,-2.4131405,0.1871489,0.7960151
4,700,-0.97253263,0.15018463,-6.96762,-2.4131508,0.18811168,0.79604656
4,701,-0.97155666,0.15001476,-6.9746466,-2.4124668,0.18907326,0.79607517
4,702,-0.97229844,0.15015721,-6.9749556,-2.4130685,0.19003364,0.79610085
4,703,-0.97254163,0.15005898,-6.973816,-2.4135911,0.19099285,0.7961236
4,704,-0.9726319,0.1498611,-6.973974,-2.4133563,0.19195084,0.79614353
4,705,-0.97260857,0.14973259,-6.9727325,-2.4125617,0.19290765,0.79616046
4,706,-0.973101,0.14977586,-6.972168,-2.4136508,0.19386324,0.7961745
4,707,-0.973125,0.14970672,-6.9734373,-2.4131415,0.19481763,0.7961857
4,708,-0.97264695,0.15017164,-6.9789286,-2.4116426,0.19577082,0.7961939
4,709,-0.97312987,0.14915884,-6.9716377,-2.4138775,0.19672278,0.79619914
4,710,-0.9726597,0.14965236,-6.9786434,-2.4136431,0.19767354,0.7962015
4,711,-0.9728575,0.14935064,-6.971937,-2.4113195,0.19862309,0.79620093
4,712,-0.973201,0.14879465,-6.9718504,-2.4128878,0.1995714,0.7961974
4,713,-0.9728876,0.14936829,-6.969614,-2.4105577,0.2005185,0.796191
4,714,-0.9734654,0.14913929,-6.9712934,-2.4118044,0.20146438,0.79618156
4,715,-0.9730253,0.14826095,-6.97447,-2.412918,0.20240904,0.7961692
4,716,-0.9728317,0.14866018,-6.970846,-2.4102845,0.20335247,0.7961539
4,717,-0.97357917,0.14842832,-6.9762363,-2.4126682,0.20429465,0.79613566
4,718,-0.97315824,0.14865744,-6.973794,-2.4096582,0.2052356,0.79611444
4,719,-0.97436917,0.14812315,-6.969677,-2.409988,0.20617533,0.7960903
4,720,-0.97408533,0.14840591,-6.970896,-2.4125376,0.2071138,0.7960632
4,721,-0.9740546,0.14804423,-6.9700212,-2.4127045,0.20805103,0.7960331
4,722,-0.97387123,0.1481893,-6.966958,-2.4099405,0.20898703,0.796
4,723,-0.97405505,0.14799392,-6.9764757,-2.4095466,0.20992176,0.79596394
4,724,-0.97418845,0.14836657,-6.97073,-2.4081752,0.21085525,0.79592496
4,725,-0.9743252,0.1471895,-6.9809847,-2.411407,0.21178749,0.79588294
4,726,-0.9741336,0.14782035,-6.982239,-2.4095268,0.21271847,0.79583794
4,727,-0.9744352,0.14780569,-6.9741554,-2.4106455,0.21364819,0.79578996
4,728,-0.9742601,0.1474992,-6.976466,-2.410187,0.21457665,0.795739
4,729,-0.9746815,0.14716887,-6.972026,-2.4106102,0.21550384,0.79568505
4,730,-0.97473395,0.14745665,-6.9759245,-2.4089448,0.21642978,0.7956281
4,731,-0.9748416,0.14685369,-6.9727573,-2.409936,0.21735445,0.79556817
4,732,-0.9747291,0.14680254,-6.975253,-2.4109156,0.21827783,0.79550517
4,733,-0.9748783,0.1465447,-6.9720125,-2.4099746,0.21919994,0.79543924
4,734,-0.97470593,0.14662874,-6.9699507,-2.4089642,0.22012079,0.7953703
4,735,-0.9748274,0.1466372,-6.969901,-2.4068537,0.22104034,0.7952983
4,736,-0.97503006,0.14715922,-6.9688187,-2.4090555,0.22195862,0.7952233
4,737,-0.9750992,0.14660394,-6.9718275,-2.407302,0.22287562,0.7951453
4,738,-0.9755138,0.14646065,-6.9738827,-2.4090188,0.22379133,0.7950642
4,739,-0.9757503,0.14688373,-6.9689054,-2.409811,0.22470574,0.79498017
4,740,-0.97547233,0.14647114,-6.9687166,-2.4088242,0.22561887,0.7948931
4,741,-0.9753574,0.14627123,-6.9667673,-2.409499,0.2265307,0.79480296
4,742,-0.97604847,0.14635289,-6.968255,-2.4096496,0.22744124,0.7947098
4,743,-0.9762114,0.14577019,-6.977437,-2.4096544,0.22835048,0.79461366
4,744,-0.97590655,0.14607012,-6.972187,-2.4070485,0.2292584,0.7945144
4,745,-0.9761152,0.14593506,-6.9664516,-2.4090283,0.23016503,0.79441214
4,746,-0.9759188,0.14591777,-6.972246,-2.40702,0.23107035,0.7943069
4,747,-0.97620153,0.14553022,-6.9738626,-2.4068522,0.23197436,0.7941985
4,748,-0.97631466,0.14551091,-6.97116,-2.4076133,0.23287706,0.7940871
4,749,-0.97597176,0.14499795,-6.9676113,-2.4070685,0.23377845,0.7939726
4,750,-0.9759165,0.14567661,-6.9670687,-2.407448,0.23467852,0.79385513
4,751,-0.9765213,0.14530325,-6.97544,-2.405628,0.23557727,0.79373455
4,752,-0.97649586,0.14511013,-6.9780846,-2.4056692,0.2364747,0.79361093
4,753,-0.97679895,0.14544761,-6.9682455,-2.4069605,0.23737079,0.7934842
4,754,-0.97657406,0.14484727,-6.9760447,-2.406454,0.23826557,0.79335445
4,755,-0.97756356,0.14447904,-6.981944,-2.4035408,0.23915902,0.79322165
4,756,-0.97696036,0.14460969,-6.969593,-2.4049487,0.24005114,0.79308575
4,757,-0.97693646,0.14406645,-6.9707203,-2.4050462,0.24094191,0.79294676
4,758,-0.9771956,0.14448154,-6.96441,-2.4081411,0.24183136,0.7928047
4,759,-0.97661114,0.14437747,-6.970948,-2.4051926,0.24271947,0.7926596
4,760,-0.977424,0.14395297,-6.9667673,-2.4069517,0.24360622,0.79251134
4,761,-0.9772022,0.1438266,-6.968996,-2.408172,0.24449165,0.79236007
4,762,-0.9769958,0.14430594,-6.9700756,-2.4046843,0.24537572,0.7922057
4,763,-0.9766762,0.14446676,-6.9795437,-2.4060667,0.24625845,0.7920482
4,764,-0.977361,0.14351606,-6.9753847,-2.4046555,0.24713983,0.79188764
4,765,-0.9773058,0.14340067,-6.9641333,-2.4064503,0.24801984,0.79172397
4,766,-0.97757876,0.14366269,-6.9692354,-2.404082,0.24889852,0.79155725
4,767,-0.97749436,0.14377034,-6.973544,-2.4032795,0.24977583,0.7913874
4,768,-0.9782511,0.14312291,-6.968445,-2.4062493,0.25065178,0.7912144
4,769,-0.97764575,0.14369392,-6.96947,-2.4060204,0.25152636,0.7910384
4,770,-0.9779747,0.14354146,-6.9629784,-2.406467,0.2523996,0.7908592
4,771,-0.9778663,0.14294004,-6.966712,-2.4046905,0.25327143,0.79067695
4,772,-0.9783346,0.14297962,-6.9657965,-2.4041345,0.25414193,0.7904915
4,773,-0.97819203,0.14306271,-6.9700775,-2.4048684,0.25501102,0.79030305
4,774,-0.97806203,0.14348364,-6.9688063,-2.4052794,0.25587878,0.7901114
4,775,-0.97799027,0.14291346,-6.96362,-2.4049182,0.25674513,0.7899167
4,776,-0.9785153,0.14339042,-6.9699335,-2.4046063,0.2576101,0.78971887
4,777,-0.9790663,0.14253163,-6.968608,-2.4050176,0.2584737,0.7895179
4,778,-0.97840095,0.14208055,-6.9643116,-2.405348,0.25933594,0.7893138
4,779,-0.9787597,0.14288604,-6.9665403,-2.4034162,0.26019675,0.7891066
4,780,-0.9783128,0.14261484,-6.972705,-2.401051,0.26105618,0.78889626
4,781,-0.97900975,0.14260685,-6.9680796,-2.4004107,0.26191425,0.78868276
4,782,-0.97894835,0.14168406,-6.969988,-2.40271,0.2627709,0.78846616
4,783,-0.9786404,0.14205384,-6.9652863,-2.4043832,0.26362616,0.78824645
4,784,-0.97935474,0.14234447,-6.9719124,-2.403649,0.26448002,0.78802353
4,785,-0.9791679,0.14214885,-6.977171,-2.4030266,0.2653325,0.7877975
4,786,-0.979375,0.1421256,-6.969285,-2.4039772,0.26618356,0.7875684
4,787,-0.9795966,0.14190042,-6.969243,-2.4024675,0.26703322,0.7873361
4,788,-0.980037,0.14163053,-6.9645653,-2.401606,0.26788148,0.7871007
4,789,-0.97973675,0.14149344,-6.9701223,-2.4046159,0.26872832,0.7868621
4,790,-0.9795629,0.14158618,-6.970752,-2.402539,0.26957378,0.7866203
4,791,-0.9793585,0.14151621,-6.969696,-2.3993902,0.27041778,0.78637546
4,792,-0.97989815,0.14104128,-6.962411,-2.4018693,0.27126038,0.7861274
4,793,-0.97994816,0.14137161,-6.97311,-2.4004767,0.27210158,0.7858762
4,794,-0.98025095,0.14093852,-6.9641504,-2.4025626,0.27294135,0.7856219
4,795,-0.97967017,0.14093292,-6.964225,-2.4029212,0.2737797,0.7853644
4,796,-0.9796946,0.14110243,-6.966098,-2.402035,0.27461663,0.78510374
4,797,-0.98052317,0.14112818,-6.9747925,-2.401039,0.27545214,0.7848399
4,798,-0.9797225,0.14105368,-6.969967,-2.4007983,0.27628618,0.7845729
4,799,-0.98007166,0.14085078,-6.9681435,-2.400826,0.27711883,0.7843028
4,800,-0.9799983,0.14041495,-6.969903,-2.4014442,0.27795005,0.7840295
4,801,-0.9803295,0.13992858,-6.9736166,-2.403073,0.2787798,0.783753
4,802,-0.98048174,0.14030516,-6.9637394,-2.4013114,0.27960816,0.7834734
4,803,-0.980569,0.1401974,-6.9713955,-2.3987594,0.28043506,0.78319055
4,804,-0.98096985,0.1402514,-6.9647903,-2.400545,0.2812605,0.78290457
4,805,-0.9813795,0.13990676,-6.967948,-2.4007976,0.2820845,0.7826154
4,806,-0.98063374,0.13974285,-6.966943,-2.4018536,0.28290707,0.78232306
4,807,-0.98129094,0.13949919,-6.9697247,-2.3990448,0.28372818,0.7820276
4,808,-0.9815513,0.13982332,-6.962678,-2.4010391,0.28454787,0.78172886
4,809,-0.9815272,0.1397953,-6.966263,-2.4007826,0.2853661,0.781427
4,810,-0.9811482,0.13970494,-6.968112,-2.3997455,0.28618285,0.78112197
4,811,-0.9814596,0.13921571,-6.9638453,-2.3980236,0.28699815,0.78081375
4,812,-0.98136926,0.13981283,-6.9732113,-2.399284,0.287812,0.7805024
4,813,-0.9811549,0.13956428,-6.970148,-2.4011948,0.28862438,0.7801878
4,814,-0.9817983,0.13917387,-6.970499,-2.4016206,0.2894353,0.77987
4,815,-0.9814673,0.13941562,-6.9673796,-2.3977253,0.29024476,0.779549
4,816,-0.9816466,0.13943183,-6.9656305,-2.3968542,0.29105276,0.7792249
4,817,-0.98162985,0.13881898,-6.9673204,-2.3989573,0.29185927,0.7788975
4,818,-0.9820671,0.13867986,-6.9662943,-2.3972402,0.29266432,0.778567
4,819,-0.98223996,0.1383388,-6.962881,-2.3983827,0.2934679,0.7782333
4,820,-0.9818053,0.13877106,-6.9688263,-2.3970227,0.29427,0.77789634
4,821,-0.9818405,0.13849294,-6.9660378,-2.399516,0.29507065,0.77755624
4,822,-0.98223674,0.1383686,-6.9711437,-2.3954728,0.2958698,0.7772129
4,823,-0.982461,0.13826251,-6.9674406,-2.3997924,0.29666746,0.77686644
4,824,-0.9828824,0.13862598,-6.969429,-2.396484,0.29746366,0.77651674
4,825,-0.98275614,0.1374327,-6.969681,-2.3988159,0.29825836,0.7761639
4,826,-0.9822016,0.13805592,-6.9583216,-2.3988225,0.29905158,0.77580774
4,827,-0.98246145,0.13785481,-6.967952,-2.3983495,0.2998433,0.77544844
4,828,-0.9827503,0.1382047,-6.973687,-2.39879,0.30063355,0.775086
4,829,-0.98295224,0.13757539,-6.96364,-2.3999515,0.30142227,0.77472025
4,830,-0.98390007,0.13780046,-6.969801,-2.3981667,0.30220953,0.77435136
4,831,-0.9827211,0.13749659,-6.9705143,-2.3983195,0.30299526,0.77397925
4,832,-0.98315275,0.13735926,-6.9594383,-2.4002066,0.3037795,0.7736039
4,833,-0.9829918,0.13714969,-6.96391,-2.3993433,0.30456227,0.7732254
4,834,-0.9837241,0.13743842,-6.964719,-2.398666,0.30534354,0.7728437
4,835,-0.98291993,0.13721454,-6.965843,-2.3954797,0.30612326,0.77245873
4,836,-0.9829756,0.1372428,-6.968314,-2.3969364,0.3069015,0.77207065
4,837,-0.9834832,0.13728464,-6.9655504,-2.397191,0.30767822,0.7716793
4,838,-0.9833325,0.13701355,-6.969651,-2.3951952,0.30845344,0.7712847
4,839,-0.98368573,0.13702536,-6.968851,-2.3979475,0.30922714,0.77088696
4,840,-0.98354423,0.13653743,-6.9621925,-2.3981526,0.30999935,0.77048594
4,841,-0.9835112,0.13710594,-6.962576,-2.3959572,0.31077,0.77008176
4,842,-0.98368835,0.13637292,-6.963809,-2.3967154,0.31153917,0.76967436
4,843,-0.9842279,0.13593102,-6.972186,-2.3936908,0.31230682,0.76926374
4,844,-0.9844624,0.13669801,-6.966958,-2.39466,0.31307292,0.7688499
4,845,-0.9837283,0.13656592,-6.965312,-2.3962471,0.3138375,0.76843286
4,846,-0.98426753,0.1364268,-6.9698715,-2.3931415,0.3146006,0.76801264
4,847,-0.9844342,0.13634932,-6.962144,-2.3962576,0.3153621,0.76758915
4,848,-0.9848674,0.13622236,-6.966263,-2.3956945,0.3161221,0.76716244
4,849,-0.9847213,0.13600695,-6.964197,-2.3952262,0.31688058,0.7667326
4,850,-0.984868,0.13622117,-6.9681053,-2.3959787,0.31763753,0.7662994
4,851,-0.9846878,0.1360476,-6.9722605,-2.3966582,0.31839293,0.7658631
4,852,-0.9846904,0.13637769,-6.96733,-2.39236,0.3191468,0.76542354
4,853,-0.98497456,0.1357789,-6.966571,-2.395428,0.31989914,0.7649808
4,854,-0.98501563,0.13577628,-6.967614,-2.394859,0.32064992,0.7645348
4,855,-0.9849774,0.13545692,-6.9652977,-2.3936217,0.32139915,0.7640856
4,856,-0.9849728,0.13511443,-6.96031,-2.3925943,0.32214686,0.76363313
4,857,-0.9848405,0.13514936,-6.9628496,-2.3937118,0.32289302,0.7631775
4,858,-0.9856014,0.13532913,-6.9563236,-2.3962958,0.32363763,0.7627187
4,859,-0.98504,0.13528109,-6.960744,-2.3921359,0.3243807,0.76225656
4,860,-0.98561263,0.13471973,-6.9614286,-2.3918934,0.3251222,0.7617913
4,861,-0.98520947,0.13432527,-6.9614935,-2.3953652,0.32586214,0.76132274
4,862,-0.98546386,0.13512611,-6.965089,-2.3923695,0.32660055,0.760851
4,863,-0.9851978,0.13471746,-6.964493,-2.39367,0.32733738,0.76037604
4,864,-0.98607314,0.13364446,-6.9628487,-2.3904636,0.32807267,0.7598979
4,865,-0.9864117,0.1345464,-6.954523,-2.3944256,0.32880637,0.75941646
4,866,-0.9858961,0.13427281,-6.961795,-2.3930159,0.32953855,0.7589319
4,867,-0.98595095,0.13418567,-6.9674616,-2.3939216,0.33026913,0.758444
4,868,-0.98638916,0.13445091,-6.959427,-2.3933172,0.33099815,0.757953
4,869,-0.9860289,0.13401937,-6.9579773,-2.3937845,0.33172563,0.7574587
4,870,-0.9855687,0.13364768,-6.967368,-2.3908646,0.33245152,0.7569612
4,871,-0.9870186,0.1343602,-6.959527,-2.3929658,0.33317584,0.7564605
4,872,-0.98656803,0.13403964,-6.968486,-2.389308,0.33389857,0.7559566
4,873,-0.98658234,0.13395596,-6.9614,-2.3929048,0.33461976,0.7554494
4,874,-0.98664796,0.13363445,-6.9673615,-2.3899055,0.33533934,0.754939
4,875,-0.9865279,0.13338363,-6.964452,-2.3931932,0.33605736,0.75442547
4,876,-0.98724794,0.13336205,-6.9684134,-2.3923454,0.3367738,0.75390863
4,877,-0.9868313,0.13358796,-6.972907,-2.3934913,0.33748865,0.75338864
4,878,-0.98707974,0.13329196,-6.966691,-2.3922799,0.33820194,0.7528654
4,879,-0.9869063,0.13333762,-6.9708805,-2.3934617,0.33891362,0.75233895
4,880,-0.98705876,0.13361049,-6.9672804,-2.3916883,0.33962372,0.75180924
4,881,-0.9869574,0.13278711,-6.961482,-2.3919492,0.34033224,0.7512764
4,882,-0.9871024,0.13294733,-6.967579,-2.3904626,0.34103915,0.7507403
4,883,-0.9875152,0.13333237,-6.964447,-2.3919854,0.34174448,0.7502009
4,884,-0.9875077,0.13276887,-6.9644575,-2.3924918,0.34244823,0.7496584
4,885,-0.9875063,0.13249254,-6.967882,-2.3898418,0.34315038,0.74911267
4,886,-0.98735905,0.1325463,-6.962858,-2.3872552,0.3438509,0.7485637
4,887,-0.98814034,0.1322869,-6.9611654,-2.390417,0.34454986,0.7480115
4,888,-0.9875921,0.13193846,-6.955761,-2.3889754,0.3452472,0.74745613
4,889,-0.9877082,0.13215315,-6.9662085,-2.3911252,0.34594297,0.7468975
4,890,-0.98809016,0.13240242,-6.965906,-2.3911068,0.3466371,0.7463357
4,891,-0.98799926,0.13230741,-6.9608603,-2.3901591,0.34732965,0.7457707
4,892,-0.98828006,0.13202584,-6.9685335,-2.390222,0.34802058,0.7452024
4,893,-0.98839927,0.13177419,-6.966161,-2.3878505,0.3487099,0.744631
4,894,-0.9882693,0.13178027,-6.961727,-2.3903618,0.34939763,0.74405634
4,895,-0.9882791,0.13149536,-6.962839,-2.3864608,0.35008374,0.7434785
4,896,-0.98851705,0.13159072,-6.965497,-2.3887832,0.3507682,0.7428974
4,897,-0.98799074,0.13128531,-6.967017,-2.3888497,0.3514511,0.74231315
4,898,-0.9887311,0.1317786,-6.95945,-2.389351,0.35213235,0.7417256
4,899,-0.98865277,0.13149214,-6.9607077,-2.3899891,0.352812,0.74113494
4,900,-0.9882343,0.13134313,-6.9649096,-2.3882458,0.35349002,0.74054104
4,901,-0.9892795,0.13077533,-6.964055,-2.3872957,0.35416642,0.739944
4,902,-0.9888963,0.13124287,-6.960226,-2.3886502,0.3548412,0.7393437
4,903,-0.98954594,0.13090277,-6.9703484,-2.3868983,0.35551438,0.7387402
4,904,-0.98938525,0.13068628,-6.9641447,-2.3915532,0.3561859,0.7381335
4,905,-0.9895498,0.131078,-6.9630003,-2.3895466,0.3568558,0.7375236
4,906,-0.9896003,0.13079286,-6.968178,-2.388735,0.3575241,0.7369105
4,907,-0.98932576,0.13052905,-6.957755,-2.3896697,0.35819075,0.7362942
4,908,-0.98951375,0.1305958,-6.9576283,-2.3875427,0.35885575,0.73567474
4,909,-0.989612,0.13032258,-6.9619846,-2.3874016,0.35951915,0.73505205
4,910,-0.9895196,0.13005912,-6.956461,-2.387012,0.36018088,0.73442614
4,911,-0.98931146,0.13028336,-6.9588833,-2.3869152,0.360841,0.7337971
4,912,-0.9896078,0.13024211,-6.958825,-2.3862753,0.3614995,0.73316485
4,913,-0.9899651,0.1297481,-6.963559,-2.387971,0.36215633,0.7325294
4,914,-0.98989046,0.12946892,-6.9674635,-2.3881934,0.3628115,0.73189074
4,915,-0.99010926,0.12958288,-6.965926,-2.390233,0.36346507,0.7312489
4,916,-0.98978186,0.12972248,-6.958087,-2.3883426,0.364117,0.73060393
4,917,-0.9906316,0.12926865,-6.9661236,-2.3880467,0.36476725,0.72995573
4,918,-0.99051654,0.12946379,-6.961199,-2.388302,0.36541587,0.7293043
4,919,-0.99039054,0.12935996,-6.965967,-2.387385,0.36606285,0.7286498
4,920,-0.9900739,0.12914395,-6.9739113,-2.3869567,0.3667082,0.72799206
4,921,-0.99038935,0.12926793,-6.959468,-2.3867123,0.36735186,0.7273311
4,922,-0.9905406,0.1288979,-6.9619865,-2.3856018,0.36799386,0.72666705
4,923,-0.99053615,0.12911165,-6.962022,-2.3858807,0.36863425,0.7259998
4,924,-0.99062765,0.12873876,-6.96424,-2.388417,0.36927295,0.7253293
4,925,-0.99086756,0.12900853,-6.9629517,-2.3850598,0.36991,0.7246557
4,926,-0.9908744,0.12815607,-6.95963,-2.3856652,0.37054542,0.7239789
4,927,-0.9910271,0.12888193,-6.969903,-2.385849,0.37117916,0.7232989
4,928,-0.99100876,0.12858927,-6.957863,-2.3870177,0.37181124,0.7226158
4,929,-0.9913983,0.12842596,-6.960722,-2.3848114,0.37244165,0.7219295
4,930,-0.99160516,0.12822056,-6.9614286,-2.3858762,0.37307042,0.72124004
4,931,-0.99126554,0.12812304,-6.960656,-2.3859465,0.3736975,0.72054744
4,932,-0.9921428,0.12775862,-6.9639063,-2.3860857,0.37432292,0.7198516
4,933,-0.9916735,0.12766016,-6.9556694,-2.385025,0.37494668,0.7191527
4,934,-0.99193466,0.1276319,-6.95891,-2.3842657,0.37556878,0.7184506
4,935,-0.9922013,0.12810218,-6.9600544,-2.3869739,0.3761892,0.71774536
4,936,-0.99183464,0.12755227,-6.9636364,-2.3827004,0.37680793,0.71703696
4,937,-0.99194413,0.12770319,-6.9668026,-2.3855653,0.37742501,0.7163254
4,938,-0.9922271,0.1278429,-6.9623995,-2.384821,0.3780404,0.7156107
4,939,-0.992089,0.12696004,-6.953393,-2.3847992,0.37865412,0.7148928
4,940,-0.9917,0.12733865,-6.9579477,-2.3846724,0.37926617,0.7141718
4,941,-0.9926175,0.1268934,-6.9626417,-2.3854117,0.37987655,0.71344763
4,942,-0.99243593,0.12739587,-6.963355,-2.3840833,0.38048524,0.71272033
4,943,-0.9926179,0.12731695,-6.9543304,-2.3846486,0.38109225,0.71198994
4,944,-0.9926108,0.12778938,-6.96021,-2.3854506,0.38169757,0.7112564
4,945,-0.9924922,0.12735665,-6.961445,-2.382273,0.3823012,0.7105197
4,946,-0.9927546,0.12649512,-6.9614925,-2.3861651,0.3829032,0.7097798
4,947,-0.9926054,0.12652159,-6.9671946,-2.3846111,0.38350344,0.7090368
4,948,-0.9926994,0.1266805,-6.959647,-2.3839953,0.38410205,0.70829076
4,949,-0.99278754,0.12688327,-6.961692,-2.3845267,0.38469893,0.7075415
4,950,-0.99336624,0.1261822,-6.9625444,-2.384233,0.38529414,0.7067892
4,951,-0.9931854,0.12646568,-6.9662323,-2.3843265,0.38588765,0.7060337
4,952,-0.9929325,0.12622261,-6.9656115,-2.3819795,0.38647947,0.7052751
4,953,-0.9932167,0.12659633,-6.960778,-2.3825483,0.3870696,0.70451343
4,954,-0.9938358,0.12590313,-6.956132,-2.3842363,0.38765803,0.7037486
4,955,-0.9928801,0.12586594,-6.957308,-2.3836472,0.38824478,0.70298064
4,956,-0.99356914,0.12607229,-6.953882,-2.3824482,0.38882983,0.7022096
4,957,-0.9936842,0.12591195,-6.952693,-2.3821323,0.38941318,0.70143545
4,958,-0.99382234,0.1251018,-6.9534655,-2.3838203,0.3899948,0.7006582
4,959,-0.9937262,0.12583876,-6.95409,-2.3826551,0.39057475,0.6998778
4,960,-0.9948462,0.12546206,-6.9644375,-2.3807414,0.39115298,0.69909436
4,961,-0.99386233,0.12540007,-6.958311,-2.380579,0.39172953,0.6983078
4,962,-0.9934542,0.12530506,-6.9534636,-2.3836186,0.39230436,0.6975181
4,963,-0.9940611,0.12518692,-6.959755,-2.3828535,0.3928775,0.69672537
4,964,-0.99403435,0.1247071,-6.9560595,-2.383192,0.3934489,0.6959295
4,965,-0.99392104,0.12522829,-6.961957,-2.381696,0.39401862,0.6951306
4,966,-0.994702,0.12492812,-6.9593534,-2.380856,0.39458662,0.6943286
4,967,-0.9939574,0.12441766,-6.955347,-2.3793287,0.3951529,0.6935235
4,968,-0.9945409,0.12532234,-6.961606,-2.3827274,0.39571747,0.69271535
4,969,-0.994202,0.12409294,-6.964575,-2.3823047,0.39628035,0.69190407
4,970,-0.9948777,0.12528157,-6.9622536,-2.3836937,0.3968415,0.69108975
4,971,-0.9945016,0.124856114,-6.9526987,-2.379671,0.39740095,0.69027233
4,972,-0.99538827,0.124448776,-6.95767,-2.3822846,0.39795867,0.6894519
4,973,-0.9951142,0.12474847,-6.9578304,-2.3817756,0.39851466,0.6886284
4,974,-0.9951562,0.12447488,-6.957691,-2.3818219,0.39906895,0.6878018
4,975,-0.99570894,0.12411368,-6.95411,-2.3841565,0.39962152,0.6869721
4,976,-0.994782,0.123854876,-6.962327,-2.380978,0.40017235,0.6861394
4,977,-0.99529517,0.12398648,-6.958502,-2.3817668,0.40072146,0.6853036
4,978,-0.99556935,0.12385833,-6.957016,-2.3812544,0.40126887,0.6844648
4,979,-0.9957932,0.12368691,-6.9643717,-2.382876,0.40181455,0.68362296
4,980,-0.99546456,0.1245563,-6.9592695,-2.3802757,0.4023585,0.68277806
4,981,-0.99506086,0.12374973,-6.956772,-2.3820782,0.40290073,0.6819301
4,982,-0.9954293,0.12409139,-6.9513407,-2.3807728,0.40344122,0.68107915
4,983,-0.9960327,0.123660445,-6.9469213,-2.3832066,0.40398,0.68022513
4,984,-0.9963352,0.12352252,-6.9533825,-2.3802142,0.40451702,0.6793681
4,985,-0.995896,0.12239027,-6.9488945,-2.3824673,0.4050523,0.678508
4,986,-0.99584675,0.12334657,-6.959934,-2.3831077,0.40558589,0.6776449
4,987,-0.9957228,0.12256467,-6.944639,-2.380931,0.40611774,0.6767788
4,988,-0.99667215,0.12256491,-6.9522924,-2.3828535,0.40664783,0.67590964
4,989,-0.9959129,0.123266816,-6.959193,-2.3810542,0.4071762,0.6750375
4,990,-0.996511,0.122797966,-6.9550495,-2.380815,0.40770283,0.6741623
4,991,-0.996916,0.1233418,-6.9582863,-2.3826115,0.40822774,0.6732841
4,992,-0.99651396,0.12273395,-6.957844,-2.3797379,0.4087509,0.672403
4,993,-0.9966867,0.122929096,-6.9560766,-2.3783128,0.40927234,0.67151874
4,994,-0.9967004,0.12277603,-6.953368,-2.3766685,0.409792,0.6706316
4,995,-0.99701035,0.122802734,-6.959279,-2.3762372,0.41030994,0.6697414
4,996,-0.9970112,0.12253344,-6.9544373,-2.3796413,0.41082615,0.6688482
4,997,-0.9967948,0.12261987,-6.95249,-2.3806243,0.4113406,0.66795206
4,998,-0.9963927,0.122127175,-6.9593077,-2.3773265,0.4118533,0.6670529
4,999,-0.99690056,0.12229109,-6.9573116,-2.379783,0.41236427,0.6661508
5,0,0.32180417,0.031958222,-12.24325,-4.0525894,-0.2454223,0.13769467
5,1,0.3214084,0.031173587,-12.228761,-4.048134,-0.24689475,0.13765818
5,2,0.3210355,0.030477762,-12.222518,-4.0501204,-0.24836287,0.13761988
5,3,0.3216921,0.030572772,-12.230366,-4.0465565,-0.24982665,0.13757978
5,4,0.32041442,0.030817032,-12.235101,-4.0466,-0.25128612,0.13753788
5,5,0.32107854,0.030536294,-12.232812,-4.0492992,-0.25274122,0.13749416
5,6,0.32037032,0.030419946,-12.230527,-4.046806,-0.25419196,0.13744862
5,7,0.32022583,0.031044364,-12.21921,-4.0486083,-0.25563833,0.13740125
5,8,0.32009947,0.03023982,-12.232132,-4.048614,-0.25708035,0.13735206
5,9,0.32008958,0.030335426,-12.224837,-4.049275,-0.25851792,0.13730104
5,10,0.32058656,0.029720187,-12.225586,-4.05036,-0.25995114,0.13724819
5,11,0.320217,0.029862285,-12.23731,-4.0500574,-0.2613799,0.13719349
5,12,0.31935894,0.029825568,-12.231353,-4.0481873,-0.26280427,0.13713694
5,13,0.31992805,0.029899597,-12.229502,-4.050786,-0.2642242,0.13707854
5,14,0.31991732,0.029638171,-12.222111,-4.0475082,-0.26563966,0.13701828
5,15,0.31975234,0.029337049,-12.226516,-4.0482645,-0.26705068,0.13695616
5,16,0.31926596,0.029052138,-12.223293,-4.0501456,-0.26845723,0.13689215
5,17,0.3189851,0.029299736,-12.222826,-4.0495424,-0.2698593,0.13682629
5,18,0.3191098,0.029507399,-12.235813,-4.0481043,-0.2712569,0.13675857
5,19,0.31893873,0.029265404,-12.2265,-4.0509133,-0.27265,0.13668893
5,20,0.3185681,0.028882146,-12.231924,-4.0478644,-0.27403858,0.13661744
5,21,0.3184383,0.028817058,-12.228651,-4.050395,-0.27542263,0.13654403
5,22,0.31816554,0.029004574,-12.226545,-4.050153,-0.27680218,0.13646875
5,23,0.3178134,0.028367639,-12.229809,-4.0517535,-0.27817717,0.13639155
5,24,0.3173442,0.028701901,-12.233507,-4.0477104,-0.2795476,0.13631245
5,25,0.31658065,0.028345823,-12.2204485,-4.0466967,-0.2809135,0.13623145
5,26,0.31805015,0.02863133,-12.233308,-4.0481668,-0.2822748,0.13614854
5,27,0.31713235,0.028852105,-12.234188,-4.050165,-0.28363153,0.13606371
5,28,0.31647468,0.028225541,-12.226243,-4.0463715,-0.2849837,0.13597696
5,29,0.31708074,0.028107405,-12.229584,-4.049006,-0.28633124,0.13588826
5,30,0.31701374,0.027887821,-12.2222595,-4.047503,-0.28767416,0.13579765
5,31,0.31651902,0.028045774,-12.226943,-4.0495377,-0.2890125,0.1357051
5,32,0.31550646,0.027689934,-12.229389,-4.0471005,-0.29034618,0.13561061
5,33,0.31676257,0.027929306,-12.237546,-4.048439,-0.2916752,0.13551418
5,34,0.31594837,0.027613282,-12.231201,-4.0494385,-0.2929996,0.1354158
5,35,0.31577528,0.027912855,-12.2235985,-4.0475855,-0.29431933,0.13531548
5,36,0.3157922,0.027552128,-12.229507,-4.0514603,-0.2956344,0.1352132
5,37,0.31621492,0.027585149,-12.225494,-4.0500216,-0.2969448,0.13510895
5,38,0.31596398,0.027359366,-12.228186,-4.047934,-0.2982505,0.13500273
5,39,0.31502414,0.027024746,-12.215003,-4.047452,-0.2995515,0.13489455
5,40,0.31562996,0.027306557,-12.226803,-4.0459356,-0.30084777,0.1347844
5,41,0.31508934,0.027345538,-12.228441,-4.04714,-0.30213934,0.13467227
5,42,0.3151809,0.027492523,-12.231522,-4.0488253,-0.3034262,0.13455817
5,43,0.31443763,0.02735734,-12.236111,-4.0482454,-0.3047083,0.13444208
5,44,0.3141048,0.026773095,-12.228976,-4.0493083,-0.30598566,0.134324
5,45,0.31401455,0.026873946,-12.228666,-4.045424,-0.30725828,0.13420393
5,46,0.31424797,0.026640773,-12.233631,-4.0497417,-0.30852613,0.13408186
5,47,0.31435323,0.026697636,-12.232832,-4.0482063,-0.30978918,0.1339578
5,48,0.31406403,0.026918769,-12.23431,-4.0488777,-0.31104746,0.13383172
5,49,0.31339812,0.027016997,-12.228634,-4.0493603,-0.31230098,0.13370365
5,50,0.3132186,0.027193546,-12.225533,-4.0488625,-0.31354967,0.13357356
5,51,0.31338632,0.027034402,-12.228487,-4.0477657,-0.31479353,0.13344146
5,52,0.31232607,0.026117682,-12.223435,-4.049416,-0.3160326,0.13330735
5,53,0.31324947,0.026006341,-12.23369,-4.048549,-0.31726682,0.13317122
5,54,0.3128537,0.025391102,-12.230902,-4.047947,-0.3184962,0.13303305
5,55,0.3125279,0.025580645,-12.231981,-4.047229,-0.31972075,0.13289286
5,56,0.3120892,0.025670528,-12.225832,-4.047444,-0.3209404,0.13275065
5,57,0.312603,0.025711656,-12.227423,-4.0487022,-0.32215524,0.13260639
5,58,0.3115542,0.025276423,-12.232401,-4.04675,-0.32336518,0.13246009
5,59,0.3119203,0.02542615,-12.225743,-4.0505915,-0.3245702,0.13231175
5,60,0.3120761,0.025476336,-12.233887,-4.0477834,-0.32577038,0.13216136
5,61,0.31177306,0.024743319,-12.223692,-4.049049,-0.32696563,0.13200893
5,62,0.31144023,0.025533795,-12.231079,-4.0504513,-0.328156,0.13185444
5,63,0.31132853,0.025345087,-12.22917,-4.049677,-0.3293414,0.13169791
5,64,0.3113618,0.024900913,-12.227176,-4.0503263,-0.3305219,0.13153931
5,65,0.31078947,0.02521956,-12.22733,-4.049744,-0.33169746,0.13137865
5,66,0.3110882,0.025443554,-12.228068,-4.0489726,-0.3328681,0.13121593
5,67,0.3102653,0.025025606,-12.227972,-4.0471296,-0.33403376,0.13105114
5,68,0.30983198,0.02484703,-12.23799,-4.048996,-0.33519444,0.13088427
5,69,0.31050372,0.024922967,-12.233796,-4.04677,-0.33635017,0.13071534
5,70,0.31011975,0.024380565,-12.229681,-4.051029,-0.33750093,0.13054433
5,71,0.31006634,0.024624348,-12.230785,-4.0465555,-0.33864668,0.13037124
5,72,0.3098855,0.024752617,-12.233797,-4.0502653,-0.33978742,0.13019606
5,73,0.30939817,0.0246284,-12.23768,-4.049145,-0.3409232,0.1300188
5,74,0.3091712,0.02404368,-12.232081,-4.0477962,-0.34205392,0.12983945
5,75,0.30881047,0.024096489,-12.232514,-4.0472713,-0.34317964,0.12965801
5,76,0.30844784,0.024103403,-12.239634,-4.050937,-0.34430033,0.12947448
5,77,0.3085394,0.02344358,-12.237682,-4.0475574,-0.34541598,0.12928885
5,78,0.30882466,0.02405405,-12.2258,-4.0498857,-0.3465266,0.12910113
5,79,0.3086784,0.023647547,-12.230384,-4.048308,-0.34763214,0.12891129
5,80,0.308962,0.02347374,-12.232305,-4.0459576,-0.34873262,0.12871936
5,81,0.30809355,0.023795962,-12.228487,-4.0499983,-0.34982803,0.1285253
5,82,0.30788767,0.023538947,-12.231762,-4.0466037,-0.35091835,0.12832916
5,83,0.30765247,0.0235821,-12.232376,-4.047358,-0.3520036,0.12813088
5,84,0.30745363,0.023280978,-12.230325,-4.0473995,-0.35308373,0.1279305
5,85,0.30749345,0.023139,-12.226526,-4.046894,-0.3541588,0.127728
5,86,0.30678773,0.022825122,-12.226175,-4.0456443,-0.35522872,0.12752339
5,87,0.30729866,0.022683501,-12.234512,-4.047347,-0.35629353,0.12731665
5,88,0.30599058,0.022699594,-12.225757,-4.0488095,-0.3573532,0.12710778
5,89,0.30663228,0.022642374,-12.23123,-4.048572,-0.35840777,0.12689678
5,90,0.30633318,0.02292478,-12.233143,-4.05031,-0.35945717,0.12668367
5,91,0.30618417,0.022519827,-12.229766,-4.0481,-0.36050144,0.1264684
5,92,0.30605125,0.022597075,-12.229434,-4.0479126,-0.36154053,0.12625103
5,93,0.3064152,0.022402167,-12.235123,-4.0478935,-0.36257446,0.12603149
5,94,0.30554986,0.021880984,-12.239994,-4.0468335,-0.36360323,0.12580983
5,95,0.30561507,0.02188778,-12.228211,-4.0473185,-0.3646268,0.12558603
5,96,0.30506897,0.021848798,-12.229042,-4.0495124,-0.3656452,0.12536009
5,97,0.3054216,0.021801233,-12.231073,-4.0488663,-0.3666584,0.125132
5,98,0.30531442,0.022117496,-12.236589,-4.046748,-0.36766636,0.12490176
5,99,0.30443358,0.02154696,-12.22246,-4.049131,-0.36866915,0.12466937
5,100,0.30495596,0.021959066,-12.235397,-4.0493217,-0.36966673,0.124434836
5,101,0.30452633,0.022095919,-12.234785,-4.0490856,-0.37065905,0.124198146
5,102,0.3048575,0.021787882,-12.229721,-4.050112,-0.37164617,0.1239593
5,103,0.30415916,0.02153492,-12.225317,-4.05093,-0.372628,0.12371831
5,104,0.30418706,0.02109778,-12.228756,-4.0495734,-0.37360463,0.12347515
5,105,0.30404353,0.02154231,-12.229531,-4.04656,-0.374576,0.12322983
5,106,0.3032248,0.021069407,-12.233337,-4.050318,-0.3755421,0.12298235
5,107,0.30354702,0.020642042,-12.234977,-4.0475593,-0.37650293,0.12273271
5,108,0.30342793,0.02082169,-12.226166,-4.047474,-0.37745848,0.1224809
5,109,0.3028245,0.021147609,-12.238397,-4.047605,-0.37840876,0.12222693
5,110,0.3034464,0.02059102,-12.233843,-4.049011,-0.37935373,0.12197079
5,111,0.3034774,0.020315409,-12.233223,-4.0490065,-0.38029343,0.121712476
5,112,0.30269945,0.020380497,-12.228535,-4.049179,-0.3812278,0.121451996
5,113,0.3027935,0.020809412,-12.22975,-4.048995,-0.38215688,0.12118934
5,114,0.302467,0.020154119,-12.234728,-4.0494704,-0.38308063,0.12092451
5,115,0.30188406,0.020028949,-12.230291,-4.0458274,-0.38399905,0.1206575
5,116,0.30234826,0.02018869,-12.231741,-4.047514,-0.38491216,0.12038833
5,117,0.3017763,0.020326972,-12.232425,-4.047465,-0.38581994,0.120116964
5,118,0.30199516,0.01950705,-12.24055,-4.0492105,-0.38672236,0.11984342
5,119,0.30143404,0.020223975,-12.23875,-4.0471044,-0.3876194,0.11956771
5,120,0.30180025,0.01986587,-12.230196,-4.04836,-0.38851112,0.11928981
5,121,0.30145085,0.019503713,-12.235193,-4.046925,-0.38939747,0.11900972
5,122,0.3011979,0.019661903,-12.2309475,-4.049474,-0.39027846,0.118727446
5,123,0.30084515,0.019074678,-12.231037,-4.0471106,-0.39115405,0.11844299
5,124,0.3005103,0.01906097,-12.237732,-4.045911,-0.39202428,0.11815635
5,125,0.30072463,0.018609524,-12.2271595,-4.0481844,-0.3928891,0.11786752
5,126,0.29989016,0.019125342,-12.2341385,-4.050326,-0.39374855,0.1175765
5,127,0.29951167,0.019219637,-12.231566,-4.046864,-0.3946026,0.11728329
5,128,0.3001026,0.019363165,-12.235699,-4.0482244,-0.39545122,0.11698789
5,129,0.3001963,0.019051433,-12.233192,-4.048247,-0.39629441,0.1166903
5,130,0.2998873,0.019068837,-12.23285,-4.048867,-0.39713222,0.11639052
5,131,0.29949427,0.018718362,-12.2326145,-4.0456495,-0.39796457,0.11608854
5,132,0.29900622,0.018998027,-12.234976,-4.0473228,-0.39879152,0.11578436
5,133,0.29951394,0.018773913,-12.237485,-4.04922,-0.399613,0.115478
5,134,0.29904008,0.0187639,-12.241461,-4.046884,-0.40042907,0.115169436
5,135,0.2988186,0.018157363,-12.236075,-4.0501003,-0.40123966,0.11485868
5,136,0.29897916,0.01834035,-12.232805,-4.045201,-0.4020448,0.11454572
5,137,0.29855072,0.017626166,-12.233159,-4.0474052,-0.4028445,0.114230566
5,138,0.29834437,0.01824975,-12.232613,-4.049726,-0.4036387,0.113913216
5,139,0.29818785,0.018005371,-12.234884,-4.045129,-0.40442744,0.11359366
5,140,0.29810607,0.017452002,-12.226326,-4.0502253,-0.4052107,0.113271914
5,141,0.2977724,0.017952442,-12.235284,-4.0469403,-0.40598845,0.11294796
5,142,0.29750407,0.017797828,-12.238302,-4.0490675,-0.40676075,0.11262181
5,143,0.29687715,0.017447352,-12.234814,-4.047303,-0.40752754,0.11229346
5,144,0.29700053,0.017442942,-12.228346,-4.0495696,-0.40828884,0.1119629
5,145,0.29714704,0.01671958,-12.230608,-4.0502954,-0.4090446,0.11163015
5,146,0.2973119,0.017419338,-12.237936,-4.050523,-0.40979487,0.11129519
5,147,0.29672265,0.017463684,-12.236393,-4.0483537,-0.41053963,0.11095803
5,148,0.29643428,0.016860247,-12.229334,-4.0490866,-0.41127884,0.11061867
5,149,0.29643893,0.016366243,-12.233408,-4.0494432,-0.41201255,0.11027711
5,150,0.29678953,0.016899824,-12.233679,-4.0466814,-0.4127407,0.10993334
5,151,0.2962209,0.016604781,-12.240028,-4.047456,-0.41346332,0.10958737
5,152,0.2960812,0.01606524,-12.229578,-4.048464,-0.4141804,0.1092392
5,153,0.2956184,0.016952157,-12.234862,-4.0479336,-0.41489193,0.10888882
5,154,0.29590118,0.016004205,-12.234142,-4.047435,-0.4155979,0.10853624
5,155,0.2956431,0.017266035,-12.222933,-4.046508,-0.4162983,0.10818146
5,156,0.29510546,0.016061783,-12.226566,-4.0498004,-0.41699314,0.10782448
5,157,0.29484534,0.016062021,-12.238863,-4.0472994,-0.4176824,0.10746529
5,158,0.29488194,0.016007066,-12.236748,-4.049889,-0.41836613,0.1071039
5,159,0.29483628,0.016038775,-12.248674,-4.046261,-0.41904426,0.10674031
5,160,0.29480624,0.0152385235,-12.232149,-4.047211,-0.41971678,0.10637451
5,161,0.29429042,0.015544891,-12.240556,-4.0473948,-0.42038372,0.10600652
5,162,0.29414535,0.015646935,-12.2424965,-4.0487347,-0.42104506,0.10563631
5,163,0.29335153,0.01652491,-12.235855,-4.050434,-0.4217008,0.10526392
5,164,0.29343915,0.015848994,-12.230902,-4.046388,-0.42235097,0.10488931
5,165,0.29362392,0.015838742,-12.220292,-4.0453577,-0.4229955,0.10451251
5,166,0.2929914,0.015377283,-12.234045,-4.049357,-0.4236344,0.10413351
5,167,0.29304433,0.01531744,-12.234421,-4.050087,-0.42426774,0.10375231
5,168,0.2929448,0.01533246,-12.231035,-4.047285,-0.4248954,0.1033689
5,169,0.29289067,0.014690757,-12.240185,-4.0463667,-0.42551747,0.102983296
5,170,0.29225028,0.014515877,-12.229052,-4.047417,-0.4261339,0.1025955
5,171,0.29214096,0.015082955,-12.229387,-4.0486917,-0.42674467,0.1022055
5,172,0.29202712,0.014720798,-12.2382965,-4.047367,-0.42734984,0.10181331
5,173,0.29182625,0.014694095,-12.2393055,-4.047328,-0.42794934,0.10141891
5,174,0.2917446,0.015019417,-12.2318,-4.0499425,-0.42854318,0.101022325
5,175,0.29147947,0.0146353245,-12.24421,-4.0487204,-0.4291314,0.10062354
5,176,0.29202855,0.014519095,-12.234797,-4.0486293,-0.42971393,0.100222565
5,177,0.29146528,0.014684558,-12.234758,-4.048844,-0.43029082,0.09981939
5,178,0.29188716,0.014374852,-12.237694,-4.0487037,-0.430862,0.09941403
5,179,0.29144108,0.014009953,-12.231312,-4.0454636,-0.43142757,0.099006474
5,180,0.29105043,0.013812661,-12.239619,-4.046972,-0.43198743,0.09859673
5,181,0.290735,0.01381433,-12.233301,-4.045025,-0.43254164,0.098184794
5,182,0.29112363,0.013758779,-12.235634,-4.0471387,-0.43309015,0.09777067
5,183,0.29040885,0.014023423,-12.239824,-4.044971,-0.43363297,0.09735435
5,184,0.29058373,0.01364553,-12.2374,-4.0474963,-0.4341701,0.09693585
5,185,0.28975558,0.013696551,-12.229607,-4.046571,-0.43470156,0.09651517
5,186,0.29082668,0.013451695,-12.233883,-4.047105,-0.4352273,0.0960923
5,187,0.289582,0.013847947,-12.235401,-4.0487847,-0.43574736,0.09566724
5,188,0.2896136,0.01309979,-12.235806,-4.0462856,-0.43626168,0.095240004
5,189,0.28972507,0.01402545,-12.234936,-4.0485377,-0.43677032,0.09481059
5,190,0.28949165,0.01262033,-12.237444,-4.0482726,-0.43727323,0.09437899
5,191,0.28952396,0.012881875,-12.240536,-4.04555,-0.43777046,0.09394522
5,192,0.28958285,0.012504339,-12.235821,-4.0467787,-0.43826196,0.093509264
5,193,0.28894937,0.01355195,-12.232933,-4.0498943,-0.4387477,0.09307114
5,194,0.2881974,0.013306737,-12.231213,-4.046176,-0.43922776,0.09263083
5,195,0.2890253,0.01245594,-12.238514,-4.0447063,-0.43970206,0.09218836
5,196,0.28972125,0.012720466,-12.240269,-4.0463786,-0.44017065,0.091743715
5,197,0.28848314,0.011892319,-12.244619,-4.048481,-0.44063348,0.0912969
5,198,0.2881161,0.012568593,-12.237139,-4.0466857,-0.44109058,0.09084791
5,199,0.28821504,0.01222837,-12.242582,-4.04712,-0.44154194,0.09039676
5,200,0.2879901,0.012019515,-12.24262,-4.0455728,-0.44198757,0.089943446
5,201,0.28664708,0.011880398,-12.239761,-4.0478024,-0.44242743,0.08948796
5,202,0.28744054,0.012769818,-12.223597,-4.0458083,-0.44286156,0.089030325
5,203,0.28795636,0.012144566,-12.241561,-4.045724,-0.4432899,0.08857052
5,204,0.28740847,0.012452483,-12.232398,-4.049393,-0.44371253,0.08810856
5,205,0.28665113,0.011995912,-12.236899,-4.0456934,-0.44412938,0.08764445
5,206,0.28684688,0.011761308,-12.237149,-4.0457244,-0.44454044,0.08717818
5,207,0.28642964,0.011613727,-12.240864,-4.048034,-0.44494575,0.08670975
5,208,0.28622472,0.0118790865,-12.2460165,-4.0485587,-0.4453453,0.08623918
5,209,0.28614187,0.011443138,-12.23576,-4.04737,-0.4457391,0.08576646
5,210,0.2862569,0.011036754,-12.2397995,-4.0483227,-0.4461271,0.08529159
5,211,0.2857201,0.011328578,-12.237852,-4.0485654,-0.4465093,0.08481458
5,212,0.2855636,0.011118531,-12.235869,-4.0475774,-0.44688576,0.084335424
5,213,0.28511655,0.0117429495,-12.239705,-4.048041,-0.44725642,0.083854124
5,214,0.285537,0.01101768,-12.240436,-4.0479527,-0.4476213,0.08337069
5,215,0.28524578,0.011273146,-12.233622,-4.0485153,-0.4479804,0.08288512
5,216,0.2843368,0.0110321045,-12.240019,-4.0478563,-0.44833368,0.082397416
5,217,0.28433073,0.010462165,-12.237419,-4.0493484,-0.4486812,0.08190758
5,218,0.28494573,0.010422349,-12.233522,-4.0462713,-0.44902292,0.08141561
5,219,0.28441286,0.00988853,-12.24143,-4.0505853,-0.44935882,0.080921516
5,220,0.28509128,0.009875417,-12.242718,-4.04839,-0.44968894,0.0804253
5,221,0.28396046,0.010250211,-12.242112,-4.0488296,-0.45001325,0.07992696
5,222,0.28354263,0.0103544,-12.24674,-4.045161,-0.45033178,0.0794265
5,223,0.2833624,0.009937882,-12.242027,-4.0497613,-0.4506445,0.07892392
5,224,0.28400874,0.010044813,-12.239945,-4.0482183,-0.4509514,0.07841922
5,225,0.28336704,0.009539962,-12.240492,-4.0489893,-0.4512525,0.07791242
5,226,0.28311694,0.009928346,-12.238517,-4.0497503,-0.45154774,0.0774035
5,227,0.2829877,0.009083748,-12.235235,-4.050976,-0.4518372,0.07689248
5,228,0.28235853,0.009781003,-12.239975,-4.048561,-0.45212087,0.07637935
5,229,0.28293002,0.010031581,-12.236836,-4.0488462,-0.4523987,0.07586412
5,230,0.28255212,0.0092253685,-12.23929,-4.050129,-0.45267072,0.07534679
5,231,0.2825699,0.009723306,-12.23632,-4.0494246,-0.4529369,0.074827366
5,232,0.28251922,0.009144425,-12.231859,-4.0461974,-0.45319727,0.07430584
5,233,0.28181374,0.008976579,-12.241085,-4.048951,-0.4534518,0.07378223
5,234,0.28228295,0.009198546,-12.237949,-4.0471616,-0.4537005,0.07325653
5,235,0.28139997,0.008983254,-12.243959,-4.0472383,-0.4539434,0.072728746
5,236,0.2816894,0.009074569,-12.241119,-4.049453,-0.45418048,0.072198875
5,237,0.28148437,0.008402944,-12.242884,-4.047945,-0.4544117,0.071666926
5,238,0.28099406,0.00863862,-12.24266,-4.045927,-0.45463708,0.071132906
5,239,0.28068793,0.0077875853,-12.2435055,-4.0472217,-0.45485666,0.07059681
5,240,0.28096843,0.008199811,-12.2389345,-4.047449,-0.45507038,0.07005864
5,241,0.28032005,0.008685827,-12.240501,-4.0479116,-0.45527828,0.0695184
5,242,0.28034842,0.00859952,-12.243778,-4.048195,-0.45548034,0.068976104
5,243,0.2801596,0.008462787,-12.235519,-4.046897,-0.45567653,0.06843174
5,244,0.27996707,0.007924557,-12.244399,-4.049191,-0.4558669,0.06788532
5,245,0.27993786,0.0077068806,-12.244729,-4.0470905,-0.45605144,0.06733684
5,246,0.2796589,0.008273959,-12.246328,-4.044641,-0.45623013,0.06678632
5,247,0.279706,0.008090615,-12.244143,-4.0450473,-0.45640296,0.06623375
5,248,0.27928555,0.0077266693,-12.233969,-4.051162,-0.45656997,0.065679125
5,249,0.27894032,0.0076363087,-12.244865,-4.046214,-0.4567311,0.06512246
5,250,0.27898967,0.00733912,-12.244575,-4.0474167,-0.4568864,0.064563766
5,251,0.27911437,0.0073031187,-12.247364,-4.0478163,-0.45703587,0.06400303
5,252,0.27937722,0.0072364807,-12.24284,-4.048017,-0.4571795,0.06344026
5,253,0.2789421,0.007658839,-12.239969,-4.049021,-0.45731726,0.06287547
5,254,0.2783283,0.007133484,-12.240954,-4.0472145,-0.45744917,0.062308654
5,255,0.2784065,0.007047057,-12.246317,-4.043668,-0.45757523,0.061739814
5,256,0.27854037,0.006224513,-12.256289,-4.0442953,-0.45769542,0.061168958
5,257,0.2779696,0.007160425,-12.241922,-4.045845,-0.45780978,0.06059609
5,258,0.27789617,0.0067908764,-12.24698,-4.047468,-0.4579183,0.06002121
5,259,0.2781304,0.00698328,-12.245176,-4.0461416,-0.45802093,0.059444327
5,260,0.27742207,0.0068463087,-12.235844,-4.050251,-0.45811772,0.05886544
5,261,0.27723885,0.0063866377,-12.244486,-4.0470533,-0.45820868,0.05828455
5,262,0.2774837,0.0062873363,-12.244615,-4.04787,-0.45829377,0.05770167
5,263,0.27647138,0.0063010454,-12.244007,-4.0520496,-0.45837298,0.057116795
5,264,0.27666926,0.0061228275,-12.244045,-4.0475836,-0.45844635,0.056529935
5,265,0.27645254,0.0061022043,-12.243774,-4.0474076,-0.4585139,0.055941094
5,266,0.27615726,0.0062428713,-12.24548,-4.0461807,-0.45857555,0.05535027
5,267,0.27642047,0.0060913563,-12.252838,-4.0454483,-0.45863137,0.054757472
5,268,0.27610803,0.006001234,-12.249093,-4.048511,-0.45868132,0.054162703
5,269,0.27569902,0.0057849884,-12.239693,-4.049596,-0.4587254,0.053565968
5,270,0.27547956,0.0057018995,-12.251171,-4.045125,-0.45876363,0.05296727
5,271,0.27547836,0.005702734,-12.244765,-4.048908,-0.45879602,0.052366607
5,272,0.27505684,0.0055235624,-12.2458315,-4.0471005,-0.45882255,0.051763993
5,273,0.2751813,0.0054187775,-12.249968,-4.045968,-0.45884323,0.05115943
5,274,0.27472436,0.005248189,-12.242934,-4.0470967,-0.45885804,0.050552916
5,275,0.27506244,0.005319357,-12.255813,-4.0447397,-0.45886698,0.04994446
5,276,0.27452874,0.0047734976,-12.243178,-4.0481014,-0.45887008,0.049334068
5,277,0.2748965,0.005274415,-12.246447,-4.0494986,-0.45886734,0.048721742
5,278,0.27418447,0.004725218,-12.243313,-4.045802,-0.45885873,0.048107486
5,279,0.2743957,0.0047847033,-12.240153,-4.0453596,-0.45884427,0.047491305
5,280,0.27478123,0.0044389963,-12.239282,-4.0451384,-0.45882395,0.0468732
5,281,0.27385342,0.004524231,-12.241274,-4.048153,-0.45879778,0.046253182
5,282,0.27385807,0.0044641495,-12.245316,-4.04813,-0.45876575,0.045631252
5,283,0.27336156,0.0040997267,-12.245525,-4.047138,-0.45872787,0.045007415
5,284,0.27296388,0.0041531324,-12.239893,-4.0475698,-0.45868415,0.04438167
5,285,0.27286637,0.00447917,-12.240086,-4.0531526,-0.45863456,0.043754034
5,286,0.27327943,0.0040763617,-12.237738,-4.04735,-0.45857912,0.0431245
5,287,0.27300358,0.0036143064,-12.244778,-4.047807,-0.45851785,0.042493075
5,288,0.27250516,0.0037096739,-12.241066,-4.0498166,-0.4584507,0.04185977
5,289,0.27258813,0.003976345,-12.23851,-4.0471,-0.45837772,0.04122458
5,290,0.27283013,0.003719449,-12.233733,-4.047125,-0.4582989,0.04058752
5,291,0.27205014,0.0040649176,-12.250586,-4.045288,-0.4582142,0.039948586
5,292,0.27186096,0.0033242702,-12.244974,-4.049904,-0.45812368,0.039307788
5,293,0.2712121,0.0037950277,-12.236727,-4.046608,-0.4580273,0.03866513
5,294,0.27171075,0.0033432245,-12.238319,-4.0467424,-0.45792508,0.038020615
5,295,0.27131307,0.0035173893,-12.25391,-4.046174,-0.45781705,0.03737425
5,296,0.27081788,0.003590703,-12.2359085,-4.045101,-0.45770314,0.03672604
5,297,0.27058005,0.0030413866,-12.248751,-4.046077,-0.4575834,0.036075983
5,298,0.27056873,0.0026242733,-12.246314,-4.048944,-0.4574578,0.035424095
5,299,0.27088654,0.0031021833,-12.240906,-4.047757,-0.45732638,0.034770373
5,300,0.26979208,0.0029646158,-12.248899,-4.0445166,-0.45718914,0.03411483
5,301,0.27016616,0.0025049448,-12.24644,-4.0482435,-0.45704603,0.03345746
5,302,0.27025008,0.0023286343,-12.2358265,-4.045632,-0.4568971,0.032798275
5,303,0.26959598,0.0026950836,-12.242355,-4.045975,-0.45674235,0.032137282
5,304,0.26997697,0.0023442507,-12.245821,-4.0471044,-0.45658174,0.031474482
5,305,0.26967394,0.0027947426,-12.244219,-4.0471754,-0.45641533,0.030809881
5,306,0.2692765,0.0023483038,-12.247646,-4.0491714,-0.45624307,0.030143486
5,307,0.2693714,0.0016260147,-12.245972,-4.0486946,-0.456065,0.0294753
5,308,0.2686907,0.001850605,-12.244013,-4.0464296,-0.4558811,0.02880533
5,309,0.26942503,0.0027797222,-12.246644,-4.0447087,-0.45569137,0.02813358
5,310,0.26888728,0.0020323992,-12.242629,-4.047818,-0.4554958,0.027460057
5,311,0.26893628,0.0018373728,-12.2418,-4.046886,-0.45529443,0.026784765
5,312,0.26851416,0.0015900135,-12.238567,-4.0470963,-0.45508724,0.026107708
5,313,0.26849782,0.001019597,-12.248316,-4.049207,-0.45487425,0.025428895
5,314,0.2677709,0.001884222,-12.245523,-4.047887,-0.45465544,0.02474833
5,315,0.26787984,0.0014437437,-12.243626,-4.049587,-0.4544308,0.024066018
5,316,0.267493,0.0016958714,-12.249348,-4.0470104,-0.45420036,0.023381963
5,317,0.2674811,0.0011554956,-12.252737,-4.0461907,-0.45396408,0.022696175
5,318,0.26776695,0.0014535189,-12.243858,-4.045712,-0.45372203,0.022008656
5,319,0.26710868,0.0007944107,-12.253619,-4.044185,-0.45347416,0.021319412
5,320,0.26684976,0.00010347366,-12.242275,-4.050589,-0.45322052,0.020628449
5,321,0.26651573,0.00045704842,-12.244609,-4.048562,-0.45296103,0.019935772
5,322,0.26687443,0.0010648966,-12.251552,-4.0458727,-0.4526958,0.019241389
5,323,0.26631105,0.00049328804,-12.246637,-4.0471077,-0.4524247,0.018545305
5,324,0.2660377,0.00032258034,-12.244099,-4.0476832,-0.45214787,0.017847525
5,325,0.26698375,0.0010684729,-12.2512865,-4.0480537,-0.45186523,0.017148055
5,326,0.26597512,0.0002090931,-12.243216,-4.047065,-0.45157677,0.0164469
5,327,0.26598358,0.00057280064,-12.254414,-4.045069,-0.45128256,0.015744068
5,328,0.26559758,-3.0040741e-05,-12.249895,-4.044583,-0.45098257,0.015039561
5,329,0.26562774,4.541874e-05,-12.243931,-4.047423,-0.45067677,0.01433339
5,330,0.26474464,-0.00032424927,-12.243817,-4.0482054,-0.45036522,0.013625558
5,331,0.26521003,-0.00037825108,-12.248882,-4.0485516,-0.45004788,0.01291607
5,332,0.2651857,-0.000161767,-12.248808,-4.046588,-0.44972476,0.012204936
5,333,0.26516187,-0.0004194975,-12.246674,-4.045218,-0.4493959,0.011492158
5,334,0.2643541,-0.0007477999,-12.2502985,-4.050051,-0.44906124,0.0107777435
5,335,0.2649045,0.00029838085,-12.244607,-4.0474463,-0.4487208,0.0100617
5,336,0.26439595,-0.0005925894,-12.251305,-4.04726,-0.44837466,0.009344031
5,337,0.2644323,-0.0009584427,-12.243728,-4.0453496,-0.44802272,0.008624745
5,338,0.26393652,-0.0008767843,-12.247515,-4.0470357,-0.44766504,0.007903847
5,339,0.26346195,-0.0010670424,-12.252085,-4.0477242,-0.44730157,0.0071813427
5,340,0.2635721,-0.0004988909,-12.256118,-4.0466704,-0.44693238,0.00645724
5,341,0.2633934,-0.0007789135,-12.253187,-4.0453663,-0.44655746,0.005731544
5,342,0.26363266,-0.0006875992,-12.250698,-4.047529,-0.44617677,0.005004261
5,343,0.2628113,-0.0012456179,-12.238251,-4.051187,-0.44579035,0.0042753983
5,344,0.26293123,-0.0010586977,-12.251596,-4.0485535,-0.44539818,0.0035449613
5,345,0.2625996,-0.0014408827,-12.251099,-4.0468616,-0.4450003,0.002812957
5,346,0.26264918,-0.0016572475,-12.246249,-4.047244,-0.44459668,0.0020793912
5,347,0.26274443,-0.0014852285,-12.252008,-4.045948,-0.4441873,0.0013442708
5,348,0.2622831,-0.0016602278,-12.24527,-4.0476985,-0.44377226,0.0006076022
5,349,0.2627102,-0.0014688969,-12.251085,-4.045828,-0.44335145,-0.00013060812
5,350,0.26186347,-0.0017505884,-12.252792,-4.0451593,-0.44292495,-0.0008703536
5,351,0.26191306,-0.0024318695,-12.251035,-4.0496225,-0.44249272,-0.0016116278
5,352,0.2611909,-0.0027725697,-12.253675,-4.045412,-0.44205478,-0.0023544237
5,353,0.26181757,-0.0023338795,-12.247034,-4.0476084,-0.44161114,-0.0030987354
5,354,0.261598,-0.0021469593,-12.247193,-4.0486245,-0.44116178,-0.0038445555
5,355,0.26138628,-0.0024876595,-12.247234,-4.046806,-0.44070676,-0.004591878
5,356,0.2614311,-0.0018742085,-12.256533,-4.048449,-0.44024602,-0.0053406954
5,357,0.26063764,-0.002226472,-12.255332,-4.0479326,-0.43977958,-0.006091002
5,358,0.2607329,-0.0028350353,-12.250233,-4.047368,-0.43930745,-0.00684279
5,359,0.2603644,-0.0025955439,-12.25348,-4.046963,-0.43882966,-0.007596053
5,360,0.26063275,-0.0029351711,-12.253111,-4.047798,-0.43834618,-0.008350785
5,361,0.26005435,-0.003051877,-12.2546,-4.048977,-0.43785703,-0.009106978
5,362,0.26024616,-0.003073573,-12.245697,-4.0504074,-0.4373622,-0.0098646255
5,363,0.25927925,-0.0025037527,-12.251566,-4.04767,-0.4368617,-0.0106237205
5,364,0.25947225,-0.003782034,-12.261562,-4.042933,-0.43635553,-0.011384256
5,365,0.25941145,-0.0033482313,-12.25362,-4.0480075,-0.43584374,-0.012146226
5,366,0.25913262,-0.003387332,-12.253944,-4.0475636,-0.43532625,-0.012909622
5,367,0.25916982,-0.0046788454,-12.24135,-4.048705,-0.43480313,-0.013674439
5,368,0.25895202,-0.0039542913,-12.254709,-4.0468917,-0.43427435,-0.014440668
5,369,0.25874686,-0.0036414862,-12.249992,-4.0485306,-0.43373993,-0.015208302
5,370,0.25875342,-0.004093528,-12.254766,-4.0475245,-0.43319988,-0.015977336
5,371,0.25879443,-0.0037653446,-12.257851,-4.047153,-0.4326542,-0.016747762
5,372,0.2576462,-0.0042937994,-12.25037,-4.046905,-0.4321029,-0.01751957
5,373,0.2579081,-0.003925085,-12.2569065,-4.046521,-0.43154594,-0.018292757
5,374,0.25767672,-0.004177451,-12.25333,-4.047762,-0.4309834,-0.019067314
5,375,0.25784874,-0.0044082403,-12.250256,-4.0469337,-0.4304152,-0.019843232
5,376,0.25726366,-0.004319668,-12.255495,-4.0461807,-0.42984143,-0.020620508
5,377,0.25756764,-0.004242778,-12.255075,-4.046841,-0.42926204,-0.021399131
5,378,0.25737882,-0.005022645,-12.255187,-4.0452576,-0.42867705,-0.022179095
5,379,0.25687778,-0.0047614574,-12.252738,-4.047249,-0.42808646,-0.022960393
5,380,0.256387,-0.004383683,-12.248173,-4.049595,-0.42749026,-0.023743019
5,381,0.25657082,-0.0048006773,-12.249175,-4.045557,-0.4268885,-0.024526961
5,382,0.25633478,-0.005010247,-12.2492485,-4.0468,-0.42628115,-0.025312217
5,383,0.25623584,-0.005178213,-12.25104,-4.045925,-0.4256682,-0.026098777
5,384,0.2558185,-0.0053328276,-12.247791,-4.0451436,-0.42504972,-0.026886633
5,385,0.25574172,-0.0050946474,-12.2508335,-4.04876,-0.42442563,-0.027675778
5,386,0.25577426,-0.0056393147,-12.247191,-4.0486956,-0.423796,-0.028466204
5,387,0.25527346,-0.0054517984,-12.253862,-4.045375,-0.42316082,-0.029257907
5,388,0.2556895,-0.004950404,-12.263892,-4.048137,-0.42252007,-0.030050874
5,389,0.25555313,-0.0056704283,-12.248085,-4.049205,-0.42187378,-0.030845102
5,390,0.25507438,-0.0060112476,-12.25122,-4.0497804,-0.42122194,-0.03164058
5,391,0.2542888,-0.005669832,-12.249651,-4.0452843,-0.4205646,-0.032437302
5,392,0.25458598,-0.006182909,-12.254807,-4.048435,-0.4199017,-0.033235263
5,393,0.25486815,-0.005265236,-12.253198,-4.0460234,-0.41923326,-0.03403445
5,394,0.25399435,-0.0060818195,-12.259604,-4.047054,-0.4185593,-0.034834858
5,395,0.25434005,-0.006447077,-12.244335,-4.046037,-0.41787985,-0.03563648
5,396,0.25309598,-0.005873084,-12.251866,-4.0464993,-0.41719487,-0.036439307
5,397,0.25389254,-0.006616235,-12.254166,-4.0471373,-0.41650438,-0.037243333
5,398,0.25354123,-0.006722331,-12.249263,-4.047862,-0.4158084,-0.03804855
5,399,0.25342917,-0.0058522224,-12.256498,-4.0467663,-0.41510695,-0.038854945
5,400,0.2529508,-0.0062531233,-12.248819,-4.0454874,-0.41439998,-0.039662518
5,401,0.2521019,-0.006285429,-12.246429,-4.046674,-0.41368756,-0.040471256
5,402,0.25273442,-0.006524086,-12.247047,-4.04379,-0.41296965,-0.041281153
5,403,0.25330007,-0.0064406395,-12.249336,-4.0499215,-0.41224626,-0.0420922
5,404,0.25275528,-0.007044792,-12.255228,-4.04695,-0.4115174,-0.042904392
5,405,0.2524631,-0.0066592693,-12.252054,-4.048623,-0.41078308,-0.043717716
5,406,0.2522143,-0.007077694,-12.253502,-4.047139,-0.41004333,-0.04453217
5,407,0.25277865,-0.0072004795,-12.252703,-4.0460405,-0.40929812,-0.04534774
5,408,0.25170398,-0.007399082,-12.252378,-4.046009,-0.40854746,-0.04616442
5,409,0.25161827,-0.0072768927,-12.256154,-4.0485907,-0.40779138,-0.046982203
5,410,0.2512784,-0.0075027943,-12.250519,-4.0474963,-0.40702987,-0.047801085
5,411,0.25153697,-0.0069212914,-12.256792,-4.0478354,-0.40626293,-0.048621047
5,412,0.25130415,-0.008167148,-12.256981,-4.0466123,-0.40549058,-0.049442094
5,413,0.25054348,-0.0074830055,-12.254034,-4.0462804,-0.4047128,-0.050264206
5,414,0.2511977,-0.0076875687,-12.262379,-4.046645,-0.40392962,-0.051087383
5,415,0.2503537,-0.007906795,-12.258288,-4.0461397,-0.40314105,-0.051911615
5,416,0.25013995,-0.008722782,-12.255346,-4.049245,-0.40234712,-0.052736893
5,417,0.25118315,-0.007879853,-12.259155,-4.046571,-0.40154776,-0.053563207
5,418,0.25002122,-0.008489013,-12.2564335,-4.0474505,-0.40074304,-0.05439055
5,419,0.25005877,-0.008077741,-12.258219,-4.044489,-0.39993295,-0.055218916
5,420,0.25009716,-0.008162737,-12.2485695,-4.0460663,-0.39911747,-0.056048293
5,421,0.24948919,-0.008164525,-12.256345,-4.0476813,-0.39829665,-0.056878675
5,422,0.24914646,-0.008448958,-12.255244,-4.0449867,-0.39747047,-0.057710055
5,423,0.24886131,-0.00908041,-12.260159,-4.0463247,-0.39663893,-0.058542423
5,424,0.2486949,-0.008440971,-12.2550955,-4.0453954,-0.39580208,-0.059375767
5,425,0.24847484,-0.008273959,-12.25675,-4.0456543,-0.39495987,-0.060210083
5,426,0.2486403,-0.0086016655,-12.253759,-4.044878,-0.39411235,-0.061045364
5,427,0.24923193,-0.009063125,-12.2547455,-4.04686,-0.39325953,-0.061881598
5,428,0.24790108,-0.009028673,-12.253896,-4.0474234,-0.39240137,-0.06271878
5,429,0.24851978,-0.009526014,-12.2626915,-4.047462,-0.39153787,-0.063556895
5,430,0.24799132,-0.009052515,-12.243171,-4.0480423,-0.39066914,-0.06439594
5,431,0.2477727,-0.008765936,-12.255732,-4.044487,-0.38979506,-0.065235905
5,432,0.24760973,-0.0092999935,-12.256605,-4.045364,-0.38891572,-0.066076785
5,433,0.24806964,-0.009494662,-12.249525,-4.0476623,-0.3880311,-0.06691857
5,434,0.24782884,-0.009333611,-12.262535,-4.0482626,-0.3871412,-0.06776124
5,435,0.24747026,-0.009965539,-12.251965,-4.0494595,-0.38624606,-0.068604805
5,436,0.24628961,-0.010467172,-12.2620125,-4.050869,-0.38534564,-0.069449246
5,437,0.2475611,-0.009544611,-12.260399,-4.0510736,-0.38443998,-0.07029456
5,438,0.24701941,-0.009731531,-12.26391,-4.047447,-0.38352907,-0.07114073
5,439,0.2473123,-0.010208964,-12.26613,-4.0467153,-0.3826129,-0.07198775
5,440,0.24629366,-0.010171652,-12.257244,-4.046889,-0.38169155,-0.07283561
5,441,0.24578929,-0.010143399,-12.259412,-4.0453854,-0.38076496,-0.073684305
5,442,0.2464906,-0.010777593,-12.260387,-4.045741,-0.37983313,-0.07453383
5,443,0.2454561,-0.009244323,-12.258175,-4.04996,-0.37889612,-0.07538417
5,444,0.24588001,-0.010212064,-12.257296,-4.04646,-0.37795392,-0.07623532
5,445,0.24498057,-0.010452032,-12.256235,-4.0486183,-0.3770065,-0.07708726
5,446,0.24538434,-0.011159658,-12.263639,-4.0484133,-0.37605393,-0.07794
5,447,0.24545348,-0.010300994,-12.265284,-4.0451155,-0.37509614,-0.07879352
5,448,0.24452269,-0.010795474,-12.250118,-4.044642,-0.37413323,-0.07964781
5,449,0.24519634,-0.010536075,-12.259329,-4.047429,-0.37316513,-0.08050286
5,450,0.24460733,-0.010878921,-12.253898,-4.0484104,-0.37219188,-0.08135867
5,451,0.24424517,-0.011861086,-12.257743,-4.0449195,-0.37121347,-0.08221523
5,452,0.24462414,-0.0111835,-12.254061,-4.047203,-0.37022993,-0.08307252
5,453,0.2440257,-0.011330843,-12.257669,-4.0484953,-0.36924127,-0.08393054
5,454,0.24443126,-0.01181078,-12.256653,-4.0471954,-0.36824748,-0.084789276
5,455,0.24407554,-0.011722684,-12.25626,-4.043371,-0.36724856,-0.08564873
5,456,0.24407077,-0.011583328,-12.25323,-4.0479107,-0.36624455,-0.08650888
5,457,0.24349296,-0.012221932,-12.257204,-4.0471506,-0.36523545,-0.087369725
5,458,0.24329019,-0.012583375,-12.2530575,-4.045903,-0.36422125,-0.08823125
5,459,0.24318695,-0.011893749,-12.260227,-4.046497,-0.36320198,-0.08909345
5,460,0.24395788,-0.012674212,-12.257355,-4.0480113,-0.3621776,-0.08995631
5,461,0.24241436,-0.012363672,-12.249857,-4.043907,-0.36114818,-0.090819836
5,462,0.24186909,-0.012393236,-12.264,-4.049125,-0.3601137,-0.091684
5,463,0.24264121,-0.012693882,-12.255417,-4.048547,-0.35907418,-0.09254881
5,464,0.24213123,-0.012191415,-12.252573,-4.0470114,-0.3580296,-0.09341424
5,465,0.24203849,-0.012896895,-12.259635,-4.048766,-0.35698,-0.094280295
5,466,0.2414347,-0.012496948,-12.262285,-4.0466127,-0.35592535,-0.09514696
5,467,0.24125922,-0.012068272,-12.257292,-4.050009,-0.3548657,-0.096014224
5,468,0.24145126,-0.013150454,-12.245491,-4.0483446,-0.35380104,-0.09688208
5,469,0.24162555,-0.012993693,-12.256567,-4.048929,-0.35273138,-0.09775052
5,470,0.24093485,-0.01319921,-12.257561,-4.0464716,-0.3516567,-0.098619536
5,471,0.24123704,-0.013440609,-12.249049,-4.0491753,-0.35057706,-0.099489115
5,472,0.24057412,-0.013010502,-12.258442,-4.048351,-0.34949246,-0.100359246
5,473,0.24015641,-0.013451695,-12.26141,-4.0488305,-0.34840286,-0.10122993
5,474,0.2407403,-0.013694763,-12.255338,-4.0488195,-0.34730834,-0.10210114
5,475,0.24064505,-0.013804793,-12.261742,-4.046955,-0.34620884,-0.10297288
5,476,0.24080753,-0.01432085,-12.261184,-4.0476217,-0.3451044,-0.10384514
5,477,0.23938656,-0.013695955,-12.259534,-4.050204,-0.34399503,-0.10471791
5,478,0.24015772,-0.013497829,-12.254263,-4.046926,-0.34288076,-0.10559118
5,479,0.2396977,-0.013980508,-12.254856,-4.0477295,-0.34176156,-0.10646494
5,480,0.23991454,-0.013937116,-12.257687,-4.0468264,-0.34063745,-0.10733917
5,481,0.23879576,-0.013849616,-12.260058,-4.044641,-0.33950844,-0.10821389
5,482,0.23895133,-0.014074206,-12.258827,-4.0474095,-0.33837456,-0.109089054
5,483,0.23922408,-0.014057875,-12.258529,-4.045904,-0.33723578,-0.109964676
5,484,0.23870516,-0.013478875,-12.2527485,-4.0434194,-0.33609214,-0.110840745
5,485,0.23891997,-0.014475942,-12.255743,-4.047823,-0.33494365,-0.11171724
5,486,0.2388233,-0.014391899,-12.2598715,-4.047589,-0.3337903,-0.112594165
5,487,0.23883414,-0.014072776,-12.256581,-4.0479302,-0.3326321,-0.1134715
5,488,0.23782301,-0.014736772,-12.263646,-4.0454483,-0.3314691,-0.114349246
5,489,0.23871899,-0.013771772,-12.25543,-4.0475388,-0.33030123,-0.11522738
5,490,0.23770905,-0.01559639,-12.252111,-4.0492005,-0.32912856,-0.11610591
5,491,0.23726702,-0.014778733,-12.25267,-4.050726,-0.32795107,-0.1169848
5,492,0.23776722,-0.015152097,-12.258179,-4.0492773,-0.32676882,-0.11786407
5,493,0.23673749,-0.014813662,-12.2612095,-4.0437164,-0.32558176,-0.118743695
5,494,0.23681903,-0.015069842,-12.259227,-4.04704,-0.3243899,-0.11962366
5,495,0.23719001,-0.0146615505,-12.256023,-4.048114,-0.3231933,-0.12050397
5,496,0.23692226,-0.015478969,-12.258983,-4.045034,-0.32199192,-0.121384606
5,497,0.23610854,-0.015209794,-12.261398,-4.047452,-0.32078582,-0.12226556
5,498,0.23595953,-0.015315533,-12.265505,-4.045553,-0.31957495,-0.12314683
5,499,0.23635197,-0.016423225,-12.250902,-4.048835,-0.31835938,-0.12402839
5,500,0.23607063,-0.015732884,-12.256484,-4.0463133,-0.31713906,-0.12491025
5,501,0.23578453,-0.0155375,-12.265245,-4.0479503,-0.31591403,-0.12579238
5,502,0.23580587,-0.016421437,-12.256176,-4.0464373,-0.31468433,-0.12667479
5,503,0.23548937,-0.015808225,-12.262311,-4.048596,-0.31344992,-0.12755746
5,504,0.23503804,-0.015561581,-12.264415,-4.0462365,-0.3122108,-0.12844038
5,505,0.23522186,-0.016058087,-12.260484,-4.0462017,-0.31096703,-0.12932353
5,506,0.23513496,-0.016616225,-12.261114,-4.044947,-0.3097186,-0.13020693
5,507,0.23563743,-0.01640737,-12.25836,-4.048131,-0.3084655,-0.13109054
5,508,0.23453796,-0.016357183,-12.264471,-4.0471287,-0.3072078,-0.13197437
5,509,0.23502469,-0.016860723,-12.26066,-4.049097,-0.30594543,-0.1328584
5,510,0.2342912,-0.017091632,-12.263912,-4.047545,-0.30467844,-0.13374262
5,511,0.2346785,-0.01652515,-12.265047,-4.045453,-0.30340683,-0.13462701
5,512,0.2338897,-0.017561555,-12.266985,-4.044948,-0.3021306,-0.13551159
5,513,0.23386633,-0.016352654,-12.24959,-4.0456877,-0.30084983,-0.13639633
5,514,0.23357916,-0.0169729,-12.264167,-4.0450125,-0.29956445,-0.13728122
5,515,0.2335329,-0.017160177,-12.265775,-4.0474386,-0.2982745,-0.13816626
5,516,0.2323091,-0.017411828,-12.257891,-4.048914,-0.29697996,-0.13905142
5,517,0.23312688,-0.016976953,-12.266584,-4.047987,-0.29568088,-0.13993673
5,518,0.232975,-0.016985178,-12.260382,-4.0479307,-0.29437727,-0.14082213
5,519,0.23267996,-0.01687932,-12.268711,-4.046233,-0.29306912,-0.14170764
5,520,0.23258746,-0.017285943,-12.26111,-4.0476656,-0.29175645,-0.14259325
5,521,0.23234701,-0.01752162,-12.249642,-4.050331,-0.29043928,-0.14347894
5,522,0.23211241,-0.01722753,-12.259543,-4.047771,-0.28911757,-0.14436471
5,523,0.23279333,-0.017926574,-12.263945,-4.047438,-0.2877914,-0.14525054
5,524,0.23332524,-0.0176121,-12.261887,-4.049353,-0.28646076,-0.14613643
5,525,0.23198617,-0.017839313,-12.261772,-4.047981,-0.2851256,-0.14702237
5,526,0.23116827,-0.018423676,-12.269892,-4.0469294,-0.28378603,-0.14790833
5,527,0.23098028,-0.017923951,-12.264258,-4.046689,-0.282442,-0.14879432
5,528,0.23098505,-0.018039584,-12.26703,-4.043634,-0.2810935,-0.14968033
5,529,0.2313894,-0.018435001,-12.2544155,-4.05126,-0.2797406,-0.15056634
5,530,0.2306819,-0.018282652,-12.264744,-4.0457883,-0.27838328,-0.15145235
5,531,0.23053348,-0.018860817,-12.260668,-4.0466313,-0.27702156,-0.15233834
5,532,0.23015332,-0.018393993,-12.254591,-4.049778,-0.27565542,-0.1532243
5,533,0.23054111,-0.019369006,-12.268855,-4.049059,-0.27428493,-0.15411024
5,534,0.23021626,-0.018467426,-12.256941,-4.0440354,-0.27291003,-0.15499613
5,535,0.23002172,-0.01922965,-12.263129,-4.04718,-0.27153078,-0.15588196
5,536,0.22804284,-0.018873096,-12.257552,-4.0491323,-0.27014717,-0.15676773
5,537,0.22942305,-0.018695474,-12.265671,-4.0483084,-0.26875922,-0.15765342
5,538,0.22972167,-0.019124746,-12.26783,-4.0471315,-0.26736695,-0.15853903
5,539,0.2292316,-0.018768549,-12.265655,-4.046978,-0.26597035,-0.15942454
5,540,0.22934568,-0.019329548,-12.260521,-4.0470524,-0.26456943,-0.16030994
5,541,0.22896218,-0.019596457,-12.261942,-4.04949,-0.26316422,-0.16119523
5,542,0.22781658,-0.019394279,-12.265999,-4.04749,-0.26175472,-0.1620804
5,543,0.22860277,-0.019837737,-12.262825,-4.0483875,-0.26034096,-0.16296545
5,544,0.22742355,-0.019931555,-12.264596,-4.0494366,-0.2589229,-0.16385032
5,545,0.2282691,-0.019942999,-12.267717,-4.047274,-0.25750062,-0.16473506
5,546,0.22772312,-0.019866347,-12.265581,-4.0452213,-0.2560741,-0.16561963
5,547,0.22784269,-0.019765735,-12.273757,-4.0478153,-0.25464332,-0.16650403
5,548,0.22767842,-0.020200849,-12.274072,-4.046961,-0.25320834,-0.16738823
5,549,0.22723842,-0.019972205,-12.270351,-4.048392,-0.25176913,-0.16827224
5,550,0.22775924,-0.019823432,-12.251841,-4.045412,-0.25032574,-0.16915604
5,551,0.2270348,-0.020508885,-12.263031,-4.0505805,-0.24887815,-0.17003962
5,552,0.22684228,-0.020118833,-12.266066,-4.0472746,-0.24742639,-0.170923
5,553,0.22751772,-0.021028638,-12.266356,-4.047637,-0.24597047,-0.17180611
5,554,0.22711504,-0.019967437,-12.268839,-4.0479517,-0.2445104,-0.17268899
5,555,0.22589874,-0.020178914,-12.268229,-4.048038,-0.24304618,-0.17357162
5,556,0.22595787,-0.020851731,-12.269001,-4.0498943,-0.24157783,-0.17445397
5,557,0.22665298,-0.020794392,-12.261204,-4.0458117,-0.24010536,-0.17533606
5,558,0.22585022,-0.021132946,-12.265332,-4.04883,-0.23862879,-0.17621785
5,559,0.22622776,-0.020830631,-12.265518,-4.0478296,-0.23714812,-0.17709935
5,560,0.22511446,-0.021001816,-12.262264,-4.048098,-0.23566337,-0.17798053
5,561,0.2250228,-0.021514416,-12.261757,-4.044343,-0.23417455,-0.17886141
5,562,0.22506142,-0.020994067,-12.259373,-4.04794,-0.23268166,-0.17974195
5,563,0.22592974,-0.02174139,-12.259312,-4.046129,-0.23118474,-0.18062215
5,564,0.224769,-0.021430135,-12.263519,-4.0473785,-0.22968377,-0.18150201
5,565,0.224715,-0.02076149,-12.267701,-4.0456796,-0.22817877,-0.18238151
5,566,0.22415853,-0.02185011,-12.260845,-4.0465927,-0.22666977,-0.18326063
5,567,0.22415793,-0.021471381,-12.261564,-4.047335,-0.22515675,-0.18413939
5,568,0.22440481,-0.02199769,-12.265282,-4.0456133,-0.22363976,-0.18501775
5,569,0.22370744,-0.021632552,-12.271359,-4.049981,-0.22211878,-0.18589573
5,570,0.22408473,-0.022599101,-12.26309,-4.048151,-0.22059384,-0.18677327
5,571,0.2230376,-0.022311091,-12.265691,-4.0459604,-0.21906495,-0.18765041
5,572,0.2237624,-0.021882534,-12.268491,-4.044008,-0.21753211,-0.18852712
5,573,0.22306466,-0.0226475,-12.2682705,-4.045128,-0.21599534,-0.18940338
5,574,0.22320604,-0.022625804,-12.267355,-4.0462947,-0.21445467,-0.1902792
5,575,0.22345614,-0.022608757,-12.256929,-4.0493703,-0.21291007,-0.19115455
5,576,0.2234149,-0.022731423,-12.255766,-4.043455,-0.21136159,-0.19202945
5,577,0.22283936,-0.022038102,-12.261955,-4.0485206,-0.20980923,-0.19290385
5,578,0.22207344,-0.022456646,-12.259233,-4.045244,-0.208253,-0.19377775
5,579,0.22159624,-0.022946239,-12.263901,-4.04913,-0.2066929,-0.19465117
5,580,0.22231543,-0.022829771,-12.247901,-4.043274,-0.20512897,-0.19552407
5,581,0.2221061,-0.023014665,-12.263567,-4.0451612,-0.2035612,-0.19639646
5,582,0.22318399,-0.023555279,-12.255024,-4.0468187,-0.2019896,-0.19726829
5,583,0.22165799,-0.022577882,-12.272144,-4.044896,-0.20041421,-0.19813961
5,584,0.2211684,-0.023166299,-12.263691,-4.046974,-0.19883502,-0.19901036
5,585,0.22167599,-0.022939801,-12.268219,-4.0461445,-0.19725205,-0.19988054
5,586,0.22129941,-0.024127126,-12.267308,-4.0487194,-0.1956653,-0.20075016
5,587,0.22173226,-0.022739768,-12.27044,-4.049058,-0.1940748,-0.2016192
5,588,0.21978259,-0.023439884,-12.271305,-4.0471773,-0.19248055,-0.20248763
5,589,0.22100675,-0.023349524,-12.265361,-4.045767,-0.19088256,-0.20335546
5,590,0.21893859,-0.023538113,-12.25194,-4.0534983,-0.18928087,-0.2042227
5,591,0.21997201,-0.024410129,-12.266102,-4.0412116,-0.18767545,-0.20508929
5,592,0.22004104,-0.024244428,-12.270063,-4.047168,-0.18606634,-0.20595525
5,593,0.21956778,-0.02318275,-12.265314,-4.048876,-0.18445355,-0.20682056
5,594,0.22063673,-0.024385333,-12.27232,-4.0524597,-0.18283708,-0.20768523
5,595,0.21861744,-0.02388382,-12.267221,-4.0481467,-0.18121697,-0.20854923
5,596,0.21918368,-0.024458647,-12.265754,-4.0484133,-0.1795932,-0.20941256
5,597,0.2192576,-0.023706436,-12.268152,-4.0460615,-0.1779658,-0.21027519
5,598,0.2179755,-0.024195313,-12.264507,-4.047138,-0.1763348,-0.21113713
5,599,0.21842349,-0.02467382,-12.268855,-4.045632,-0.17470017,-0.21199837
5,600,0.21851897,-0.024423242,-12.266748,-4.0495744,-0.17306195,-0.21285889
5,601,0.21873343,-0.024477482,-12.263136,-4.0513644,-0.17142016,-0.21371867
5,602,0.21814561,-0.024530768,-12.263775,-4.0474935,-0.16977479,-0.21457773
5,603,0.21825624,-0.02520597,-12.263586,-4.0465,-0.16812587,-0.21543604
5,604,0.21768105,-0.02473712,-12.270894,-4.046532,-0.1664734,-0.21629359
5,605,0.2178756,-0.025344849,-12.272949,-4.0479307,-0.16481741,-0.21715036
5,606,0.21786642,-0.024919748,-12.261467,-4.046854,-0.1631579,-0.21800637
5,607,0.2173822,-0.02489698,-12.266008,-4.047138,-0.16149488,-0.21886158
5,608,0.21732116,-0.025033712,-12.2623825,-4.043827,-0.15982838,-0.219716
5,609,0.21731627,-0.02488029,-12.264253,-4.0459867,-0.15815839,-0.22056961
5,610,0.2177459,-0.026437879,-12.260053,-4.048775,-0.15648495,-0.2214224
5,611,0.2164774,-0.025290012,-12.264238,-4.0496073,-0.15480804,-0.22227436
5,612,0.21699798,-0.026543856,-12.27235,-4.0480433,-0.15312771,-0.22312547
5,613,0.21655214,-0.025699496,-12.258396,-4.0488954,-0.15144394,-0.22397575
5,614,0.21598256,-0.026000619,-12.270218,-4.0449204,-0.14975677,-0.22482516
5,615,0.21600354,-0.026413918,-12.2616415,-4.055063,-0.14806621,-0.22567369
5,616,0.21660542,-0.02595675,-12.267529,-4.0506063,-0.14637224,-0.22652136
5,617,0.21491992,-0.02650094,-12.263542,-4.0474057,-0.14467493,-0.22736812
5,618,0.2153647,-0.025553346,-12.262489,-4.04736,-0.14297423,-0.228214
5,619,0.21473384,-0.026278734,-12.272543,-4.0472975,-0.1412702,-0.22905895
5,620,0.21579385,-0.026778936,-12.268806,-4.0464582,-0.13956283,-0.22990298
5,621,0.2150544,-0.026902437,-12.2697735,-4.0455184,-0.13785215,-0.23074609
5,622,0.21577466,-0.026622653,-12.281203,-4.047472,-0.13613816,-0.23158824
5,623,0.21572518,-0.02655828,-12.263203,-4.0451922,-0.13442089,-0.23242946
5,624,0.21466959,-0.026683688,-12.266962,-4.0483007,-0.13270032,-0.2332697
5,625,0.21414077,-0.026153088,-12.262679,-4.0477157,-0.1309765,-0.23410897
5,626,0.21344697,-0.02706194,-12.263562,-4.0462613,-0.12924942,-0.23494726
5,627,0.21447408,-0.027098536,-12.261139,-4.048251,-0.12751912,-0.23578456
5,628,0.21456897,-0.027278304,-12.260423,-4.047014,-0.12578557,-0.23662086
5,629,0.21347904,-0.027104497,-12.269048,-4.0455427,-0.12404883,-0.23745614
5,630,0.21386099,-0.027641416,-12.268999,-4.048034,-0.12230888,-0.2382904
5,631,0.21325302,-0.027201533,-12.272145,-4.0490403,-0.12056575,-0.23912363
5,632,0.21279025,-0.027216315,-12.267728,-4.047607,-0.11881945,-0.23995581
5,633,0.21371365,-0.027391315,-12.272362,-4.053668,-0.117070004,-0.24078694
5,634,0.21240735,-0.028136373,-12.261026,-4.0468197,-0.115317404,-0.24161701
5,635,0.21297753,-0.028110981,-12.2616825,-4.052573,-0.11356168,-0.24244599
5,636,0.21164155,-0.0282017,-12.264301,-4.0460615,-0.11180284,-0.2432739
5,637,0.2125138,-0.027980447,-12.264095,-4.0482993,-0.110040896,-0.24410072
5,638,0.21138525,-0.027504921,-12.2588625,-4.046467,-0.10827587,-0.24492642
5,639,0.21211386,-0.028043866,-12.26277,-4.0487404,-0.10650776,-0.24575101
5,640,0.21128523,-0.027821183,-12.275526,-4.0457115,-0.104736604,-0.24657448
5,641,0.21194136,-0.028120399,-12.256989,-4.0478897,-0.1029624,-0.24739681
5,642,0.20962214,-0.028051734,-12.266991,-4.0496993,-0.10118516,-0.248218
5,643,0.21057546,-0.028748631,-12.261035,-4.0478945,-0.0994049,-0.24903803
5,644,0.21069479,-0.028470874,-12.2660675,-4.0470085,-0.09762164,-0.24985689
5,645,0.21132421,-0.028577924,-12.274153,-4.047771,-0.09583539,-0.25067458
5,646,0.21096921,-0.028589487,-12.2607975,-4.047066,-0.09404616,-0.2514911
5,647,0.21024668,-0.028360128,-12.263721,-4.049267,-0.092253976,-0.2523064
5,648,0.2097137,-0.0282197,-12.276428,-4.0486937,-0.09045884,-0.2531205
5,649,0.21063328,-0.02855885,-12.263184,-4.0448027,-0.08866077,-0.2539334
5,650,0.21025431,-0.028563738,-12.264282,-4.0462346,-0.08685978,-0.25474504
5,651,0.20950127,-0.028829932,-12.269453,-4.0488863,-0.08505588,-0.25555548
5,652,0.2093395,-0.029079795,-12.265343,-4.048482,-0.0832491,-0.25636464
5,653,0.20936,-0.029203296,-12.266317,-4.045275,-0.081439435,-0.25717258
5,654,0.20906925,-0.02917111,-12.269516,-4.047469,-0.0796269,-0.25797924
5,655,0.20870519,-0.029332042,-12.270121,-4.045821,-0.07781153,-0.25878462
5,656,0.20909894,-0.029446602,-12.271044,-4.046753,-0.07599332,-0.25958872
5,657,0.20954657,-0.030270338,-12.269594,-4.0459185,-0.07417229,-0.2603915
5,658,0.20860624,-0.029599667,-12.2611885,-4.045737,-0.07234845,-0.261193
5,659,0.20865345,-0.029446721,-12.266202,-4.047272,-0.070521824,-0.26199317
5,660,0.20789051,-0.029815674,-12.255695,-4.0487843,-0.068692416,-0.26279202
5,661,0.20791209,-0.029493213,-12.264677,-4.0485725,-0.06686024,-0.26358953
5,662,0.20797539,-0.030142188,-12.260651,-4.045188,-0.06502533,-0.2643857
5,663,0.20785749,-0.030412793,-12.269234,-4.048034,-0.06318767,-0.26518053
5,664,0.2071997,-0.02969575,-12.270271,-4.0457654,-0.061347302,-0.26597396
5,665,0.20684767,-0.030982614,-12.269981,-4.0493655,-0.059504222,-0.26676604
5,666,0.2069006,-0.030351877,-12.266008,-4.0481644,-0.057658456,-0.26755673
5,667,0.20729566,-0.030845284,-12.276802,-4.048114,-0.05581001,-0.268346
5,668,0.20660257,-0.03018713,-12.272973,-4.0498443,-0.0539589,-0.2691339
5,669,0.20627761,-0.030367017,-12.270798,-4.051153,-0.052105144,-0.26992035
5,670,0.20649087,-0.031000853,-12.266974,-4.049949,-0.050248757,-0.2707054
5,671,0.20644557,-0.031010032,-12.266783,-4.0461326,-0.048389748,-0.271489
5,672,0.20603752,-0.030529737,-12.268347,-4.045971,-0.04652814,-0.27227116
5,673,0.20612681,-0.031553745,-12.27079,-4.044859,-0.04466394,-0.27305186
5,674,0.20587754,-0.030903459,-12.259647,-4.0491343,-0.042797163,-0.2738311
5,675,0.20594823,-0.030813336,-12.269331,-4.04591,-0.040927827,-0.27460888
5,676,0.2055105,-0.031405926,-12.270994,-4.0465183,-0.039055947,-0.27538514
5,677,0.20506763,-0.03207457,-12.27393,-4.0491896,-0.037181538,-0.27615994
5,678,0.20433044,-0.03127539,-12.26852,-4.04828,-0.03530461,-0.27693322
5,679,0.20434368,-0.031914473,-12.273537,-4.050408,-0.033425182,-0.27770498
5,680,0.2051202,-0.031956077,-12.27373,-4.0476675,-0.031543266,-0.27847522
5,681,0.20438027,-0.031540632,-12.263743,-4.0489693,-0.02965888,-0.27924392
5,682,0.20388675,-0.031784654,-12.274572,-4.048401,-0.027772037,-0.2800111
5,683,0.20408595,-0.032788396,-12.268723,-4.049129,-0.02588275,-0.2807767
5,684,0.20422256,-0.032509685,-12.275655,-4.0468335,-0.023991037,-0.28154075
5,685,0.20302379,-0.03168726,-12.270119,-4.0478187,-0.022096911,-0.28230324
5,686,0.20312715,-0.03257215,-12.2699585,-4.0498757,-0.020200389,-0.28306413
5,687,0.20355606,-0.031921744,-12.275108,-4.0483255,-0.018301483,-0.28382343
5,688,0.20321369,-0.032453656,-12.274637,-4.050665,-0.016400209,-0.28458112
5,689,0.20313692,-0.032109857,-12.267801,-4.0449023,-0.014496583,-0.2853372
5,690,0.20252168,-0.033038855,-12.269648,-4.0470953,-0.012590618,-0.2860917
5,691,0.2027756,-0.03225994,-12.272854,-4.0474453,-0.0106823305,-0.28684452
5,692,0.2018851,-0.032538056,-12.262873,-4.047522,-0.008771734,-0.28759572
5,693,0.20298243,-0.032659173,-12.267412,-4.047513,-0.0068588457,-0.28834525
5,694,0.20213544,-0.032954335,-12.269346,-4.049424,-0.0049436786,-0.28909314
5,695,0.20234609,-0.03298223,-12.26292,-4.0461645,-0.0030262487,-0.28983936
5,696,0.20158255,-0.03288293,-12.265688,-4.0461874,-0.0011065708,-0.29058388
5,697,0.20196652,-0.033198357,-12.272003,-4.0488043,0.00081533997,-0.29132673
5,698,0.20178545,-0.033551216,-12.268053,-4.0503106,0.0027394686,-0.2920679
5,699,0.20049393,-0.033736587,-12.266269,-4.0504007,0.0046658,-0.2928073
5,700,0.20122778,-0.03331566,-12.269682,-4.0458355,0.006594319,-0.29354504
5,701,0.20016682,-0.03428793,-12.268145,-4.052659,0.00852501,-0.29428104
5,702,0.20127809,-0.03379345,-12.260714,-4.0463037,0.010457858,-0.2950153
5,703,0.20012116,-0.03402531,-12.274651,-4.0468316,0.01239285,-0.29574782
5,704,0.2007581,-0.03435731,-12.271211,-4.0487204,0.014329967,-0.29647857
5,705,0.20028412,-0.035283685,-12.269311,-4.048989,0.016269196,-0.29720756
5,706,0.19988024,-0.03425157,-12.268942,-4.0480423,0.018210523,-0.29793477
5,707,0.19900751,-0.033507347,-12.264048,-4.0496664,0.020153929,-0.29866022
5,708,0.19865751,-0.034488797,-12.272774,-4.050835,0.022099402,-0.29938385
5,709,0.19954717,-0.03442192,-12.271628,-4.0470786,0.024046926,-0.3001057
5,710,0.1986078,-0.03394401,-12.266699,-4.04651,0.025996484,-0.30082572
5,711,0.19892013,-0.03448999,-12.267181,-4.047544,0.027948063,-0.30154392
5,712,0.19882822,-0.03432548,-12.268285,-4.049758,0.029901648,-0.3022603
5,713,0.19917166,-0.034683228,-12.26962,-4.047791,0.031857222,-0.30297482
5,714,0.19860959,-0.034647226,-12.269884,-4.0495906,0.03381477,-0.3036875
5,715,0.19844127,-0.034448624,-12.263623,-4.049736,0.035774276,-0.30439833
5,716,0.19782269,-0.035150886,-12.259401,-4.0516276,0.037735723,-0.3051073
5,717,0.19842052,-0.034548998,-12.272503,-4.0482726,0.0396991,-0.3058144
5,718,0.19806242,-0.035065174,-12.265518,-4.0507994,0.041664388,-0.30651957
5,719,0.19753242,-0.035361886,-12.273775,-4.0491843,0.043631576,-0.30722287
5,720,0.19663823,-0.034908175,-12.271439,-4.0498357,0.045600645,-0.30792424
5,721,0.19797277,-0.03581369,-12.261288,-4.0498915,0.047571577,-0.30862373
5,722,0.19721258,-0.03493285,-12.2653885,-4.046746,0.049544364,-0.30932128
5,723,0.19683695,-0.035396576,-12.273476,-4.0501633,0.051518984,-0.3100169
5,724,0.19734693,-0.035425663,-12.272488,-4.0488396,0.053495422,-0.31071058
5,725,0.19667244,-0.036275983,-12.277065,-4.0471087,0.055473667,-0.3114023
5,726,0.19614744,-0.03575504,-12.268496,-4.0473013,0.057453696,-0.31209207
5,727,0.1968056,-0.03598869,-12.258142,-4.0475564,0.0594355,-0.31277984
5,728,0.19636273,-0.036243796,-12.259361,-4.048642,0.061419062,-0.31346568
5,729,0.19574475,-0.0358963,-12.270748,-4.0484915,0.06340437,-0.3141495
5,730,0.19591129,-0.035909653,-12.276077,-4.0481663,0.0653914,-0.31483132
5,731,0.19491398,-0.035635233,-12.2696,-4.051136,0.06738014,-0.31551114
5,732,0.19559824,-0.036410213,-12.269073,-4.046026,0.069370575,-0.31618896
5,733,0.19536328,-0.036219716,-12.263863,-4.0467386,0.07136269,-0.31686476
5,734,0.19540942,-0.03605199,-12.258551,-4.0461717,0.073356465,-0.3175385
5,735,0.19500542,-0.03658831,-12.268089,-4.0476003,0.07535189,-0.3182102
5,736,0.19512284,-0.036578774,-12.26577,-4.04641,0.07734895,-0.31887987
5,737,0.1944964,-0.03631437,-12.271271,-4.0500603,0.079347625,-0.31954744
5,738,0.19459438,-0.03694427,-12.263823,-4.0460067,0.0813479,-0.320213
5,739,0.19413698,-0.037453532,-12.268003,-4.0489235,0.08334976,-0.32087645
5,740,0.19373393,-0.036853552,-12.2715225,-4.0474153,0.08535319,-0.3215378
5,741,0.19388151,-0.03767848,-12.267326,-4.0519466,0.08735817,-0.32219708
5,742,0.19362354,-0.037329078,-12.262159,-4.0489945,0.08936469,-0.32285422
5,743,0.19349575,-0.037255526,-12.271472,-4.0462055,0.091372736,-0.32350928
5,744,0.1932838,-0.037566185,-12.27491,-4.0483584,0.093382284,-0.32416221
5,745,0.19366682,-0.037213802,-12.267872,-4.046939,0.09539332,-0.324813
5,746,0.19321072,-0.03790152,-12.265111,-4.049317,0.097405836,-0.32546166
5,747,0.19269454,-0.03727603,-12.2685375,-4.0502005,0.09941981,-0.32610816
5,748,0.19268095,-0.037584066,-12.272894,-4.05003,0.10143522,-0.3267525
5,749,0.19234455,-0.03782022,-12.269255,-4.0470114,0.103452064,-0.3273947
5,750,0.19225967,-0.038256884,-12.273727,-4.0494547,0.105470315,-0.3280347
5,751,0.19201171,-0.037965417,-12.260462,-4.046983,0.107489966,-0.32867253
5,752,0.19258547,-0.038416386,-12.270598,-4.0499854,0.109510995,-0.32930815
5,753,0.19215858,-0.038264394,-12.265245,-4.0472345,0.11153338,-0.32994157
5,754,0.19160295,-0.039611936,-12.257687,-4.047569,0.11355712,-0.3305728
5,755,0.19137657,-0.038024545,-12.2683735,-4.049157,0.11558219,-0.3312018
5,756,0.19200945,-0.037700534,-12.262148,-4.05102,0.11760858,-0.33182856
5,757,0.19114149,-0.038812876,-12.265204,-4.052852,0.11963626,-0.3324531
5,758,0.19165349,-0.03880763,-12.271727,-4.045794,0.12166523,-0.3330754
5,759,0.1906265,-0.0392673,-12.261855,-4.052265,0.12369547,-0.33369544
5,760,0.19180453,-0.03873837,-12.25885,-4.048608,0.12572695,-0.33431324
5,761,0.19032097,-0.03904164,-12.273197,-4.0480375,0.12775968,-0.33492875
5,762,0.19050491,-0.03886366,-12.266287,-4.0438766,0.12979363,-0.33554196
5,763,0.1900233,-0.039132833,-12.273431,-4.050644,0.13182877,-0.3361529
5,764,0.19058919,-0.039772272,-12.258461,-4.0496893,0.1338651,-0.33676156
5,765,0.18977869,-0.039291143,-12.269871,-4.0480895,0.13590261,-0.33736792
5,766,0.18941116,-0.040097713,-12.269441,-4.048711,0.13794127,-0.33797196
5,767,0.18942773,-0.039553165,-12.262796,-4.048435,0.13998108,-0.33857366
5,768,0.18914628,-0.039496303,-12.262379,-4.0467787,0.142022,-0.33917305
5,769,0.18851757,-0.039841652,-12.260197,-4.049445,0.14406404,-0.3397701
5,770,0.18917191,-0.039904356,-12.258102,-4.052314,0.14610715,-0.3403648
5,771,0.18838573,-0.04002297,-12.264513,-4.0462418,0.14815135,-0.34095716
5,772,0.18775856,-0.039718747,-12.273085,-4.0461283,0.15019661,-0.34154716
5,773,0.18802524,-0.039655328,-12.262754,-4.0498066,0.15224291,-0.34213477
5,774,0.18801391,-0.040537477,-12.268269,-4.0528164,0.15429024,-0.34272003
5,775,0.18755746,-0.040495515,-12.270395,-4.0532136,0.15633859,-0.34330288
5,776,0.18763006,-0.040159702,-12.274036,-4.0461645,0.15838791,-0.34388334
5,777,0.18714178,-0.04002273,-12.262739,-4.0494986,0.16043822,-0.34446138
5,778,0.18732786,-0.039963722,-12.265938,-4.048423,0.1624895,-0.34503704
5,779,0.18666637,-0.041310906,-12.269684,-4.0513515,0.16454172,-0.34561026
5,780,0.18712199,-0.040874362,-12.261002,-4.0476527,0.16659486,-0.34618106
5,781,0.186494,-0.040403843,-12.268126,-4.0503035,0.16864893,-0.34674942
5,782,0.18662643,-0.040682793,-12.270098,-4.0461555,0.17070389,-0.34731534
5,783,0.18648362,-0.04049039,-12.270123,-4.0496354,0.17275973,-0.3478788
5,784,0.18659186,-0.041513443,-12.274005,-4.0454917,0.17481643,-0.34843984
5,785,0.18676484,-0.04108739,-12.264023,-4.0469017,0.17687398,-0.3489984
5,786,0.18639219,-0.041175842,-12.262478,-4.0500965,0.17893238,-0.34955445
5,787,0.18540907,-0.04133141,-12.265244,-4.0498533,0.18099158,-0.35010806
5,788,0.1856407,-0.04133022,-12.261644,-4.0495896,0.18305159,-0.35065913
5,789,0.18520796,-0.041620612,-12.265564,-4.0494585,0.18511237,-0.35120773
5,790,0.18588209,-0.04112971,-12.248373,-4.049221,0.18717392,-0.35175383
5,791,0.184793,-0.04114616,-12.262016,-4.049443,0.18923622,-0.3522974
5,792,0.18567562,-0.041371584,-12.272781,-4.045905,0.19129927,-0.35283846
5,793,0.18447828,-0.041826963,-12.266197,-4.051816,0.19336303,-0.35337698
5,794,0.18472171,-0.041890264,-12.263223,-4.0493603,0.19542749,-0.35391298
5,795,0.18451166,-0.042054415,-12.264013,-4.0504403,0.19749264,-0.3544464
5,796,0.18452024,-0.042799234,-12.271397,-4.0510607,0.19955845,-0.3549773
5,797,0.1844008,-0.041427374,-12.259947,-4.052374,0.20162493,-0.35550565
5,798,0.18341243,-0.042231083,-12.265199,-4.050204,0.20369203,-0.3560314
5,799,0.18329537,-0.042227626,-12.262695,-4.0515623,0.20575976,-0.35655457
5,800,0.18408799,-0.042470813,-12.256341,-4.048304,0.20782809,-0.35707518
5,801,0.18362105,-0.042358875,-12.256439,-4.048594,0.20989701,-0.35759318
5,802,0.18302011,-0.043218017,-12.26753,-4.0479455,0.21196651,-0.35810858
5,803,0.1830455,-0.04275477,-12.263357,-4.04795,0.21403655,-0.3586214
5,804,0.18266177,-0.04277873,-12.264128,-4.046672,0.21610714,-0.35913157
5,805,0.18298006,-0.04262936,-12.257212,-4.046609,0.21817826,-0.35963917
5,806,0.18250906,-0.04324746,-12.271929,-4.046859,0.22024988,-0.3601441
5,807,0.18271947,-0.043257833,-12.264084,-4.047474,0.22232197,-0.3606464
5,808,0.18216455,-0.04341042,-12.274532,-4.049094,0.22439456,-0.36114606
5,809,0.18189514,-0.043676496,-12.26351,-4.0464134,0.2264676,-0.36164308
5,810,0.18140662,-0.04381132,-12.265314,-4.0474586,0.22854108,-0.3621374
5,811,0.18194759,-0.04362929,-12.258877,-4.048276,0.23061498,-0.36262912
5,812,0.18265653,-0.043975353,-12.263014,-4.0494065,0.23268929,-0.3631181
5,813,0.18114269,-0.043633223,-12.26271,-4.0466537,0.234764,-0.36360446
5,814,0.18136573,-0.04424894,-12.277457,-4.050677,0.23683907,-0.3640881
5,815,0.18071091,-0.044135332,-12.257462,-4.051553,0.2389145,-0.36456904
5,816,0.18071997,-0.043901086,-12.253344,-4.0526175,0.24099028,-0.3650473
5,817,0.18025136,-0.043248057,-12.252581,-4.0475316,0.24306639,-0.36552283
5,818,0.17967427,-0.04464972,-12.267017,-4.048621,0.2451428,-0.36599565
5,819,0.18013203,-0.044263124,-12.265805,-4.049658,0.2472195,-0.36646575
5,820,0.18032801,-0.044599295,-12.263825,-4.048364,0.24929649,-0.36693314
5,821,0.17963624,-0.044483423,-12.264555,-4.050476,0.25137374,-0.36739776
5,822,0.18030763,-0.044472218,-12.266423,-4.0472064,0.25345123,-0.36785966
5,823,0.17957282,-0.04418528,-12.2612095,-4.0485587,0.25552893,-0.3683188
5,824,0.17921782,-0.04527688,-12.257536,-4.049671,0.25760686,-0.36877516
5,825,0.17991114,-0.044637084,-12.25801,-4.0489235,0.25968498,-0.36922878
5,826,0.1788063,-0.044329166,-12.260523,-4.049069,0.26176327,-0.36967963
5,827,0.1787988,-0.045185447,-12.2595825,-4.047864,0.26384172,-0.3701277
5,828,0.17824364,-0.04501176,-12.263649,-4.051955,0.26592034,-0.37057298
5,829,0.17847383,-0.04554844,-12.263882,-4.0519753,0.26799905,-0.37101546
5,830,0.17787671,-0.04521966,-12.258528,-4.049281,0.2700779,-0.37145513
5,831,0.17858183,-0.04493904,-12.263205,-4.0470037,0.27215686,-0.37189204
5,832,0.17780948,-0.04573238,-12.262058,-4.051987,0.27423587,-0.37232608
5,833,0.1772939,-0.04466963,-12.251812,-4.0475917,0.27631494,-0.37275735
5,834,0.17751825,-0.045794725,-12.2643795,-4.0493293,0.27839407,-0.37318575
5,835,0.17723167,-0.046328664,-12.268789,-4.050388,0.28047323,-0.37361136
5,836,0.17671561,-0.045692205,-12.266486,-4.045703,0.28255242,-0.3740341
5,837,0.17644918,-0.04547167,-12.261316,-4.048587,0.28463158,-0.374454
5,838,0.17709994,-0.046524048,-12.26296,-4.0517945,0.28671074,-0.37487105
5,839,0.1767726,-0.04634869,-12.2554455,-4.0528903,0.28878984,-0.37528524
5,840,0.17684913,-0.046006203,-12.249909,-4.0482793,0.2908689,-0.37569657
5,841,0.17536151,-0.045971632,-12.263744,-4.049155,0.2929479,-0.376105
5,842,0.17527127,-0.046464562,-12.255074,-4.0479393,0.29502678,-0.3765106
5,843,0.17594421,-0.04595661,-12.253185,-4.0478697,0.29710558,-0.37691328
5,844,0.175048,-0.045907855,-12.2574415,-4.0500736,0.2991843,-0.37731308
5,845,0.17631996,-0.046860337,-12.25371,-4.050326,0.30126283,-0.37770998
5,846,0.17518544,-0.04633546,-12.260334,-4.0518274,0.3033412,-0.37810397
5,847,0.17520905,-0.046573758,-12.256396,-4.0517917,0.30541945,-0.37849504
5,848,0.17468846,-0.047385693,-12.262765,-4.0488205,0.3074975,-0.3788832
5,849,0.17507756,-0.047071338,-12.265384,-4.050038,0.30957535,-0.37926847
5,850,0.17539406,-0.046783805,-12.258555,-4.0505095,0.31165296,-0.37965077
5,851,0.17411578,-0.04668975,-12.261225,-4.0481477,0.31373036,-0.38003016
5,852,0.17470217,-0.047741175,-12.255173,-4.0526905,0.3158075,-0.3804066
5,853,0.1740756,-0.04755068,-12.262185,-4.0532355,0.3178844,-0.38078007
5,854,0.1742301,-0.048333526,-12.271047,-4.049651,0.31996095,-0.3811506
5,855,0.17348766,-0.047994256,-12.255131,-4.050968,0.32203725,-0.3815182
5,856,0.1739974,-0.04811907,-12.270103,-4.0482473,0.32411322,-0.38188282
5,857,0.17325616,-0.048278213,-12.26564,-4.0467443,0.32618886,-0.38224444
5,858,0.17336214,-0.048077106,-12.263009,-4.048213,0.32826415,-0.3826031
5,859,0.17359781,-0.04747045,-12.276403,-4.0489635,0.33033907,-0.38295877
5,860,0.17351556,-0.048321962,-12.243704,-4.0511646,0.3324136,-0.38331145
5,861,0.1731962,-0.04815626,-12.257242,-4.051177,0.33448777,-0.38366115
5,862,0.17328727,-0.0477314,-12.265797,-4.046759,0.3365615,-0.38400784
5,863,0.17208087,-0.048733592,-12.266209,-4.0505066,0.3386348,-0.38435152
5,864,0.17228019,-0.048214555,-12.25297,-4.0501137,0.34070763,-0.3846922
5,865,0.1722542,-0.048211455,-12.25514,-4.0501013,0.34278002,-0.38502985
5,866,0.17161751,-0.048618913,-12.267044,-4.0464387,0.3448519,-0.38536447
5,867,0.17132723,-0.048374534,-12.253336,-4.0487695,0.34692332,-0.38569605
5,868,0.17186463,-0.048974752,-12.266914,-4.0493517,0.3489942,-0.38602462
5,869,0.17148614,-0.049203992,-12.25675,-4.0508857,0.35106456,-0.38635013
5,870,0.17117286,-0.049480557,-12.264921,-4.047286,0.35313436,-0.38667262
5,871,0.17046034,-0.049975514,-12.25485,-4.0476627,0.35520363,-0.38699204
5,872,0.17055333,-0.04901421,-12.2724495,-4.048867,0.3572723,-0.3873084
5,873,0.17100894,-0.04955256,-12.262199,-4.0466022,0.35934037,-0.38762167
5,874,0.17042327,-0.049880385,-12.254296,-4.0488524,0.36140782,-0.3879319
5,875,0.17069364,-0.04990065,-12.259049,-4.049533,0.36347464,-0.38823906
5,876,0.17024004,-0.04931903,-12.262779,-4.048801,0.36554083,-0.38854313
5,877,0.17064452,-0.049805284,-12.259157,-4.04755,0.36760634,-0.3888441
5,878,0.17030537,-0.049816012,-12.252052,-4.049122,0.36967117,-0.389142
5,879,0.16946602,-0.04979062,-12.258954,-4.04876,0.37173533,-0.3894368
5,880,0.16939008,-0.04978645,-12.260683,-4.0501175,0.37379876,-0.38972852
5,881,0.16909361,-0.0498842,-12.264838,-4.0506363,0.37586147,-0.3900171
5,882,0.16911292,-0.050366282,-12.248405,-4.050437,0.3779234,-0.39030257
5,883,0.16876388,-0.050525665,-12.2527275,-4.049424,0.37998462,-0.39058495
5,884,0.16849089,-0.050421834,-12.257654,-4.049169,0.38204503,-0.39086416
5,885,0.16858399,-0.051329494,-12.257669,-4.049219,0.38410464,-0.39114028
5,886,0.1683594,-0.0504483,-12.260761,-4.0490017,0.38616347,-0.39141327
5,887,0.16818988,-0.050387144,-12.257616,-4.0487885,0.38822144,-0.3916831
5,888,0.16818655,-0.050830245,-12.261713,-4.0508995,0.3902786,-0.3919498
5,889,0.16794968,-0.05098641,-12.261623,-4.050314,0.39233488,-0.39221337
5,890,0.16757166,-0.051757216,-12.251259,-4.0557065,0.39439029,-0.39247376
5,891,0.1671983,-0.051618457,-12.257507,-4.0481462,0.3964448,-0.392731
5,892,0.16749084,-0.051588297,-12.25449,-4.0503607,0.39849842,-0.39298508
5,893,0.16674447,-0.051469207,-12.27067,-4.0515385,0.40055108,-0.393236
5,894,0.16717398,-0.051252007,-12.252038,-4.0490046,0.40260282,-0.39348373
5,895,0.1666044,-0.051616073,-12.258158,-4.0485783,0.4046536,-0.39372832
5,896,0.16607535,-0.05160892,-12.256876,-4.047793,0.4067034,-0.39396968
5,897,0.16650498,-0.051904082,-12.258378,-4.0513086,0.40875223,-0.3942079
5,898,0.1658858,-0.051829934,-12.259434,-4.049883,0.41080004,-0.3944429
5,899,0.16596079,-0.051880717,-12.265099,-4.0498533,0.41284683,-0.39467472
5,900,0.1660788,-0.052094936,-12.266666,-4.0508795,0.41489255,-0.39490333
5,901,0.16610265,-0.052213073,-12.255643,-4.0495644,0.41693726,-0.39512873
5,902,0.16513729,-0.052263737,-12.252096,-4.0493145,0.41898087,-0.39535093
5,903,0.16506445,-0.05181229,-12.254068,-4.0509567,0.4210234,-0.39556992
5,904,0.16504753,-0.051788688,-12.261168,-4.049554,0.42306483,-0.39578566
5,905,0.16480231,-0.052241445,-12.251888,-4.052836,0.42510512,-0.3959982
5,906,0.16486955,-0.05210018,-12.263615,-4.0518036,0.4271443,-0.39620754
5,907,0.16360939,-0.05267012,-12.264673,-4.053485,0.4291823,-0.39641362
5,908,0.16461599,-0.052910447,-12.25388,-4.0493293,0.43121913,-0.39661646
5,909,0.16438329,-0.052901983,-12.252878,-4.04907,0.43325478,-0.39681607
5,910,0.16476607,-0.05288434,-12.253763,-4.0486407,0.43528923,-0.39701244
5,911,0.16386414,-0.052772522,-12.265892,-4.0524335,0.43732244,-0.39720556
5,912,0.16425538,-0.052692294,-12.258795,-4.048935,0.43935445,-0.39739543
5,913,0.1640178,-0.054103613,-12.248075,-4.052031,0.44138518,-0.39758202
5,914,0.16353834,-0.05304873,-12.2521305,-4.0511246,0.44341466,-0.39776537
5,915,0.16284013,-0.05366206,-12.259114,-4.0494843,0.44544283,-0.39794546
5,916,0.16297102,-0.053288817,-12.248909,-4.0499372,0.4474697,-0.39812228
5,917,0.16298974,-0.054060817,-12.25627,-4.049702,0.4494953,-0.39829582
5,918,0.16235578,-0.053165913,-12.262503,-4.0490904,0.45151952,-0.39846608
5,919,0.16294336,-0.05375898,-12.252835,-4.0492663,0.4535424,-0.39863306
5,920,0.1615479,-0.053865194,-12.259459,-4.051175,0.45556393,-0.39879674
5,921,0.16177762,-0.053459764,-12.252155,-4.0521064,0.45758408,-0.39895716
5,922,0.1618408,-0.05367601,-12.254152,-4.0504045,0.4596028,-0.39911428
5,923,0.16216767,-0.054312587,-12.258228,-4.0510225,0.46162015,-0.3992681
5,924,0.16187108,-0.054154515,-12.25849,-4.0486593,0.46363604,-0.3994186
5,925,0.16164601,-0.053994656,-12.248229,-4.0513783,0.4656505,-0.39956582
5,926,0.16156733,-0.05450344,-12.254758,-4.051777,0.46766347,-0.39970973
5,927,0.16097844,-0.054532528,-12.252665,-4.049652,0.46967497,-0.3998503
5,928,0.1609639,-0.054779172,-12.253952,-4.049946,0.471685,-0.3999876
5,929,0.1604042,-0.054659247,-12.255605,-4.049836,0.4736935,-0.40012157
5,930,0.16012883,-0.054564476,-12.259263,-4.05072,0.47570047,-0.4002522
5,931,0.16025984,-0.054914355,-12.254536,-4.050058,0.4777059,-0.4003795
5,932,0.15941417,-0.05458069,-12.249636,-4.048636,0.47970977,-0.4005035
5,933,0.15972197,-0.05572307,-12.258041,-4.0516624,0.48171207,-0.40062413
5,934,0.15901601,-0.055274844,-12.244896,-4.051924,0.4837128,-0.40074146
5,935,0.16020024,-0.05528748,-12.245716,-4.053229,0.48571187,-0.40085542
5,936,0.15954757,-0.054928184,-12.253738,-4.0492435,0.48770934,-0.40096605
5,937,0.15920544,-0.055629015,-12.251329,-4.0504265,0.4897052,-0.40107334
5,938,0.1582787,-0.055649042,-12.248077,-4.0547805,0.49169937,-0.4011773
5,939,0.15871668,-0.055559516,-12.258527,-4.050834,0.49369186,-0.40127787
5,940,0.1583091,-0.056187987,-12.250652,-4.0499573,0.4956827,-0.4013751
5,941,0.15853739,-0.056279063,-12.252994,-4.049142,0.4976718,-0.40146896
5,942,0.15841973,-0.0557276,-12.249706,-4.0525827,0.4996592,-0.40155947
5,943,0.15809429,-0.055523276,-12.238521,-4.051104,0.50164485,-0.4016466
5,944,0.15808332,-0.05597031,-12.258511,-4.0516763,0.5036288,-0.4017304
5,945,0.15763605,-0.05586326,-12.255003,-4.052035,0.5056109,-0.40181077
5,946,0.15814841,-0.056331873,-12.2541275,-4.0518346,0.50759125,-0.4018878
5,947,0.15753627,-0.057005882,-12.250403,-4.050633,0.5095698,-0.40196145
5,948,0.15745723,-0.056828022,-12.250225,-4.051563,0.51154655,-0.40203172
5,949,0.15732229,-0.056482553,-12.25042,-4.052279,0.51352143,-0.4020986
5,950,0.15696442,-0.05683589,-12.256758,-4.0531044,0.5154945,-0.4021621
5,951,0.15689468,-0.056432605,-12.244125,-4.0502377,0.5174657,-0.40222222
5,952,0.15659797,-0.056437492,-12.252079,-4.0529103,0.51943505,-0.40227893
5,953,0.15646839,-0.056765437,-12.249049,-4.0511084,0.5214025,-0.40233228
5,954,0.15622556,-0.057286263,-12.254814,-4.052071,0.52336794,-0.4023822
5,955,0.15597034,-0.056729913,-12.2477,-4.0497184,0.52533156,-0.40242872
5,956,0.15587795,-0.057311296,-12.245722,-4.0516753,0.5272932,-0.40247187
5,957,0.15579891,-0.057590008,-12.237759,-4.0514793,0.5292529,-0.40251157
5,958,0.15520811,-0.0572083,-12.253626,-4.0499063,0.5312106,-0.4025479
5,959,0.1563977,-0.057858944,-12.243444,-4.0495005,0.5331663,-0.4025808
5,960,0.155339,-0.057363033,-12.248574,-4.05238,0.53512,-0.4026103
5,961,0.15549994,-0.058097005,-12.246107,-4.050905,0.5370717,-0.40263638
5,962,0.1547339,-0.05738187,-12.250534,-4.0513854,0.5390214,-0.40265903
5,963,0.15449142,-0.058853745,-12.241304,-4.052592,0.54096895,-0.40267828
5,964,0.15485573,-0.058469534,-12.250271,-4.0512667,0.5429145,-0.4026941
5,965,0.15492034,-0.058629155,-12.244829,-4.0522175,0.5448579,-0.4027065
5,966,0.1536113,-0.057671666,-12.248512,-4.052123,0.5467993,-0.40271547
5,967,0.15467465,-0.058552146,-12.248304,-4.051587,0.54873854,-0.40272102
5,968,0.15377593,-0.057902932,-12.250617,-4.054783,0.55067563,-0.40272313
5,969,0.15315568,-0.058274508,-12.251509,-4.055465,0.5526106,-0.4027218
5,970,0.15370107,-0.058524728,-12.247073,-4.047591,0.5545434,-0.40271705
5,971,0.15331018,-0.05914831,-12.251204,-4.051118,0.556474,-0.40270886
5,972,0.15250707,-0.058535695,-12.253336,-4.0529437,0.55840236,-0.40269724
5,973,0.1527201,-0.058700204,-12.245087,-4.053174,0.5603286,-0.40268216
5,974,0.15287161,-0.058572292,-12.2487335,-4.051503,0.5622526,-0.40266365
5,975,0.15296662,-0.05900848,-12.240141,-4.051134,0.5641743,-0.40264168
5,976,0.15322447,-0.05896926,-12.243956,-4.052122,0.56609374,-0.4026163
5,977,0.15083647,-0.059651732,-12.247728,-4.054649,0.568011,-0.40258744
5,978,0.15311551,-0.059432626,-12.231369,-4.0536985,0.5699259,-0.40255514
5,979,0.1517421,-0.059043884,-12.25058,-4.052346,0.5718385,-0.40251938
5,980,0.15186346,-0.059208393,-12.246835,-4.052843,0.5737488,-0.40248016
5,981,0.15228951,-0.0595963,-12.2362585,-4.048775,0.5756568,-0.4024375
5,982,0.15179396,-0.06002426,-12.247319,-4.053239,0.5775624,-0.40239137
5,983,0.151865,-0.06042385,-12.243843,-4.0520606,0.5794656,-0.4023418
5,984,0.15168643,-0.05996239,-12.246113,-4.051243,0.58136654,-0.40228876
5,985,0.15055323,-0.059932947,-12.2506695,-4.053085,0.583265,-0.40223226
5,986,0.15119064,-0.060104012,-12.248295,-4.056421,0.58516103,-0.4021723
5,987,0.14985299,-0.059797406,-12.231058,-4.051194,0.58705467,-0.40210888
5,988,0.14940357,-0.059994698,-12.239784,-4.054476,0.58894587,-0.402042
5,989,0.14972985,-0.0600667,-12.242556,-4.0563626,0.5908346,-0.40197164
5,990,0.15009952,-0.060763717,-12.237526,-4.0569777,0.59272087,-0.4018978
5,991,0.14899385,-0.060202003,-12.250994,-4.056079,0.5946047,-0.4018205
5,992,0.15014482,-0.06073904,-12.248608,-4.051009,0.5964859,-0.40173975
5,993,0.14940691,-0.060385823,-12.249663,-4.0501876,0.59836465,-0.4016555
5,994,0.14933848,-0.060545683,-12.23339,-4.053933,0.6002409,-0.4015678
5,995,0.14896834,-0.060394526,-12.236683,-4.0551357,0.60211456,-0.4014766
5,996,0.1489892,-0.060900927,-12.233658,-4.0527825,0.60398567,-0.40138194
5,997,0.14841294,-0.061097622,-12.246536,-4.053671,0.60585415,-0.4012838
5,998,0.14857495,-0.061209798,-12.241135,-4.053493,0.6077201,-0.40118217
5,999,0.14833581,-0.061584115,-12.249039,-4.0525165,0.60958344,-0.4010771
6,0,0.45695376,-0.35133654,-3.7441616,-1.4736695,-0.74033105,-0.10264146
6,1,0.4568981,-0.35444218,-3.7391863,-1.4723248,-0.7416286,-0.10171025
6,2,0.45651042,-0.35439032,-3.7306547,-1.4720426,-0.74292254,-0.10077825
6,3,0.4566275,-0.3536783,-3.7297306,-1.4737206,-0.7442129,-0.09984546
6,4,0.45622468,-0.3543778,-3.729373,-1.4684429,-0.7454996,-0.09891189
6,5,0.45633435,-0.35362113,-3.738368,-1.4703135,-0.7467828,-0.09797754
6,6,0.456581,-0.35439456,-3.733632,-1.4699244,-0.74806225,-0.097042404
6,7,0.45669138,-0.3542986,-3.7364511,-1.4744263,-0.74933815,-0.0961065
6,8,0.45586073,-0.35427028,-3.7324066,-1.4727621,-0.75061035,-0.09516981
6,9,0.45621324,-0.35504574,-3.736536,-1.4705558,-0.751879,-0.094232365
6,10,0.45623577,-0.35494184,-3.7319784,-1.4701338,-0.75314397,-0.09329414
6,11,0.45652497,-0.35482526,-3.7355719,-1.4723468,-0.75440526,-0.092355154
6,12,0.4560206,-0.35506302,-3.7321768,-1.471457,-0.7556629,-0.09141541
6,13,0.4570557,-0.3548237,-3.7347221,-1.4739208,-0.7569169,-0.0904749
6,14,0.45639706,-0.35538357,-3.727477,-1.4726768,-0.75816727,-0.089533634
6,15,0.45674336,-0.3552639,-3.7317877,-1.4693103,-0.7594139,-0.08859161
6,16,0.4563346,-0.35459495,-3.7260704,-1.4694414,-0.7606569,-0.08764884
6,17,0.45673788,-0.35573292,-3.7306728,-1.4720364,-0.7618962,-0.08670532
6,18,0.45563686,-0.35606658,-3.7447996,-1.4702764,-0.76313186,-0.085761055
6,19,0.45617127,-0.3558693,-3.7312632,-1.4738259,-0.76436377,-0.08481604
6,20,0.45690453,-0.3555616,-3.741292,-1.467895,-0.76559204,-0.08387029
6,21,0.4566735,-0.35601497,-3.7341814,-1.4695001,-0.76681656,-0.0829238
6,22,0.45611846,-0.3565253,-3.726161,-1.470777,-0.7680374,-0.08197657
6,23,0.456699,-0.35637963,-3.7362661,-1.4705362,-0.7692545,-0.08102861
6,24,0.45625544,-0.3567583,-3.73981,-1.4727364,-0.77046794,-0.08007993
6,25,0.45658112,-0.3559668,-3.7388353,-1.4671178,-0.7716776,-0.07913051
6,26,0.45588982,-0.3564772,-3.7280216,-1.4686699,-0.77288353,-0.078180365
6,27,0.45664144,-0.35719198,-3.748499,-1.4684277,-0.77408576,-0.07722951
6,28,0.4562521,-0.3568592,-3.7338028,-1.4713364,-0.7752843,-0.07627793
6,29,0.45612395,-0.35599965,-3.7462234,-1.4725547,-0.776479,-0.07532563
6,30,0.45613694,-0.3574168,-3.736062,-1.4673901,-0.77767,-0.07437262
6,31,0.45558798,-0.35676646,-3.7397966,-1.4741864,-0.7788573,-0.07341889
6,32,0.45583427,-0.3565861,-3.7375479,-1.47118,-0.78004074,-0.072464466
6,33,0.45598197,-0.3576494,-3.7379255,-1.469284,-0.7812205,-0.07150933
6,34,0.4557699,-0.3573693,-3.7372427,-1.4708667,-0.7823965,-0.07055349
6,35,0.4558785,-0.3580107,-3.7174559,-1.4661169,-0.7835687,-0.06959695
6,36,0.4549421,-0.3575378,-3.732089,-1.4740939,-0.7847371,-0.06863972
6,37,0.45524788,-0.35826355,-3.7329607,-1.4723978,-0.7859017,-0.0676818
6,38,0.45559573,-0.35854393,-3.7366714,-1.4711876,-0.7870626,-0.066723175
6,39,0.45569777,-0.3584537,-3.744196,-1.4706349,-0.78821963,-0.06576387
6,40,0.4550972,-0.35787624,-3.738184,-1.4727697,-0.7893729,-0.064803876
6,41,0.45590866,-0.35733283,-3.7426348,-1.4665613,-0.7905224,-0.0638432
6,42,0.4557786,-0.3592806,-3.741971,-1.4706402,-0.79166806,-0.06288184
6,43,0.4558549,-0.35908866,-3.7347794,-1.4710956,-0.7928099,-0.061919812
6,44,0.4546026,-0.3590114,-3.7387266,-1.4686303,-0.79394794,-0.060957104
6,45,0.45685685,-0.35923642,-3.7330322,-1.4663382,-0.79508215,-0.059993725
6,46,0.45539212,-0.35912687,-3.7398577,-1.4698062,-0.79621255,-0.059029676
6,47,0.455119,-0.35849386,-3.7372713,-1.4687562,-0.79733914,-0.058064964
6,48,0.45554173,-0.35947597,-3.7363005,-1.472167,-0.7984619,-0.057099584
6,49,0.45529497,-0.3598612,-3.738284,-1.4662628,-0.7995808,-0.05613355
6,50,0.4548241,-0.3601693,-3.7437048,-1.4681988,-0.8006959,-0.055166855
6,51,0.45517266,-0.3591438,-3.736453,-1.4668221,-0.8018071,-0.054199506
6,52,0.4561274,-0.35949522,-3.7422771,-1.4702435,-0.80291444,-0.053231504
6,53,0.45505416,-0.35983992,-3.7434578,-1.4660249,-0.80401796,-0.052262854
6,54,0.45565844,-0.36058825,-3.741271,-1.4673753,-0.8051176,-0.05129356
6,55,0.45604813,-0.36065757,-3.7457495,-1.4635959,-0.8062134,-0.05032362
6,56,0.4558698,-0.3606717,-3.7448864,-1.4679046,-0.80730534,-0.04935304
6,57,0.45512974,-0.36122227,-3.7399616,-1.4688067,-0.80839336,-0.048381824
6,58,0.45555174,-0.36093116,-3.7326422,-1.4737477,-0.80947757,-0.047409974
6,59,0.45495117,-0.3601715,-3.7483892,-1.4703827,-0.81055784,-0.04643749
6,60,0.45548093,-0.3613736,-3.7371225,-1.4708991,-0.81163424,-0.045464378
6,61,0.454826,-0.36151367,-3.744276,-1.4689846,-0.81270677,-0.04449064
6,62,0.45571148,-0.36147523,-3.7459545,-1.4720445,-0.81377536,-0.04351628
6,63,0.455292,-0.36118203,-3.7458477,-1.4696326,-0.8148401,-0.042541295
6,64,0.45493293,-0.3615685,-3.7354498,-1.4711938,-0.8159009,-0.041565698
6,65,0.45592904,-0.36232603,-3.7463427,-1.4676905,-0.81695783,-0.040589485
6,66,0.45607924,-0.36209154,-3.7346811,-1.4712992,-0.8180108,-0.03961266
6,67,0.45504582,-0.36153907,-3.7423172,-1.472784,-0.8190599,-0.038635224
6,68,0.45450115,-0.3622473,-3.7440004,-1.4688988,-0.8201051,-0.037657186
6,69,0.45592284,-0.36250204,-3.7348127,-1.4694829,-0.8211463,-0.03667854
6,70,0.4550917,-0.3629374,-3.7434387,-1.4677253,-0.8221836,-0.0356993
6,71,0.4549079,-0.36276227,-3.7448092,-1.4682927,-0.823217,-0.03471946
6,72,0.45492554,-0.36233544,-3.7410793,-1.4686556,-0.82424647,-0.033739027
6,73,0.4553058,-0.3634262,-3.7480211,-1.4693379,-0.82527196,-0.032758
6,74,0.45498788,-0.36341292,-3.742797,-1.467155,-0.8262935,-0.031776387
6,75,0.45512104,-0.36318314,-3.7329226,-1.470336,-0.8273111,-0.030794187
6,76,0.4547118,-0.36270964,-3.7410812,-1.46699,-0.8283248,-0.029811405
6,77,0.4544356,-0.3637069,-3.7418995,-1.4690504,-0.8293345,-0.028828042
6,78,0.4553169,-0.36400336,-3.7497978,-1.4678216,-0.8303402,-0.027844103
6,79,0.4554088,-0.36352372,-3.7463942,-1.4685826,-0.831342,-0.02685959
6,80,0.4547943,-0.36292082,-3.7480326,-1.4662347,-0.8323398,-0.025874509
6,81,0.45476997,-0.36311603,-3.7409897,-1.4702549,-0.8333336,-0.024888856
6,82,0.45551312,-0.3641373,-3.7488966,-1.4674473,-0.83432347,-0.02390264
6,83,0.454692,-0.36330962,-3.7404613,-1.4670544,-0.8353094,-0.022915863
6,84,0.45473623,-0.36386186,-3.7471523,-1.4645824,-0.83629125,-0.021928525
6,85,0.45417416,-0.36376077,-3.7477274,-1.4683042,-0.8372692,-0.02094063
6,86,0.4551642,-0.36471868,-3.7425346,-1.4686661,-0.83824307,-0.019952182
6,87,0.45456743,-0.36423558,-3.7345905,-1.4676166,-0.839213,-0.018963184
6,88,0.4549899,-0.36450154,-3.758091,-1.4695711,-0.84017897,-0.017973641
6,89,0.4549241,-0.36551863,-3.7502117,-1.4701276,-0.84114087,-0.01698355
6,90,0.45517802,-0.36494714,-3.7431936,-1.4689932,-0.8420988,-0.015992919
6,91,0.4547614,-0.3653289,-3.7477312,-1.4717178,-0.8430527,-0.015001751
6,92,0.4548521,-0.36560857,-3.7372122,-1.4677839,-0.84400254,-0.014010046
6,93,0.45427787,-0.36554778,-3.740035,-1.4667358,-0.8449485,-0.013017808
6,94,0.4544245,-0.36537272,-3.744954,-1.4692898,-0.8458903,-0.012025041
6,95,0.4547652,-0.36604804,-3.7499018,-1.4687338,-0.8468281,-0.011031747
6,96,0.45409155,-0.36560625,-3.7507086,-1.4689631,-0.8477619,-0.010037929
6,97,0.45508444,-0.36581695,-3.741891,-1.4651632,-0.8486917,-0.009043591
6,98,0.45439935,-0.36559236,-3.740511,-1.4694171,-0.8496174,-0.008048735
6,99,0.45392346,-0.3660679,-3.745657,-1.470151,-0.8505391,-0.0070533645
6,100,0.45396912,-0.36626953,-3.7477016,-1.4695187,-0.85145676,-0.0060574817
6,101,0.45426917,-0.36626357,-3.7449446,-1.470048,-0.8523704,-0.005061091
6,102,0.45342124,-0.36662483,-3.7515383,-1.4641261,-0.85327995,-0.004064194
6,103,0.4541067,-0.36712325,-3.7433462,-1.4663949,-0.85418546,-0.003066794
6,104,0.45449317,-0.36682963,-3.7497034,-1.4690204,-0.85508686,-0.0020688944
6,105,0.45318317,-0.3660136,-3.7580938,-1.4641376,-0.8559843,-0.001070498
6,106,0.45390117,-0.36732143,-3.7534943,-1.467905,-0.8568776,-7.160782e-05
6,107,0.45385993,-0.367419,-3.7542381,-1.4676089,-0.85776687,0.00092777313
6,108,0.45405066,-0.36748892,-3.7572575,-1.4695687,-0.85865206,0.0019276419
6,109,0.4544388,-0.36655563,-3.7454557,-1.4676075,-0.8595332,0.0029279955
6,110,0.45448935,-0.36769527,-3.7451982,-1.465373,-0.8604102,0.003928831
6,111,0.45456755,-0.36789417,-3.7512121,-1.4684858,-0.8612832,0.0049301446
6,112,0.45437098,-0.36743474,-3.754077,-1.4664617,-0.86215204,0.005931935
6,113,0.4532261,-0.36820012,-3.7537785,-1.4670515,-0.86301684,0.006934197
6,114,0.4541583,-0.3687383,-3.7460442,-1.465755,-0.86387753,0.007936929
6,115,0.45381033,-0.3678236,-3.7509947,-1.4690118,-0.8647342,0.008940129
6,116,0.45392048,-0.36820662,-3.7503996,-1.4681854,-0.8655867,0.009943791
6,117,0.45428026,-0.36827558,-3.757043,-1.4679217,-0.8664351,0.010947914
6,118,0.453637,-0.3687781,-3.75062,-1.4678168,-0.8672794,0.011952495
6,119,0.45394135,-0.36921674,-3.7548647,-1.4682679,-0.86811966,0.01295753
6,120,0.45507252,-0.36867166,-3.7645025,-1.4681334,-0.8689558,0.013963018
6,121,0.4533136,-0.3688882,-3.7569466,-1.4651699,-0.86978775,0.014968953
6,122,0.45345783,-0.36955512,-3.7519608,-1.4650874,-0.87061566,0.015975334
6,123,0.45367277,-0.3693818,-3.751152,-1.4672513,-0.8714394,0.016982157
6,124,0.4531603,-0.3697744,-3.7475996,-1.4691114,-0.8722591,0.01798942
6,125,0.45298743,-0.36931527,-3.7563896,-1.4697213,-0.8730746,0.018997118
6,126,0.45376492,-0.37009174,-3.7531557,-1.4687829,-0.873886,0.02000525
6,127,0.45317078,-0.36962742,-3.7496338,-1.4689345,-0.8746933,0.021013813
6,128,0.45294058,-0.36960077,-3.7501278,-1.4668336,-0.8754964,0.022022802
6,129,0.45331693,-0.3692975,-3.7531157,-1.4666791,-0.8762954,0.023032216
6,130,0.4538877,-0.36952013,-3.7621918,-1.465723,-0.8770903,0.024042051
6,131,0.4536419,-0.3699445,-3.7511902,-1.4643407,-0.877881,0.025052303
6,132,0.45333457,-0.3703342,-3.7485838,-1.4617572,-0.8786676,0.026062973
6,133,0.4539833,-0.3700379,-3.7490091,-1.4663539,-0.87945,0.027074052
6,134,0.45391512,-0.37142402,-3.7575712,-1.4627576,-0.88022834,0.028085541
6,135,0.45299172,-0.37035608,-3.7604885,-1.4658971,-0.8810025,0.029097434
6,136,0.45308053,-0.37033373,-3.757309,-1.4621997,-0.88177246,0.030109731
6,137,0.45290947,-0.3714502,-3.746686,-1.46527,-0.8825383,0.031122427
6,138,0.45366216,-0.37124407,-3.7619066,-1.4662094,-0.88329995,0.03213552
6,139,0.45313346,-0.3713374,-3.753069,-1.4642487,-0.88405746,0.033149008
6,140,0.4528352,-0.37039775,-3.7521458,-1.4654379,-0.8848108,0.034162883
6,141,0.45391047,-0.37145132,-3.7559357,-1.4637337,-0.88556004,0.03517715
6,142,0.45308018,-0.37144166,-3.7568016,-1.4642305,-0.88630503,0.036191795
6,143,0.45304406,-0.3716312,-3.7555628,-1.4639611,-0.88704586,0.037206825
6,144,0.45314598,-0.37227833,-3.7565212,-1.4635744,-0.8877825,0.03822223
6,145,0.45341897,-0.37162453,-3.7570667,-1.4642668,-0.88851506,0.039238013
6,146,0.4536382,-0.37240112,-3.7578049,-1.461844,-0.88924336,0.04025417
6,147,0.45327842,-0.3721462,-3.751071,-1.4658566,-0.88996744,0.041270692
6,148,0.4528557,-0.37251133,-3.7570772,-1.4670324,-0.8906874,0.04228758
6,149,0.4534607,-0.37168312,-3.771844,-1.4654608,-0.8914032,0.04330483
6,150,0.4527489,-0.37267596,-3.7593927,-1.4672341,-0.89211476,0.044322442
6,151,0.4523741,-0.3731929,-3.752452,-1.4654999,-0.8928221,0.045340408
6,152,0.4531387,-0.37259477,-3.7565136,-1.4641185,-0.8935253,0.046358727
6,153,0.45282912,-0.37293434,-3.7599401,-1.4663348,-0.8942243,0.047377396
6,154,0.45319998,-0.3723336,-3.7547903,-1.464097,-0.8949191,0.048396416
6,155,0.45258224,-0.3725772,-3.7544317,-1.4665217,-0.8956097,0.049415775
6,156,0.45317507,-0.37255573,-3.7542171,-1.4662981,-0.896296,0.05043548
6,157,0.45262277,-0.3741567,-3.7650003,-1.465898,-0.8969782,0.051455516
6,158,0.45309186,-0.37294132,-3.7579641,-1.4630928,-0.8976562,0.052475892
6,159,0.45271397,-0.37391877,-3.761136,-1.4636307,-0.89833,0.0534966
6,160,0.45252347,-0.37403482,-3.7577868,-1.4642673,-0.8989995,0.05451763
6,161,0.45256186,-0.37365693,-3.7572708,-1.463274,-0.8996649,0.05553899
6,162,0.45296502,-0.3740784,-3.7666597,-1.4616938,-0.90032595,0.056560673
6,163,0.45235527,-0.37452197,-3.7604694,-1.4662747,-0.90098286,0.057582673
6,164,0.45283103,-0.3746137,-3.7601004,-1.4631324,-0.9016355,0.05860499
6,165,0.4524573,-0.37491637,-3.760662,-1.4665027,-0.902284,0.059627615
6,166,0.4528216,-0.37487793,-3.754633,-1.463891,-0.90292823,0.060650554
6,167,0.45229304,-0.3747731,-3.7592125,-1.4644513,-0.90356827,0.0616738
6,168,0.45243478,-0.37507123,-3.7590437,-1.4585195,-0.904204,0.06269735
6,169,0.45261586,-0.3751155,-3.7611513,-1.4639626,-0.9048356,0.063721195
6,170,0.45258152,-0.37379843,-3.7716742,-1.4677954,-0.9054629,0.064745344
6,171,0.45162022,-0.37524694,-3.7574368,-1.4612312,-0.90608597,0.065769784
6,172,0.45219064,-0.37625903,-3.7650785,-1.4622555,-0.90670484,0.06679451
6,173,0.45287812,-0.37551838,-3.7620916,-1.464458,-0.9073194,0.06781953
6,174,0.45242214,-0.3750643,-3.76155,-1.4645786,-0.9079298,0.06884483
6,175,0.45228863,-0.37581706,-3.7624779,-1.4631581,-0.9085359,0.06987041
6,176,0.45278323,-0.3758781,-3.7682858,-1.4632626,-0.9091378,0.070896275
6,177,0.45248425,-0.37564152,-3.7489586,-1.4663949,-0.90973544,0.071922414
6,178,0.45215666,-0.37580103,-3.7579403,-1.4692693,-0.9103288,0.07294882
6,179,0.4517119,-0.37622464,-3.7703028,-1.4660268,-0.91091794,0.073975496
6,180,0.45279908,-0.3764317,-3.759304,-1.461545,-0.91150284,0.07500244
6,181,0.45242977,-0.37637395,-3.7715406,-1.4629631,-0.91208345,0.07602964
6,182,0.45260453,-0.37603432,-3.758584,-1.4646492,-0.9126598,0.07705711
6,183,0.4521433,-0.37662375,-3.7680426,-1.4595118,-0.91323197,0.078084834
6,184,0.4520142,-0.37726003,-3.7609653,-1.4634218,-0.9137998,0.079112805
6,185,0.45261014,-0.37580717,-3.7646408,-1.4598184,-0.91436344,0.08014103
6,186,0.45114994,-0.3772334,-3.7663774,-1.4635596,-0.9149228,0.0811695
6,187,0.45165908,-0.37718147,-3.766389,-1.4621916,-0.9154779,0.08219821
6,188,0.45148802,-0.37620217,-3.769246,-1.4605985,-0.9160287,0.083227165
6,189,0.45157576,-0.37735134,-3.766655,-1.4645381,-0.91657525,0.08425636
6,190,0.45254934,-0.377737,-3.766571,-1.4615612,-0.91711754,0.08528578
6,191,0.45210826,-0.37699175,-3.7621489,-1.4627757,-0.9176555,0.08631544
6,192,0.4526509,-0.3773526,-3.757803,-1.4657421,-0.9181893,0.08734532
6,193,0.4519459,-0.37717265,-3.7646294,-1.4583421,-0.91871876,0.08837543
6,194,0.4522804,-0.37806255,-3.7703314,-1.4589667,-0.91924393,0.08940575
6,195,0.45069122,-0.37819695,-3.7706404,-1.4660563,-0.9197649,0.0904363
6,196,0.45185304,-0.378349,-3.7739744,-1.4628997,-0.9202815,0.09146707
6,197,0.45187807,-0.37748665,-3.7702446,-1.4607043,-0.9207939,0.09249804
6,198,0.452255,-0.37881458,-3.7734737,-1.4609513,-0.92130196,0.093529224
6,199,0.45191538,-0.37843478,-3.7670908,-1.4630094,-0.9218058,0.09456061
6,200,0.45162964,-0.37808412,-3.766635,-1.4583097,-0.92230535,0.0955922
6,201,0.4516592,-0.37865287,-3.771739,-1.4593282,-0.9228006,0.09662399
6,202,0.45096946,-0.37869704,-3.7740269,-1.4605541,-0.92329156,0.097655974
6,203,0.4516394,-0.37824905,-3.7815952,-1.4606781,-0.92377824,0.09868815
6,204,0.45154035,-0.37908912,-3.7660828,-1.4621,-0.9242606,0.099720515
6,205,0.45107794,-0.37900972,-3.7697315,-1.4583144,-0.9247387,0.10075307
6,206,0.4515388,-0.37957036,-3.7728348,-1.4585323,-0.9252125,0.10178581
6,207,0.45151603,-0.37893313,-3.7698383,-1.4589744,-0.92568207,0.10281872
6,208,0.45156705,-0.37975866,-3.7685175,-1.4646316,-0.9261473,0.10385182
6,209,0.45173347,-0.38049328,-3.7711859,-1.4603462,-0.9266082,0.10488508
6,210,0.45153177,-0.37889123,-3.7668266,-1.4573622,-0.9270649,0.10591852
6,211,0.4511484,-0.3798598,-3.767705,-1.4584818,-0.92751724,0.10695212
6,212,0.45065475,-0.37914962,-3.7693062,-1.4611592,-0.9279653,0.10798589
6,213,0.45177853,-0.37986922,-3.7693405,-1.4617186,-0.92840904,0.109019816
6,214,0.4518832,-0.38037288,-3.7682676,-1.4621091,-0.9288485,0.110053904
6,215,0.45148325,-0.38090056,-3.7811613,-1.4595284,-0.9292837,0.11108815
6,216,0.45041275,-0.38059568,-3.7733994,-1.460556,-0.92971456,0.112122536
6,217,0.4511478,-0.38025576,-3.7653732,-1.4589648,-0.9301411,0.11315708
6,218,0.45113003,-0.3806514,-3.7687616,-1.4619508,-0.9305634,0.11419176
6,219,0.45148742,-0.38033432,-3.7763538,-1.4611607,-0.93098134,0.11522659
6,220,0.45105588,-0.3816219,-3.7726812,-1.4607716,-0.931395,0.11626155
6,221,0.45113838,-0.3809591,-3.7723598,-1.4574933,-0.93180436,0.11729665
6,222,0.45101655,-0.38146454,-3.7770176,-1.4616466,-0.93220943,0.11833188
6,223,0.45042062,-0.38134563,-3.777258,-1.4624262,-0.93261015,0.11936724
6,224,0.45150363,-0.38104266,-3.7830276,-1.4575481,-0.9330066,0.12040272
6,225,0.45086992,-0.38241422,-3.7743282,-1.4594874,-0.9333987,0.12143833
6,226,0.45153463,-0.3812942,-3.7621164,-1.4544125,-0.9337866,0.12247406
6,227,0.45111465,-0.38240385,-3.7690477,-1.4618454,-0.93417007,0.123509906
6,228,0.45122433,-0.38140804,-3.7716188,-1.4590774,-0.9345493,0.12454586
6,229,0.45051217,-0.38210183,-3.7721481,-1.4608788,-0.9349242,0.12558192
6,230,0.45041084,-0.38238174,-3.771102,-1.4585872,-0.93529475,0.1266181
6,231,0.45094562,-0.38237882,-3.7772303,-1.4593997,-0.935661,0.12765437
6,232,0.45065546,-0.38164246,-3.769619,-1.4588928,-0.936023,0.12869075
6,233,0.45038295,-0.382322,-3.775774,-1.4545779,-0.9363806,0.12972721
6,234,0.4500705,-0.38233566,-3.768776,-1.455481,-0.93673396,0.13076378
6,235,0.45051408,-0.38305277,-3.781763,-1.45826,-0.937083,0.13180043
6,236,0.45048094,-0.38260728,-3.7767277,-1.4577761,-0.9374277,0.13283718
6,237,0.45098257,-0.3826589,-3.7793093,-1.4568434,-0.9377681,0.133874
6,238,0.4507209,-0.38257128,-3.7747831,-1.4572282,-0.9381042,0.1349109
6,239,0.4511199,-0.38286906,-3.779273,-1.4563751,-0.938436,0.13594788
6,240,0.45064962,-0.38308412,-3.780058,-1.461626,-0.9387634,0.13698494
6,241,0.44988155,-0.3828923,-3.778717,-1.4599242,-0.93908656,0.13802207
6,242,0.45053542,-0.38297677,-3.7764034,-1.4568977,-0.9394053,0.13905926
6,243,0.45069742,-0.3830943,-3.7870836,-1.4588757,-0.93971986,0.14009653
6,244,0.44984293,-0.38388985,-3.7693548,-1.4563522,-0.94003004,0.14113384
6,245,0.4506805,-0.3839473,-3.768485,-1.4566636,-0.94033587,0.14217122
6,246,0.4503374,-0.38303715,-3.776329,-1.4582624,-0.9406374,0.14320865
6,247,0.45047843,-0.38430375,-3.7715645,-1.4593968,-0.94093466,0.14424615
6,248,0.4494723,-0.38410532,-3.7888212,-1.4606919,-0.94122756,0.14528367
6,249,0.45047677,-0.38337034,-3.7852716,-1.4596734,-0.94151616,0.14632125
6,250,0.45018244,-0.38444215,-3.7828236,-1.4571195,-0.9418004,0.14735888
6,251,0.4501475,-0.38456059,-3.7678776,-1.4581938,-0.9420804,0.14839654
6,252,0.44896102,-0.38472402,-3.7590132,-1.4539824,-0.942356,0.14943422
6,253,0.4500084,-0.38491988,-3.7729912,-1.4567986,-0.9426273,0.15047196
6,254,0.45011818,-0.38481927,-3.7841082,-1.456316,-0.9428943,0.1515097
6,255,0.45098722,-0.38520145,-3.7793055,-1.4567118,-0.94315696,0.1525475
6,256,0.44915462,-0.38468546,-3.792183,-1.4564238,-0.9434153,0.15358528
6,257,0.45046484,-0.38481474,-3.7782087,-1.4557657,-0.9436693,0.1546231
6,258,0.45039427,-0.38565946,-3.7860746,-1.4530249,-0.943919,0.15566096
6,259,0.44928014,-0.38493818,-3.7773151,-1.4538884,-0.9441644,0.15669881
6,260,0.44950294,-0.3854679,-3.7852554,-1.4585123,-0.9444055,0.15773666
6,261,0.44964004,-0.38538098,-3.7863188,-1.4574685,-0.94464225,0.15877452
6,262,0.44992077,-0.3863814,-3.784686,-1.4593148,-0.94487464,0.1598124
6,263,0.45016718,-0.38466835,-3.7921152,-1.4549246,-0.94510275,0.16085027
6,264,0.44925022,-0.38572294,-3.7766418,-1.4546404,-0.9453265,0.16188814
6,265,0.45102012,-0.38621736,-3.7775211,-1.457922,-0.945546,0.16292599
6,266,0.44952774,-0.38635665,-3.7828112,-1.4548717,-0.94576114,0.16396384
6,267,0.45045066,-0.38647676,-3.7789373,-1.4543853,-0.94597197,0.16500168
6,268,0.4496596,-0.38679415,-3.7850761,-1.4550958,-0.9461785,0.1660395
6,269,0.44906247,-0.38720274,-3.7854252,-1.4577751,-0.9463807,0.1670773
6,270,0.44973147,-0.38724023,-3.787342,-1.4570513,-0.9465785,0.16811508
6,271,0.44973493,-0.38700342,-3.7880106,-1.459435,-0.94677204,0.16915283
6,272,0.4494257,-0.38664472,-3.7788153,-1.4561977,-0.9469613,0.17019056
6,273,0.45022166,-0.38732582,-3.7806587,-1.4576721,-0.9471462,0.17122824
6,274,0.4498744,-0.38727134,-3.7946768,-1.4589844,-0.9473268,0.1722659
6,275,0.44960046,-0.38718528,-3.8020573,-1.4595118,-0.94750303,0.17330351
6,276,0.4488182,-0.3868258,-3.781476,-1.4544697,-0.947675,0.17434108
6,277,0.44958365,-0.38715816,-3.7880735,-1.455018,-0.94784266,0.17537862
6,278,0.44943964,-0.38862967,-3.7833652,-1.4553099,-0.948006,0.1764161
6,279,0.4486103,-0.3869391,-3.7970324,-1.4534316,-0.94816494,0.17745352
6,280,0.44938135,-0.38728452,-3.7859488,-1.4531608,-0.9483197,0.17849089
6,281,0.44847775,-0.38778126,-3.7850714,-1.4534607,-0.94847,0.1795282
6,282,0.4492315,-0.3873508,-3.7981987,-1.4546223,-0.9486161,0.18056546
6,283,0.44966793,-0.38791227,-3.7905197,-1.4562902,-0.9487578,0.18160264
6,284,0.44943273,-0.3881489,-3.790409,-1.4549732,-0.9488952,0.18263976
6,285,0.44889367,-0.3888002,-3.792469,-1.4557371,-0.9490284,0.18367681
6,286,0.44889927,-0.38877606,-3.7832441,-1.4537191,-0.9491572,0.18471378
6,287,0.44912767,-0.3886196,-3.7883158,-1.452158,-0.94928163,0.18575068
6,288,0.44868743,-0.38971204,-3.7852497,-1.4574313,-0.9494018,0.1867875
6,289,0.4496677,-0.38923138,-3.784092,-1.4536924,-0.94951767,0.18782422
6,290,0.44899237,-0.38918597,-3.7836876,-1.4553838,-0.94962925,0.18886086
6,291,0.4486606,-0.38901323,-3.788784,-1.451467,-0.9497365,0.18989742
6,292,0.4484166,-0.3893376,-3.7947311,-1.4523578,-0.9498394,0.19093387
6,293,0.4477607,-0.38912863,-3.779931,-1.4539886,-0.949938,0.19197023
6,294,0.44940817,-0.38979632,-3.798706,-1.4543214,-0.95003235,0.1930065
6,295,0.4491788,-0.38949972,-3.7823133,-1.4543128,-0.95012236,0.19404265
6,296,0.44802225,-0.38937545,-3.78693,-1.4540243,-0.950208,0.1950787
6,297,0.44835305,-0.38999915,-3.7895746,-1.4517474,-0.9502894,0.19611464
6,298,0.44831824,-0.39021832,-3.7856398,-1.4524336,-0.9503665,0.19715047
6,299,0.4492582,-0.3895983,-3.7832441,-1.4531097,-0.9504393,0.19818617
6,300,0.44893336,-0.39035368,-3.788396,-1.4533482,-0.95050776,0.19922176
6,301,0.4477378,-0.38960767,-3.783845,-1.449698,-0.95057195,0.20025723
6,302,0.44792056,-0.3899359,-3.790266,-1.4530177,-0.9506318,0.20129256
6,303,0.44881892,-0.39043403,-3.7868567,-1.4564729,-0.9506874,0.20232777
6,304,0.44877732,-0.39081275,-3.7851706,-1.4539418,-0.95073867,0.20336285
6,305,0.44897723,-0.3906293,-3.7934628,-1.4515486,-0.95078564,0.20439778
6,306,0.4483676,-0.39093512,-3.7942295,-1.4535308,-0.9508283,0.2054326
6,307,0.44872475,-0.3910399,-3.79846,-1.4507155,-0.9508667,0.20646726
6,308,0.448735,-0.39117092,-3.790886,-1.4521747,-0.95090073,0.20750177
6,309,0.44827867,-0.39186937,-3.7785244,-1.452137,-0.95093054,0.20853612
6,310,0.4480337,-0.39103806,-3.7979422,-1.4511576,-0.95095605,0.20957033
6,311,0.44807386,-0.3912422,-3.7796745,-1.4515476,-0.9509772,0.2106044
6,312,0.44862044,-0.39123303,-3.7947998,-1.4496045,-0.95099413,0.21163829
6,313,0.44869256,-0.3918805,-3.7890577,-1.4517555,-0.95100677,0.21267202
6,314,0.44826615,-0.3920927,-3.7980423,-1.4492335,-0.95101506,0.2137056
6,315,0.44816196,-0.39228547,-3.7980356,-1.4501243,-0.9510191,0.214739
6,316,0.44884372,-0.39214975,-3.7994633,-1.4514723,-0.95101887,0.21577223
6,317,0.44847763,-0.39198846,-3.7880945,-1.4503603,-0.9510143,0.21680528
6,318,0.44835377,-0.39247638,-3.7842941,-1.4515076,-0.95100546,0.21783815
6,319,0.4480554,-0.3919586,-3.78765,-1.4505157,-0.95099235,0.21887085
6,320,0.447129,-0.3919698,-3.7926579,-1.4507017,-0.950975,0.21990336
6,321,0.44695723,-0.39311898,-3.7851915,-1.4516349,-0.9509533,0.22093569
6,322,0.4483223,-0.39207822,-3.7867289,-1.4564357,-0.9509274,0.22196782
6,323,0.4477446,-0.39333856,-3.801217,-1.4534955,-0.9508971,0.22299975
6,324,0.44824505,-0.39377582,-3.7890186,-1.4528441,-0.9508626,0.2240315
6,325,0.44792366,-0.39332205,-3.7969198,-1.4505992,-0.95082384,0.22506304
6,326,0.4480343,-0.39291728,-3.7924318,-1.4534826,-0.95078075,0.22609437
6,327,0.44736707,-0.39258558,-3.7819443,-1.4493265,-0.9507334,0.2271255
6,328,0.44795358,-0.3923601,-3.7892237,-1.4468346,-0.9506818,0.22815642
6,329,0.44815028,-0.39386028,-3.7997398,-1.4481606,-0.95062596,0.22918712
6,330,0.44798005,-0.39358687,-3.7992525,-1.4515915,-0.95056576,0.2302176
6,331,0.4482565,-0.39398146,-3.7908344,-1.4486108,-0.9505014,0.23124787
6,332,0.4473617,-0.39326757,-3.7843084,-1.4491534,-0.95043266,0.23227791
6,333,0.44811606,-0.39321595,-3.7944603,-1.4560099,-0.9503597,0.23330773
6,334,0.4483304,-0.3941452,-3.7994394,-1.4483705,-0.9502825,0.23433733
6,335,0.44824088,-0.39368653,-3.7977743,-1.4534607,-0.95020103,0.23536667
6,336,0.44762743,-0.39411253,-3.7939844,-1.4463358,-0.9501153,0.23639579
6,337,0.44788468,-0.3943078,-3.7940035,-1.4498854,-0.9500253,0.23742467
6,338,0.44750953,-0.39383638,-3.7959166,-1.4506497,-0.9499311,0.23845331
6,339,0.4472294,-0.39519018,-3.803545,-1.451621,-0.94983256,0.2394817
6,340,0.4471308,-0.39487898,-3.7971144,-1.4501381,-0.9497298,0.24050984
6,341,0.44762814,-0.39525634,-3.7934055,-1.448781,-0.94962275,0.24153773
6,342,0.4466673,-0.39450067,-3.7865992,-1.4507279,-0.9495115,0.24256536
6,343,0.44810414,-0.39511865,-3.8012486,-1.449276,-0.949396,0.24359274
6,344,0.44758987,-0.3951853,-3.7912283,-1.4465804,-0.9492762,0.24461985
6,345,0.4477073,-0.39517856,-3.7988358,-1.449461,-0.94915223,0.2456467
6,346,0.44647813,-0.39446348,-3.8052244,-1.4468179,-0.94902396,0.24667327
6,347,0.44718575,-0.395213,-3.8034353,-1.4501529,-0.94889146,0.24769959
6,348,0.44741178,-0.39545155,-3.8059673,-1.4490023,-0.9487548,0.24872562
6,349,0.44725597,-0.39558494,-3.8064346,-1.4505692,-0.94861376,0.24975137
6,350,0.4469415,-0.39609557,-3.7998028,-1.4441891,-0.94846857,0.25077686
6,351,0.4471532,-0.39600396,-3.7974367,-1.4505849,-0.94831914,0.25180203
6,352,0.4467566,-0.39576554,-3.790144,-1.4507318,-0.9481655,0.25282693
6,353,0.4475782,-0.39614588,-3.798726,-1.4479241,-0.9480076,0.25385153
6,354,0.4464966,-0.39617532,-3.7977867,-1.446909,-0.9478454,0.25487587
6,355,0.4469235,-0.39653426,-3.8055906,-1.4504776,-0.94767904,0.25589988
6,356,0.4470905,-0.3972214,-3.793908,-1.4472528,-0.94750845,0.2569236
6,357,0.44717622,-0.39618373,-3.7965202,-1.4495864,-0.9473337,0.257947
6,358,0.44763732,-0.39660913,-3.7977772,-1.4488425,-0.94715464,0.2589701
6,359,0.44702208,-0.39699727,-3.800065,-1.4478474,-0.9469714,0.25999293
6,360,0.44719052,-0.39610374,-3.8044786,-1.4470506,-0.9467839,0.26101542
6,361,0.44710803,-0.39694524,-3.798439,-1.4487538,-0.9465922,0.26203758
6,362,0.44702017,-0.3968256,-3.7935295,-1.4479318,-0.94639635,0.2630594
6,363,0.44648027,-0.39776987,-3.8025713,-1.4446211,-0.94619626,0.26408094
6,364,0.44699967,-0.3972485,-3.8011103,-1.4480953,-0.94599193,0.26510215
6,365,0.4464686,-0.39701504,-3.7922583,-1.4451818,-0.9457834,0.26612303
6,366,0.44660366,-0.3978703,-3.7902622,-1.448298,-0.94557065,0.26714355
6,367,0.44644988,-0.39686805,-3.8109713,-1.4438934,-0.94535375,0.26816374
6,368,0.4477502,-0.39782435,-3.8076267,-1.4470744,-0.9451326,0.2691836
6,369,0.4473654,-0.39807665,-3.8132744,-1.4469213,-0.9449073,0.27020314
6,370,0.44668388,-0.39793336,-3.8071022,-1.445898,-0.94467777,0.27122232
6,371,0.44678319,-0.3977456,-3.798585,-1.4441566,-0.94444406,0.27224115
6,372,0.44556248,-0.39841503,-3.8086557,-1.4477863,-0.9442062,0.2732596
6,373,0.4464326,-0.3984493,-3.8084908,-1.4443874,-0.94396406,0.27427775
6,374,0.44651628,-0.398485,-3.8135462,-1.4431953,-0.9437178,0.2752955
6,375,0.44661677,-0.3984108,-3.8088007,-1.4469571,-0.9434673,0.2763129
6,376,0.4467168,-0.39877403,-3.8108997,-1.4451885,-0.9432126,0.27732992
6,377,0.44644964,-0.39889055,-3.7996874,-1.446496,-0.9429538,0.2783466
6,378,0.44632077,-0.39904332,-3.8029575,-1.445365,-0.94269085,0.27936292
6,379,0.44610238,-0.39821506,-3.7958565,-1.4480357,-0.94242364,0.28037882
6,380,0.44662154,-0.39896655,-3.8179016,-1.4438725,-0.94215226,0.28139436
6,381,0.44592667,-0.39962924,-3.8162498,-1.443111,-0.94187677,0.28240955
6,382,0.44622052,-0.39810032,-3.813222,-1.4473557,-0.9415971,0.28342432
6,383,0.44620156,-0.39946765,-3.8087559,-1.4472013,-0.9413132,0.28443873
6,384,0.44627333,-0.39897662,-3.811283,-1.4417167,-0.9410252,0.28545272
6,385,0.44671524,-0.399301,-3.8053083,-1.4480042,-0.940733,0.28646636
6,386,0.4460703,-0.39987588,-3.8097677,-1.4467454,-0.94043666,0.28747958
6,387,0.44629085,-0.39947188,-3.800394,-1.4473953,-0.9401362,0.28849238
6,388,0.44567227,-0.39963847,-3.8079987,-1.4413443,-0.93983155,0.2895048
6,389,0.44605565,-0.3998568,-3.8032303,-1.4470682,-0.93952274,0.29051682
6,390,0.44638753,-0.39974457,-3.8046389,-1.4431572,-0.9392098,0.2915284
6,391,0.4456097,-0.4006741,-3.8000536,-1.4409628,-0.9388927,0.2925396
6,392,0.4452169,-0.40101904,-3.807456,-1.4461784,-0.9385715,0.29355037
6,393,0.44605815,-0.4003107,-3.8068905,-1.4478683,-0.93824613,0.29456073
6,394,0.4452908,-0.40025026,-3.8138428,-1.4412289,-0.93791664,0.29557067
6,395,0.44574225,-0.40007138,-3.8152103,-1.4434948,-0.937583,0.2965802
6,396,0.4470904,-0.4004349,-3.7990856,-1.4454255,-0.93724525,0.29758927
6,397,0.4455781,-0.40054363,-3.8134794,-1.4458399,-0.93690336,0.29859793
6,398,0.4459623,-0.40077305,-3.7968655,-1.4462762,-0.9365573,0.29960614
6,399,0.44516838,-0.40104407,-3.8005667,-1.4446526,-0.9362072,0.3006139
6,400,0.44569516,-0.40102786,-3.8091688,-1.4425597,-0.9358529,0.30162126
6,401,0.44595385,-0.40044308,-3.8104906,-1.4443865,-0.93549454,0.30262816
6,402,0.4462111,-0.40156323,-3.8035698,-1.44417,-0.935132,0.3036346
6,403,0.44542313,-0.40143126,-3.8024569,-1.444325,-0.9347654,0.3046406
6,404,0.44438815,-0.4013335,-3.808072,-1.4455466,-0.9343947,0.30564615
6,405,0.44598007,-0.40172076,-3.806015,-1.4420719,-0.93401986,0.30665123
6,406,0.4459461,-0.40186816,-3.8119574,-1.4471011,-0.93364096,0.30765587
6,407,0.44531155,-0.40239483,-3.8115282,-1.441452,-0.93325794,0.30866003
6,408,0.44532132,-0.40197402,-3.817337,-1.4426479,-0.9328708,0.30966374
6,409,0.44518816,-0.40209854,-3.8171577,-1.4429822,-0.93247956,0.31066698
6,410,0.44570732,-0.4017251,-3.8108015,-1.4417968,-0.93208426,0.31166974
6,411,0.44503582,-0.40248555,-3.8185387,-1.4425554,-0.93168485,0.31267205
6,412,0.4455477,-0.40227342,-3.8145485,-1.4424977,-0.9312814,0.31367385
6,413,0.44468713,-0.40245056,-3.806491,-1.4399142,-0.9308738,0.31467518
6,414,0.44522655,-0.40242857,-3.8150196,-1.4418769,-0.9304622,0.31567603
6,415,0.44508457,-0.4031827,-3.811719,-1.43999,-0.93004644,0.31667638
6,416,0.44606352,-0.40333915,-3.8132992,-1.4428186,-0.92962664,0.31767625
6,417,0.44543505,-0.40216333,-3.808918,-1.4438615,-0.9292028,0.3186756
6,418,0.44481456,-0.4023323,-3.8186884,-1.4412637,-0.9287749,0.3196745
6,419,0.44469786,-0.40318865,-3.8158455,-1.4388413,-0.9283429,0.32067287
6,420,0.44522953,-0.40313214,-3.8136883,-1.4396906,-0.9279068,0.32167074
6,421,0.44559538,-0.40236038,-3.8120956,-1.4366784,-0.9274667,0.3226681
6,422,0.44508195,-0.40405953,-3.81285,-1.442039,-0.9270226,0.32366496
6,423,0.44506598,-0.40362668,-3.8045855,-1.4415917,-0.92657435,0.3246613
6,424,0.4444176,-0.4040687,-3.813035,-1.4385247,-0.92612207,0.32565716
6,425,0.444888,-0.40414476,-3.8090296,-1.4391336,-0.92566574,0.32665247
6,426,0.4447646,-0.4033441,-3.81499,-1.4395046,-0.9252054,0.32764724
6,427,0.44435632,-0.40390825,-3.8194122,-1.4405503,-0.924741,0.3286415
6,428,0.4440571,-0.4042604,-3.8246336,-1.4438024,-0.9242726,0.32963526
6,429,0.44441712,-0.40400887,-3.809349,-1.4385748,-0.9238001,0.33062845
6,430,0.44565773,-0.40423357,-3.8086205,-1.4376793,-0.92332363,0.33162114
6,431,0.44466913,-0.40359497,-3.811719,-1.4413457,-0.92284316,0.33261326
6,432,0.44509304,-0.4042744,-3.8124332,-1.4391456,-0.92235863,0.33360484
6,433,0.4444089,-0.4046318,-3.812622,-1.4391766,-0.92187005,0.33459592
6,434,0.44399536,-0.40506452,-3.813819,-1.4403691,-0.92137754,0.3355864
6,435,0.44481456,-0.40443712,-3.8079672,-1.4404688,-0.9208809,0.33657637
6,436,0.44511414,-0.40518206,-3.8141918,-1.4383664,-0.92038035,0.33756578
6,437,0.44429946,-0.4051363,-3.816845,-1.4380498,-0.9198758,0.33855462
6,438,0.44456458,-0.4049213,-3.820733,-1.438457,-0.9193672,0.3395429
6,439,0.44392788,-0.4050911,-3.809987,-1.4401522,-0.9188546,0.34053063
6,440,0.44525743,-0.4051445,-3.8201437,-1.4348626,-0.918338,0.34151778
6,441,0.44477057,-0.40478843,-3.8180447,-1.4365501,-0.9178175,0.34250438
6,442,0.44472456,-0.40535104,-3.8270655,-1.4394383,-0.9172929,0.3434904
6,443,0.44461906,-0.40578794,-3.8182573,-1.4386387,-0.9167644,0.34447584
6,444,0.44433653,-0.40537798,-3.8163862,-1.4358654,-0.9162319,0.3454607
6,445,0.44408202,-0.40578455,-3.8181849,-1.4389215,-0.91569537,0.34644502
6,446,0.4441117,-0.40564758,-3.814332,-1.4356508,-0.9151549,0.3474287
6,447,0.4452995,-0.4067577,-3.8119574,-1.4396653,-0.91461045,0.34841183
6,448,0.44392323,-0.4064862,-3.8202295,-1.4377365,-0.9140621,0.34939435
6,449,0.4443816,-0.4061759,-3.819889,-1.438386,-0.9135097,0.3503763
6,450,0.44451535,-0.4063095,-3.8190308,-1.4371004,-0.9129534,0.35135764
6,451,0.44360495,-0.40634233,-3.8240337,-1.4335337,-0.9123931,0.3523384
6,452,0.44428682,-0.4066221,-3.8272104,-1.4338074,-0.9118289,0.35331854
6,453,0.44352746,-0.40705812,-3.8169413,-1.4376192,-0.9112607,0.35429806
6,454,0.4431312,-0.4056828,-3.8275318,-1.4386673,-0.9106886,0.355277
6,455,0.4438058,-0.4059549,-3.8312912,-1.4371285,-0.91011256,0.35625532
6,456,0.4438485,-0.40708947,-3.8245878,-1.4374146,-0.90953255,0.35723302
6,457,0.44367516,-0.40684265,-3.830243,-1.4372039,-0.90894866,0.35821012
6,458,0.44332767,-0.40792304,-3.816496,-1.4378204,-0.9083608,0.35918656
6,459,0.4448614,-0.40724206,-3.826521,-1.4366145,-0.907769,0.3601624
6,460,0.44438803,-0.407067,-3.8147888,-1.4354115,-0.90717334,0.36113763
6,461,0.44410694,-0.40738386,-3.82617,-1.4354734,-0.9065737,0.36211222
6,462,0.44338667,-0.40850765,-3.8286629,-1.4351935,-0.9059702,0.3630862
6,463,0.4435829,-0.40731573,-3.8163624,-1.4339824,-0.9053628,0.3640595
6,464,0.4428439,-0.408131,-3.818697,-1.4364057,-0.9047515,0.3650322
6,465,0.44314587,-0.40783894,-3.809451,-1.4363184,-0.90413624,0.36600423
6,466,0.442863,-0.4084646,-3.8214998,-1.4363976,-0.90351707,0.36697564
6,467,0.44400465,-0.40792787,-3.8277073,-1.4350333,-0.9028941,0.3679464
6,468,0.4430399,-0.4078406,-3.821354,-1.432816,-0.90226716,0.36891648
6,469,0.44369435,-0.4083315,-3.82269,-1.4352517,-0.90163636,0.36988592
6,470,0.4429165,-0.4082219,-3.8250685,-1.4359493,-0.9010017,0.3708547
6,471,0.44206858,-0.40825593,-3.8172836,-1.4335318,-0.90036315,0.37182283
6,472,0.44293225,-0.4079066,-3.8202448,-1.4369907,-0.89972067,0.3727903
6,473,0.4434811,-0.40915185,-3.8154707,-1.434969,-0.8990744,0.37375712
6,474,0.44350874,-0.40868735,-3.8247309,-1.4345131,-0.8984242,0.37472326
6,475,0.44285488,-0.40886426,-3.826869,-1.4353285,-0.8977702,0.3756887
6,476,0.4431424,-0.40870142,-3.8259478,-1.4328985,-0.8971123,0.3766535
6,477,0.443308,-0.40994096,-3.830594,-1.4308176,-0.8964506,0.37761763
6,478,0.4430877,-0.4088363,-3.8274326,-1.4361291,-0.89578503,0.37858105
6,479,0.4425875,-0.40959656,-3.8225613,-1.4303131,-0.8951156,0.37954378
6,480,0.44253123,-0.40936947,-3.819621,-1.4374156,-0.8944423,0.38050586
6,481,0.44301808,-0.40913463,-3.8225117,-1.4331374,-0.8937653,0.38146722
6,482,0.4433757,-0.40945715,-3.8379803,-1.4339266,-0.8930843,0.3824279
6,483,0.44284356,-0.41007614,-3.8186407,-1.4331212,-0.89239955,0.3833879
6,484,0.44272923,-0.40994167,-3.8224506,-1.433794,-0.891711,0.38434717
6,485,0.44334006,-0.40996903,-3.8228426,-1.4328303,-0.89101857,0.38530576
6,486,0.4421395,-0.41027093,-3.824854,-1.433218,-0.8903224,0.38626364
6,487,0.44383192,-0.40999943,-3.8281384,-1.4320316,-0.88962233,0.38722083
6,488,0.44291973,-0.41030025,-3.8285227,-1.4320135,-0.8889185,0.3881773
6,489,0.44259274,-0.41055268,-3.830285,-1.433784,-0.8882109,0.38913304
6,490,0.44291294,-0.41058052,-3.8305635,-1.4331446,-0.88749945,0.39008808
6,491,0.4425876,-0.40968317,-3.8212194,-1.4315205,-0.88678426,0.3910424
6,492,0.44225562,-0.4105286,-3.8342009,-1.4343882,-0.88606524,0.391996
6,493,0.44292223,-0.4116664,-3.828168,-1.4328418,-0.8853424,0.39294887
6,494,0.44206822,-0.41060865,-3.8241568,-1.4336295,-0.88461584,0.393901
6,495,0.44336033,-0.41028744,-3.8290462,-1.4358811,-0.8838855,0.39485243
6,496,0.4427886,-0.4111703,-3.827197,-1.4329576,-0.88315135,0.3958031
6,497,0.44229162,-0.4108246,-3.8325634,-1.4327445,-0.8824135,0.39675304
6,498,0.4419161,-0.41123092,-3.8291445,-1.4345322,-0.88167185,0.39770225
6,499,0.4421394,-0.41195112,-3.8415747,-1.4282832,-0.88092643,0.3986507
6,500,0.4420612,-0.41084778,-3.8319511,-1.4300475,-0.88017726,0.39959842
6,501,0.44207346,-0.41151762,-3.832014,-1.4320903,-0.8794244,0.4005454
6,502,0.44283342,-0.4111014,-3.8223124,-1.429708,-0.8786677,0.40149158
6,503,0.44205832,-0.41198307,-3.8288736,-1.4301438,-0.87790734,0.40243706
6,504,0.44216943,-0.41105992,-3.8288126,-1.430059,-0.8771432,0.40338176
6,505,0.44174612,-0.4115162,-3.8440866,-1.4339719,-0.8763753,0.4043257
6,506,0.44224942,-0.41173488,-3.830905,-1.4313817,-0.87560374,0.40526888
6,507,0.44318604,-0.41227746,-3.8304024,-1.4302101,-0.87482846,0.4062113
6,508,0.4418795,-0.41240662,-3.8404293,-1.4316597,-0.8740494,0.40715292
6,509,0.44276857,-0.41214645,-3.8317509,-1.4306746,-0.8732667,0.4080938
6,510,0.44216645,-0.41176903,-3.8232183,-1.4304523,-0.8724802,0.4090339
6,511,0.44255686,-0.4123333,-3.8327847,-1.431509,-0.8716901,0.40997323
6,512,0.44237828,-0.41243672,-3.8275795,-1.4285979,-0.8708962,0.41091177
6,513,0.44194448,-0.412692,-3.829113,-1.4305773,-0.8700987,0.41184953
6,514,0.44239032,-0.41212928,-3.8356247,-1.4321494,-0.8692975,0.41278648
6,515,0.44147527,-0.4129625,-3.839158,-1.4299922,-0.86849254,0.41372266
6,516,0.44206226,-0.41291755,-3.830471,-1.4296288,-0.86768395,0.41465807
6,517,0.44259953,-0.4132614,-3.8333464,-1.4275146,-0.8668717,0.41559267
6,518,0.44194543,-0.4132356,-3.8317394,-1.4323268,-0.8660558,0.41652647
6,519,0.44116187,-0.41329622,-3.8333988,-1.428628,-0.86523616,0.41745946
6,520,0.4418236,-0.41295493,-3.8372898,-1.4271965,-0.8644129,0.41839164
6,521,0.44187427,-0.41385865,-3.8434172,-1.4281173,-0.863586,0.41932303
6,522,0.44163895,-0.41372746,-3.8209343,-1.4257941,-0.8627554,0.4202536
6,523,0.4411782,-0.41357523,-3.8378544,-1.4301147,-0.8619212,0.42118338
6,524,0.44149113,-0.41432965,-3.8282633,-1.4322796,-0.8610833,0.42211235
6,525,0.4414245,-0.41369975,-3.8283262,-1.4287276,-0.86024183,0.42304048
6,526,0.4423766,-0.4137246,-3.8331604,-1.4270463,-0.85939676,0.42396778
6,527,0.44084156,-0.41341776,-3.8309135,-1.4270191,-0.858548,0.42489427
6,528,0.44176483,-0.41423404,-3.8349562,-1.4258227,-0.8576956,0.42581993
6,529,0.44136143,-0.41401166,-3.8405685,-1.4252315,-0.8568396,0.42674476
6,530,0.441136,-0.41392577,-3.8307562,-1.4291439,-0.85598004,0.42766878
6,531,0.44018018,-0.41498542,-3.8369637,-1.4321198,-0.8551168,0.42859194
6,532,0.44087982,-0.4142875,-3.830062,-1.4279904,-0.85425,0.42951426
6,533,0.44084466,-0.41476536,-3.8394146,-1.4253292,-0.8533796,0.43043575
6,534,0.44127452,-0.41483593,-3.8433447,-1.428987,-0.85250556,0.4313564
6,535,0.44209003,-0.4151585,-3.8408613,-1.4279122,-0.851628,0.4322762
6,536,0.44152498,-0.41466874,-3.8451176,-1.4243073,-0.8507468,0.43319514
6,537,0.4413905,-0.41451788,-3.8337488,-1.4229546,-0.8498621,0.43411323
6,538,0.44122493,-0.41493392,-3.8353481,-1.424407,-0.84897375,0.4350305
6,539,0.44112802,-0.41493917,-3.8414392,-1.4257913,-0.8480819,0.43594688
6,540,0.44142485,-0.41559225,-3.8441114,-1.4241037,-0.84718645,0.4368624
6,541,0.44047046,-0.41560972,-3.8359232,-1.4253926,-0.8462874,0.43777707
6,542,0.44090307,-0.4150282,-3.8337622,-1.4237909,-0.8453849,0.43869084
6,543,0.44077563,-0.4149803,-3.8362036,-1.4273939,-0.8444788,0.43960378
6,544,0.44066215,-0.41551018,-3.8333864,-1.4273682,-0.8435691,0.44051585
6,545,0.44064403,-0.41610187,-3.8385334,-1.4260793,-0.84265596,0.44142702
6,546,0.44106483,-0.41648275,-3.8379679,-1.426868,-0.84173924,0.44233733
6,547,0.44098353,-0.4165982,-3.835456,-1.4225512,-0.840819,0.44324675
6,548,0.44000983,-0.41630614,-3.8397818,-1.4248414,-0.83989525,0.4441553
6,549,0.4411323,-0.41615146,-3.8302412,-1.4243045,-0.838968,0.44506294
6,550,0.4408301,-0.41607684,-3.843999,-1.4268036,-0.8380372,0.44596973
6,551,0.43992174,-0.4168179,-3.8437157,-1.4270487,-0.8371029,0.4468756
6,552,0.44041085,-0.41553605,-3.8312368,-1.4219174,-0.8361651,0.44778058
6,553,0.44149554,-0.41635978,-3.8406649,-1.4252515,-0.8352238,0.44868466
6,554,0.4409523,-0.41672057,-3.8389359,-1.4268126,-0.83427906,0.44958785
6,555,0.44053125,-0.41654295,-3.8416462,-1.4293838,-0.83333075,0.45049015
6,556,0.4405898,-0.41674954,-3.8362932,-1.4273252,-0.83237904,0.45139152
6,557,0.44018567,-0.41692537,-3.8314295,-1.4308424,-0.8314238,0.452292
6,558,0.4400711,-0.4170339,-3.8353996,-1.4241376,-0.83046514,0.45319155
6,559,0.4406216,-0.41723204,-3.8387833,-1.421721,-0.829503,0.4540902
6,560,0.4399991,-0.41762704,-3.8382692,-1.4218364,-0.8285374,0.45498794
6,561,0.44005394,-0.416911,-3.8378868,-1.4210868,-0.82756835,0.45588475
6,562,0.43958187,-0.41620278,-3.8507261,-1.4216857,-0.82659584,0.45678064
6,563,0.43977523,-0.41760147,-3.8410063,-1.4252954,-0.8256199,0.45767564
6,564,0.44002545,-0.41748095,-3.8452377,-1.4240437,-0.8246405,0.45856968
6,565,0.4403839,-0.41783082,-3.8322582,-1.4196053,-0.8236577,0.4594628
6,566,0.44002068,-0.41741753,-3.832613,-1.4208312,-0.8226715,0.46035495
6,567,0.4400227,-0.41816235,-3.8410864,-1.4236069,-0.8216818,0.46124622
6,568,0.43923008,-0.41772026,-3.8471851,-1.4263344,-0.8206887,0.4621365
6,569,0.4393587,-0.4178812,-3.8533907,-1.4196997,-0.81969225,0.4630259
6,570,0.4400766,-0.41744506,-3.8453693,-1.4254718,-0.8186923,0.4639143
6,571,0.43982613,-0.41811997,-3.8458672,-1.4204073,-0.81768906,0.4648018
6,572,0.4411614,-0.41876584,-3.8350315,-1.4218621,-0.8166824,0.46568832
6,573,0.4392749,-0.41796893,-3.8394566,-1.4224987,-0.81567234,0.4665739
6,574,0.43936574,-0.41852307,-3.8380375,-1.4262018,-0.8146589,0.46745855
6,575,0.43970537,-0.4183271,-3.8292665,-1.4192324,-0.8136421,0.4683422
6,576,0.43949234,-0.41868263,-3.8354082,-1.4201541,-0.81262183,0.46922493
6,577,0.43970942,-0.41838676,-3.8481379,-1.4225531,-0.8115983,0.47010666
6,578,0.43969405,-0.41949195,-3.8405495,-1.4228377,-0.8105714,0.47098744
6,579,0.43869662,-0.41889417,-3.83432,-1.4252858,-0.8095411,0.47186726
6,580,0.43934464,-0.41960937,-3.8427048,-1.4189911,-0.8085075,0.4727461
6,581,0.43883395,-0.41927445,-3.8383665,-1.4229236,-0.8074705,0.473624
6,582,0.43987226,-0.4183764,-3.8431683,-1.4196081,-0.8064302,0.4745009
6,583,0.4391836,-0.4187919,-3.840146,-1.4239812,-0.8053866,0.4753768
6,584,0.4400108,-0.41890293,-3.8457136,-1.4217081,-0.80433965,0.47625175
6,585,0.43908882,-0.4201237,-3.8426046,-1.4224367,-0.80328935,0.4771257
6,586,0.43866897,-0.41968018,-3.8461866,-1.417963,-0.8022357,0.47799867
6,587,0.43895578,-0.42020094,-3.851387,-1.4231658,-0.8011788,0.47887066
6,588,0.43911576,-0.41966873,-3.8527708,-1.4194322,-0.8001186,0.47974166
6,589,0.43883836,-0.41946882,-3.8424873,-1.423099,-0.7990551,0.48061165
6,590,0.43858016,-0.42006147,-3.8412151,-1.4178648,-0.7979883,0.48148066
6,591,0.43869746,-0.41978782,-3.8444557,-1.4270511,-0.7969182,0.48234865
6,592,0.44006848,-0.42017972,-3.8489313,-1.4175539,-0.79584485,0.48321566
6,593,0.43957782,-0.42023057,-3.8477383,-1.4172616,-0.7947682,0.48408166
6,594,0.43998528,-0.42056578,-3.8602629,-1.4222269,-0.7936883,0.48494664
6,595,0.43924677,-0.42127413,-3.8343935,-1.4204111,-0.79260516,0.4858106
6,596,0.43940175,-0.42015618,-3.8548832,-1.4167185,-0.7915187,0.4866736
6,597,0.43936634,-0.4202835,-3.8497849,-1.4176497,-0.790429,0.48753554
6,598,0.43834007,-0.42096967,-3.842926,-1.4218802,-0.7893361,0.48839647
6,599,0.43938386,-0.42044228,-3.839964,-1.417655,-0.7882399,0.48925638
6,600,0.43906534,-0.4207915,-3.8432922,-1.4200749,-0.7871405,0.49011528
6,601,0.43867028,-0.4209643,-3.8485851,-1.4166274,-0.78603786,0.49097314
6,602,0.4386375,-0.4208007,-3.854745,-1.4147911,-0.784932,0.49183
6,603,0.4389218,-0.4215634,-3.8510838,-1.414259,-0.78382295,0.4926858
6,604,0.43894017,-0.42174625,-3.8680668,-1.4180088,-0.7827107,0.49354059
6,605,0.43864286,-0.42166293,-3.8574448,-1.4128385,-0.7815952,0.4943943
6,606,0.4384619,-0.4217919,-3.851777,-1.421596,-0.7804765,0.495247
6,607,0.4381256,-0.42186332,-3.8482666,-1.4183784,-0.77935463,0.49609867
6,608,0.4382732,-0.4221292,-3.847907,-1.4178634,-0.77822953,0.4969493
6,609,0.4384408,-0.42180288,-3.8526802,-1.4186144,-0.7771013,0.49779886
6,610,0.4383093,-0.42141122,-3.8344326,-1.4122224,-0.77596986,0.4986474
6,611,0.43858778,-0.42179292,-3.8489828,-1.4170475,-0.7748352,0.49949488
6,612,0.43854535,-0.420461,-3.8422403,-1.4213514,-0.7736975,0.5003413
6,613,0.43846774,-0.422435,-3.8429632,-1.4171653,-0.7725566,0.50118667
6,614,0.43820894,-0.4219796,-3.8606195,-1.4174361,-0.7714125,0.50203097
6,615,0.43782842,-0.42278707,-3.851101,-1.4161572,-0.7702653,0.5028742
6,616,0.4381051,-0.4213662,-3.8482447,-1.4161353,-0.7691149,0.5037164
6,617,0.43819606,-0.42198354,-3.8471394,-1.4162989,-0.76796144,0.5045575
6,618,0.43761337,-0.4225579,-3.8454638,-1.4190297,-0.7668048,0.50539756
6,619,0.43778503,-0.42205006,-3.8574295,-1.4140682,-0.7656451,0.5062365
6,620,0.43801343,-0.42306966,-3.8538475,-1.4159575,-0.76448226,0.5070744
6,621,0.43746197,-0.42329735,-3.8496027,-1.4165988,-0.7633163,0.50791126
6,622,0.43831027,-0.4236356,-3.839942,-1.4095974,-0.7621472,0.508747
6,623,0.43833494,-0.42290843,-3.85528,-1.4152408,-0.760975,0.5095816
6,624,0.43757153,-0.42369515,-3.8574982,-1.4188619,-0.7597998,0.51041526
6,625,0.4373324,-0.42326105,-3.8499727,-1.4143033,-0.75862145,0.51124775
6,626,0.43843496,-0.42262888,-3.8600874,-1.4129925,-0.75744003,0.5120791
6,627,0.43775213,-0.42309785,-3.860403,-1.4141774,-0.7562555,0.5129095
6,628,0.43777525,-0.42290825,-3.8492222,-1.4109354,-0.75506794,0.5137387
6,629,0.43793702,-0.4243753,-3.8525896,-1.4124055,-0.75387734,0.5145668
6,630,0.43768382,-0.42338276,-3.8594341,-1.4133515,-0.75268364,0.5153938
6,631,0.43834567,-0.42306036,-3.8467846,-1.4131904,-0.7514869,0.51621974
6,632,0.43764913,-0.42386335,-3.8499556,-1.4113736,-0.7502872,0.51704454
6,633,0.43740177,-0.42269886,-3.8447256,-1.411109,-0.74908435,0.5178683
6,634,0.43790746,-0.42392665,-3.8502293,-1.4129248,-0.7478785,0.5186909
6,635,0.43690073,-0.42445695,-3.8466454,-1.4138527,-0.74666965,0.51951236
6,636,0.43743145,-0.4239899,-3.8483467,-1.4121828,-0.74545777,0.52033275
6,637,0.43705904,-0.4243939,-3.849638,-1.4110451,-0.7442429,0.521152
6,638,0.43687224,-0.42416227,-3.8466463,-1.4114671,-0.743025,0.52197015
6,639,0.43660092,-0.42425597,-3.86275,-1.4124951,-0.7418041,0.5227872
6,640,0.43674684,-0.42459047,-3.8627672,-1.4093823,-0.7405802,0.5236031
6,641,0.43696642,-0.42542893,-3.8467321,-1.4136939,-0.73935336,0.5244179
6,642,0.4370327,-0.42483997,-3.8571625,-1.4114146,-0.7381235,0.52523154
6,643,0.43643725,-0.42466938,-3.8479567,-1.4115176,-0.7368907,0.526044
6,644,0.43776882,-0.42484725,-3.8638563,-1.4100208,-0.7356549,0.5268554
6,645,0.4365555,-0.42472702,-3.8635855,-1.4090605,-0.7344161,0.5276657
6,646,0.43639076,-0.42518264,-3.8560925,-1.4098,-0.7331744,0.5284748
6,647,0.43707287,-0.42491627,-3.847168,-1.4142475,-0.7319297,0.52928275
6,648,0.43683875,-0.4252168,-3.8563004,-1.4106579,-0.73068213,0.5300896
6,649,0.43631327,-0.42542672,-3.8596325,-1.4105558,-0.7294316,0.5308953
6,650,0.43722224,-0.42495978,-3.8580866,-1.4134173,-0.72817814,0.53169984
6,651,0.43625164,-0.42590415,-3.8606148,-1.4114084,-0.72692174,0.5325032
6,652,0.43620646,-0.4256739,-3.852231,-1.4127636,-0.72566247,0.5333054
6,653,0.43639708,-0.4257264,-3.8513288,-1.4112287,-0.7244002,0.5341065
6,654,0.43570817,-0.42552453,-3.8522396,-1.4138274,-0.7231351,0.53490645
6,655,0.43687582,-0.42597538,-3.8543396,-1.4116473,-0.7218671,0.5357052
6,656,0.43728244,-0.42515075,-3.8453598,-1.4077015,-0.7205962,0.5365028
6,657,0.4368285,-0.42584842,-3.8546124,-1.4112296,-0.7193224,0.5372992
6,658,0.43583965,-0.4269619,-3.8490276,-1.4071617,-0.7180457,0.5380945
6,659,0.43618703,-0.4266762,-3.8504257,-1.4096928,-0.7167662,0.53888863
6,660,0.4363898,-0.42622477,-3.852685,-1.4090476,-0.7154837,0.53968155
6,661,0.4361379,-0.42601496,-3.8596516,-1.4039373,-0.71419847,0.5404733
6,662,0.43625367,-0.42592925,-3.8638391,-1.4089379,-0.71291035,0.5412639
6,663,0.4363718,-0.42631376,-3.8629684,-1.4098282,-0.7116194,0.5420533
6,664,0.43639886,-0.42673635,-3.8556795,-1.4107771,-0.71032554,0.5428415
6,665,0.43576062,-0.4272017,-3.8584576,-1.4086857,-0.7090289,0.5436286
6,666,0.43615413,-0.4260319,-3.859909,-1.4082723,-0.70772946,0.5444144
6,667,0.43590665,-0.42681664,-3.8590145,-1.4092212,-0.70642716,0.5451991
6,668,0.4367664,-0.4263156,-3.854597,-1.4077368,-0.70512205,0.54598254
6,669,0.4364394,-0.42663145,-3.85464,-1.4091344,-0.70381415,0.54676485
6,670,0.4354831,-0.42615962,-3.8548918,-1.4106717,-0.70250344,0.54754597
6,671,0.43606448,-0.42659223,-3.8457375,-1.4090519,-0.7011899,0.54832584
6,672,0.43534482,-0.42703795,-3.8491096,-1.4108529,-0.6998736,0.5491045
6,673,0.43596935,-0.42794478,-3.8576517,-1.4064417,-0.6985545,0.54988205
6,674,0.43594968,-0.42751753,-3.8706255,-1.4117527,-0.69723266,0.55065835
6,675,0.4357102,-0.42830473,-3.855672,-1.4100552,-0.69590807,0.55143344
6,676,0.435457,-0.42662168,-3.865862,-1.4043317,-0.6945807,0.5522073
6,677,0.4356774,-0.42796534,-3.8537722,-1.4100852,-0.69325054,0.55297995
6,678,0.43497813,-0.42807657,-3.8647432,-1.407763,-0.69191766,0.5537514
6,679,0.4356017,-0.42777884,-3.8634663,-1.4112897,-0.69058204,0.5545217
6,680,0.4351952,-0.42801946,-3.8620148,-1.4056492,-0.6892437,0.5552907
6,681,0.4356115,-0.42773086,-3.8630152,-1.4079237,-0.68790257,0.55605847
6,682,0.43587315,-0.427723,-3.8597717,-1.4046803,-0.6865588,0.55682504
6,683,0.4350642,-0.42839926,-3.8645554,-1.4083223,-0.68521225,0.5575904
6,684,0.43576014,-0.42828834,-3.859272,-1.4061561,-0.683863,0.55835456
6,685,0.43565023,-0.42835623,-3.8575764,-1.4085684,-0.68251103,0.55911744
6,686,0.43572652,-0.42822444,-3.857172,-1.4036107,-0.6811564,0.5598791
6,687,0.4352051,-0.42921817,-3.859686,-1.4032607,-0.6797991,0.56063956
6,688,0.4350345,-0.42917246,-3.8532877,-1.4047122,-0.6784391,0.5613988
6,689,0.43525314,-0.42914557,-3.8611946,-1.4071069,-0.6770764,0.56215674
6,690,0.43548405,-0.42902738,-3.8681583,-1.4041567,-0.67571104,0.5629135
6,691,0.4351349,-0.42945528,-3.8687983,-1.4066343,-0.67434305,0.56366897
6,692,0.43509483,-0.4291458,-3.8600721,-1.405221,-0.6729724,0.5644232
6,693,0.43455434,-0.42878222,-3.8604708,-1.4040585,-0.6715991,0.5651762
6,694,0.4347167,-0.42901534,-3.8659258,-1.4062066,-0.6702231,0.565928
6,695,0.43448985,-0.42968535,-3.8584318,-1.4039946,-0.6688445,0.56667846
6,696,0.43482554,-0.42968994,-3.861682,-1.4054427,-0.6674633,0.5674277
6,697,0.43450892,-0.42931604,-3.862257,-1.4054732,-0.66607946,0.5681757
6,698,0.4353248,-0.4301622,-3.8679762,-1.4038849,-0.664693,0.5689224
6,699,0.4345224,-0.42978525,-3.85989,-1.402174,-0.663304,0.5696679
6,700,0.43368948,-0.42918342,-3.8656464,-1.4041815,-0.66191226,0.5704121
6,701,0.43428886,-0.4304021,-3.8588467,-1.4021506,-0.66051805,0.5711551
6,702,0.43437397,-0.4298035,-3.8631535,-1.4032364,-0.65912116,0.57189673
6,703,0.4352219,-0.43015385,-3.8633718,-1.4038525,-0.65772176,0.57263714
6,704,0.43403757,-0.42970824,-3.8669214,-1.4033804,-0.65631974,0.5733763
6,705,0.4334792,-0.43040377,-3.8628483,-1.4071598,-0.65491515,0.57411414
6,706,0.43430746,-0.4301933,-3.8659353,-1.4007616,-0.65350807,0.57485074
6,707,0.43472147,-0.43077475,-3.8525047,-1.3995094,-0.65209836,0.5755861
6,708,0.43424833,-0.43001992,-3.8455954,-1.4044709,-0.65068614,0.5763201
6,709,0.43487513,-0.4305299,-3.8617964,-1.4025044,-0.64927137,0.5770529
6,710,0.43435645,-0.43130374,-3.8583088,-1.4000397,-0.6478541,0.57778436
6,711,0.43438232,-0.43069392,-3.8625317,-1.4000034,-0.64643425,0.5785146
6,712,0.43461525,-0.4302473,-3.859435,-1.4023557,-0.6450119,0.5792435
6,713,0.43410444,-0.4303862,-3.868637,-1.4012942,-0.64358705,0.5799711
6,714,0.43456936,-0.43057704,-3.8677855,-1.4006314,-0.64215964,0.5806974
6,715,0.43492115,-0.43087,-3.861699,-1.3988757,-0.6407298,0.58142245
6,716,0.4337361,-0.43076468,-3.861867,-1.4019017,-0.6392974,0.58214617
6,717,0.4346807,-0.43084222,-3.8623314,-1.3983684,-0.63786256,0.58286864
6,718,0.43386078,-0.4318987,-3.854455,-1.3989716,-0.63642526,0.5835898
6,719,0.4339311,-0.4315052,-3.8544798,-1.4007325,-0.63498545,0.5843096
6,720,0.43380034,-0.4308936,-3.8534164,-1.4000444,-0.6335432,0.5850281
6,721,0.43379343,-0.43152422,-3.8649397,-1.4010162,-0.6320985,0.5857454
6,722,0.43403864,-0.43071806,-3.871994,-1.3981681,-0.63065135,0.5864613
6,723,0.43505323,-0.43144083,-3.8686705,-1.4038868,-0.6292017,0.5871759
6,724,0.433954,-0.43172675,-3.8622875,-1.4016914,-0.6277497,0.5878892
6,725,0.43294704,-0.4310944,-3.862152,-1.397378,-0.6262952,0.5886012
6,726,0.43387687,-0.43270588,-3.8736773,-1.3995762,-0.6248383,0.58931184
6,727,0.43404865,-0.43192375,-3.8603506,-1.4026966,-0.623379,0.5900212
6,728,0.43289244,-0.43247294,-3.8707209,-1.3995962,-0.62191725,0.59072924
6,729,0.43398452,-0.432092,-3.8699656,-1.3997488,-0.6204532,0.59143597
6,730,0.43371856,-0.43192178,-3.8720942,-1.3979292,-0.6189866,0.59214133
6,731,0.43315315,-0.4322763,-3.870758,-1.3968825,-0.6175177,0.5928454
6,732,0.4329915,-0.43142915,-3.8684692,-1.3959608,-0.6160464,0.5935481
6,733,0.43295753,-0.43227208,-3.859395,-1.395535,-0.61457276,0.5942495
6,734,0.43258,-0.43267918,-3.8600874,-1.4002161,-0.6130968,0.59494954
6,735,0.4328308,-0.4331901,-3.866662,-1.3972664,-0.61161834,0.5956483
6,736,0.43310952,-0.43285984,-3.8683739,-1.4013767,-0.61013764,0.5963457
6,737,0.43373203,-0.43351674,-3.8577604,-1.3990803,-0.60865456,0.5970417
6,738,0.43251085,-0.43238306,-3.8593092,-1.3967528,-0.6071691,0.5977365
6,739,0.43372297,-0.43256062,-3.873375,-1.4008012,-0.60568136,0.59842986
6,740,0.4334172,-0.43277806,-3.8628454,-1.3997879,-0.60419124,0.59912187
6,741,0.4326229,-0.43252414,-3.8820105,-1.3963504,-0.60269886,0.59981257
6,742,0.4328426,-0.43302494,-3.8716335,-1.3982253,-0.60120416,0.6005019
6,743,0.43284,-0.43328547,-3.8698654,-1.3948898,-0.5997071,0.60118985
6,744,0.4331268,-0.43296337,-3.8706617,-1.3992581,-0.59820783,0.6018765
6,745,0.43308783,-0.43365413,-3.8713236,-1.4012394,-0.5967062,0.6025618
6,746,0.4328195,-0.4336083,-3.8702602,-1.3971939,-0.5952023,0.60324574
6,747,0.4328674,-0.43397218,-3.869732,-1.3985944,-0.5936962,0.60392827
6,748,0.43291557,-0.43375605,-3.8708973,-1.3953323,-0.59218776,0.6046095
6,749,0.4327953,-0.4346205,-3.8799896,-1.3958082,-0.5906771,0.60528934
6,750,0.43252838,-0.43411595,-3.8652306,-1.3936048,-0.58916414,0.6059678
6,751,0.43290675,-0.43440992,-3.8736362,-1.3941526,-0.5876489,0.6066449
6,752,0.4331571,-0.43366182,-3.8669949,-1.3924975,-0.5861315,0.60732067
6,753,0.4320613,-0.4343062,-3.878872,-1.3965797,-0.58461183,0.60799503
6,754,0.4314375,-0.43404377,-3.8667517,-1.3987885,-0.58308995,0.608668
6,755,0.4327562,-0.43418097,-3.875042,-1.394382,-0.58156586,0.60933965
6,756,0.43226802,-0.43434072,-3.8626328,-1.3951173,-0.5800395,0.6100099
6,757,0.43274736,-0.43380708,-3.880848,-1.3942375,-0.578511,0.6106788
6,758,0.4329914,-0.4344201,-3.86697,-1.391921,-0.5769803,0.6113463
6,759,0.43213952,-0.4346357,-3.8706455,-1.3946915,-0.5754474,0.6120124
6,760,0.43147433,-0.43411887,-3.8836527,-1.3934417,-0.57391226,0.61267716
6,761,0.43240368,-0.43473625,-3.8752832,-1.3982959,-0.572375,0.6133405
6,762,0.43212473,-0.43424696,-3.85853,-1.3952141,-0.5708356,0.61400247
6,763,0.43322575,-0.43441808,-3.8684168,-1.394546,-0.569294,0.61466306
6,764,0.43250883,-0.43516648,-3.8709126,-1.3925943,-0.5677502,0.61532223
6,765,0.43273067,-0.4356562,-3.8679552,-1.3917294,-0.5662043,0.61598
6,766,0.43150282,-0.4361109,-3.8644962,-1.3939109,-0.56465626,0.6166364
6,767,0.43212903,-0.43539613,-3.8657722,-1.3904133,-0.5631061,0.6172914
6,768,0.4323858,-0.43557227,-3.8651237,-1.3906808,-0.5615538,0.617945
6,769,0.4317361,-0.43541944,-3.8759556,-1.3918085,-0.5599994,0.6185972
6,770,0.43200505,-0.43564636,-3.8744555,-1.3920856,-0.55844283,0.61924803
6,771,0.43187428,-0.43582392,-3.8700476,-1.3897271,-0.5568842,0.6198974
6,772,0.43165588,-0.43593943,-3.875822,-1.39152,-0.5553235,0.62054545
6,773,0.43203342,-0.43499196,-3.8757963,-1.3916807,-0.55376065,0.62119204
6,774,0.43192005,-0.43589592,-3.872448,-1.3936019,-0.5521958,0.6218372
6,775,0.43174362,-0.43610084,-3.8681831,-1.3917007,-0.5506288,0.622481
6,776,0.43160057,-0.4351874,-3.8688784,-1.3912382,-0.54905975,0.62312335
6,777,0.4308772,-0.4357463,-3.8667822,-1.3915658,-0.54748863,0.6237643
6,778,0.4313115,-0.43567276,-3.8716784,-1.3888564,-0.5459155,0.6244038
6,779,0.4323125,-0.4356156,-3.878829,-1.3920245,-0.54434025,0.6250419
6,780,0.43143845,-0.43679988,-3.8718052,-1.3904915,-0.54276305,0.6256786
6,781,0.43159056,-0.43643594,-3.8778362,-1.3922787,-0.54118377,0.62631387
6,782,0.43130624,-0.43631828,-3.8705263,-1.3864155,-0.53960246,0.6269477
6,783,0.4310844,-0.43638796,-3.875413,-1.388958,-0.5380191,0.62758017
6,784,0.4315387,-0.43606454,-3.8675385,-1.3922663,-0.5364338,0.62821114
6,785,0.43188512,-0.43587202,-3.8806725,-1.3862762,-0.5348465,0.6288407
6,786,0.43101323,-0.43686187,-3.8711872,-1.3851404,-0.5332572,0.62946886
6,787,0.43116045,-0.43689376,-3.865098,-1.392693,-0.53166586,0.63009554
6,788,0.43074393,-0.4368655,-3.871953,-1.3922071,-0.53007257,0.6307208
6,789,0.4306779,-0.43640178,-3.8736477,-1.392323,-0.52847725,0.6313447
6,790,0.43109512,-0.43671834,-3.8716545,-1.387476,-0.52688,0.63196707
6,791,0.43100202,-0.43663585,-3.8726912,-1.3889127,-0.52528083,0.632588
6,792,0.4307381,-0.43700224,-3.8804607,-1.3876791,-0.52367973,0.63320756
6,793,0.43088937,-0.43585908,-3.8692951,-1.3893461,-0.5220766,0.6338256
6,794,0.43097556,-0.43725622,-3.8864326,-1.3896923,-0.5204716,0.63444227
6,795,0.43115902,-0.43810105,-3.8726416,-1.3906846,-0.51886463,0.63505745
6,796,0.43128216,-0.4375556,-3.8751726,-1.3872089,-0.5172557,0.6356712
6,797,0.43080842,-0.43765086,-3.8777666,-1.3871684,-0.51564497,0.63628346
6,798,0.43008137,-0.43780917,-3.8713017,-1.3902335,-0.51403224,0.63689435
6,799,0.43063343,-0.4376285,-3.8685913,-1.3847003,-0.5124176,0.63750374
6,800,0.43049562,-0.43793738,-3.8858786,-1.388494,-0.51080114,0.63811165
6,801,0.4309628,-0.43760848,-3.8730679,-1.3856936,-0.50918275,0.6387181
6,802,0.43092203,-0.4379388,-3.8729897,-1.3879933,-0.5075625,0.6393232
6,803,0.43035984,-0.43901223,-3.8707857,-1.3846478,-0.5059404,0.63992673
6,804,0.43024457,-0.437254,-3.870593,-1.3842831,-0.50431633,0.64052886
6,805,0.43052387,-0.43822914,-3.8725538,-1.3881049,-0.5026905,0.6411295
6,806,0.43043518,-0.43852025,-3.8793106,-1.3862414,-0.5010628,0.64172864
6,807,0.43022478,-0.43739682,-3.8702154,-1.3855591,-0.49943325,0.64232635
6,808,0.43060398,-0.4386708,-3.881588,-1.3887491,-0.49780187,0.64292264
6,809,0.4303552,-0.43857127,-3.8722792,-1.3857999,-0.49616867,0.64351743
6,810,0.4304713,-0.43878353,-3.8766031,-1.3820815,-0.49453363,0.64411074
6,811,0.43109846,-0.4386087,-3.8745632,-1.3856072,-0.4928968,0.64470255
6,812,0.4297186,-0.43888426,-3.8814344,-1.3884568,-0.49125814,0.64529294
6,813,0.43046927,-0.43862313,-3.867363,-1.3853087,-0.4896177,0.64588183
6,814,0.43011975,-0.43918407,-3.8759356,-1.3839345,-0.48797545,0.64646924
6,815,0.4299382,-0.4393943,-3.878005,-1.385869,-0.48633143,0.64705515
6,816,0.43008256,-0.43951446,-3.8768473,-1.3871565,-0.48468563,0.64763963
6,817,0.42997336,-0.4391731,-3.884553,-1.3838878,-0.48303807,0.64822257
6,818,0.43014908,-0.4393776,-3.8825493,-1.3840966,-0.48138875,0.64880407
6,819,0.4300263,-0.43885773,-3.882989,-1.3839989,-0.47973767,0.6493841
6,820,0.42957342,-0.43888193,-3.877737,-1.3841286,-0.47808483,0.6499626
6,821,0.43002832,-0.43906116,-3.8759918,-1.380631,-0.47643027,0.65053964
6,822,0.42981827,-0.43895411,-3.8825655,-1.3844156,-0.47477397,0.6511152
6,823,0.42959952,-0.4399308,-3.87597,-1.3811517,-0.47311595,0.65168923
6,824,0.42976165,-0.43963027,-3.8757257,-1.3793073,-0.47145623,0.6522618
6,825,0.42964518,-0.43915558,-3.880536,-1.3844857,-0.46979478,0.6528328
6,826,0.42918503,-0.44025666,-3.8751497,-1.3845081,-0.46813163,0.6534024
6,827,0.42946017,-0.43978715,-3.8905144,-1.3842497,-0.46646678,0.6539705
6,828,0.42975128,-0.43941826,-3.8711472,-1.3814993,-0.46480027,0.654537
6,829,0.4291438,-0.43971932,-3.8774872,-1.3818393,-0.46313205,0.65510213
6,830,0.4302926,-0.43934977,-3.8775406,-1.3810387,-0.46146217,0.6556657
6,831,0.42913628,-0.44031549,-3.8820534,-1.381413,-0.45979062,0.65622777
6,832,0.42916596,-0.44045794,-3.8801727,-1.3829112,-0.4581174,0.65678835
6,833,0.42889607,-0.4404589,-3.8762083,-1.3831534,-0.45644253,0.6573474
6,834,0.42898023,-0.44023603,-3.8760557,-1.3801093,-0.45476604,0.6579049
6,835,0.42932427,-0.44043726,-3.8835583,-1.3840742,-0.45308793,0.658461
6,836,0.42877316,-0.44003445,-3.8741913,-1.3826652,-0.45140815,0.6590155
6,837,0.42978144,-0.44014466,-3.879386,-1.3810554,-0.44972676,0.6595685
6,838,0.4293934,-0.4406979,-3.8777647,-1.3814764,-0.44804376,0.66012
6,839,0.4289888,-0.4406368,-3.8732853,-1.3807802,-0.44635916,0.66067
6,840,0.42907608,-0.4410283,-3.869172,-1.3818727,-0.44467297,0.66121846
6,841,0.4286083,-0.44065064,-3.8728743,-1.3801527,-0.44298518,0.66176546
6,842,0.42902422,-0.44085437,-3.88375,-1.3743715,-0.4412958,0.6623109
6,843,0.42907524,-0.44080865,-3.886982,-1.3797221,-0.43960485,0.6628548
6,844,0.42860425,-0.44109285,-3.8846836,-1.3791866,-0.43791232,0.6633972
6,845,0.4282565,-0.44162232,-3.87819,-1.378871,-0.43621826,0.66393805
6,846,0.42887366,-0.44089866,-3.8811226,-1.3788128,-0.4345226,0.6644774
6,847,0.42896032,-0.44145828,-3.877778,-1.3767872,-0.43282545,0.6650152
6,848,0.4284773,-0.44135046,-3.8832073,-1.3798976,-0.4311267,0.6655515
6,849,0.4285996,-0.4416442,-3.882351,-1.3795023,-0.42942646,0.66608626
6,850,0.42814863,-0.44188595,-3.8875923,-1.3778882,-0.4277247,0.6666195
6,851,0.4287418,-0.44156575,-3.8785133,-1.3755302,-0.4260214,0.66715115
6,852,0.42904055,-0.44174165,-3.883997,-1.3759408,-0.42431659,0.66768134
6,853,0.42751884,-0.44209576,-3.8881216,-1.3760514,-0.42261028,0.66820997
6,854,0.4287393,-0.44172156,-3.885127,-1.3781185,-0.4209025,0.66873705
6,855,0.42850125,-0.44170934,-3.8732815,-1.3767915,-0.4191932,0.6692626
6,856,0.42848563,-0.44196558,-3.8764,-1.3781276,-0.41748244,0.66978663
6,857,0.42883766,-0.44227135,-3.8867311,-1.3781986,-0.4157702,0.6703091
6,858,0.4279734,-0.44253355,-3.8836918,-1.3775692,-0.4140565,0.67083
6,859,0.4284494,-0.4425705,-3.874652,-1.3782735,-0.41234136,0.6713494
6,860,0.42792654,-0.4423645,-3.8817701,-1.3773336,-0.41062474,0.67186725
6,861,0.4282087,-0.44209772,-3.8812084,-1.3741045,-0.4089067,0.67238355
6,862,0.42807984,-0.44255358,-3.88099,-1.3761702,-0.40718722,0.6728983
6,863,0.4275241,-0.44315457,-3.8815193,-1.3753519,-0.40546632,0.6734115
6,864,0.42817068,-0.4421438,-3.8744383,-1.3761044,-0.40374398,0.6739232
6,865,0.4279431,-0.44332445,-3.8806849,-1.3765788,-0.40202025,0.6744333
6,866,0.42798972,-0.44250065,-3.876748,-1.3741999,-0.4002951,0.67494184
6,867,0.4281144,-0.44348276,-3.8741121,-1.3775783,-0.39856857,0.67544883
6,868,0.4280249,-0.44324857,-3.879425,-1.3752036,-0.39684063,0.6759542
6,869,0.42775857,-0.44327807,-3.8884745,-1.3753633,-0.39511132,0.6764581
6,870,0.42757022,-0.44392037,-3.8761435,-1.3774514,-0.3933806,0.67696047
6,871,0.42798054,-0.44350564,-3.8781023,-1.3746634,-0.39164856,0.6774612
6,872,0.42769003,-0.44339192,-3.8847237,-1.3742146,-0.38991514,0.67796046
6,873,0.42816782,-0.44365686,-3.8818092,-1.374579,-0.38818038,0.6784581
6,874,0.4271785,-0.44270194,-3.8826838,-1.3752933,-0.38644427,0.6789541
6,875,0.42743838,-0.44364434,-3.880886,-1.3750987,-0.38470683,0.67944866
6,876,0.4274876,-0.44317,-3.8727818,-1.3760138,-0.38296804,0.6799416
6,877,0.42717206,-0.4429701,-3.8822088,-1.3737645,-0.38122794,0.680433
6,878,0.42691267,-0.44297814,-3.8789997,-1.3732653,-0.3794865,0.6809228
6,879,0.42747664,-0.44405788,-3.889614,-1.3729553,-0.37774378,0.6814111
6,880,0.42664325,-0.44350934,-3.8858614,-1.3713737,-0.37599975,0.68189776
6,881,0.42748868,-0.44408476,-3.8782806,-1.3740206,-0.37425444,0.6823828
6,882,0.42718256,-0.4440596,-3.881154,-1.3735137,-0.37250784,0.6828664
6,883,0.42739487,-0.44450188,-3.8890867,-1.3713417,-0.37075996,0.6833483
6,884,0.42702436,-0.44483358,-3.8860493,-1.3745213,-0.3690108,0.6838287
6,885,0.42700267,-0.44477218,-3.8799438,-1.371201,-0.3672604,0.6843075
6,886,0.42699468,-0.44464397,-3.8868952,-1.3753729,-0.3655087,0.6847847
6,887,0.42685568,-0.44468838,-3.8954363,-1.3734484,-0.3637558,0.68526036
6,888,0.4265753,-0.44428533,-3.8903666,-1.3724213,-0.36200163,0.68573445
6,889,0.42676067,-0.4450574,-3.8809853,-1.3729153,-0.36024624,0.68620694
6,890,0.4272474,-0.4450174,-3.8772526,-1.3724213,-0.35848963,0.6866778
6,891,0.42641115,-0.4447283,-3.8876457,-1.3718209,-0.3567318,0.68714714
6,892,0.4267323,-0.44406646,-3.8959274,-1.3698912,-0.35497275,0.68761486
6,893,0.42667305,-0.4440835,-3.8869543,-1.3703709,-0.3532125,0.688081
6,894,0.42656577,-0.44509286,-3.8778248,-1.3688421,-0.35145107,0.6885456
6,895,0.42683303,-0.44472086,-3.8879662,-1.3722181,-0.34968844,0.68900853
6,896,0.42577016,-0.44403803,-3.8882542,-1.3704786,-0.34792462,0.68946993
6,897,0.4259826,-0.44568855,-3.8880482,-1.3700609,-0.34615964,0.6899297
6,898,0.42625988,-0.44528663,-3.8842182,-1.3691955,-0.3443935,0.6903879
6,899,0.42614174,-0.4452325,-3.8916788,-1.3691545,-0.34262618,0.69084454
6,900,0.42636275,-0.4451713,-3.880848,-1.3695731,-0.34085774,0.69129956
6,901,0.42589617,-0.4452309,-3.8936062,-1.3715754,-0.33908814,0.691753
6,902,0.42592323,-0.445418,-3.890459,-1.3697047,-0.3373174,0.6922048
6,903,0.42674506,-0.4452719,-3.8900175,-1.3694997,-0.33554554,0.69265497
6,904,0.42664313,-0.44561732,-3.889659,-1.3659525,-0.33377254,0.6931036
6,905,0.42603445,-0.44609427,-3.8856888,-1.3714557,-0.33199847,0.69355065
6,906,0.42632592,-0.44627774,-3.8848858,-1.3683205,-0.33022326,0.6939961
6,907,0.42624927,-0.44617957,-3.8847094,-1.369771,-0.32844695,0.6944399
6,908,0.42608058,-0.4465688,-3.887413,-1.3667088,-0.32666954,0.6948821
6,909,0.4262172,-0.44629568,-3.878211,-1.3688388,-0.3248911,0.6953227
6,910,0.4259826,-0.44649422,-3.8933477,-1.3706088,-0.32311153,0.6957617
6,911,0.42581975,-0.44656432,-3.8800783,-1.3698959,-0.3213309,0.6961991
6,912,0.42570603,-0.44581884,-3.892439,-1.3670416,-0.31954923,0.6966349
6,913,0.4260074,-0.44635367,-3.89855,-1.3686543,-0.31776652,0.69706905
6,914,0.4258777,-0.44709647,-3.8840132,-1.3707042,-0.31598273,0.69750166
6,915,0.42534983,-0.44682294,-3.8911667,-1.3679872,-0.3141979,0.6979326
6,916,0.42606056,-0.4461527,-3.886094,-1.3677073,-0.31241205,0.69836193
6,917,0.42571032,-0.44637376,-3.8873615,-1.3666887,-0.3106252,0.69878966
6,918,0.42444646,-0.44652015,-3.8935661,-1.3672738,-0.3088373,0.69921577
6,919,0.4251902,-0.44712353,-3.892233,-1.3680139,-0.3070484,0.69964033
6,920,0.4258163,-0.44699067,-3.8825178,-1.367774,-0.3052585,0.70006317
6,921,0.42532468,-0.4470746,-3.8970299,-1.369461,-0.30346763,0.70048445
6,922,0.42560112,-0.44730717,-3.8937387,-1.3649616,-0.30167574,0.70090413
6,923,0.4247682,-0.44743133,-3.8920841,-1.3651528,-0.2998829,0.70132214
6,924,0.42586386,-0.44689816,-3.8849,-1.3664632,-0.2980891,0.7017386
6,925,0.42457712,-0.44678116,-3.8832998,-1.3670745,-0.29629427,0.7021534
6,926,0.4256481,-0.4475494,-3.8831577,-1.3678179,-0.29449853,0.70256656
6,927,0.42520463,-0.4474457,-3.8926954,-1.3653893,-0.29270184,0.7029781
6,928,0.42516887,-0.4470294,-3.8853045,-1.3625178,-0.29090422,0.70338804
6,929,0.42440307,-0.44788885,-3.8929863,-1.3642459,-0.28910565,0.7037963
6,930,0.42434835,-0.44766647,-3.8920403,-1.363617,-0.28730616,0.704203
6,931,0.42499936,-0.4478752,-3.8868809,-1.3652077,-0.28550574,0.704608
6,932,0.42469227,-0.44765854,-3.8848143,-1.3654413,-0.2837044,0.7050115
6,933,0.4244418,-0.4481007,-3.8878288,-1.3640194,-0.2819022,0.7054133
6,934,0.42473185,-0.44725353,-3.885171,-1.3634729,-0.28009906,0.7058134
6,935,0.42428732,-0.44844335,-3.8980436,-1.3621678,-0.27829504,0.7062119
6,936,0.42446232,-0.44728202,-3.8966484,-1.361381,-0.27649015,0.70660883
6,937,0.4248079,-0.44782174,-3.8875551,-1.3630705,-0.2746844,0.70700413
6,938,0.4247496,-0.4481253,-3.886341,-1.3613591,-0.27287775,0.70739776
6,939,0.42453337,-0.44877887,-3.8952017,-1.3589687,-0.27107024,0.7077897
6,940,0.42321062,-0.44847095,-3.8799458,-1.3610454,-0.2692619,0.7081801
6,941,0.42505062,-0.44821453,-3.8849335,-1.3628087,-0.26745272,0.7085688
6,942,0.42469752,-0.44818574,-3.89369,-1.360259,-0.2656427,0.70895594
6,943,0.42419183,-0.44884825,-3.8945599,-1.3604383,-0.26383182,0.70934135
6,944,0.42459428,-0.44772375,-3.8911295,-1.365572,-0.26202014,0.7097252
6,945,0.4246632,-0.44800514,-3.892332,-1.3613114,-0.26020765,0.7101073
6,946,0.42361343,-0.44827133,-3.8952885,-1.3635659,-0.25839436,0.7104879
6,947,0.42321682,-0.44847763,-3.9026632,-1.3611293,-0.25658026,0.71086675
6,948,0.4237839,-0.44856375,-3.895194,-1.3633289,-0.25476536,0.711244
6,949,0.4240533,-0.44880044,-3.884719,-1.3603215,-0.25294968,0.7116196
6,950,0.4241284,-0.447954,-3.908534,-1.3624091,-0.25113323,0.7119936
6,951,0.42459035,-0.4487942,-3.8884354,-1.3587933,-0.24931602,0.71236587
6,952,0.42400467,-0.44834584,-3.8905993,-1.3568006,-0.24749804,0.71273655
6,953,0.42382526,-0.44919872,-3.8933134,-1.3597908,-0.24567929,0.71310556
6,954,0.42328024,-0.44852245,-3.8879642,-1.3606253,-0.2438598,0.71347296
6,955,0.42406476,-0.44975144,-3.9012547,-1.358963,-0.24203958,0.71383864
6,956,0.42380512,-0.44964427,-3.8893747,-1.3604026,-0.24021861,0.71420276
6,957,0.42396474,-0.44961977,-3.886529,-1.3598528,-0.23839693,0.71456516
6,958,0.42390704,-0.44992,-3.8917084,-1.3595572,-0.23657452,0.71492594
6,959,0.42425466,-0.44992274,-3.8838568,-1.3577876,-0.2347514,0.71528506
6,960,0.42404687,-0.44882262,-3.8883247,-1.3602877,-0.23292758,0.7156425
6,961,0.42360055,-0.44954073,-3.893117,-1.3579698,-0.23110306,0.71599835
6,962,0.42440057,-0.44981295,-3.8919888,-1.3585615,-0.22927786,0.7163525
6,963,0.42439365,-0.4496696,-3.9075184,-1.3567228,-0.22745198,0.716705
6,964,0.42340302,-0.4503091,-3.8854342,-1.3570194,-0.22562543,0.71705586
6,965,0.4227146,-0.44912916,-3.8886137,-1.3579826,-0.2237982,0.717405
6,966,0.4235859,-0.44931984,-3.8957024,-1.3543324,-0.22197032,0.7177526
6,967,0.4230318,-0.44965982,-3.8874788,-1.3600445,-0.22014178,0.71809846
6,968,0.42390072,-0.45029545,-3.8878593,-1.3588719,-0.21831262,0.7184427
6,969,0.4229238,-0.45027375,-3.8965435,-1.3596964,-0.2164828,0.7187852
6,970,0.42260385,-0.45010197,-3.8916283,-1.3558183,-0.21465236,0.7191261
6,971,0.42277062,-0.449746,-3.8883963,-1.3556194,-0.21282129,0.7194654
6,972,0.42244148,-0.44914204,-3.8896914,-1.3564138,-0.21098962,0.7198029
6,973,0.422845,-0.45067382,-3.8844948,-1.3536692,-0.20915733,0.72013885
6,974,0.42323327,-0.4499203,-3.8935184,-1.3546743,-0.20732445,0.7204731
6,975,0.4233259,-0.45097244,-3.888134,-1.3571339,-0.20549098,0.7208057
6,976,0.42316616,-0.45037508,-3.8902369,-1.3541093,-0.20365691,0.7211366
6,977,0.424124,-0.45047063,-3.8945074,-1.3562961,-0.20182228,0.7214659
6,978,0.42229104,-0.4505989,-3.8814955,-1.3563561,-0.19998707,0.7217935
6,979,0.42359698,-0.45082635,-3.8889608,-1.3544698,-0.19815129,0.7221194
6,980,0.42355144,-0.4508592,-3.8883562,-1.3536181,-0.19631498,0.72244364
6,981,0.42237067,-0.44995147,-3.8844948,-1.3530564,-0.1944781,0.7227662
6,982,0.4234066,-0.45094693,-3.8839998,-1.3550062,-0.19264068,0.72308713
6,983,0.42254353,-0.45092303,-3.8971415,-1.3542371,-0.19080274,0.7234064
6,984,0.4232837,-0.4514408,-3.8947954,-1.3545079,-0.18896426,0.72372395
6,985,0.421512,-0.45085728,-3.8989353,-1.3519683,-0.18712527,0.72403985
6,986,0.42311335,-0.45126003,-3.8929787,-1.3547683,-0.18528576,0.7243541
6,987,0.42192435,-0.45096862,-3.8855944,-1.3531871,-0.18344575,0.72466666
6,988,0.4229592,-0.45134646,-3.892561,-1.3537655,-0.18160525,0.7249775
6,989,0.4221871,-0.45105076,-3.8860407,-1.3515801,-0.17976426,0.7252867
6,990,0.4224056,-0.45094186,-3.8815756,-1.3523736,-0.17792279,0.7255943
6,991,0.42263424,-0.45160127,-3.8831549,-1.3536005,-0.17608084,0.7259001
6,992,0.42202997,-0.4501441,-3.8871136,-1.3563485,-0.17423843,0.72620434
6,993,0.42200637,-0.45092976,-3.8851767,-1.3546019,-0.17239554,0.7265068
6,994,0.42212987,-0.45181412,-3.8828964,-1.3512726,-0.17055222,0.72680765
6,995,0.42193258,-0.45110995,-3.8775482,-1.3514371,-0.16870844,0.7271068
6,996,0.42124736,-0.4510798,-3.882143,-1.3497186,-0.16686423,0.7274043
6,997,0.4220649,-0.45108795,-3.8797474,-1.3572559,-0.1650196,0.72770005
6,998,0.42144442,-0.45182073,-3.8822527,-1.3532162,-0.16317452,0.7279942
6,999,0.4208722,-0.4523918,-3.883542,-1.3522601,-0.16132905,0.7282866
7,0,0.7282684,0.22074163,-8.275919,-2.6287932,0.4154041,-0.410445
7,1,0.72776735,0.21979856,-8.290705,-2.6293564,0.41406852,-0.41160986
7,2,0.7277808,0.22040153,-8.295769,-2.6292276,0.41272756,-0.4127741
7,3,0.7277005,0.22017622,-8.293622,-2.629176,0.41138127,-0.4139376
7,4,0.72781074,0.22024214,-8.297672,-2.6290703,0.41002965,-0.4151004
7,5,0.72767806,0.21980071,-8.297842,-2.6283154,0.4086727,-0.41626248
7,6,0.7272434,0.21976483,-8.299309,-2.6295571,0.40731046,-0.4174238
7,7,0.72677875,0.21972191,-8.295593,-2.6291292,0.40594292,-0.4185844
7,8,0.7272693,0.21952534,-8.293722,-2.6278195,0.40457013,-0.41974422
7,9,0.72690034,0.21965683,-8.28681,-2.627904,0.4031921,-0.42090324
7,10,0.7270087,0.21998894,-8.287387,-2.6282098,0.40180883,-0.42206144
7,11,0.7265692,0.21972871,-8.289607,-2.6296616,0.40042034,-0.42321882
7,12,0.7263391,0.2196511,-8.299773,-2.6281295,0.39902666,-0.42437536
7,13,0.72642636,0.21976185,-8.293849,-2.6304932,0.39762777,-0.42553103
7,14,0.72685516,0.21968865,-8.295336,-2.629273,0.39622375,-0.42668584
7,15,0.7261052,0.21965277,-8.289786,-2.6293747,0.39481455,-0.42783976
7,16,0.7257575,0.21939862,-8.291164,-2.6305761,0.39340025,-0.42899275
7,17,0.72571504,0.21940434,-8.287271,-2.6288905,0.39198083,-0.43014482
7,18,0.7258867,0.21929264,-8.291636,-2.6284218,0.39055628,-0.43129593
7,19,0.7257712,0.21957183,-8.292425,-2.6299334,0.3891267,-0.4324461
7,20,0.7252195,0.21947503,-8.296913,-2.6305661,0.387692,-0.43359527
7,21,0.72546566,0.21941435,-8.291999,-2.6293993,0.38625228,-0.43474346
7,22,0.72523177,0.21956229,-8.289786,-2.6302516,0.38480756,-0.43589064
7,23,0.724967,0.21945238,-8.290681,-2.6287208,0.3833578,-0.4370368
7,24,0.7248894,0.2193327,-8.291683,-2.630274,0.38190305,-0.4381819
7,25,0.7244402,0.21943533,-8.293671,-2.6291206,0.38044333,-0.43932596
7,26,0.7244258,0.21961498,-8.289102,-2.6299937,0.37897864,-0.4404689
7,27,0.72464144,0.21953464,-8.29274,-2.6297123,0.37750903,-0.44161078
7,28,0.7241219,0.2192694,-8.2890005,-2.6307847,0.3760345,-0.44275153
7,29,0.7246009,0.21922493,-8.29167,-2.6287134,0.37455505,-0.44389114
7,30,0.7243842,0.21945298,-8.290308,-2.6310234,0.37307072,-0.44502962
7,31,0.7239858,0.21939433,-8.29087,-2.630145,0.37158152,-0.44616693
7,32,0.72401416,0.21907926,-8.296054,-2.6302965,0.37008744,-0.44730306
7,33,0.723938,0.21951044,-8.293476,-2.6312973,0.36858857,-0.448438
7,34,0.7233206,0.21917641,-8.29154,-2.6322532,0.3670849,-0.4495717
7,35,0.7233863,0.21945083,-8.292691,-2.6314821,0.3655764,-0.4507042
7,36,0.7229786,0.21958613,-8.294236,-2.631094,0.3640631,-0.45183542
7,37,0.7236651,0.21928263,-8.289755,-2.631894,0.3625451,-0.4529654
7,38,0.7235302,0.21926367,-8.288398,-2.629481,0.36102232,-0.4540941
7,39,0.72294414,0.21859956,-8.293084,-2.631248,0.35949484,-0.4552215
7,40,0.7230556,0.21917522,-8.286555,-2.631619,0.35796264,-0.45634758
7,41,0.7227758,0.218925,-8.289222,-2.6328278,0.3564258,-0.45747232
7,42,0.7224344,0.21928716,-8.289109,-2.6331685,0.35488424,-0.45859572
7,43,0.72268283,0.21930397,-8.292723,-2.631429,0.35333806,-0.45971775
7,44,0.72225857,0.21965456,-8.292303,-2.632076,0.35178724,-0.4608384
7,45,0.7223743,0.2191869,-8.2926655,-2.6321235,0.35023183,-0.46195766
7,46,0.72192216,0.21924424,-8.293361,-2.6330197,0.3486718,-0.4630755
7,47,0.72177947,0.21910381,-8.290341,-2.6337602,0.34710723,-0.4641919
7,48,0.72181857,0.2192111,-8.288271,-2.6328337,0.34553808,-0.46530685
7,49,0.721625,0.21894372,-8.288761,-2.632458,0.34396443,-0.46642035
7,50,0.7211659,0.21911323,-8.293088,-2.6327376,0.34238625,-0.46753237
7,51,0.7210307,0.21902776,-8.28851,-2.6321769,0.3408036,-0.46864286
7,52,0.72085965,0.21921885,-8.286981,-2.632021,0.33921644,-0.46975186
7,53,0.72088003,0.21873009,-8.290698,-2.632773,0.33762485,-0.47085932
7,54,0.72065926,0.21931517,-8.285466,-2.6337533,0.3360288,-0.47196522
7,55,0.72112393,0.21895957,-8.287313,-2.6352491,0.33442837,-0.47306958
7,56,0.7203249,0.21910298,-8.287421,-2.6331327,0.33282351,-0.47417235
7,57,0.7205956,0.21926653,-8.292194,-2.633934,0.33121428,-0.4752735
7,58,0.7207055,0.2188518,-8.288378,-2.6342502,0.32960072,-0.47637305
7,59,0.72009957,0.21925318,-8.290775,-2.6334567,0.3279828,-0.47747096
7,60,0.72007215,0.2191087,-8.29376,-2.6326478,0.32636058,-0.47856724
7,61,0.7198949,0.21926367,-8.287518,-2.6338596,0.32473406,-0.47966185
7,62,0.71964157,0.21859884,-8.285878,-2.6341608,0.32310325,-0.48075476
7,63,0.7193612,0.21904135,-8.286552,-2.633894,0.3214682,-0.48184597
7,64,0.7197827,0.21890807,-8.285932,-2.6346183,0.3198289,-0.4829355
7,65,0.7195153,0.21880746,-8.285884,-2.6347787,0.3181854,-0.48402327
7,66,0.7194202,0.21863568,-8.287567,-2.6330285,0.31653768,-0.4851093
7,67,0.7189717,0.21875882,-8.288385,-2.6351345,0.3148858,-0.48619357
7,68,0.7190088,0.21912277,-8.286084,-2.6354795,0.31322977,-0.48727605
7,69,0.7191138,0.21865201,-8.286763,-2.6341703,0.3115696,-0.48835674
7,70,0.7186154,0.21912932,-8.284717,-2.6351302,0.30990532,-0.48943558
7,71,0.7188338,0.21867871,-8.287395,-2.6337388,0.30823696,-0.49051264
7,72,0.7183342,0.21894395,-8.28894,-2.635254,0.3065645,-0.49158785
7,73,0.7180356,0.21913588,-8.2890835,-2.635868,0.304888,-0.49266118
7,74,0.71847534,0.21902144,-8.283612,-2.6349266,0.30320746,-0.49373263
7,75,0.7178383,0.21881711,-8.2860985,-2.637048,0.3015229,-0.49480218
7,76,0.7180296,0.21910429,-8.284407,-2.6364605,0.2998344,-0.49586982
7,77,0.7178891,0.21858525,-8.288323,-2.637262,0.2981419,-0.49693555
7,78,0.7178278,0.21863937,-8.28466,-2.6362023,0.29644543,-0.4979993
7,79,0.7179414,0.21857154,-8.291337,-2.6367054,0.29474506,-0.4990611
7,80,0.71718466,0.21850753,-8.2889595,-2.6365752,0.29304078,-0.50012094
7,81,0.7170986,0.21858609,-8.285613,-2.6370091,0.2913326,-0.5011788
7,82,0.71699655,0.2187823,-8.287565,-2.6372585,0.28962058,-0.50223464
7,83,0.71708345,0.21868658,-8.287695,-2.6351588,0.2879047,-0.5032884
7,84,0.7168083,0.21821678,-8.285227,-2.6369064,0.28618503,-0.5043402
7,85,0.7168218,0.21838021,-8.286997,-2.636723,0.28446153,-0.50538987
7,86,0.71636844,0.21855056,-8.281423,-2.636526,0.28273425,-0.5064375
7,87,0.7161349,0.21878397,-8.286609,-2.6375175,0.28100324,-0.507483
7,88,0.71605,0.21836591,-8.286766,-2.638609,0.27926847,-0.50852644
7,89,0.71653974,0.21858263,-8.287003,-2.6405826,0.27752998,-0.50956774
7,90,0.7158301,0.2185092,-8.284988,-2.6373403,0.27578783,-0.51060694
7,91,0.7156317,0.21854591,-8.283218,-2.6384327,0.27404198,-0.51164395
7,92,0.7158854,0.21809494,-8.283872,-2.6370692,0.2722925,-0.51267874
7,93,0.7154448,0.21841598,-8.285711,-2.6371176,0.27053937,-0.5137114
7,94,0.71558106,0.21843779,-8.287837,-2.6397283,0.26878265,-0.51474184
7,95,0.7153369,0.21865213,-8.287347,-2.6388712,0.26702234,-0.5157701
7,96,0.7153076,0.21866345,-8.284238,-2.639347,0.2652585,-0.51679605
7,97,0.7150159,0.21879101,-8.28514,-2.6387587,0.2634911,-0.5178198
7,98,0.7148608,0.21837997,-8.285799,-2.6407042,0.26172015,-0.51884127
7,99,0.7148782,0.21837997,-8.288473,-2.6404564,0.25994575,-0.51986045
7,100,0.7146636,0.21866584,-8.284323,-2.6396046,0.25816786,-0.52087736
7,101,0.7144687,0.21868062,-8.286113,-2.6401553,0.25638652,-0.5218919
7,102,0.71499455,0.21839929,-8.281198,-2.637649,0.25460175,-0.52290416
7,103,0.71393764,0.2181797,-8.282806,-2.6399584,0.25281355,-0.52391404
7,104,0.7141037,0.21812868,-8.284308,-2.6414042,0.25102198,-0.5249216
7,105,0.7138809,0.21811593,-8.291089,-2.639832,0.24922708,-0.5259267
7,106,0.71374536,0.21823514,-8.284226,-2.6401398,0.2474288,-0.52692944
7,107,0.7136482,0.2181431,-8.287353,-2.641509,0.24562722,-0.5279298
7,108,0.7138401,0.2182535,-8.285803,-2.6411052,0.24382235,-0.52892774
7,109,0.7134491,0.21804333,-8.286256,-2.6415598,0.2420142,-0.5299232
7,110,0.7132617,0.21789348,-8.285699,-2.6413498,0.2402028,-0.5309162
7,111,0.71360683,0.21807504,-8.283456,-2.6412842,0.23838817,-0.5319067
7,112,0.71261704,0.21804512,-8.28021,-2.640249,0.23657033,-0.5328948
7,113,0.7130015,0.21812177,-8.285445,-2.6413605,0.23474932,-0.53388035
7,114,0.7127116,0.21814811,-8.284247,-2.642202,0.23292515,-0.53486335
7,115,0.712672,0.21821392,-8.284948,-2.640996,0.23109785,-0.53584385
7,116,0.71242404,0.21812153,-8.284308,-2.6404674,0.22926742,-0.5368218
7,117,0.71256554,0.21790183,-8.283218,-2.6420088,0.2274339,-0.53779715
7,118,0.7122675,0.21813989,-8.285386,-2.642389,0.22559732,-0.53876996
7,119,0.71197104,0.2178514,-8.282289,-2.640891,0.2237577,-0.53974015
7,120,0.71194124,0.21791542,-8.279705,-2.6411083,0.22191505,-0.5407077
7,121,0.71193075,0.21793914,-8.280254,-2.6425405,0.22006941,-0.54167265
7,122,0.711614,0.2178539,-8.283905,-2.641235,0.21822079,-0.5426349
7,123,0.71154606,0.21806622,-8.2840605,-2.6444767,0.21636921,-0.54359454
7,124,0.71148634,0.21787512,-8.284338,-2.6417224,0.21451472,-0.5445515
7,125,0.711457,0.21774971,-8.282947,-2.6433244,0.2126573,-0.54550576
7,126,0.7112839,0.21790946,-8.289259,-2.642313,0.21079701,-0.54645735
7,127,0.7111248,0.21776092,-8.282409,-2.6438384,0.20893386,-0.5474062
7,128,0.7108519,0.21771932,-8.290181,-2.6432645,0.20706788,-0.5483523
7,129,0.7109629,0.21778595,-8.285382,-2.6440115,0.20519908,-0.5492956
7,130,0.7109847,0.21743882,-8.286872,-2.6435645,0.20332749,-0.5502362
7,131,0.71042,0.21761882,-8.285363,-2.6451302,0.20145313,-0.551174
7,132,0.7104291,0.2177875,-8.28555,-2.644624,0.19957604,-0.552109
7,133,0.71017814,0.21771562,-8.284082,-2.644556,0.19769622,-0.55304116
7,134,0.7099111,0.2176516,-8.283617,-2.645016,0.1958137,-0.5539705
7,135,0.7100704,0.21775699,-8.285635,-2.6440632,0.19392852,-0.55489707
7,136,0.71009624,0.2180736,-8.287859,-2.6442995,0.1920407,-0.5558207
7,137,0.7098712,0.21799922,-8.283944,-2.6434786,0.19015025,-0.5567415
7,138,0.7094171,0.21757555,-8.2838955,-2.6441183,0.18825719,-0.5576594
7,139,0.7092111,0.2175107,-8.281865,-2.6450999,0.18636155,-0.5585743
7,140,0.7091353,0.2173475,-8.282233,-2.6434817,0.18446337,-0.5594864
7,141,0.7093251,0.21764445,-8.288877,-2.6437485,0.18256265,-0.56039554
7,142,0.7091938,0.21733546,-8.279646,-2.6443985,0.18065943,-0.5613017
7,143,0.7088796,0.21754837,-8.284772,-2.6439698,0.17875373,-0.56220496
7,144,0.7085532,0.21747065,-8.281597,-2.6450634,0.17684558,-0.56310517
7,145,0.7084217,0.21730638,-8.282738,-2.6450198,0.17493498,-0.5640024
7,146,0.7085842,0.21727872,-8.278598,-2.6450498,0.17302199,-0.56489664
7,147,0.70880187,0.21719742,-8.284816,-2.6457582,0.17110659,-0.56578785
7,148,0.708076,0.21751225,-8.28242,-2.6458836,0.16918884,-0.566676
7,149,0.7080656,0.21713543,-8.284665,-2.6461282,0.16726877,-0.56756115
7,150,0.70770633,0.21721494,-8.281848,-2.6456237,0.16534637,-0.5684432
7,151,0.70800877,0.21741188,-8.28144,-2.6460962,0.16342168,-0.56932217
7,152,0.70785165,0.21726596,-8.285658,-2.6467462,0.16149472,-0.57019806
7,153,0.70738757,0.21732879,-8.285063,-2.6460266,0.15956554,-0.5710708
7,154,0.7074144,0.21711099,-8.281688,-2.6466556,0.15763412,-0.5719404
7,155,0.70739806,0.21720469,-8.282352,-2.6467686,0.15570052,-0.57280695
7,156,0.70694613,0.21726894,-8.282326,-2.6453128,0.15376475,-0.57367027
7,157,0.7068025,0.21721756,-8.283463,-2.646549,0.15182684,-0.5745304
7,158,0.70679307,0.21742797,-8.282941,-2.6464603,0.14988682,-0.5753874
7,159,0.70654917,0.21720314,-8.282225,-2.6464994,0.14794469,-0.5762412
7,160,0.70662427,0.21728003,-8.279582,-2.6467516,0.14600049,-0.57709175
7,161,0.7064066,0.21694863,-8.2815,-2.646464,0.14405425,-0.5779391
7,162,0.706154,0.2170856,-8.280206,-2.6477308,0.14210598,-0.5787832
7,163,0.70590055,0.21690607,-8.284024,-2.647308,0.14015573,-0.57962406
7,164,0.70603263,0.21757162,-8.282193,-2.6450334,0.1382035,-0.5804616
7,165,0.70598376,0.21710658,-8.277444,-2.6463428,0.13624932,-0.5812959
7,166,0.7058085,0.21679187,-8.281423,-2.6475315,0.13429323,-0.5821269
7,167,0.70557094,0.21686614,-8.284561,-2.6487825,0.13233523,-0.5829546
7,168,0.70548713,0.21687686,-8.279034,-2.6474144,0.13037536,-0.5837789
7,169,0.705467,0.21714771,-8.281583,-2.6484957,0.12841363,-0.5845999
7,170,0.7050152,0.21690226,-8.281531,-2.6493003,0.12645009,-0.58541757
7,171,0.7050929,0.21678007,-8.281722,-2.6488779,0.12448475,-0.5862319
7,172,0.70494103,0.21701837,-8.283274,-2.649256,0.12251763,-0.58704275
7,173,0.70467186,0.21682966,-8.283972,-2.648728,0.12054876,-0.5878503
7,174,0.7047094,0.21701634,-8.281048,-2.6491315,0.118578166,-0.58865434
7,175,0.704643,0.21714139,-8.280513,-2.6490235,0.11660588,-0.589455
7,176,0.70413625,0.21685696,-8.282135,-2.6494079,0.114631906,-0.5902522
7,177,0.7041147,0.21691716,-8.284284,-2.6493602,0.11265629,-0.591046
7,178,0.70373154,0.21710467,-8.281873,-2.6495924,0.110679045,-0.5918363
7,179,0.7038313,0.21703196,-8.280732,-2.649789,0.10870021,-0.5926231
7,180,0.7038946,0.21653044,-8.281787,-2.6497438,0.106719784,-0.59340644
7,181,0.70377886,0.21679306,-8.281606,-2.650008,0.10473782,-0.59418625
7,182,0.7034577,0.2167381,-8.281503,-2.6488173,0.102754325,-0.59496254
7,183,0.7035414,0.21670151,-8.279613,-2.6497326,0.100769326,-0.5957353
7,184,0.70315826,0.21648943,-8.2812805,-2.6480336,0.09878286,-0.5965045
7,185,0.70342684,0.21664286,-8.284315,-2.6503317,0.09679494,-0.59727013
7,186,0.7033174,0.21640122,-8.283131,-2.6486604,0.09480559,-0.5980322
7,187,0.7029096,0.21682453,-8.282801,-2.6510355,0.09281485,-0.59879065
7,188,0.7029319,0.21671867,-8.280542,-2.6503944,0.09082273,-0.59954554
7,189,0.7025783,0.21648157,-8.279666,-2.6505716,0.08882926,-0.6002968
7,190,0.702572,0.21646333,-8.280342,-2.651179,0.08683446,-0.6010444
7,191,0.70230246,0.21637368,-8.2809925,-2.6512377,0.08483837,-0.6017884
7,192,0.70231926,0.21650088,-8.282117,-2.6503835,0.082841,-0.6025287
7,193,0.70203114,0.21652901,-8.279825,-2.6522317,0.08084238,-0.60326535
7,194,0.7019211,0.2164731,-8.280247,-2.6511414,0.07884254,-0.6039983
7,195,0.701601,0.2164514,-8.283091,-2.6505625,0.0768415,-0.60472757
7,196,0.7017652,0.21641672,-8.280289,-2.6513767,0.074839294,-0.60545313
7,197,0.70155466,0.2159791,-8.280506,-2.6523564,0.07283593,-0.606175
7,198,0.7018484,0.21617746,-8.275133,-2.6511915,0.07083145,-0.60689306
7,199,0.7014005,0.216416,-8.28016,-2.6521513,0.06882587,-0.6076074
7,200,0.70126593,0.21626747,-8.285781,-2.6522095,0.06681922,-0.608318
7,201,0.7009877,0.21664429,-8.282249,-2.6525788,0.06481152,-0.6090248
7,202,0.700698,0.21646881,-8.281671,-2.651333,0.0628028,-0.6097278
7,203,0.70068336,0.21609461,-8.282608,-2.650614,0.060793087,-0.610427
7,204,0.7005272,0.21643126,-8.27851,-2.651069,0.058782402,-0.6111224
7,205,0.7009356,0.21601737,-8.282767,-2.6530595,0.05677077,-0.611814
7,206,0.7005478,0.21629715,-8.282426,-2.6529727,0.05475822,-0.61250174
7,207,0.70023906,0.2160523,-8.28133,-2.6533184,0.052744776,-0.61318564
7,208,0.70034266,0.21636546,-8.278943,-2.652865,0.050730463,-0.6138656
7,209,0.6999637,0.21601665,-8.283226,-2.6542573,0.04871531,-0.61454177
7,210,0.69988596,0.21578503,-8.281606,-2.6528912,0.046699334,-0.615214
7,211,0.69988537,0.21621692,-8.279804,-2.6548805,0.04468257,-0.61588234
7,212,0.6997268,0.2161715,-8.278557,-2.6537282,0.04266504,-0.61654675
7,213,0.69957745,0.21600354,-8.280267,-2.6531684,0.040646765,-0.6172072
7,214,0.6992997,0.21585321,-8.280471,-2.6540737,0.038627777,-0.61786383
7,215,0.6992258,0.21598542,-8.280683,-2.6537323,0.036608096,-0.6185164
7,216,0.69908273,0.21606362,-8.283647,-2.654696,0.034587756,-0.619165
7,217,0.69895744,0.21606922,-8.281771,-2.6545992,0.03256677,-0.6198097
7,218,0.6987964,0.21626723,-8.282773,-2.6541898,0.030545177,-0.6204503
7,219,0.6986176,0.21586382,-8.276783,-2.6547558,0.028522993,-0.621087
7,220,0.6985184,0.21619177,-8.2780905,-2.6552362,0.026500247,-0.62171966
7,221,0.6984905,0.21579182,-8.282128,-2.6570675,0.024476964,-0.62234825
7,222,0.6986034,0.21612155,-8.282679,-2.655458,0.02245317,-0.6229728
7,223,0.69783413,0.21564293,-8.277557,-2.6546438,0.020428892,-0.62359333
7,224,0.69799554,0.21579051,-8.280209,-2.6552513,0.018404152,-0.62420976
7,225,0.6976887,0.2155726,-8.282986,-2.6560981,0.01637898,-0.62482214
7,226,0.69786894,0.2155695,-8.284695,-2.6543427,0.014353397,-0.62543046
7,227,0.6974858,0.21580327,-8.282242,-2.6565108,0.012327433,-0.6260346
7,228,0.69747305,0.21572411,-8.280432,-2.657809,0.010301111,-0.6266347
7,229,0.6973649,0.21536171,-8.276887,-2.6543248,0.008274457,-0.62723064
7,230,0.6971736,0.21556091,-8.281245,-2.656899,0.006247497,-0.62782246
7,231,0.69699466,0.21523404,-8.283372,-2.6564422,0.004220257,-0.6284101
7,232,0.6971525,0.21559858,-8.284053,-2.6564639,0.002192762,-0.62899363
7,233,0.6966778,0.21561348,-8.281238,-2.6564374,0.00016503784,-0.6295729
7,234,0.6966107,0.2154218,-8.279884,-2.65685,-0.0018628897,-0.6301481
7,235,0.6964768,0.21557975,-8.281588,-2.6561847,-0.003890995,-0.63071907
7,236,0.6966554,0.2154516,-8.280418,-2.6564195,-0.0059192525,-0.6312858
7,237,0.6962693,0.21531248,-8.280567,-2.6573074,-0.007947636,-0.63184834
7,238,0.6962105,0.21551561,-8.278358,-2.6569502,-0.009976121,-0.63240665
7,239,0.6960983,0.21535683,-8.280607,-2.6569638,-0.01200468,-0.6329607
7,240,0.69589615,0.21536553,-8.27829,-2.657796,-0.01403329,-0.6335105
7,241,0.69566786,0.21547842,-8.282121,-2.657487,-0.016061923,-0.63405603
7,242,0.69563544,0.21531487,-8.278841,-2.6560285,-0.018090554,-0.6345973
7,243,0.69538,0.21547186,-8.281027,-2.658477,-0.020119157,-0.6351343
7,244,0.6955137,0.21531653,-8.280842,-2.657261,-0.022147706,-0.63566697
7,245,0.6953299,0.21525836,-8.279061,-2.6574333,-0.024176177,-0.6361953
7,246,0.6950052,0.2152623,-8.278024,-2.6572986,-0.026204543,-0.63671935
7,247,0.6952275,0.21532226,-8.278752,-2.6580718,-0.02823278,-0.6372391
7,248,0.69485223,0.21514499,-8.280785,-2.6583564,-0.030260859,-0.63775444
7,249,0.6943983,0.2150923,-8.2797365,-2.6573002,-0.032288756,-0.6382655
7,250,0.6944686,0.21499217,-8.279923,-2.6578639,-0.034316447,-0.63877213
7,251,0.69439316,0.21510863,-8.280833,-2.6580813,-0.036343906,-0.6392744
7,252,0.6946063,0.21519995,-8.282821,-2.6587799,-0.038371105,-0.6397723
7,253,0.69393766,0.21525037,-8.280548,-2.658724,-0.040398017,-0.6402658
7,254,0.69412386,0.21495044,-8.281549,-2.6574743,-0.042424623,-0.6407549
7,255,0.69411314,0.21537125,-8.281367,-2.659234,-0.04445089,-0.6412396
7,256,0.69388735,0.2151382,-8.279765,-2.6589131,-0.0464768,-0.6417198
7,257,0.6935152,0.21489513,-8.277896,-2.6587248,-0.04850232,-0.6421956
7,258,0.6935524,0.21499217,-8.280324,-2.65942,-0.050527427,-0.64266694
7,259,0.6935446,0.21464288,-8.278739,-2.6588411,-0.052552097,-0.6431338
7,260,0.69350386,0.21389115,-8.285747,-2.656553,-0.054576304,-0.6435963
7,261,0.6933032,0.21449363,-8.284775,-2.658682,-0.05660002,-0.6440542
7,262,0.69295037,0.21484208,-8.280276,-2.659482,-0.05862322,-0.64450765
7,263,0.69301116,0.21470916,-8.287417,-2.6598155,-0.060645882,-0.6449566
7,264,0.69243145,0.21483469,-8.281163,-2.6601667,-0.06266797,-0.645401
7,265,0.6924118,0.21480715,-8.27914,-2.6612754,-0.06468948,-0.6458409
7,266,0.69250965,0.21480823,-8.280267,-2.6608703,-0.06671036,-0.6462763
7,267,0.69258606,0.21475554,-8.279545,-2.660504,-0.0687306,-0.6467071
7,268,0.6922604,0.21476209,-8.280727,-2.6617446,-0.07075018,-0.64713335
7,269,0.69212127,0.21429825,-8.27969,-2.6616492,-0.07276905,-0.64755505
7,270,0.6921694,0.21486604,-8.282523,-2.6614509,-0.074787214,-0.64797217
7,271,0.6916728,0.21434617,-8.281036,-2.661258,-0.07680463,-0.64838475
7,272,0.6917461,0.2144171,-8.281635,-2.6609018,-0.07882127,-0.6487927
7,273,0.69174135,0.21431994,-8.285764,-2.6620505,-0.080837116,-0.649196
7,274,0.6913812,0.21447885,-8.280215,-2.6619241,-0.08285214,-0.6495947
7,275,0.6909951,0.21441543,-8.279865,-2.6609282,-0.084866315,-0.64998883
7,276,0.69100857,0.21438801,-8.280134,-2.6616592,-0.08687962,-0.65037835
7,277,0.69107974,0.21433783,-8.279722,-2.6616085,-0.08889203,-0.65076315
7,278,0.69084513,0.21417832,-8.281225,-2.6618624,-0.09090351,-0.6511433
7,279,0.69088316,0.21428514,-8.281574,-2.6615627,-0.092914045,-0.6515188
7,280,0.6906916,0.21430969,-8.280013,-2.661831,-0.0949236,-0.6518897
7,281,0.69054425,0.21416199,-8.281207,-2.6628394,-0.09693216,-0.65225583
7,282,0.69031584,0.2142142,-8.280739,-2.6629217,-0.09893969,-0.6526173
7,283,0.69012594,0.21406388,-8.281149,-2.66285,-0.10094617,-0.65297407
7,284,0.68996596,0.21423233,-8.281543,-2.6641839,-0.10295158,-0.6533261
7,285,0.6903306,0.21438646,-8.281864,-2.6627204,-0.10495588,-0.65367347
7,286,0.6899291,0.21424758,-8.281837,-2.6638005,-0.10695905,-0.654016
7,287,0.6898304,0.21417189,-8.280455,-2.6641195,-0.108961076,-0.6543539
7,288,0.68949735,0.21405983,-8.280635,-2.6630147,-0.11096192,-0.65468705
7,289,0.6894764,0.21393919,-8.28052,-2.664044,-0.11296157,-0.6550154
7,290,0.68906105,0.21381223,-8.280171,-2.6638508,-0.114959985,-0.655339
7,291,0.68927145,0.21378374,-8.28185,-2.6652327,-0.11695714,-0.6556578
7,292,0.6890938,0.21396196,-8.281893,-2.6644914,-0.11895303,-0.6559718
7,293,0.6890521,0.21392286,-8.281414,-2.66421,-0.1209476,-0.6562811
7,294,0.68879294,0.2136451,-8.279191,-2.665027,-0.12294085,-0.6565855
7,295,0.68859446,0.21383989,-8.280355,-2.6651502,-0.12493274,-0.65688515
7,296,0.68861246,0.21389532,-8.280598,-2.6645274,-0.12692326,-0.65717995
7,297,0.6884415,0.21371818,-8.281389,-2.6660976,-0.12891237,-0.6574699
7,298,0.68818736,0.213794,-8.284279,-2.6656387,-0.13090006,-0.6577551
7,299,0.6879972,0.21360111,-8.281365,-2.6649067,-0.13288628,-0.6580354
7,300,0.6880021,0.2136985,-8.283539,-2.665676,-0.13487102,-0.65831083
7,301,0.68796515,0.21369517,-8.279682,-2.6662073,-0.13685426,-0.65858144
7,302,0.6876943,0.21369016,-8.281637,-2.6662457,-0.13883597,-0.65884715
7,303,0.687659,0.21349537,-8.278825,-2.6655045,-0.14081612,-0.659108
7,304,0.68739605,0.21370065,-8.283533,-2.6665692,-0.14279468,-0.6593639
7,305,0.6873025,0.21345174,-8.285144,-2.66578,-0.14477165,-0.659615
7,306,0.6871617,0.21354032,-8.282349,-2.6661115,-0.146747,-0.65986115
7,307,0.6870326,0.21359599,-8.283035,-2.666557,-0.14872067,-0.66010237
7,308,0.68690073,0.2135303,-8.27991,-2.6663332,-0.15069267,-0.6603387
7,309,0.68681324,0.2133354,-8.281425,-2.6664374,-0.15266296,-0.6605701
7,310,0.68703675,0.21335602,-8.281928,-2.6667218,-0.15463153,-0.6607965
7,311,0.6867466,0.21355057,-8.280476,-2.667893,-0.15659834,-0.6610181
7,312,0.68640625,0.21326673,-8.278412,-2.666159,-0.15856336,-0.6612346
7,313,0.686301,0.21341455,-8.282791,-2.6671014,-0.16052659,-0.6614462
7,314,0.68646824,0.21333456,-8.279686,-2.6665761,-0.16248798,-0.6616528
7,315,0.68602073,0.21318042,-8.281719,-2.6674318,-0.16444753,-0.66185445
7,316,0.6861217,0.21320117,-8.280546,-2.6667778,-0.16640519,-0.66205114
7,317,0.6858411,0.21316004,-8.27992,-2.6670306,-0.16836095,-0.66224277
7,318,0.6857655,0.21311009,-8.284462,-2.6669304,-0.17031477,-0.66242945
7,319,0.6856092,0.21319485,-8.281602,-2.6680212,-0.17226665,-0.6626111
7,320,0.6853684,0.21320486,-8.283571,-2.667927,-0.17421655,-0.6627878
7,321,0.6852827,0.21313405,-8.282573,-2.6678412,-0.17616445,-0.6629594
7,322,0.6851797,0.21314454,-8.280986,-2.6688643,-0.17811032,-0.663126
7,323,0.68503237,0.21292186,-8.281963,-2.6690845,-0.18005413,-0.6632876
7,324,0.684821,0.21307659,-8.282212,-2.6690552,-0.18199587,-0.6634441
7,325,0.6847067,0.2129004,-8.2819,-2.66963,-0.18393552,-0.66359556
7,326,0.68466926,0.21282423,-8.2884445,-2.6689067,-0.18587303,-0.66374195
7,327,0.6843841,0.21275604,-8.285557,-2.669992,-0.1878084,-0.6638833
7,328,0.6842648,0.21273148,-8.280968,-2.6691217,-0.1897416,-0.6640196
7,329,0.6841477,0.21272719,-8.280639,-2.6686196,-0.1916726,-0.6641508
7,330,0.6840608,0.2126925,-8.282587,-2.6695316,-0.19360135,-0.6642769
7,331,0.6839837,0.21285391,-8.282475,-2.669217,-0.19552788,-0.6643979
7,332,0.68378794,0.21249187,-8.281649,-2.6689878,-0.19745214,-0.6645138
7,333,0.68364227,0.2126844,-8.283429,-2.6701508,-0.1993741,-0.66462463
7,334,0.6835276,0.21269047,-8.283228,-2.6689007,-0.20129374,-0.6647303
7,335,0.6837189,0.21265697,-8.28439,-2.6711183,-0.20321102,-0.66483086
7,336,0.683385,0.21258116,-8.285079,-2.6707094,-0.20512596,-0.6649263
7,337,0.68336415,0.21257043,-8.280544,-2.669825,-0.20703849,-0.6650166
7,338,0.6831237,0.21240711,-8.284992,-2.6706583,-0.2089486,-0.66510177
7,339,0.68287766,0.21258211,-8.282614,-2.6714187,-0.21085627,-0.66518176
7,340,0.68249834,0.21237159,-8.281108,-2.6698115,-0.21276149,-0.6652566
7,341,0.6826881,0.21251357,-8.28224,-2.6711285,-0.21466422,-0.66532636
7,342,0.682518,0.21218085,-8.283729,-2.6720154,-0.21656443,-0.6653909
7,343,0.6824132,0.2122891,-8.280849,-2.6710844,-0.21846211,-0.6654503
7,344,0.68228936,0.2122755,-8.283139,-2.6720898,-0.22035722,-0.66550446
7,345,0.682148,0.21241999,-8.281314,-2.6709526,-0.22224975,-0.66555345
7,346,0.68213105,0.2122736,-8.280811,-2.6716652,-0.22413968,-0.66559726
7,347,0.68169534,0.21220636,-8.284805,-2.6717308,-0.22602697,-0.6656358
7,348,0.68169236,0.21236396,-8.284807,-2.6720393,-0.2279116,-0.66566926
7,349,0.68161917,0.21215618,-8.283356,-2.6731143,-0.22979356,-0.66569746
7,350,0.6815095,0.21209812,-8.284262,-2.6715808,-0.23167281,-0.66572046
7,351,0.6813799,0.21199,-8.2828455,-2.6721458,-0.23354934,-0.6657382
7,352,0.6813476,0.21210217,-8.281047,-2.672001,-0.23542312,-0.66575074
7,353,0.6810638,0.21221983,-8.281631,-2.6716926,-0.23729412,-0.665758
7,354,0.6809772,0.21213138,-8.281656,-2.6726182,-0.23916233,-0.6657601
7,355,0.6809032,0.21200049,-8.282838,-2.6726742,-0.24102771,-0.66575694
7,356,0.6809131,0.21187198,-8.283534,-2.672135,-0.24289025,-0.6657485
7,357,0.6807828,0.2118789,-8.280875,-2.672645,-0.24474993,-0.6657348
7,358,0.6804849,0.21182,-8.28461,-2.673377,-0.24660672,-0.6657159
7,359,0.68045914,0.21146405,-8.285035,-2.672442,-0.24846059,-0.6656917
7,360,0.680249,0.21184492,-8.286124,-2.67279,-0.25031152,-0.66566217
7,361,0.680199,0.21194255,-8.283223,-2.6733046,-0.25215948,-0.6656274
7,362,0.67988133,0.2117827,-8.284368,-2.6735532,-0.25400448,-0.66558737
7,363,0.6798891,0.21177971,-8.283529,-2.674553,-0.25584647,-0.66554207
7,364,0.6797626,0.21174371,-8.285957,-2.6740372,-0.2576854,-0.6654914
7,365,0.67957187,0.21164441,-8.283665,-2.6742783,-0.2595213,-0.6654355
7,366,0.6794319,0.21171415,-8.28401,-2.6745043,-0.26135412,-0.6653743
7,367,0.67940724,0.21164763,-8.282202,-2.672914,-0.26318383,-0.66530776
7,368,0.67926276,0.21145558,-8.286099,-2.6754284,-0.26501045,-0.66523594
7,369,0.67915094,0.21156216,-8.284472,-2.6748502,-0.2668339,-0.66515875
7,370,0.67881083,0.2114464,-8.282704,-2.6748135,-0.26865417,-0.6650763
7,371,0.67871904,0.21140218,-8.284965,-2.6749685,-0.27047127,-0.6649885
7,372,0.6787194,0.21131551,-8.283155,-2.6748013,-0.27228516,-0.66489536
7,373,0.67843664,0.21141207,-8.283094,-2.674924,-0.2740958,-0.6647969
7,374,0.6783464,0.21137834,-8.28471,-2.6752884,-0.27590317,-0.6646931
7,375,0.67840075,0.21140909,-8.2837925,-2.6746745,-0.27770728,-0.664584
7,376,0.6780361,0.21121109,-8.283476,-2.6749969,-0.27950808,-0.6644695
7,377,0.6779314,0.21120346,-8.284896,-2.675871,-0.28130555,-0.6643496
7,378,0.67785525,0.21123588,-8.284719,-2.6757567,-0.28309968,-0.6642244
7,379,0.6777247,0.21114433,-8.282875,-2.67567,-0.2848904,-0.66409385
7,380,0.6777276,0.21131456,-8.283395,-2.6762128,-0.28667778,-0.6639579
7,381,0.6772907,0.211308,-8.284557,-2.6759686,-0.28846171,-0.6638166
7,382,0.67732954,0.21106291,-8.283907,-2.6763988,-0.29024222,-0.66366994
7,383,0.6771023,0.21109796,-8.284905,-2.6758049,-0.29201925,-0.66351783
7,384,0.6770097,0.21099031,-8.284502,-2.6766965,-0.2937928,-0.6633604
7,385,0.6771722,0.21088398,-8.282214,-2.6765623,-0.29556286,-0.6631976
7,386,0.6768781,0.21089435,-8.283888,-2.6765733,-0.29732937,-0.6630294
7,387,0.67676413,0.21104717,-8.284872,-2.6775475,-0.29909235,-0.6628558
7,388,0.67669404,0.21087134,-8.287095,-2.6770923,-0.30085173,-0.66267675
7,389,0.67634404,0.21084428,-8.283648,-2.6771684,-0.30260754,-0.6624924
7,390,0.67627895,0.21072435,-8.285238,-2.6777165,-0.30435973,-0.66230255
7,391,0.6762105,0.21063888,-8.285949,-2.6771708,-0.30610827,-0.66210735
7,392,0.67604244,0.21063697,-8.28618,-2.677992,-0.30785316,-0.6619067
7,393,0.6758754,0.21076667,-8.287028,-2.6774201,-0.30959436,-0.66170067
7,394,0.67576504,0.21051252,-8.286034,-2.6777406,-0.31133187,-0.66148925
7,395,0.67559624,0.2106551,-8.284878,-2.678098,-0.31306565,-0.66127235
7,396,0.675555,0.21054673,-8.28416,-2.678741,-0.3147957,-0.66105
7,397,0.6753651,0.21041691,-8.286555,-2.6781123,-0.31652194,-0.6608223
7,398,0.6752107,0.21051693,-8.2827635,-2.6778333,-0.31824443,-0.66058916
7,399,0.675017,0.21038032,-8.285109,-2.6792848,-0.3199631,-0.66035056
7,400,0.67493963,0.21039605,-8.284441,-2.6787727,-0.32167792,-0.6601065
7,401,0.67483187,0.21036303,-8.285407,-2.6790702,-0.3233889,-0.65985703
7,402,0.6746206,0.21037102,-8.285741,-2.678855,-0.325096,-0.6596021
7,403,0.674544,0.21040976,-8.284889,-2.6787295,-0.3267992,-0.65934175
7,404,0.67441,0.21029139,-8.286333,-2.6792002,-0.32849848,-0.6590759
7,405,0.6744089,0.21025097,-8.285702,-2.6793098,-0.33019385,-0.65880466
7,406,0.67425716,0.2101748,-8.285892,-2.67906,-0.33188522,-0.658528
7,407,0.67426574,0.21003187,-8.288301,-2.67957,-0.33357263,-0.6582458
7,408,0.6739875,0.21017087,-8.28524,-2.6787589,-0.33525604,-0.65795815
7,409,0.6739111,0.21012151,-8.285816,-2.679425,-0.33693543,-0.6576651
7,410,0.67380345,0.20997739,-8.285132,-2.67963,-0.33861077,-0.6573665
7,411,0.67374897,0.21011591,-8.284968,-2.6788502,-0.34028202,-0.6570625
7,412,0.67362535,0.20994627,-8.284299,-2.6797473,-0.34194922,-0.656753
7,413,0.6734246,0.20994699,-8.2853365,-2.680094,-0.34361228,-0.656438
7,414,0.67322314,0.20981824,-8.286191,-2.6806834,-0.34527126,-0.65611756
7,415,0.67285323,0.20974362,-8.2856045,-2.681097,-0.34692606,-0.6557917
7,416,0.6728891,0.20979607,-8.28512,-2.680806,-0.3485767,-0.6554603
7,417,0.67290616,0.20989215,-8.286565,-2.6814263,-0.35022315,-0.6551234
7,418,0.67274,0.20988882,-8.287443,-2.6816208,-0.35186538,-0.6547811
7,419,0.6725435,0.2097733,-8.287077,-2.6813993,-0.3535034,-0.65443325
7,420,0.67239904,0.20958889,-8.286808,-2.6818035,-0.35513714,-0.6540799
7,421,0.67229164,0.2096175,-8.286414,-2.6818655,-0.35676664,-0.65372115
7,422,0.6720704,0.20961165,-8.286061,-2.681717,-0.35839185,-0.65335685
7,423,0.6723231,0.20965874,-8.288183,-2.6814628,-0.36001274,-0.65298706
7,424,0.6719707,0.20946825,-8.287656,-2.6812966,-0.3616293,-0.6526118
7,425,0.6718168,0.2095412,-8.287596,-2.6815262,-0.3632415,-0.65223104
7,426,0.67159534,0.20955932,-8.285095,-2.6812673,-0.36484933,-0.6518448
7,427,0.6714431,0.20942998,-8.285535,-2.682142,-0.36645278,-0.651453
7,428,0.6714041,0.20946956,-8.286333,-2.6820507,-0.36805183,-0.65105575
7,429,0.6712551,0.20935702,-8.287565,-2.6825264,-0.36964643,-0.650653
7,430,0.6712413,0.20923162,-8.287276,-2.682289,-0.3712366,-0.6502448
7,431,0.67131245,0.20945215,-8.284602,-2.682309,-0.37282228,-0.649831
7,432,0.67099845,0.20932865,-8.286652,-2.6822016,-0.37440348,-0.6494118
7,433,0.67094314,0.20949244,-8.292006,-2.6825497,-0.37598017,-0.648987
7,434,0.6709229,0.20941627,-8.28888,-2.6833267,-0.37755233,-0.64855677
7,435,0.6705283,0.20915854,-8.289776,-2.6840045,-0.37911996,-0.648121
7,436,0.670442,0.20907354,-8.287119,-2.6833606,-0.380683,-0.64767975
7,437,0.67041135,0.2091105,-8.287162,-2.6841812,-0.3822415,-0.64723295
7,438,0.67021334,0.20900273,-8.286908,-2.6839795,-0.38379532,-0.64678067
7,439,0.67010033,0.20901453,-8.287595,-2.6843493,-0.38534456,-0.6463229
7,440,0.6698979,0.20903754,-8.29083,-2.6845467,-0.38688916,-0.6458596
7,441,0.66973674,0.20888984,-8.28699,-2.6838455,-0.38842908,-0.6453908
7,442,0.66962755,0.20905292,-8.292551,-2.684604,-0.38996434,-0.6449165
7,443,0.6697227,0.20896018,-8.288038,-2.6835735,-0.3914949,-0.64443666
7,444,0.66964793,0.2088759,-8.28692,-2.6844993,-0.39302072,-0.64395136
7,445,0.6692188,0.20879483,-8.288055,-2.6855783,-0.3945418,-0.6434605
7,446,0.66921306,0.20867038,-8.286607,-2.6847982,-0.39605814,-0.6429641
7,447,0.66886854,0.20849168,-8.287509,-2.6850433,-0.3975697,-0.64246225
7,448,0.66900504,0.2085942,-8.288704,-2.6852913,-0.39907646,-0.6419549
7,449,0.66853166,0.20866692,-8.29109,-2.685042,-0.4005784,-0.641442
7,450,0.6687168,0.20858622,-8.287978,-2.6858203,-0.40207553,-0.6409236
7,451,0.6684984,0.2085483,-8.288906,-2.68531,-0.40356782,-0.6403997
7,452,0.66837394,0.20843971,-8.289109,-2.68593,-0.40505522,-0.6398703
7,453,0.6681256,0.20858443,-8.291843,-2.6868765,-0.40653774,-0.63933533
7,454,0.66832983,0.20831239,-8.287989,-2.686365,-0.40801534,-0.6387949
7,455,0.66808486,0.20832527,-8.288266,-2.686276,-0.40948805,-0.638249
7,456,0.6680975,0.20874488,-8.292564,-2.686325,-0.4109558,-0.6376975
7,457,0.6678033,0.20823324,-8.291453,-2.6865275,-0.4124186,-0.6371405
7,458,0.6676246,0.2082349,-8.289755,-2.6868658,-0.4138764,-0.6365781
7,459,0.66744316,0.20815992,-8.288093,-2.6867583,-0.41532925,-0.63601005
7,460,0.6672114,0.20843673,-8.286888,-2.6877637,-0.41677707,-0.6354366
7,461,0.66731846,0.20810294,-8.289239,-2.6876843,-0.41821983,-0.6348576
7,462,0.66725016,0.20813704,-8.288716,-2.6874738,-0.4196576,-0.63427305
7,463,0.6671778,0.20806193,-8.288754,-2.6874716,-0.42109028,-0.6336831
7,464,0.66700864,0.20796895,-8.287055,-2.6871815,-0.42251787,-0.6330875
7,465,0.6670922,0.2079742,-8.292076,-2.6870759,-0.42394036,-0.6324865
7,466,0.6667038,0.20785666,-8.28899,-2.6873252,-0.42535773,-0.63188
7,467,0.666687,0.20790076,-8.287965,-2.6882563,-0.42676997,-0.63126796
7,468,0.66660905,0.20777929,-8.287791,-2.6885664,-0.42817706,-0.63065046
7,469,0.6663134,0.20777357,-8.288704,-2.6878815,-0.429579,-0.6300274
7,470,0.6661408,0.20764339,-8.289038,-2.6885478,-0.43097574,-0.6293989
7,471,0.6659782,0.20769346,-8.289647,-2.6880188,-0.43236727,-0.62876487
7,472,0.6659591,0.20752811,-8.286588,-2.6887982,-0.43375358,-0.62812537
7,473,0.6657853,0.20798218,-8.291913,-2.6887374,-0.43513468,-0.6274803
7,474,0.6656759,0.20747721,-8.291199,-2.6893687,-0.4365105,-0.62682986
7,475,0.6655494,0.20760131,-8.288092,-2.6888735,-0.43788108,-0.62617385
7,476,0.6652769,0.2075243,-8.290563,-2.6887949,-0.43924636,-0.62551236
7,477,0.6651875,0.20746648,-8.290007,-2.689333,-0.44060633,-0.6248454
7,478,0.6650804,0.20737004,-8.28972,-2.689299,-0.44196096,-0.6241729
7,479,0.66499436,0.20754302,-8.292594,-2.690468,-0.4433103,-0.623495
7,480,0.66488004,0.20728981,-8.29038,-2.6894023,-0.44465426,-0.62281156
7,481,0.6648586,0.20755291,-8.293204,-2.6900265,-0.44599286,-0.62212265
7,482,0.6646961,0.2073263,-8.2914915,-2.688811,-0.44732606,-0.62142825
7,483,0.6648451,0.20720029,-8.290717,-2.6904333,-0.44865388,-0.62072843
7,484,0.6645143,0.2071408,-8.289679,-2.690159,-0.4499763,-0.6200231
7,485,0.66434073,0.20718515,-8.291069,-2.690531,-0.45129326,-0.6193123
7,486,0.66429317,0.20709479,-8.287763,-2.6893399,-0.45260477,-0.61859596
7,487,0.66424465,0.20703793,-8.292758,-2.6905813,-0.45391083,-0.61787426
7,488,0.6640096,0.20738316,-8.295251,-2.690966,-0.4552114,-0.617147
7,489,0.663702,0.20689237,-8.292153,-2.6899807,-0.4565065,-0.61641437
7,490,0.66384053,0.2070086,-8.289995,-2.6920588,-0.45779607,-0.6156762
7,491,0.6632862,0.2069298,-8.294006,-2.6920047,-0.4590801,-0.6149326
7,492,0.6633208,0.20681417,-8.293836,-2.6916432,-0.4603586,-0.61418355
7,493,0.6632868,0.2066989,-8.29259,-2.6912453,-0.46163154,-0.61342907
7,494,0.66311586,0.20675433,-8.29262,-2.6922753,-0.4628989,-0.6126691
7,495,0.66295946,0.20659697,-8.292291,-2.691834,-0.4641607,-0.61190367
7,496,0.66285646,0.2065854,-8.292849,-2.6920793,-0.46541688,-0.61113286
7,497,0.66291666,0.20655525,-8.292043,-2.6923554,-0.46666744,-0.61035657
7,498,0.66255367,0.20662081,-8.293983,-2.6925356,-0.46791238,-0.6095748
7,499,0.6626568,0.20648456,-8.292683,-2.692712,-0.46915165,-0.60878766
7,500,0.66238153,0.20645285,-8.293406,-2.6923504,-0.47038528,-0.60799503
7,501,0.6622511,0.20645928,-8.29259,-2.6936378,-0.47161323,-0.607197
7,502,0.66223824,0.20630264,-8.292888,-2.6922917,-0.47283548,-0.6063936
7,503,0.66195023,0.20624208,-8.292654,-2.6924627,-0.474052,-0.6055847
7,504,0.66183877,0.20618868,-8.292041,-2.6923285,-0.47526285,-0.60477036
7,505,0.66168094,0.20620918,-8.292402,-2.6920786,-0.47646794,-0.6039506
7,506,0.6616012,0.20624804,-8.292267,-2.6926374,-0.47766727,-0.6031255
7,507,0.6615323,0.20630574,-8.295034,-2.6931036,-0.47886086,-0.602295
7,508,0.66149163,0.20625746,-8.29466,-2.693685,-0.48004866,-0.601459
7,509,0.6613711,0.20613253,-8.294459,-2.693783,-0.48123065,-0.60061765
7,510,0.6610545,0.20599198,-8.292837,-2.693524,-0.48240685,-0.5997709
7,511,0.66094434,0.20598793,-8.292809,-2.6935787,-0.48357722,-0.59891874
7,512,0.66080856,0.20595956,-8.29426,-2.6941628,-0.48474178,-0.5980612
7,513,0.6607075,0.20603204,-8.293485,-2.6941707,-0.4859005,-0.59719825
7,514,0.6604272,0.20592535,-8.293585,-2.6940928,-0.4870533,-0.5963299
7,515,0.6604055,0.20580697,-8.294199,-2.6940596,-0.48820028,-0.59545624
7,516,0.6602385,0.2058667,-8.293642,-2.694865,-0.48934135,-0.5945772
7,517,0.66016185,0.20575273,-8.293561,-2.694561,-0.49047652,-0.5936927
7,518,0.6600485,0.20571423,-8.294632,-2.69442,-0.4916058,-0.59280294
7,519,0.65993,0.20566165,-8.292294,-2.694204,-0.4927291,-0.59190774
7,520,0.65980196,0.20566523,-8.295118,-2.6945372,-0.49384648,-0.59100723
7,521,0.65969765,0.20546556,-8.296213,-2.6946278,-0.49495792,-0.5901013
7,522,0.65936995,0.20551646,-8.294465,-2.694514,-0.49606338,-0.58919007
7,523,0.6594398,0.20559883,-8.294457,-2.6946483,-0.49716285,-0.58827347
7,524,0.65921855,0.2054385,-8.293914,-2.6948712,-0.49825636,-0.58735156
7,525,0.65914917,0.2053914,-8.294804,-2.6945148,-0.49934384,-0.5864243
7,526,0.65893877,0.20525253,-8.294595,-2.695072,-0.5004253,-0.58549166
7,527,0.65877986,0.20527971,-8.294788,-2.6967678,-0.5015007,-0.5845537
7,528,0.658689,0.20529056,-8.294678,-2.695085,-0.5025701,-0.5836105
7,529,0.65858555,0.20522082,-8.29503,-2.6949248,-0.50363344,-0.5826619
7,530,0.65844476,0.20524192,-8.293923,-2.6957843,-0.5046907,-0.581708
7,531,0.6584115,0.20529342,-8.295962,-2.6960037,-0.5057419,-0.5807488
7,532,0.65823257,0.20509624,-8.294746,-2.695568,-0.50678694,-0.57978433
7,533,0.65807664,0.20512438,-8.296123,-2.6960394,-0.5078259,-0.5788145
7,534,0.65794086,0.20508802,-8.296308,-2.6958525,-0.5088588,-0.57783943
7,535,0.65788364,0.2049936,-8.296588,-2.6963692,-0.50988555,-0.57685906
7,536,0.65781105,0.20502424,-8.295511,-2.696667,-0.5109061,-0.5758734
7,537,0.65769196,0.20488,-8.295214,-2.6962147,-0.5119206,-0.57488245
7,538,0.65783715,0.20515513,-8.2977,-2.6967275,-0.51292884,-0.5738862
7,539,0.65767276,0.20492768,-8.297306,-2.6967697,-0.5139309,-0.57288474
7,540,0.6573839,0.20469177,-8.294278,-2.6968412,-0.5149268,-0.57187796
7,541,0.65740144,0.20474601,-8.2935295,-2.6974018,-0.5159165,-0.5708659
7,542,0.6569853,0.2047708,-8.295039,-2.697397,-0.5169,-0.5698487
7,543,0.65708375,0.20471144,-8.294689,-2.6977339,-0.5178773,-0.5688262
7,544,0.65680957,0.20465922,-8.295599,-2.69743,-0.5188483,-0.56779844
7,545,0.6565784,0.2045474,-8.296864,-2.697254,-0.5198131,-0.5667655
7,546,0.65652406,0.20452952,-8.297026,-2.6978736,-0.5207716,-0.5657273
7,547,0.65665185,0.20440245,-8.296842,-2.6982474,-0.5217239,-0.56468385
7,548,0.6560986,0.20446944,-8.297565,-2.698194,-0.5226699,-0.5636352
7,549,0.6559876,0.20454574,-8.297038,-2.6990664,-0.5236096,-0.56258136
7,550,0.6561034,0.2044853,-8.301562,-2.6972258,-0.524543,-0.5615223
7,551,0.65613115,0.20437479,-8.294763,-2.6985173,-0.5254701,-0.560458
7,552,0.6558423,0.20439827,-8.297816,-2.6991982,-0.52639085,-0.5593886
7,553,0.6556221,0.20410228,-8.298086,-2.6989791,-0.5273053,-0.55831397
7,554,0.6555737,0.20424736,-8.295969,-2.698851,-0.52821344,-0.5572341
7,555,0.65533495,0.20410335,-8.298108,-2.698751,-0.5291152,-0.5561491
7,556,0.65541553,0.20417416,-8.29769,-2.6989934,-0.5300106,-0.55505896
7,557,0.6552839,0.20410728,-8.296654,-2.698899,-0.5308996,-0.55396366
7,558,0.65504706,0.20402133,-8.297282,-2.6991973,-0.5317822,-0.5528632
7,559,0.655053,0.20411181,-8.297049,-2.6989307,-0.53265846,-0.5517576
7,560,0.65484476,0.20400202,-8.29701,-2.6986747,-0.5335283,-0.5506468
7,561,0.6546414,0.20376337,-8.298204,-2.6995263,-0.53439176,-0.5495309
7,562,0.65450823,0.20376813,-8.298238,-2.6995916,-0.53524876,-0.5484099
7,563,0.6544057,0.2037586,-8.297913,-2.6993763,-0.5360994,-0.54728377
7,564,0.65440845,0.20387685,-8.299984,-2.7007565,-0.5369435,-0.5461525
7,565,0.65417206,0.20367587,-8.299825,-2.699667,-0.53778124,-0.5450161
7,566,0.6539558,0.20380962,-8.3017235,-2.7001538,-0.5386124,-0.5438747
7,567,0.6539179,0.20362294,-8.29947,-2.7007723,-0.53943723,-0.5427281
7,568,0.65381646,0.20352602,-8.298693,-2.7015593,-0.54025555,-0.54157645
7,569,0.653672,0.2035048,-8.299289,-2.701334,-0.54106736,-0.54041976
7,570,0.6535808,0.20346737,-8.2983675,-2.7010653,-0.5418727,-0.53925794
7,571,0.6534499,0.20343101,-8.29784,-2.7010076,-0.5426715,-0.5380911
7,572,0.653146,0.20336461,-8.299622,-2.701461,-0.54346377,-0.5369192
7,573,0.65309346,0.20330381,-8.299645,-2.701502,-0.5442496,-0.5357422
7,574,0.6530448,0.203264,-8.298848,-2.7014802,-0.5450288,-0.5345602
7,575,0.65288424,0.20325923,-8.298075,-2.701158,-0.5458015,-0.5333732
7,576,0.6527667,0.20330822,-8.298503,-2.7018788,-0.54656774,-0.5321811
7,577,0.65266156,0.20320892,-8.299207,-2.7017336,-0.54732734,-0.53098404
7,578,0.6524917,0.20304191,-8.299357,-2.7019033,-0.5480804,-0.52978194
7,579,0.65238833,0.20311451,-8.299075,-2.7016935,-0.5488269,-0.5285748
7,580,0.6523278,0.20317268,-8.298055,-2.7020164,-0.5495668,-0.5273627
7,581,0.6522863,0.20298803,-8.299468,-2.7022755,-0.5503001,-0.52614564
7,582,0.6522993,0.2030958,-8.29561,-2.7021444,-0.5510269,-0.52492356
7,583,0.6519835,0.20295715,-8.299029,-2.7025297,-0.551747,-0.52369654
7,584,0.65192294,0.20286179,-8.298927,-2.7026799,-0.55246055,-0.5224645
7,585,0.651762,0.20283663,-8.300212,-2.7028646,-0.55316746,-0.52122754
7,586,0.6516675,0.20273447,-8.300785,-2.7030873,-0.5538677,-0.5199857
7,587,0.6513829,0.2026844,-8.301216,-2.7035499,-0.5545614,-0.5187388
7,588,0.65133524,0.20270705,-8.301227,-2.7028973,-0.5552484,-0.517487
7,589,0.651186,0.20248938,-8.301955,-2.7034268,-0.55592877,-0.5162303
7,590,0.65098834,0.2027371,-8.299444,-2.7035322,-0.5566025,-0.5149687
7,591,0.65081835,0.20250738,-8.304031,-2.704291,-0.5572695,-0.51370215
7,592,0.6510279,0.20269787,-8.302666,-2.703584,-0.55792993,-0.5124307
7,593,0.65059996,0.20245063,-8.301521,-2.7046099,-0.5585836,-0.5111544
7,594,0.65068316,0.20246232,-8.301196,-2.7037935,-0.5592307,-0.5098732
7,595,0.6504394,0.20235908,-8.299291,-2.703859,-0.559871,-0.5085871
7,596,0.6503285,0.20224845,-8.299705,-2.7041454,-0.5605047,-0.5072962
7,597,0.65022886,0.20229387,-8.2987385,-2.7042847,-0.5611316,-0.5060004
7,598,0.65014696,0.20228922,-8.300409,-2.7048128,-0.56175184,-0.50469977
7,599,0.65009785,0.20220137,-8.300735,-2.7041776,-0.5623654,-0.5033943
7,600,0.64997447,0.20220983,-8.300716,-2.70475,-0.56297225,-0.50208396
7,601,0.6496401,0.20216048,-8.300236,-2.7044353,-0.56357235,-0.50076884
7,602,0.6494669,0.20211565,-8.301627,-2.7050235,-0.5641657,-0.49944893
7,603,0.6494535,0.20207489,-8.301551,-2.704944,-0.5647523,-0.49812418
7,604,0.64919865,0.20198333,-8.30121,-2.7048488,-0.5653322,-0.49679464
7,605,0.6490768,0.2019645,-8.300709,-2.7049546,-0.56590533,-0.49546033
7,606,0.6490438,0.20185697,-8.30109,-2.7057545,-0.5664717,-0.49412122
7,607,0.6489569,0.20187402,-8.300702,-2.705327,-0.5670313,-0.49277738
7,608,0.6487744,0.20178711,-8.299936,-2.7050376,-0.5675842,-0.49142876
7,609,0.6487081,0.20191956,-8.298381,-2.7054698,-0.5681303,-0.4900754
7,610,0.64855325,0.2016617,-8.301647,-2.706194,-0.5686696,-0.48871732
7,611,0.64842236,0.2016797,-8.302163,-2.7059991,-0.5692021,-0.4873545
7,612,0.64824355,0.2015624,-8.301481,-2.7068233,-0.5697279,-0.48598695
7,613,0.64825094,0.20171571,-8.302092,-2.7064893,-0.5702469,-0.4846147
7,614,0.6481565,0.20151782,-8.300973,-2.7066357,-0.570759,-0.48323774
7,615,0.64791524,0.20156646,-8.302023,-2.7068741,-0.5712644,-0.4818561
7,616,0.6477339,0.20137274,-8.302232,-2.706262,-0.571763,-0.4804698
7,617,0.6476153,0.20128167,-8.303306,-2.7068627,-0.5722547,-0.4790788
7,618,0.64744747,0.20122826,-8.302665,-2.7067907,-0.57273966,-0.47768316
7,619,0.64739025,0.20140338,-8.304066,-2.707887,-0.57321775,-0.47628286
7,620,0.6471381,0.20111024,-8.304524,-2.7074509,-0.5736891,-0.47487792
7,621,0.6471722,0.20140338,-8.30164,-2.7066631,-0.57415354,-0.47346836
7,622,0.64693177,0.20110238,-8.301456,-2.7069468,-0.5746112,-0.47205418
7,623,0.6467564,0.200948,-8.304939,-2.707411,-0.575062,-0.47063538
7,624,0.6465808,0.20089447,-8.305494,-2.7081237,-0.575506,-0.469212
7,625,0.6465621,0.20094204,-8.303556,-2.707913,-0.5759431,-0.46778402
7,626,0.64649403,0.20094347,-8.303007,-2.707689,-0.5763734,-0.46635148
7,627,0.6463915,0.20101511,-8.303639,-2.7080014,-0.5767968,-0.46491435
7,628,0.64624846,0.2009027,-8.303854,-2.7076764,-0.5772134,-0.46347266
7,629,0.64615595,0.20077097,-8.304434,-2.707898,-0.5776231,-0.46202642
7,630,0.64601064,0.2008009,-8.302831,-2.7081437,-0.578026,-0.46057564
7,631,0.6458738,0.20092487,-8.303084,-2.708131,-0.578422,-0.45912036
7,632,0.645723,0.20075834,-8.305313,-2.707861,-0.57881117,-0.45766056
7,633,0.6457243,0.20060587,-8.304194,-2.708245,-0.5791934,-0.45619622
7,634,0.6455684,0.20063317,-8.304013,-2.708156,-0.5795688,-0.4547274
7,635,0.6453793,0.20050478,-8.303406,-2.7081847,-0.57993734,-0.45325413
7,636,0.6453167,0.20052636,-8.302034,-2.7078774,-0.58029896,-0.45177636
7,637,0.64526165,0.20052588,-8.303243,-2.708477,-0.5806537,-0.45029414
7,638,0.6451807,0.20048904,-8.304262,-2.7088556,-0.58100164,-0.44880745
7,639,0.645321,0.20016348,-8.298707,-2.7087705,-0.58134264,-0.44731635
7,640,0.64501905,0.20029318,-8.301951,-2.7090685,-0.5816767,-0.44582078
7,641,0.6448147,0.20025873,-8.303555,-2.708977,-0.58200395,-0.44432083
7,642,0.6445168,0.20012939,-8.3039875,-2.7098286,-0.58232427,-0.44281647
7,643,0.6444125,0.20017767,-8.304356,-2.7096243,-0.5826377,-0.4413077
7,644,0.6442938,0.20021617,-8.30347,-2.7090955,-0.5829443,-0.43979454
7,645,0.64414644,0.20008993,-8.304454,-2.7096944,-0.5832439,-0.438277
7,646,0.6440071,0.20014048,-8.304652,-2.7094824,-0.5835366,-0.43675512
7,647,0.64386666,0.19997358,-8.303885,-2.7096214,-0.5838225,-0.43522888
7,648,0.6437813,0.1999321,-8.30501,-2.7099645,-0.5841014,-0.43369833
7,649,0.64363503,0.19984567,-8.305152,-2.709943,-0.5843734,-0.43216342
7,650,0.6435399,0.1997894,-8.305095,-2.7100964,-0.58463854,-0.4306242
7,651,0.64347553,0.19977248,-8.304871,-2.7101474,-0.58489674,-0.4290807
7,652,0.6432972,0.19967568,-8.305555,-2.7100677,-0.58514804,-0.42753288
7,653,0.6432071,0.19968343,-8.30434,-2.7100732,-0.5853925,-0.42598078
7,654,0.6430638,0.19962204,-8.305469,-2.7103565,-0.58562994,-0.4244244
7,655,0.64286125,0.19947112,-8.305923,-2.7102904,-0.5858605,-0.42286378
7,656,0.64281285,0.19951141,-8.304996,-2.7104554,-0.5860842,-0.42129892
7,657,0.6426989,0.1994927,-8.305392,-2.7105956,-0.5863009,-0.41972983
7,658,0.64258826,0.19943523,-8.3046665,-2.7106667,-0.5865108,-0.4181565
7,659,0.64230776,0.19943476,-8.30633,-2.7114894,-0.5867137,-0.41657898
7,660,0.6422622,0.1993618,-8.305534,-2.711033,-0.58690965,-0.41499725
7,661,0.64211655,0.19913018,-8.306404,-2.711062,-0.5870988,-0.41341135
7,662,0.6419984,0.19919229,-8.306352,-2.711219,-0.5872809,-0.41182125
7,663,0.6419071,0.19919407,-8.306748,-2.7115371,-0.58745617,-0.410227
7,664,0.64179516,0.19906235,-8.3065,-2.711533,-0.5876245,-0.4086286
7,665,0.641664,0.19903505,-8.307169,-2.7118793,-0.5877859,-0.40702608
7,666,0.64156866,0.19896948,-8.306817,-2.712044,-0.58794045,-0.40541944
7,667,0.6413691,0.19885433,-8.307703,-2.7122028,-0.58808804,-0.40380865
7,668,0.64121044,0.19886518,-8.3082905,-2.711922,-0.5882287,-0.40219378
7,669,0.64119995,0.19888473,-8.306744,-2.7113721,-0.58836246,-0.40057483
7,670,0.6411644,0.19874454,-8.308788,-2.7120373,-0.5884893,-0.39895183
7,671,0.64098024,0.19871294,-8.306424,-2.7118778,-0.5886092,-0.3973247
7,672,0.6408094,0.19859672,-8.308082,-2.7124662,-0.5887222,-0.3956936
7,673,0.6406312,0.19859433,-8.308419,-2.7130268,-0.5888283,-0.3940584
7,674,0.6404947,0.19864869,-8.306843,-2.7123282,-0.5889275,-0.39241922
7,675,0.64037454,0.1985128,-8.306782,-2.7125926,-0.5890198,-0.390776
7,676,0.64023054,0.19827747,-8.307806,-2.712885,-0.5891052,-0.3891288
7,677,0.6400384,0.19850934,-8.3071,-2.7117934,-0.5891836,-0.3874776
7,678,0.6399394,0.19843662,-8.309505,-2.712353,-0.58925515,-0.38582245
7,679,0.6399628,0.19844246,-8.30719,-2.7130573,-0.5893198,-0.38416332
7,680,0.6396501,0.19826281,-8.310053,-2.713028,-0.5893776,-0.38250023
7,681,0.6395838,0.19829941,-8.307462,-2.7133656,-0.58942837,-0.38083324
7,682,0.6392993,0.1981219,-8.307507,-2.7137084,-0.58947235,-0.3791623
7,683,0.63930047,0.19814837,-8.308851,-2.7137227,-0.58950937,-0.37748748
7,684,0.63921833,0.19803464,-8.308558,-2.7140858,-0.5895395,-0.37580875
7,685,0.6390867,0.19800663,-8.307356,-2.7135308,-0.5895627,-0.37412614
7,686,0.6389017,0.19798732,-8.308146,-2.7134922,-0.5895791,-0.37243968
7,687,0.6388062,0.19805491,-8.307923,-2.7134788,-0.5895885,-0.37074935
7,688,0.63870585,0.19798148,-8.30828,-2.7139492,-0.5895911,-0.36905518
7,689,0.63865936,0.19790328,-8.308398,-2.714238,-0.5895868,-0.36735716
7,690,0.63831306,0.19786775,-8.307574,-2.7144198,-0.5895756,-0.36565536
7,691,0.63826597,0.19776356,-8.30875,-2.7138944,-0.58955747,-0.36394975
7,692,0.6381371,0.19773686,-8.307916,-2.7138836,-0.5895325,-0.36224034
7,693,0.6380528,0.19756007,-8.309062,-2.7140007,-0.58950067,-0.3605272
7,694,0.63800097,0.19755757,-8.3093,-2.7138748,-0.5894619,-0.35881025
7,695,0.6378443,0.1975131,-8.31047,-2.7141697,-0.5894163,-0.35708958
7,696,0.6376927,0.19748223,-8.310552,-2.7146506,-0.5893639,-0.35536516
7,697,0.6375185,0.19737446,-8.308982,-2.7146766,-0.58930457,-0.35363704
7,698,0.637447,0.19735384,-8.308903,-2.714508,-0.58923835,-0.35190523
7,699,0.6372311,0.19721973,-8.309236,-2.7151647,-0.5891653,-0.3501697
7,700,0.6372837,0.1972394,-8.308145,-2.7151766,-0.5890854,-0.34843048
7,701,0.6369835,0.19724059,-8.308943,-2.7146633,-0.5889986,-0.34668761
7,702,0.63702106,0.19723165,-8.310172,-2.7154431,-0.588905,-0.3449411
7,703,0.6367575,0.19723523,-8.307862,-2.7149286,-0.58880454,-0.34319097
7,704,0.6366372,0.19731498,-8.308032,-2.7152567,-0.58869725,-0.3414372
7,705,0.63656485,0.19718659,-8.309288,-2.7152898,-0.5885831,-0.33967984
7,706,0.6364472,0.19704318,-8.309504,-2.7154746,-0.5884621,-0.33791885
7,707,0.63635933,0.19693708,-8.309251,-2.7158701,-0.5883343,-0.3361543
7,708,0.6363194,0.19697654,-8.308692,-2.7159424,-0.58819973,-0.3343862
7,709,0.63613296,0.19682753,-8.31003,-2.715892,-0.58805823,-0.33261454
7,710,0.6360016,0.19683588,-8.309274,-2.7163157,-0.58791,-0.33083937
7,711,0.6358787,0.1968267,-8.308356,-2.7163815,-0.5877549,-0.32906064
7,712,0.635895,0.19681513,-8.309269,-2.7166438,-0.587593,-0.3272784
7,713,0.63577735,0.19668365,-8.309802,-2.7165837,-0.58742434,-0.3254927
7,714,0.6356031,0.19674039,-8.309659,-2.7165785,-0.58724886,-0.32370353
7,715,0.6354356,0.19664788,-8.310749,-2.7169402,-0.58706653,-0.32191086
7,716,0.6353171,0.19664168,-8.310038,-2.7171502,-0.58687747,-0.32011476
7,717,0.63511956,0.19657373,-8.311599,-2.7167368,-0.5866816,-0.3183152
7,718,0.635049,0.19656205,-8.312105,-2.7169309,-0.58647895,-0.31651226
7,719,0.63480127,0.19648421,-8.31046,-2.7167122,-0.58626956,-0.3147059
7,720,0.6347003,0.19646716,-8.310862,-2.7170691,-0.5860534,-0.31289616
7,721,0.6345875,0.1964122,-8.312205,-2.71742,-0.5858304,-0.31108302
7,722,0.6344247,0.1963507,-8.311964,-2.7178485,-0.5856007,-0.30926654
7,723,0.6343384,0.19627512,-8.311671,-2.7171612,-0.5853642,-0.30744672
7,724,0.63431776,0.19616568,-8.310511,-2.7172866,-0.58512104,-0.30562353
7,725,0.634148,0.19612396,-8.31112,-2.717431,-0.58487105,-0.30379707
7,726,0.6340319,0.19607508,-8.310571,-2.7172205,-0.5846144,-0.3019673
7,727,0.63389575,0.19604611,-8.311799,-2.7172658,-0.58435094,-0.3001342
7,728,0.63379383,0.19608009,-8.310395,-2.7168798,-0.5840808,-0.29829788
7,729,0.6336466,0.19592416,-8.31193,-2.717827,-0.58380395,-0.2964583
7,730,0.6334654,0.19591045,-8.312214,-2.7176666,-0.58352035,-0.29461548
7,731,0.633389,0.19588864,-8.31152,-2.7176094,-0.5832301,-0.2927694
7,732,0.63329875,0.19587648,-8.311779,-2.7179015,-0.5829331,-0.29092014
7,733,0.6331396,0.19575226,-8.311254,-2.7178848,-0.58262944,-0.2890677
7,734,0.6330385,0.19573247,-8.312701,-2.7179923,-0.5823191,-0.28721204
7,735,0.63289475,0.1957165,-8.311834,-2.718256,-0.58200204,-0.28535324
7,736,0.6327841,0.19557786,-8.312969,-2.7185156,-0.58167833,-0.2834913
7,737,0.6326362,0.1956054,-8.31274,-2.718489,-0.58134794,-0.28162622
7,738,0.63245845,0.19548762,-8.312623,-2.71916,-0.5810109,-0.27975804
7,739,0.63235176,0.19539273,-8.313098,-2.7191567,-0.5806672,-0.27788672
7,740,0.6322402,0.195413,-8.313474,-2.7190592,-0.58031684,-0.27601233
7,741,0.6322402,0.19538915,-8.312224,-2.7187881,-0.57995987,-0.27413487
7,742,0.63201046,0.19531512,-8.312997,-2.7189176,-0.5795963,-0.27225435
7,743,0.63182795,0.19520342,-8.313439,-2.7192552,-0.579226,-0.2703708
7,744,0.6316885,0.19520569,-8.313613,-2.7192657,-0.5788492,-0.26848423
7,745,0.63162255,0.19519556,-8.312401,-2.7191267,-0.5784657,-0.26659465
7,746,0.6314708,0.19503117,-8.313483,-2.7190335,-0.57807565,-0.26470205
7,747,0.6313739,0.1950109,-8.313417,-2.7193203,-0.57767904,-0.2628065
7,748,0.6311867,0.19491029,-8.314243,-2.718906,-0.57727575,-0.26090798
7,749,0.6310514,0.19491398,-8.313256,-2.7187016,-0.576866,-0.25900653
7,750,0.63096154,0.19484806,-8.313246,-2.719154,-0.5764496,-0.25710213
7,751,0.63085186,0.19476712,-8.312292,-2.7190661,-0.5760266,-0.25519484
7,752,0.6307584,0.19473767,-8.314364,-2.7192514,-0.5755971,-0.25328463
7,753,0.6305524,0.19477999,-8.314253,-2.7192872,-0.57516104,-0.25137156
7,754,0.6305126,0.19467795,-8.314254,-2.7192466,-0.5747185,-0.2494556
7,755,0.63029003,0.19464421,-8.314268,-2.719473,-0.57426935,-0.24753681
7,756,0.63024056,0.19455218,-8.3175,-2.719902,-0.57381374,-0.24561518
7,757,0.6301675,0.19453704,-8.314105,-2.7198982,-0.57335156,-0.24369074
7,758,0.630005,0.19437218,-8.313029,-2.7204008,-0.57288295,-0.24176349
7,759,0.62985015,0.19443262,-8.314338,-2.7196305,-0.5724078,-0.23983346
7,760,0.6297072,0.1943351,-8.31376,-2.7200005,-0.5719262,-0.23790066
7,761,0.62965596,0.19425952,-8.313589,-2.7201295,-0.5714381,-0.23596512
7,762,0.62953496,0.19427133,-8.314163,-2.7201474,-0.5709435,-0.23402683
7,763,0.62944806,0.19426262,-8.314361,-2.720277,-0.5704425,-0.23208582
7,764,0.62932277,0.19409716,-8.314901,-2.7206118,-0.569935,-0.23014212
7,765,0.6292379,0.19407427,-8.314091,-2.7207377,-0.5694211,-0.22819573
7,766,0.6290786,0.19405758,-8.314245,-2.7205536,-0.56890076,-0.22624665
7,767,0.6288998,0.19400442,-8.314147,-2.7202182,-0.568374,-0.22429495
7,768,0.62886405,0.19387269,-8.313838,-2.7204633,-0.5678408,-0.22234058
7,769,0.6287496,0.19391298,-8.31369,-2.7204702,-0.5673012,-0.22038361
7,770,0.6286658,0.19377732,-8.314089,-2.7204728,-0.56675524,-0.21842404
7,771,0.6284907,0.19374108,-8.314341,-2.720414,-0.5662029,-0.21646188
7,772,0.6283438,0.19377506,-8.314319,-2.7207727,-0.5656442,-0.21449715
7,773,0.6281276,0.19364762,-8.315532,-2.7210739,-0.5650791,-0.21252985
7,774,0.62792647,0.19366086,-8.314889,-2.7210162,-0.56450766,-0.21056002
7,775,0.6278728,0.1936245,-8.316509,-2.7209284,-0.5639299,-0.20858769
7,776,0.62786984,0.19360793,-8.315605,-2.7211583,-0.5633458,-0.20661284
7,777,0.62746894,0.19355714,-8.315201,-2.7205997,-0.56275535,-0.2046355
7,778,0.6274289,0.19356799,-8.316284,-2.721699,-0.56215864,-0.2026557
7,779,0.6273577,0.19349122,-8.314439,-2.7216523,-0.5615556,-0.20067345
7,780,0.6273835,0.1932491,-8.315535,-2.7211394,-0.5609463,-0.19868875
7,781,0.6272503,0.19317913,-8.315238,-2.7212481,-0.5603307,-0.19670163
7,782,0.6271136,0.1931752,-8.315165,-2.7216094,-0.55970883,-0.19471212
7,783,0.626961,0.19306612,-8.316374,-2.72155,-0.55908066,-0.19272022
7,784,0.6269088,0.19304132,-8.317259,-2.7215214,-0.55844635,-0.19072595
7,785,0.6268227,0.19301414,-8.315532,-2.7212803,-0.5578057,-0.18872933
7,786,0.62658036,0.19290411,-8.31618,-2.7214792,-0.5571589,-0.18673038
7,787,0.6264584,0.19291544,-8.316352,-2.7212958,-0.55650586,-0.18472911
7,788,0.62625337,0.19293773,-8.31666,-2.7218087,-0.55584663,-0.18272555
7,789,0.6263261,0.19279516,-8.317656,-2.7214887,-0.5551812,-0.1807197
7,790,0.6260487,0.19276178,-8.315929,-2.7222307,-0.5545096,-0.17871158
7,791,0.6258316,0.19269216,-8.3164625,-2.7212625,-0.5538318,-0.17670122
7,792,0.6257396,0.19271863,-8.31797,-2.7212808,-0.5531479,-0.17468862
7,793,0.62566006,0.19240952,-8.318971,-2.7217603,-0.55245787,-0.17267382
7,794,0.62540126,0.19266748,-8.317024,-2.7221005,-0.5517616,-0.17065682
7,795,0.625388,0.1925503,-8.318748,-2.721728,-0.5510593,-0.16863763
7,796,0.62531126,0.19256318,-8.316809,-2.7227252,-0.5503509,-0.16661629
7,797,0.6250819,0.19258869,-8.317598,-2.722768,-0.5496364,-0.1645928
7,798,0.6249466,0.19233203,-8.317194,-2.7224984,-0.5489158,-0.16256718
7,799,0.62490046,0.19220698,-8.316871,-2.7219331,-0.54818916,-0.16053946
7,800,0.62475216,0.19219387,-8.315807,-2.7224574,-0.54745644,-0.15850966
7,801,0.62484133,0.19216287,-8.317443,-2.7223332,-0.54671764,-0.15647776
7,802,0.6245762,0.19229877,-8.317203,-2.7223976,-0.5459729,-0.15444382
7,803,0.62456393,0.19219148,-8.317786,-2.7233655,-0.54522204,-0.15240784
7,804,0.62439406,0.19206047,-8.31868,-2.72174,-0.5444652,-0.15036984
7,805,0.62413657,0.1919465,-8.318034,-2.722142,-0.54370236,-0.14832982
7,806,0.624084,0.19201016,-8.316779,-2.7219672,-0.5429336,-0.14628783
7,807,0.6240921,0.19172549,-8.317957,-2.722189,-0.54215884,-0.14424387
7,808,0.62379587,0.19187999,-8.319488,-2.7227578,-0.5413781,-0.14219795
7,809,0.6237943,0.19152689,-8.319652,-2.7220316,-0.5405914,-0.14015011
7,810,0.6237793,0.19165564,-8.3168335,-2.7220964,-0.5397988,-0.13810036
7,811,0.62347066,0.19174135,-8.317878,-2.7230048,-0.53900033,-0.13604869
7,812,0.6233524,0.19150102,-8.319292,-2.7229617,-0.5381959,-0.13399516
7,813,0.62332356,0.19147754,-8.318181,-2.7225857,-0.5373856,-0.13193977
7,814,0.62310374,0.1914562,-8.318813,-2.7233675,-0.5365694,-0.12988251
7,815,0.6229656,0.1916343,-8.318939,-2.7237372,-0.53574735,-0.12782346
7,816,0.6227952,0.19137657,-8.321681,-2.7231407,-0.5349195,-0.12576258
7,817,0.62265706,0.19143856,-8.318648,-2.723072,-0.53408575,-0.12369991
7,818,0.62253606,0.19140625,-8.320646,-2.7238817,-0.5332462,-0.121635474
7,819,0.6224537,0.19124842,-8.320615,-2.723337,-0.53240085,-0.11956928
7,820,0.6222149,0.1913197,-8.319323,-2.7233143,-0.5315497,-0.117501356
7,821,0.6221392,0.19120026,-8.320337,-2.7232594,-0.5306928,-0.11543171
7,822,0.6220219,0.19125438,-8.318773,-2.722095,-0.5298301,-0.11336036
7,823,0.6220468,0.19102311,-8.32015,-2.7227845,-0.52896166,-0.11128733
7,824,0.62180924,0.19085443,-8.321705,-2.7231057,-0.5280875,-0.109212644
7,825,0.6217308,0.19086516,-8.32229,-2.7226615,-0.5272076,-0.1071363
7,826,0.6215998,0.1909846,-8.319388,-2.7229397,-0.526322,-0.10505834
7,827,0.62136006,0.19092953,-8.320529,-2.7229052,-0.5254307,-0.102978766
7,828,0.6213856,0.190763,-8.320407,-2.7236614,-0.5245337,-0.1008976
7,829,0.6212448,0.19073689,-8.321996,-2.7231784,-0.5236311,-0.09881486
7,830,0.62111676,0.19058609,-8.32174,-2.7236173,-0.5227228,-0.09673057
7,831,0.62105703,0.19064415,-8.320024,-2.72365,-0.52180886,-0.09464474
7,832,0.62080765,0.19042325,-8.319758,-2.7234433,-0.52088934,-0.09255739
7,833,0.62070084,0.19048107,-8.322208,-2.7235491,-0.5199642,-0.09046854
7,834,0.6204984,0.19033921,-8.321642,-2.7243943,-0.5190335,-0.08837821
7,835,0.6204425,0.1902653,-8.321058,-2.7243528,-0.51809716,-0.08628642
7,836,0.6203371,0.19024575,-8.320236,-2.723288,-0.5171553,-0.084193185
7,837,0.6202564,0.19024372,-8.3219385,-2.7238557,-0.5162079,-0.08209852
7,838,0.62015605,0.1900661,-8.321431,-2.7237866,-0.515255,-0.08000245
7,839,0.62006533,0.19012344,-8.322054,-2.7240827,-0.51429653,-0.077904984
7,840,0.6199814,0.19006467,-8.320833,-2.723881,-0.5133326,-0.07580615
7,841,0.6198995,0.18994522,-8.320876,-2.7238247,-0.5123632,-0.073705964
7,842,0.6195531,0.18993056,-8.32036,-2.7234156,-0.5113883,-0.071604446
7,843,0.6195288,0.1897428,-8.321782,-2.7227716,-0.5104079,-0.06950161
7,844,0.61937,0.18985486,-8.320819,-2.724471,-0.5094222,-0.067397475
7,845,0.6193,0.1898756,-8.321705,-2.7239065,-0.508431,-0.06529206
7,846,0.6191013,0.18986237,-8.321195,-2.7245913,-0.5074344,-0.06318539
7,847,0.6189697,0.1896193,-8.322228,-2.7232356,-0.5064325,-0.06107747
7,848,0.61880505,0.18967068,-8.321185,-2.724321,-0.5054251,-0.058968335
7,849,0.6186787,0.18960857,-8.322136,-2.724455,-0.5044124,-0.056857992
7,850,0.61855245,0.18957186,-8.322406,-2.7243352,-0.50339437,-0.054746464
7,851,0.6184164,0.18960881,-8.322846,-2.7242928,-0.502371,-0.05263377
7,852,0.6184058,0.18933833,-8.322605,-2.7239952,-0.50134236,-0.050519925
7,853,0.6182258,0.1894046,-8.323808,-2.7241287,-0.50030845,-0.04840495
7,854,0.6181774,0.18947923,-8.321712,-2.723401,-0.49926925,-0.046288867
7,855,0.6179334,0.18925893,-8.322982,-2.7235558,-0.49822477,-0.044171687
7,856,0.6179776,0.18906713,-8.322282,-2.724139,-0.49717507,-0.042053435
7,857,0.61780643,0.18908238,-8.324847,-2.7249918,-0.49612015,-0.03993413
7,858,0.6176628,0.18895972,-8.321976,-2.7244284,-0.49506003,-0.037813786
7,859,0.6174526,0.18893015,-8.323623,-2.7243214,-0.4939947,-0.035692427
7,860,0.6175009,0.1890136,-8.321666,-2.7240584,-0.4929242,-0.03357007
7,861,0.61710906,0.18895054,-8.323105,-2.724331,-0.4918486,-0.03144673
7,862,0.6171942,0.18889046,-8.324374,-2.7243488,-0.49076784,-0.029322429
7,863,0.61704004,0.1889664,-8.323269,-2.7242274,-0.48968193,-0.027197188
7,864,0.616858,0.1887933,-8.322331,-2.723842,-0.48859096,-0.025071021
7,865,0.6166979,0.18877232,-8.322194,-2.724811,-0.4874949,-0.022943951
7,866,0.6166003,0.18872607,-8.324451,-2.7249033,-0.48639375,-0.020815996
7,867,0.61629045,0.18856692,-8.321921,-2.7242029,-0.48528758,-0.018687174
7,868,0.6163603,0.18871403,-8.324072,-2.7243092,-0.48417634,-0.016557503
7,869,0.6162348,0.18839943,-8.324146,-2.7249808,-0.48306012,-0.014427005
7,870,0.61613405,0.18842709,-8.3258095,-2.7251458,-0.4819389,-0.012295696
7,871,0.6159903,0.18851495,-8.323753,-2.7250996,-0.4808127,-0.010163596
7,872,0.61592674,0.1883533,-8.325148,-2.72539,-0.47968155,-0.008030724
7,873,0.6156143,0.18832076,-8.322931,-2.7253928,-0.47854543,-0.005897099
7,874,0.61565423,0.18809187,-8.322735,-2.7251117,-0.47740442,-0.0037627402
7,875,0.61537266,0.18819427,-8.322401,-2.725167,-0.4762585,-0.0016276662
7,876,0.61522317,0.18812156,-8.320604,-2.723752,-0.47510767,0.00050810387
7,877,0.61518824,0.18817055,-8.322246,-2.7252378,-0.47395197,0.002644551
7,878,0.6150557,0.18806589,-8.321517,-2.7251425,-0.47279143,0.004781656
7,879,0.6151906,0.18790543,-8.323969,-2.7244809,-0.47162607,0.0069194
7,880,0.61479723,0.18765235,-8.32609,-2.7239637,-0.47045588,0.009057763
7,881,0.61485803,0.18772542,-8.325784,-2.7245696,-0.4692809,0.011196728
7,882,0.61450183,0.18763399,-8.324289,-2.724487,-0.46810114,0.013336274
7,883,0.61438084,0.18789208,-8.323836,-2.7244942,-0.46691662,0.015476382
7,884,0.61426294,0.18760097,-8.327822,-2.7252731,-0.46572736,0.017617034
7,885,0.6141559,0.18784797,-8.324874,-2.725954,-0.4645334,0.019758211
7,886,0.6139915,0.18755364,-8.325567,-2.7242131,-0.4633347,0.021899892
7,887,0.6138704,0.18752491,-8.325486,-2.725462,-0.46213135,0.024042059
7,888,0.6137918,0.18736887,-8.326263,-2.7256453,-0.4609233,0.026184695
7,889,0.61365724,0.18740475,-8.326854,-2.7254372,-0.45971066,0.028327776
7,890,0.6133927,0.18725538,-8.328452,-2.72426,-0.45849335,0.030471286
7,891,0.6135628,0.18718302,-8.327512,-2.725086,-0.45727143,0.032615207
7,892,0.6132089,0.18733168,-8.327197,-2.7258742,-0.45604494,0.034759518
7,893,0.61305106,0.18734348,-8.32625,-2.724453,-0.45481387,0.036904197
7,894,0.6130959,0.18712378,-8.328293,-2.724015,-0.45357826,0.03904923
7,895,0.6127871,0.18725276,-8.327179,-2.7252603,-0.45233813,0.041194595
7,896,0.61250186,0.18710971,-8.328363,-2.7251055,-0.45109347,0.043340273
7,897,0.6127596,0.18682313,-8.328682,-2.7234223,-0.44984433,0.045486245
7,898,0.6124178,0.1868211,-8.32631,-2.722428,-0.4485907,0.047632493
7,899,0.6126261,0.18678367,-8.326016,-2.7231455,-0.44733262,0.049778998
7,900,0.61245155,0.18692541,-8.330011,-2.724456,-0.44607013,0.051925734
7,901,0.6124215,0.18680108,-8.328536,-2.7249765,-0.4448032,0.054072693
7,902,0.6118965,0.1868664,-8.326359,-2.7238374,-0.4435319,0.056219846
7,903,0.6119269,0.1867181,-8.32851,-2.724508,-0.4422562,0.058367178
7,904,0.61177087,0.18669176,-8.3280325,-2.7244966,-0.4409762,0.06051467
7,905,0.6118474,0.1866659,-8.32765,-2.7242186,-0.4396918,0.0626623
7,906,0.61150265,0.18642235,-8.3286495,-2.7247405,-0.43840313,0.06481005
7,907,0.6112819,0.18635595,-8.328129,-2.7243686,-0.43711016,0.066957906
7,908,0.61116457,0.1864382,-8.327131,-2.7246947,-0.43581292,0.06910584
7,909,0.61101735,0.18649185,-8.32833,-2.7249331,-0.43451142,0.071253836
7,910,0.61106,0.18633509,-8.328647,-2.7248971,-0.4332057,0.073401876
7,911,0.61083424,0.18612564,-8.327328,-2.724665,-0.43189576,0.075549945
7,912,0.61074114,0.18640709,-8.329245,-2.7252896,-0.43058163,0.077698015
7,913,0.61054707,0.18624127,-8.329635,-2.725404,-0.42926332,0.07984607
7,914,0.6104212,0.18626046,-8.329041,-2.7244878,-0.42794085,0.08199409
7,915,0.61021984,0.18596232,-8.328495,-2.7246253,-0.42661425,0.08414205
7,916,0.61001587,0.18632102,-8.326647,-2.7248385,-0.42528358,0.08628995
7,917,0.60987294,0.18591976,-8.330725,-2.7252889,-0.4239488,0.08843775
7,918,0.6097424,0.1858617,-8.328597,-2.7231545,-0.42260993,0.09058544
7,919,0.60992336,0.18599892,-8.3302,-2.724427,-0.42126703,0.092732996
7,920,0.6097026,0.18584311,-8.330791,-2.7240877,-0.41992012,0.09488041
7,921,0.60951185,0.18598127,-8.33006,-2.7250233,-0.41856918,0.097027645
7,922,0.60926926,0.18588829,-8.32972,-2.7233548,-0.41721427,0.09917469
7,923,0.6092988,0.18571794,-8.330142,-2.724369,-0.41585538,0.10132154
7,924,0.6092813,0.18553853,-8.332171,-2.7240407,-0.41449258,0.10346815
7,925,0.60908127,0.18576133,-8.326876,-2.724622,-0.4131258,0.10561452
7,926,0.6091492,0.18533003,-8.329446,-2.7241716,-0.41175517,0.107760616
7,927,0.60866857,0.18542051,-8.328961,-2.7246397,-0.41038066,0.109906435
7,928,0.60872746,0.18540943,-8.328805,-2.723008,-0.40900227,0.11205194
7,929,0.6087239,0.1851412,-8.328537,-2.7250423,-0.40762007,0.11419713
7,930,0.60852134,0.18547988,-8.329776,-2.7241566,-0.40623403,0.11634196
7,931,0.60825133,0.1851182,-8.328854,-2.7251704,-0.4048442,0.11848644
7,932,0.6082909,0.18496954,-8.331147,-2.724529,-0.4034506,0.12063053
7,933,0.6080502,0.18508673,-8.327862,-2.7251084,-0.40205327,0.12277422
7,934,0.6076397,0.18488073,-8.33084,-2.7245643,-0.4006522,0.12491749
7,935,0.60782886,0.18498254,-8.326288,-2.7241867,-0.3992474,0.12706032
7,936,0.60778,0.1850574,-8.329417,-2.7224882,-0.39783895,0.12920268
7,937,0.607424,0.18474996,-8.331766,-2.7243507,-0.3964268,0.13134457
7,938,0.6076431,0.18490219,-8.331276,-2.724216,-0.39501104,0.13348596
7,939,0.6072837,0.18470657,-8.329407,-2.724186,-0.39359164,0.13562682
7,940,0.6071601,0.18474007,-8.329485,-2.7231722,-0.39216864,0.13776715
7,941,0.607106,0.18460107,-8.330769,-2.7242336,-0.3907421,0.13990693
7,942,0.6070365,0.18463051,-8.330567,-2.7242057,-0.38931197,0.14204612
7,943,0.60703707,0.18469703,-8.330386,-2.723322,-0.3878783,0.14418472
7,944,0.6065359,0.18460679,-8.33115,-2.7231455,-0.38644114,0.14632271
7,945,0.60648096,0.18464625,-8.331338,-2.723389,-0.3850005,0.14846006
7,946,0.6064193,0.18454051,-8.330581,-2.7244442,-0.38355637,0.15059675
7,947,0.6063919,0.1845001,-8.330686,-2.724171,-0.3821088,0.15273276
7,948,0.6061299,0.18429732,-8.335172,-2.724314,-0.38065782,0.1548681
7,949,0.605855,0.184394,-8.330181,-2.7247198,-0.37920344,0.1570027
7,950,0.6059865,0.18440187,-8.330271,-2.7228234,-0.3777457,0.15913658
7,951,0.6057761,0.18423045,-8.331544,-2.7229419,-0.37628457,0.16126971
7,952,0.60575676,0.18421638,-8.330134,-2.7229278,-0.37482014,0.16340207
7,953,0.6057228,0.18417859,-8.333298,-2.7243447,-0.37335238,0.16553363
7,954,0.6054977,0.18409646,-8.331078,-2.723355,-0.37188134,0.1676644
7,955,0.60534763,0.18386471,-8.334251,-2.723386,-0.37040704,0.16979432
7,956,0.60541356,0.18398082,-8.331316,-2.7233334,-0.3689295,0.1719234
7,957,0.60511017,0.18391907,-8.331342,-2.7232563,-0.36744872,0.17405161
7,958,0.6050421,0.18403614,-8.331396,-2.724391,-0.36596477,0.17617893
7,959,0.6049049,0.18393457,-8.331811,-2.7238548,-0.36447763,0.17830536
7,960,0.6047628,0.18380201,-8.332015,-2.7242813,-0.36298737,0.18043084
7,961,0.6047051,0.18383396,-8.332617,-2.7235892,-0.36149395,0.18255539
7,962,0.60458696,0.18370879,-8.332551,-2.7239168,-0.35999742,0.18467897
7,963,0.60432625,0.1836313,-8.332438,-2.7239723,-0.35849783,0.18680157
7,964,0.6041578,0.18355846,-8.331211,-2.7236934,-0.3569952,0.18892317
7,965,0.60422444,0.18353856,-8.332436,-2.723984,-0.3554895,0.19104373
7,966,0.6040629,0.18352973,-8.332347,-2.7235444,-0.35398078,0.19316328
7,967,0.60396254,0.18339157,-8.334143,-2.722822,-0.3524691,0.19528174
7,968,0.6038171,0.18341267,-8.333018,-2.7227633,-0.35095444,0.19739912
7,969,0.60358715,0.18338215,-8.332856,-2.7226503,-0.34943685,0.19951542
7,970,0.60360646,0.18339622,-8.333285,-2.7229528,-0.3479163,0.20163058
7,971,0.6034825,0.18332064,-8.333506,-2.7234986,-0.3463929,0.20374462
7,972,0.60332036,0.1831919,-8.332706,-2.7227936,-0.3448666,0.20585749
7,973,0.6031138,0.18323016,-8.333044,-2.7240374,-0.34333748,0.20796919
7,974,0.6031095,0.18311131,-8.332011,-2.7231095,-0.3418055,0.21007968
7,975,0.60295224,0.18334615,-8.330797,-2.7228706,-0.34027073,0.21218896
7,976,0.60289,0.18316698,-8.333873,-2.7229943,-0.33873317,0.21429701
7,977,0.60287094,0.18312597,-8.332516,-2.7225153,-0.33719286,0.21640381
7,978,0.6027237,0.1831336,-8.333198,-2.7226803,-0.33564985,0.21850933
7,979,0.60259974,0.18307006,-8.3331785,-2.7228963,-0.3341041,0.22061355
7,980,0.6026108,0.18302906,-8.331952,-2.722805,-0.33255565,0.22271648
7,981,0.60235703,0.18294132,-8.332619,-2.722585,-0.33100456,0.22481807
7,982,0.60224295,0.1828841,-8.332355,-2.7225685,-0.32945085,0.2269183
7,983,0.6021137,0.18279803,-8.33232,-2.722934,-0.32789448,0.22901717
7,984,0.60201716,0.18281329,-8.332804,-2.7227855,-0.32633555,0.23111464
7,985,0.60192907,0.18286073,-8.333139,-2.7230763,-0.32477406,0.23321071
7,986,0.6018592,0.18280232,-8.333555,-2.7227893,-0.32321,0.23530535
7,987,0.60165,0.18273354,-8.333784,-2.7228458,-0.32164344,0.23739856
7,988,0.60157955,0.18275952,-8.333791,-2.7230127,-0.32007438,0.23949029
7,989,0.6014285,0.18273592,-8.336097,-2.7229235,-0.31850284,0.24158055
7,990,0.6013231,0.18252122,-8.334977,-2.7227783,-0.31692886,0.24366929
7,991,0.60117483,0.182549,-8.335623,-2.721963,-0.31535247,0.2457565
7,992,0.60110307,0.18259764,-8.333429,-2.722428,-0.3137737,0.2478422
7,993,0.60079336,0.18270636,-8.336052,-2.7214587,-0.3121925,0.24992631
7,994,0.60096943,0.18244505,-8.33173,-2.722067,-0.31060898,0.25200886
7,995,0.6007894,0.18238568,-8.33226,-2.7218924,-0.30902314,0.2540898
7,996,0.600682,0.18219984,-8.331912,-2.722439,-0.30743498,0.2561691
7,997,0.60058415,0.1824975,-8.333194,-2.7218964,-0.30584455,0.2582468
7,998,0.60032034,0.18220055,-8.331397,-2.7224479,-0.30425185,0.26032284
7,999,0.6004547,0.18221438,-8.331365,-2.7221162,-0.30265695,0.2623972
8,0,0.99150825,-0.059851408,11.010284,3.6639209,-0.11062164,0.46901307
8,1,0.991236,-0.058769345,11.02104,3.6543384,-0.110147625,0.469854
8,2,0.9920325,-0.059647083,11.025259,3.656773,-0.109673135,0.470692
8,3,0.9914644,-0.05946517,11.0214615,3.6557183,-0.109198175,0.47152713
8,4,0.9920931,-0.058169603,11.021872,3.654677,-0.10872276,0.4723593
8,5,0.9917021,-0.05889201,11.023548,3.6573863,-0.1082469,0.47318855
8,6,0.99154115,-0.058598757,11.0293255,3.6560903,-0.107770614,0.47401488
8,7,0.9919858,-0.05941689,11.022308,3.652553,-0.10729391,0.4748383
8,8,0.99297166,-0.058885932,11.024532,3.6547408,-0.1068168,0.47565874
8,9,0.99292874,-0.05824232,11.029171,3.6564298,-0.1063393,0.47647625
8,10,0.9924607,-0.05842185,11.038652,3.6518798,-0.10586142,0.47729084
8,11,0.9932139,-0.0589931,11.024212,3.6541133,-0.105383165,0.47810245
8,12,0.9933052,-0.05849302,11.011818,3.6541781,-0.10490456,0.4789111
8,13,0.99249816,-0.05877459,11.024281,3.6549907,-0.10442562,0.4797168
8,14,0.99423313,-0.058290005,11.02363,3.6550002,-0.103946336,0.48051953
8,15,0.9926138,-0.05769086,11.027163,3.6554523,-0.103466734,0.4813193
8,16,0.9939122,-0.057997346,11.014946,3.658134,-0.102986835,0.48211607
8,17,0.9946952,-0.057764053,11.022585,3.6562438,-0.10250664,0.4829099
8,18,0.99419403,-0.05743909,11.023148,3.657866,-0.10202616,0.48370072
8,19,0.9946244,-0.057828307,11.017019,3.6571097,-0.10154541,0.48448855
8,20,0.99402857,-0.057494283,11.027641,3.6584516,-0.10106441,0.4852734
8,21,0.9951482,-0.058026195,11.028801,3.6576962,-0.10058316,0.48605523
8,22,0.9948623,-0.05731404,11.030472,3.6536584,-0.10010168,0.48683408
8,23,0.99559855,-0.05762565,11.027079,3.656468,-0.099619985,0.4876099
8,24,0.9951513,-0.057562232,11.021721,3.6563916,-0.09913808,0.48838273
8,25,0.9948697,-0.05720949,11.032204,3.658794,-0.09865598,0.48915255
8,26,0.9952843,-0.057459235,11.024536,3.6566405,-0.0981737,0.48991933
8,27,0.99562836,-0.057093263,11.031834,3.657928,-0.097691245,0.49068308
8,28,0.9959581,-0.056640387,11.024887,3.657556,-0.09720864,0.4914438
8,29,0.9956398,-0.05659306,11.033653,3.6582446,-0.09672589,0.49220154
8,30,0.9964111,-0.05688989,11.019974,3.6573482,-0.096243,0.4929562
8,31,0.9967377,-0.05706024,11.023497,3.6578698,-0.09576,0.4937078
8,32,0.99586844,-0.057067394,11.025404,3.6581225,-0.095276885,0.49445638
8,33,0.9967201,-0.05654061,11.023348,3.655973,-0.09479368,0.49520192
8,34,0.99612117,-0.05712974,11.031925,3.6576524,-0.09431039,0.49594438
8,35,0.9967797,-0.05689192,11.027376,3.6558595,-0.09382703,0.4966838
8,36,0.99680996,-0.056239605,11.028843,3.6577935,-0.093343616,0.49742013
8,37,0.99673915,-0.05559385,11.024553,3.6602864,-0.092860155,0.49815342
8,38,0.9976423,-0.05587399,11.026249,3.6592517,-0.09237666,0.49888363
8,39,0.99732876,-0.056213498,11.022175,3.6569085,-0.09189314,0.49961078
8,40,0.99739504,-0.05589807,11.013376,3.6556659,-0.091409616,0.50033486
8,41,0.99719405,-0.056055427,11.028856,3.6607928,-0.090926096,0.50105584
8,42,0.9973011,-0.056072116,11.026537,3.6575007,-0.09044259,0.5017737
8,43,0.99828076,-0.055750012,11.02762,3.6583142,-0.089959115,0.5024885
8,44,0.99846435,-0.055927634,11.028219,3.6595254,-0.089475684,0.5032002
8,45,0.99789786,-0.055099368,11.027525,3.6605334,-0.088992305,0.5039088
8,46,0.9985604,-0.055103183,11.025475,3.6592155,-0.08850899,0.5046143
8,47,0.99832225,-0.055805326,11.01371,3.658503,-0.088025756,0.5053167
8,48,0.999037,-0.05519724,11.032606,3.6582665,-0.087542616,0.50601596
8,49,0.99940395,-0.05519855,11.030529,3.6578488,-0.08705957,0.50671214
8,50,0.99878526,-0.055522442,11.0304985,3.6604943,-0.08657665,0.50740516
8,51,0.9987445,-0.05471146,11.0240135,3.6562686,-0.08609386,0.5080951
8,52,0.9989567,-0.05480039,11.011734,3.6630569,-0.0856112,0.50878185
8,53,0.9991815,-0.05430746,11.025261,3.6592717,-0.085128695,0.5094655
8,54,1.0000103,-0.0545609,11.02939,3.6570916,-0.08464636,0.5101461
8,55,0.99957156,-0.05336106,11.017706,3.658276,-0.0841642,0.5108234
8,56,0.9998071,-0.054525375,11.014666,3.6592326,-0.08368223,0.5114977
8,57,0.9993024,-0.054418802,11.017475,3.6573405,-0.08320046,0.5121688
8,58,1.0005133,-0.054919004,11.031652,3.657288,-0.08271891,0.51283675
8,59,1.0000527,-0.054345727,11.025513,3.6578946,-0.08223759,0.5135015
8,60,1.0007596,-0.054442644,11.026825,3.6600718,-0.0817565,0.5141632
8,61,1.0002367,-0.05422032,11.029657,3.6589913,-0.081275664,0.51482165
8,62,1.0014169,-0.054082036,11.021059,3.6603103,-0.080795094,0.515477
8,63,1.000962,-0.053621292,11.028101,3.6604123,-0.0803148,0.51612914
8,64,1.0017118,-0.054002047,11.030148,3.658976,-0.0798348,0.5167781
8,65,1.0007076,-0.054410577,11.02957,3.6596541,-0.07935509,0.51742387
8,66,1.0009849,-0.053644657,11.016476,3.6627984,-0.0788757,0.5180665
8,67,1.0016778,-0.053477883,11.012144,3.6598573,-0.07839663,0.51870596
8,68,1.0016654,-0.053049207,11.024139,3.6601882,-0.0779179,0.5193422
8,69,1.0014985,-0.053825974,11.017578,3.6570277,-0.07743953,0.51997524
8,70,1.0025694,-0.053371906,11.029774,3.6597333,-0.07696151,0.52060515
8,71,1.0016992,-0.053470016,11.026123,3.6598554,-0.076483876,0.5212318
8,72,1.0028441,-0.05341506,11.020714,3.6595683,-0.07600662,0.5218553
8,73,1.0027311,-0.053386092,11.017597,3.6607432,-0.07552976,0.52247554
8,74,1.0034008,-0.052478552,11.02471,3.6619067,-0.07505332,0.5230926
8,75,1.0031908,-0.052484512,11.028744,3.6587377,-0.0745773,0.52370644
8,76,1.002187,-0.053506136,11.028889,3.6613574,-0.07410172,0.5243171
8,77,1.0035985,-0.053036213,11.024996,3.662127,-0.073626585,0.5249245
8,78,1.0033176,-0.052793264,11.021694,3.6636138,-0.07315191,0.5255287
8,79,1.0035605,-0.05253589,11.020157,3.6618152,-0.07267771,0.52612966
8,80,1.0045557,-0.052485466,11.027786,3.6619802,-0.07220399,0.52672744
8,81,1.0036192,-0.052515388,11.031496,3.661656,-0.07173077,0.52732193
8,82,1.0032535,-0.05195725,11.033133,3.662274,-0.07125805,0.5279132
8,83,1.0046699,-0.052273393,11.021982,3.6599336,-0.070785865,0.5285013
8,84,1.0048616,-0.0526793,11.019194,3.6628556,-0.070314206,0.5290861
8,85,1.0049026,-0.052175403,11.031414,3.663486,-0.0698431,0.5296677
8,86,1.0049429,-0.051539063,11.022112,3.6625237,-0.06937254,0.53024596
8,87,1.0049987,-0.051971555,11.026163,3.6622376,-0.06890256,0.530821
8,88,1.0053322,-0.051334977,11.025513,3.6616368,-0.06843316,0.5313929
8,89,1.0050089,-0.05051267,11.011616,3.663628,-0.06796435,0.53196144
8,90,1.0050523,-0.050777912,11.023226,3.665526,-0.06749615,0.53252673
8,91,1.00525,-0.051600218,11.029476,3.6653743,-0.06702857,0.5330888
8,92,1.0058701,-0.05159855,11.024244,3.6624475,-0.06656162,0.53364754
8,93,1.0050313,-0.05100131,11.018013,3.661983,-0.06609531,0.53420305
8,94,1.0060356,-0.05141914,11.022982,3.6639972,-0.06562965,0.5347553
8,95,1.0053217,-0.051130176,11.021133,3.661755,-0.06516466,0.5353043
8,96,1.0061476,-0.051695585,11.022163,3.6676717,-0.06470035,0.53585
8,97,1.00688,-0.050767183,11.026081,3.662953,-0.06423673,0.5363924
8,98,1.0057881,-0.050434828,11.01903,3.6643138,-0.06377381,0.5369315
8,99,1.0057552,-0.050286055,11.023012,3.660234,-0.063311614,0.53746736
8,100,1.0071487,-0.050331235,11.016066,3.6639342,-0.06285014,0.5379999
8,101,1.0069041,-0.04945278,11.017832,3.6631227,-0.0623894,0.53852916
8,102,1.0077205,-0.05059862,11.021027,3.664515,-0.061929412,0.53905517
8,103,1.0069644,-0.04912436,11.018402,3.6651301,-0.06147019,0.53957784
8,104,1.0073102,-0.051017642,11.021378,3.6622453,-0.06101174,0.54009724
8,105,1.0073001,-0.04992366,11.025076,3.6647477,-0.060554076,0.5406133
8,106,1.0079365,-0.050529957,11.026787,3.6635308,-0.06009721,0.5411261
8,107,1.007834,-0.04965794,11.025829,3.6625066,-0.059641156,0.5416355
8,108,1.0085759,-0.049535155,11.0180855,3.6639638,-0.059185922,0.5421417
8,109,1.0075302,-0.049245,11.0149,3.668363,-0.058731526,0.5426445
8,110,1.0085113,-0.050251245,11.013821,3.662459,-0.058277972,0.54314405
8,111,1.0079837,-0.04933405,11.009352,3.666266,-0.05782528,0.54364026
8,112,1.0080464,-0.04947734,11.013693,3.6674457,-0.05737345,0.5441331
8,113,1.00857,-0.04942906,11.013523,3.6621299,-0.056922507,0.5446227
8,114,1.008909,-0.049468398,11.009714,3.6660104,-0.056472454,0.5451089
8,115,1.0082514,-0.049471974,11.030022,3.6635766,-0.05602331,0.54559183
8,116,1.0096436,-0.049018264,11.024273,3.665856,-0.05557508,0.5460714
8,117,1.0078692,-0.049408674,11.029081,3.660153,-0.055127777,0.54654765
8,118,1.0096955,-0.048073888,11.020819,3.6643825,-0.054681417,0.5470206
8,119,1.009898,-0.049063087,11.024183,3.6670127,-0.05423601,0.5474902
8,120,1.0104766,-0.048529863,11.02113,3.665464,-0.053791564,0.5479564
8,121,1.0091972,-0.048298,11.026346,3.6653562,-0.053348094,0.5484193
8,122,1.0095663,-0.048078775,11.035984,3.665563,-0.052905608,0.54887885
8,123,1.0105083,-0.04820013,11.023792,3.6696286,-0.052464124,0.54933506
8,124,1.0100102,-0.047837853,11.023838,3.6661258,-0.05202365,0.5497879
8,125,1.0103512,-0.048064947,11.020529,3.6661582,-0.0515842,0.55023736
8,126,1.0104103,-0.048067927,11.022627,3.668244,-0.05114578,0.5506835
8,127,1.0112429,-0.047582984,11.026697,3.6656365,-0.050708406,0.5511263
8,128,1.0105453,-0.048172712,11.023653,3.666098,-0.05027209,0.55156577
8,129,1.0109558,-0.047670364,11.022142,3.6672416,-0.04983684,0.55200183
8,130,1.0114119,-0.047216892,11.008741,3.6692433,-0.049402673,0.5524345
8,131,1.0102847,-0.04709506,11.001518,3.6673665,-0.048969597,0.55286384
8,132,1.010951,-0.046729088,11.024965,3.66857,-0.048537623,0.55328983
8,133,1.0122135,-0.04745221,11.024679,3.6686435,-0.04810676,0.5537124
8,134,1.0118527,-0.046859264,11.019964,3.6677537,-0.04767703,0.5541316
8,135,1.012541,-0.047201633,11.018953,3.6711345,-0.04724843,0.5545475
8,136,1.0126951,-0.04714489,11.023434,3.6694255,-0.046820983,0.55496
8,137,1.0122831,-0.046873808,11.023785,3.665501,-0.046394695,0.5553691
8,138,1.0116379,-0.047014356,11.027454,3.667235,-0.04596958,0.5557748
8,139,1.0132577,-0.046825647,11.018921,3.6703248,-0.045545645,0.55617714
8,140,1.0123384,-0.047122836,11.027239,3.6704526,-0.045122907,0.55657613
8,141,1.0136888,-0.047020435,11.022793,3.668776,-0.044701375,0.55697167
8,142,1.0137112,-0.046910286,11.023821,3.6682258,-0.044281058,0.55736387
8,143,1.0127344,-0.046491385,11.023722,3.669413,-0.043861974,0.55775267
8,144,1.0136366,-0.046293855,11.021322,3.668445,-0.043444123,0.5581381
8,145,1.0132818,-0.046382666,11.008934,3.67028,-0.043027528,0.5585201
8,146,1.0141144,-0.04571283,11.0175495,3.6702256,-0.04261219,0.5588987
8,147,1.0137181,-0.04592228,11.023056,3.668322,-0.042198133,0.5592739
8,148,1.0139923,-0.046093225,11.024889,3.6713128,-0.041785356,0.5596457
8,149,1.0143166,-0.046476483,11.018236,3.6680675,-0.041373875,0.5600141
8,150,1.0146098,-0.046298623,11.021872,3.6693149,-0.040963702,0.56037915
8,151,1.0140829,-0.04539156,11.022032,3.6682944,-0.040554844,0.56074077
8,152,1.0146852,-0.045770764,11.022612,3.665421,-0.04014732,0.561099
8,153,1.0151966,-0.04532838,11.018976,3.6687055,-0.039741132,0.56145376
8,154,1.0145268,-0.04497683,11.016901,3.6696963,-0.039336298,0.5618051
8,155,1.0154803,-0.045206785,11.017252,3.6700234,-0.038932826,0.56215316
8,156,1.015106,-0.045482635,11.019724,3.6721244,-0.03853073,0.5624977
8,157,1.015516,-0.045432687,11.031204,3.668447,-0.038130015,0.56283885
8,158,1.0159893,-0.045460224,11.018936,3.672463,-0.037730698,0.5631766
8,159,1.0159714,-0.0450598,11.015636,3.6718268,-0.037332784,0.5635109
8,160,1.0159314,-0.0450207,11.019947,3.6691518,-0.03693629,0.5638418
8,161,1.0166097,-0.04487753,11.020622,3.670361,-0.036541227,0.5641693
8,162,1.0160022,-0.04459071,11.021698,3.67269,-0.036147602,0.56449336
8,163,1.0160956,-0.044181347,11.036642,3.6715646,-0.035755426,0.564814
8,164,1.0162647,-0.044424295,11.014685,3.6706862,-0.03536471,0.5651312
8,165,1.0171814,-0.04410565,11.018244,3.6716971,-0.03497547,0.565445
8,166,1.0171583,-0.043753386,11.019192,3.6740851,-0.03458771,0.56575537
8,167,1.0167184,-0.04446602,11.028042,3.6691527,-0.034201443,0.56606233
8,168,1.0176041,-0.044169307,11.018091,3.6747518,-0.033816684,0.56636584
8,169,1.0170002,-0.044320226,11.017929,3.6713824,-0.033433437,0.5666659
8,170,1.0179636,-0.044172645,11.02076,3.6690545,-0.033051718,0.56696254
8,171,1.0184677,-0.04389417,11.024925,3.6719031,-0.032671534,0.56725574
8,172,1.017848,-0.043594956,11.018524,3.6702437,-0.0322929,0.56754553
8,173,1.0179858,-0.04292488,11.024776,3.6717744,-0.03191582,0.5678319
8,174,1.0182416,-0.04320395,11.018358,3.670281,-0.03154031,0.56811476
8,175,1.0184793,-0.04270506,11.023684,3.6713576,-0.03116638,0.5683942
8,176,1.0180554,-0.04346311,11.023529,3.6735387,-0.03079404,0.5686702
8,177,1.018966,-0.043050647,11.01437,3.6718621,-0.0304233,0.5689428
8,178,1.0188472,-0.042568207,11.020903,3.6723084,-0.03005417,0.56921196
8,179,1.0193415,-0.04329443,11.017738,3.670958,-0.029686663,0.5694777
8,180,1.0183969,-0.043486476,11.02771,3.6765943,-0.029320788,0.56973994
8,181,1.0193958,-0.043743134,11.0221195,3.673122,-0.028956555,0.56999874
8,182,1.019145,-0.04354155,11.0142,3.6720214,-0.028593974,0.5702541
8,183,1.0187187,-0.042256236,11.024351,3.6740956,-0.028233057,0.570506
8,184,1.0193508,-0.042598248,11.013412,3.6767182,-0.027873814,0.57075447
8,185,1.0194721,-0.042812347,11.0236,3.6761794,-0.027516255,0.5709995
8,186,1.020061,-0.041908383,11.028778,3.6745582,-0.02716039,0.5712411
8,187,1.0198948,-0.043029785,11.016579,3.6765532,-0.02680623,0.5714792
8,188,1.019592,-0.042298794,11.016609,3.6746755,-0.026453784,0.57171386
8,189,1.0199261,-0.041840196,11.023806,3.6753478,-0.026103063,0.5719451
8,190,1.0205426,-0.041338086,11.029373,3.6733184,-0.02575408,0.5721728
8,191,1.0206861,-0.041473985,11.024496,3.672194,-0.02540684,0.5723972
8,192,1.0210555,-0.041819572,11.022978,3.6733422,-0.025061356,0.572618
8,193,1.0211148,-0.042007685,11.024273,3.6736321,-0.024717638,0.5728354
8,194,1.0203025,-0.041155696,11.038847,3.6760821,-0.024375698,0.57304937
8,195,1.021728,-0.042426825,11.025423,3.674519,-0.024035543,0.57325983
8,196,1.0207343,-0.04193926,11.022688,3.6749578,-0.023697184,0.57346684
8,197,1.0219221,-0.041312695,11.026079,3.6727376,-0.02336063,0.57367045
8,198,1.0217595,-0.04176855,11.017294,3.6752238,-0.023025895,0.57387054
8,199,1.0223763,-0.041020036,11.010851,3.6750035,-0.022692986,0.5740672
8,200,1.0218046,-0.040889382,11.021639,3.677546,-0.022361912,0.5742604
8,201,1.021357,-0.04019475,11.018248,3.674396,-0.022032684,0.57445014
8,202,1.022121,-0.040985942,11.0243435,3.6765037,-0.021705313,0.5746364
8,203,1.0221977,-0.04069972,11.020248,3.6739545,-0.021379808,0.5748192
8,204,1.0227911,-0.03970158,11.026707,3.6769347,-0.021056179,0.57499856
8,205,1.0225325,-0.04181528,11.016472,3.6743922,-0.020734435,0.57517445
8,206,1.0232425,-0.040604234,11.019009,3.673532,-0.020414585,0.5753469
8,207,1.0236325,-0.04046476,11.018814,3.6753745,-0.020096643,0.5755158
8,208,1.0222709,-0.040563345,11.014387,3.6767669,-0.019780613,0.5756813
8,209,1.0239329,-0.040453434,11.0208,3.6748986,-0.01946651,0.57584333
8,210,1.023541,-0.039889693,11.0257225,3.6756663,-0.01915434,0.57600194
8,211,1.0230131,-0.03978753,11.018923,3.6756606,-0.018844115,0.57615703
8,212,1.0232694,-0.03993559,11.025761,3.674955,-0.018535843,0.57630867
8,213,1.024574,-0.039704204,11.019913,3.6756892,-0.018229535,0.57645684
8,214,1.023726,-0.039940596,11.026415,3.6773868,-0.017925197,0.5766015
8,215,1.0225556,-0.039646983,11.030598,3.6794248,-0.017622843,0.57674277
8,216,1.0241449,-0.039999366,11.02556,3.678411,-0.01732248,0.5768805
8,217,1.0243766,-0.038861513,11.022892,3.6757684,-0.01702412,0.57701486
8,218,1.0246508,-0.039371967,11.018806,3.6789823,-0.01672777,0.5771457
8,219,1.0252593,-0.039483786,11.013636,3.6752667,-0.016433438,0.5772731
8,220,1.0250981,-0.03935039,11.014509,3.6762767,-0.016141137,0.5773969
8,221,1.0253551,-0.037899375,11.019718,3.6763015,-0.015850874,0.5775174
8,222,1.0256481,-0.0392766,11.0198345,3.6767783,-0.015562659,0.57763433
8,223,1.0254374,-0.03884077,11.014423,3.6806855,-0.015276501,0.5777479
8,224,1.0257511,-0.03861797,11.026115,3.6795735,-0.01499241,0.5778579
8,225,1.0262,-0.038490534,11.020863,3.6789489,-0.014710395,0.5779645
8,226,1.0266564,-0.038613558,11.028408,3.6774335,-0.014430464,0.57806754
8,227,1.0259633,-0.038123608,11.027451,3.6762958,-0.014152628,0.5781672
8,228,1.0258389,-0.037961364,11.025446,3.676004,-0.0138768945,0.57826334
8,229,1.0268328,-0.038312078,11.026112,3.6804557,-0.013603274,0.5783561
8,230,1.0267241,-0.03814161,11.023281,3.6789947,-0.013331775,0.5784453
8,231,1.0263958,-0.038006306,11.015537,3.6774497,-0.013062405,0.5785311
8,232,1.0272372,-0.037944794,11.022821,3.6771092,-0.012795175,0.57861334
8,233,1.0266607,-0.03815961,11.008463,3.6797423,-0.012530093,0.5786922
8,234,1.0270658,-0.037263155,11.015541,3.678903,-0.012267169,0.57876754
8,235,1.0275757,-0.037937164,11.018288,3.679871,-0.01200641,0.5788394
8,236,1.0280015,-0.03769231,11.028233,3.6770844,-0.011747827,0.5789079
8,237,1.027087,-0.037728667,11.018377,3.6760287,-0.011491427,0.5789728
8,238,1.0275671,-0.037400603,11.02441,3.6814914,-0.01123722,0.5790343
8,239,1.0283294,-0.037093997,11.027262,3.6788125,-0.010985214,0.5790924
8,240,1.0283976,-0.0369488,11.01012,3.6793876,-0.010735419,0.579147
8,241,1.0285511,-0.036406636,11.022705,3.677647,-0.010487842,0.57919806
8,242,1.0287328,-0.037476182,11.018686,3.681665,-0.010242492,0.5792457
8,243,1.0284789,-0.037317395,11.014351,3.6817708,-0.009999379,0.57928985
8,244,1.0289178,-0.036416173,11.022434,3.6808047,-0.00975851,0.5793306
8,245,1.0293665,-0.036212683,11.023914,3.6826053,-0.009519895,0.5793678
8,246,1.028575,-0.037080884,11.017403,3.6784005,-0.009283541,0.5794016
8,247,1.0289874,-0.036197424,11.028885,3.6789784,-0.009049457,0.57943195
8,248,1.0301712,-0.036157966,11.0246315,3.68117,-0.008817652,0.57945883
8,249,1.0290504,-0.036595702,11.029184,3.6792617,-0.008588134,0.57948226
8,250,1.0284243,-0.036423802,11.015013,3.6811166,-0.008360911,0.57950217
8,251,1.0290725,-0.036387205,11.021639,3.6808448,-0.008135993,0.5795187
8,252,1.0296178,-0.03502381,11.022657,3.6798244,-0.007913386,0.57953167
8,253,1.0303426,-0.035848618,11.033068,3.6832986,-0.0076931003,0.57954127
8,254,1.0300465,-0.036114812,11.020775,3.6781087,-0.0074751424,0.57954735
8,255,1.0304465,-0.036382437,11.020464,3.677649,-0.007259522,0.57955
8,256,1.0299501,-0.03578937,11.026648,3.6773,-0.0070462464,0.5795492
8,257,1.0307298,-0.035706043,11.019697,3.6818395,-0.006835324,0.57954496
8,258,1.0303245,-0.035010695,11.030657,3.6785893,-0.006626763,0.5795373
8,259,1.0306704,-0.03517127,11.016674,3.6802459,-0.0064205714,0.57952607
8,260,1.0308857,-0.035109878,11.015509,3.6789975,-0.006216757,0.57951146
8,261,1.0308263,-0.03517425,11.025667,3.6813807,-0.006015328,0.5794934
8,262,1.0320201,-0.03508997,11.026825,3.6809068,-0.005816293,0.5794718
8,263,1.0321331,-0.03482139,11.014315,3.6831384,-0.0056196586,0.57944685
8,264,1.0320878,-0.035348535,11.01325,3.6813397,-0.0054254336,0.5794184
8,265,1.0329351,-0.034323215,11.015892,3.6788182,-0.0052336254,0.5793866
8,266,1.0326154,-0.03452158,11.015362,3.682115,-0.0050442424,0.57935125
8,267,1.0328369,-0.03456199,11.027317,3.683847,-0.0048572915,0.5793125
8,268,1.0321624,-0.034379005,11.022726,3.6860986,-0.004672781,0.57927024
8,269,1.0313594,-0.03434086,11.0223255,3.6830754,-0.004490719,0.5792246
8,270,1.0329075,-0.034674764,11.025135,3.6808763,-0.0043111127,0.5791755
8,271,1.0322633,-0.033972383,11.026175,3.681581,-0.0041339695,0.57912296
8,272,1.03266,-0.033991337,11.019085,3.6843944,-0.0039592977,0.57906693
8,273,1.0331223,-0.033717155,11.020737,3.6834245,-0.0037871038,0.5790075
8,274,1.0338752,-0.033969164,11.0214615,3.6813102,-0.0036173963,0.5789446
8,275,1.0336039,-0.03295505,11.022844,3.6852937,-0.0034501823,0.57887834
8,276,1.0331755,-0.03323841,11.03286,3.6812358,-0.0032854693,0.57880855
8,277,1.0341256,-0.03387189,11.02121,3.6818442,-0.0031232645,0.5787354
8,278,1.0339453,-0.032963276,11.026333,3.6824613,-0.0029635755,0.57865876
8,279,1.0336912,-0.033380985,11.032385,3.6828208,-0.0028064095,0.5785787
8,280,1.0341368,-0.033239007,11.028965,3.6845279,-0.002651774,0.5784952
8,281,1.0337174,-0.03267181,11.021894,3.6862283,-0.002499676,0.5784083
8,282,1.0341253,-0.03340268,11.026829,3.6814675,-0.002350123,0.57831794
8,283,1.0343027,-0.032960296,11.020552,3.683516,-0.0022031218,0.5782242
8,284,1.0347137,-0.033127666,11.026852,3.687261,-0.00205868,0.57812697
8,285,1.035043,-0.0325768,11.022028,3.6828141,-0.0019168042,0.57802635
8,286,1.0348635,-0.03305471,11.021177,3.684136,-0.0017775019,0.5779223
8,287,1.0353184,-0.03263986,11.013605,3.685017,-0.0016407798,0.57781476
8,288,1.035811,-0.03327787,11.027039,3.6807895,-0.001506645,0.5777039
8,289,1.0346856,-0.03295636,11.017973,3.6867871,-0.0013751045,0.5775896
8,290,1.0359724,-0.03222215,11.017582,3.688004,-0.0012461653,0.5774718
8,291,1.0361474,-0.031457305,11.035898,3.6836123,-0.001119834,0.5773507
8,292,1.0356607,-0.031265378,11.016874,3.6851974,-0.0009961176,0.5772261
8,293,1.0366297,-0.03182566,11.025839,3.6831603,-0.00087502284,0.5770981
8,294,1.0362728,-0.032056212,11.032965,3.6837,-0.00075655646,0.5769667
8,295,1.0363429,-0.0304389,11.036055,3.6819844,-0.00064072525,0.5768319
8,296,1.0368316,-0.03078854,11.029247,3.6850038,-0.00052753574,0.57669365
8,297,1.0369985,-0.03077352,11.01733,3.6840787,-0.00041699468,0.57655203
8,298,1.0363445,-0.031121016,11.033279,3.6852536,-0.0003091086,0.57640696
8,299,1.0373335,-0.031484365,11.028349,3.6859183,-0.0002038841,0.57625854
8,300,1.036793,-0.031108856,11.022379,3.6870065,-0.000101327634,0.57610667
8,301,1.0374742,-0.031411767,11.022867,3.6839585,-1.4456897e-06,0.57595146
8,302,1.03736,-0.03137815,11.028049,3.684258,9.57553e-05,0.5757928
8,303,1.0373344,-0.031250715,11.028963,3.6867661,0.00019026895,0.5756307
8,304,1.0377831,-0.030676723,11.031113,3.684317,0.0002820889,0.5754653
8,305,1.0383725,-0.030543447,11.024834,3.6838412,0.00037120888,0.57529646
8,306,1.038441,-0.030514121,11.0226345,3.684013,0.00045762258,0.57512426
8,307,1.0388737,-0.030837774,11.015806,3.687553,0.0005413238,0.5749486
8,308,1.0379055,-0.030561328,11.02813,3.6880069,0.00062230637,0.5747696
8,309,1.0392084,-0.029851079,11.018311,3.6862426,0.00070056407,0.5745872
8,310,1.0389838,-0.030786872,11.012642,3.688002,0.0007760909,0.57440144
8,311,1.039612,-0.029998302,11.019543,3.6868987,0.00084888074,0.5742123
8,312,1.0387695,-0.030569673,11.021374,3.6836762,0.00091892754,0.57401973
8,313,1.0396209,-0.030112982,11.026955,3.6852794,0.0009862254,0.5738238
8,314,1.0388429,-0.0296458,11.008017,3.68321,0.0010507683,0.57362455
8,315,1.0398829,-0.028527617,11.018642,3.6852422,0.0011125505,0.5734219
8,316,1.0393279,-0.030080557,11.023363,3.685927,0.0011715658,0.57321584
8,317,1.0393782,-0.02951634,11.022291,3.6885734,0.0012278089,0.5730064
8,318,1.0391152,-0.02955532,11.026159,3.6879144,0.0012812736,0.5727936
8,319,1.0399122,-0.029217005,11.020641,3.68325,0.0013319544,0.5725775
8,320,1.0398026,-0.029244423,11.016359,3.686027,0.0013798454,0.57235795
8,321,1.0411422,-0.028600931,11.02667,3.6859822,0.0014249411,0.5721351
8,322,1.0404599,-0.029054403,11.030369,3.6830974,0.001467236,0.5719089
8,323,1.0413888,-0.02876854,11.031559,3.6866918,0.0015067244,0.5716793
8,324,1.0414596,-0.02875173,11.022709,3.6897683,0.0015434008,0.5714463
8,325,1.0415661,-0.02845645,11.0270405,3.6892047,0.0015772596,0.57121
8,326,1.0415368,-0.029071808,11.017981,3.691626,0.0016082957,0.57097036
8,327,1.0418997,-0.02837491,11.024151,3.687202,0.0016365034,0.5707274
8,328,1.0415883,-0.02781725,11.032385,3.6892323,0.0016618775,0.57048106
8,329,1.0411773,-0.0280087,11.037031,3.689672,0.0016844126,0.5702314
8,330,1.0412574,-0.028671026,11.032278,3.688067,0.0017041035,0.5699783
8,331,1.0425432,-0.028104544,11.03113,3.6868024,0.001720945,0.56972194
8,332,1.0419023,-0.02791059,11.025486,3.6903872,0.0017349318,0.56946224
8,333,1.0426655,-0.027580738,11.026764,3.6907363,0.0017460589,0.5691992
8,334,1.0422511,-0.028236866,11.015717,3.6847472,0.0017543213,0.56893283
8,335,1.0425675,-0.027636409,11.029448,3.68932,0.0017597136,0.5686631
8,336,1.0417752,-0.028108954,11.013016,3.6882024,0.0017622312,0.56839013
8,337,1.0427964,-0.026864529,11.030886,3.6877685,0.001761869,0.56811374
8,338,1.0432472,-0.027052164,11.023045,3.6876283,0.0017586218,0.5678341
8,339,1.0438623,-0.027677178,11.023478,3.687305,0.001752485,0.56755114
8,340,1.0438564,-0.026908755,11.024435,3.6856542,0.0017434539,0.5672648
8,341,1.0433941,-0.026928544,11.02894,3.6873565,0.0017315234,0.5669752
8,342,1.0437279,-0.027098656,11.015167,3.6916194,0.001716689,0.5666823
8,343,1.0434308,-0.026524305,11.03743,3.6931987,0.0016989459,0.56638604
8,344,1.0432806,-0.026111484,11.017555,3.6898017,0.0016782894,0.5660865
8,345,1.0443127,-0.02562356,11.027662,3.6899743,0.0016547149,0.5657836
8,346,1.0439839,-0.02603221,11.018965,3.6942716,0.0016282179,0.5654775
8,347,1.0442109,-0.02713418,11.028133,3.6910892,0.0015987939,0.565168
8,348,1.0450623,-0.02547872,11.012821,3.6936994,0.0015664382,0.5648553
8,349,1.0450921,-0.02645731,11.021425,3.689322,0.0015311467,0.56453925
8,350,1.044672,-0.026269197,11.0235405,3.6895747,0.0014929147,0.56421995
8,351,1.0450673,-0.025313616,11.003201,3.6875882,0.0014517381,0.5638974
8,352,1.045116,-0.025806546,11.024273,3.6917262,0.0014076125,0.56357145
8,353,1.045315,-0.025740504,11.021032,3.6941218,0.0013605335,0.5632423
8,354,1.0447204,-0.026201367,11.028687,3.6907315,0.0013104972,0.56290984
8,355,1.0453763,-0.025604367,11.026899,3.6943069,0.0012574991,0.56257415
8,356,1.045722,-0.02529633,11.02253,3.6913352,0.0012015352,0.5622351
8,357,1.0454767,-0.025603294,11.031534,3.6913457,0.0011426015,0.56189287
8,358,1.0460234,-0.025421023,11.019968,3.6924367,0.0010806939,0.56154734
8,359,1.0461564,-0.024744987,11.022301,3.6888366,0.0010158084,0.5611986
8,360,1.0465994,-0.024852157,11.015924,3.6941018,0.00094794115,0.5608465
8,361,1.046601,-0.024849176,11.026909,3.6891532,0.00087708817,0.5604912
8,362,1.0461762,-0.024677396,11.018913,3.6920867,0.0008032456,0.5601327
8,363,1.046545,-0.024075985,11.031019,3.68988,0.00072640955,0.5597708
8,364,1.0466144,-0.024332523,11.02368,3.6917033,0.0006465764,0.5594058
8,365,1.0461178,-0.026131272,11.02006,3.6951003,0.0005637424,0.5590375
8,366,1.046974,-0.024926782,11.019379,3.6933703,0.00047790384,0.55866593
8,367,1.0476205,-0.024930596,11.029499,3.6919742,0.00038905712,0.5582912
8,368,1.0469735,-0.024362445,11.029604,3.6872973,0.00029719863,0.5579132
8,369,1.0473523,-0.023750782,11.032522,3.6900306,0.00020232482,0.55753195
8,370,1.0474243,-0.023709178,11.022953,3.692967,0.00010443224,0.55714744
8,371,1.0485394,-0.02308786,11.016331,3.6915145,3.5174262e-06,0.5567598
8,372,1.0483663,-0.023778796,11.029839,3.6918788,-0.00010042303,0.5563688
8,373,1.0471182,-0.023287058,11.023064,3.6890788,-0.00020739247,0.5559747
8,374,1.0489252,-0.022974491,11.028738,3.692717,-0.0003173942,0.5555774
8,375,1.0473835,-0.023231149,11.01223,3.6912513,-0.0004304315,0.5551768
8,376,1.0482702,-0.023442864,11.019209,3.6902852,-0.0005465076,0.55477303
8,377,1.0480721,-0.02327931,11.006678,3.6912265,-0.0006656257,0.55436605
8,378,1.0490794,-0.022520423,11.031097,3.690864,-0.00078778877,0.5539559
8,379,1.0484095,-0.023147106,11.030893,3.6910367,-0.0009130001,0.55354255
8,380,1.049459,-0.023123622,11.02269,3.692926,-0.0010412625,0.553126
8,381,1.0486636,-0.022726774,11.019926,3.6941504,-0.0011725792,0.55270624
8,382,1.0487316,-0.023272753,11.029772,3.6923175,-0.001306953,0.5522833
8,383,1.049305,-0.021897793,11.013731,3.690782,-0.0014443868,0.5518572
8,384,1.0503242,-0.022389412,11.0296,3.6982083,-0.0015848835,0.55142784
8,385,1.0492854,-0.02266252,11.030745,3.6913695,-0.0017284459,0.55099535
8,386,1.0507054,-0.02261436,11.021818,3.69488,-0.0018750767,0.5505597
8,387,1.0492461,-0.022767067,11.02169,3.689446,-0.0020247786,0.5501209
8,388,1.0502377,-0.02137041,11.014906,3.693915,-0.0021775542,0.5496789
8,389,1.0507307,-0.021481395,11.02137,3.6943946,-0.0023334064,0.54923373
8,390,1.0513096,-0.021164298,11.026821,3.6978822,-0.0024923375,0.54878545
8,391,1.0512831,-0.02191484,11.011675,3.6951642,-0.0026543501,0.548334
8,392,1.0503318,-0.021101832,11.0193405,3.693501,-0.0028194468,0.54787934
8,393,1.0497823,-0.020900011,11.035473,3.688251,-0.00298763,0.5474216
8,394,1.0493755,-0.02162683,11.012468,3.6922584,-0.0031589018,0.5469607
8,395,1.0507452,-0.020201564,11.032574,3.6929421,-0.003333265,0.5464966
8,396,1.050931,-0.021190643,11.010971,3.6930528,-0.0035107213,0.54602945
8,397,1.0510485,-0.020765662,11.024462,3.6927667,-0.0036912735,0.54555917
8,398,1.0509748,-0.020116806,11.021437,3.6977544,-0.0038749236,0.5450857
8,399,1.0522065,-0.020957708,11.023245,3.6921334,-0.004061674,0.5446092
8,400,1.0517344,-0.021233678,11.017857,3.6958957,-0.0042515257,0.5441295
8,401,1.0520647,-0.020397186,11.0104065,3.69531,-0.0044444823,0.5436467
8,402,1.052428,-0.020016193,11.017519,3.691978,-0.0046405448,0.5431608
8,403,1.0524688,-0.020972729,11.027128,3.693317,-0.0048397155,0.54267174
8,404,1.0520709,-0.020562768,11.03451,3.698295,-0.0050419965,0.54217964
8,405,1.0511782,-0.020157933,11.030439,3.692738,-0.005247389,0.5416844
8,406,1.0524282,-0.02041471,11.019585,3.6916528,-0.005455896,0.5411861
8,407,1.052913,-0.020517468,11.022102,3.6959748,-0.005667518,0.5406847
8,408,1.0539534,-0.01983881,11.039864,3.6972575,-0.005882257,0.54018015
8,409,1.0538294,-0.0193367,11.023685,3.6921735,-0.0061001154,0.5396726
8,410,1.053051,-0.019003153,11.03594,3.6959147,-0.0063210945,0.5391619
8,411,1.0537171,-0.020080209,11.026838,3.6959128,-0.0065451954,0.5386482
8,412,1.0542233,-0.01944673,11.02091,3.6951766,-0.00677242,0.53813136
8,413,1.0538678,-0.01858008,11.028725,3.6957211,-0.00700277,0.5376115
8,414,1.0542672,-0.019400835,11.027479,3.6964927,-0.0072362465,0.5370885
8,415,1.0542574,-0.019374847,11.014486,3.7007003,-0.0074728513,0.53656256
8,416,1.0544543,-0.018935442,11.032227,3.7001414,-0.0077125854,0.53603345
8,417,1.0540714,-0.01935041,11.031971,3.6991963,-0.00795545,0.53550136
8,418,1.0546033,-0.018509984,11.03875,3.6981292,-0.008201446,0.53496623
8,419,1.0554726,-0.019098997,11.0240555,3.6968255,-0.008450576,0.534428
8,420,1.0540402,-0.01889813,11.026855,3.6954904,-0.008702841,0.5338868
8,421,1.0550044,-0.0178051,11.013281,3.6961265,-0.00895824,0.53334254
8,422,1.0547574,-0.018124938,11.03203,3.7014222,-0.009216776,0.5327952
8,423,1.0551255,-0.018166423,11.017565,3.6939588,-0.009478449,0.5322449
8,424,1.0557067,-0.01809752,11.020954,3.6947408,-0.009743261,0.53169155
8,425,1.054532,-0.01830566,11.0279255,3.6962008,-0.010011213,0.5311352
8,426,1.0564668,-0.017367005,11.032244,3.6945224,-0.010282304,0.5305758
8,427,1.0556781,-0.017390966,11.025686,3.699184,-0.010556537,0.53001344
8,428,1.0570498,-0.017932773,11.036409,3.7011476,-0.010833911,0.52944803
8,429,1.0569603,-0.017371178,11.018076,3.6989846,-0.011114428,0.5288797
8,430,1.0572605,-0.017324567,11.013124,3.6977086,-0.011398088,0.5283083
8,431,1.0552363,-0.017201304,11.014101,3.696549,-0.011684893,0.5277339
8,432,1.0567873,-0.017487884,11.026329,3.6979012,-0.011974841,0.5271566
8,433,1.0566783,-0.017145991,11.024719,3.698646,-0.012267935,0.5265763
8,434,1.0559709,-0.0171355,11.028734,3.6939626,-0.012564174,0.52599293
8,435,1.0572457,-0.017048717,11.017303,3.70252,-0.01286356,0.52540666
8,436,1.0578282,-0.01619792,11.028477,3.6991687,-0.013166091,0.52481747
8,437,1.0572093,-0.0169909,11.023697,3.6969533,-0.013471769,0.52422523
8,438,1.0579362,-0.016536593,11.024403,3.696403,-0.013780595,0.5236301
8,439,1.0569818,-0.017830253,11.016645,3.7044492,-0.014092567,0.52303195
8,440,1.0578175,-0.01686275,11.023663,3.698772,-0.014407687,0.5224309
8,441,1.0588579,-0.01570797,11.019327,3.6975074,-0.014725954,0.5218269
8,442,1.058644,-0.016288638,11.024328,3.6962857,-0.0150473695,0.52121997
8,443,1.057224,-0.016508818,11.022711,3.6986413,-0.015371933,0.5206101
8,444,1.0592115,-0.01578176,11.025009,3.6967587,-0.015699644,0.5199973
8,445,1.0589604,-0.016157508,11.020407,3.6979651,-0.016030502,0.5193816
8,446,1.0589895,-0.015782952,11.018381,3.7031522,-0.01636451,0.5187629
8,447,1.0599031,-0.01575613,11.014849,3.7003694,-0.016701663,0.5181413
8,448,1.0593076,-0.01565814,11.022875,3.7040658,-0.017041964,0.5175169
8,449,1.0608606,-0.014977694,11.017313,3.699782,-0.017385412,0.5168895
8,450,1.0600863,-0.014278293,11.018803,3.694512,-0.017732007,0.51625925
8,451,1.0579956,-0.014467359,11.015041,3.698297,-0.018081749,0.5156261
8,452,1.0588834,-0.015091538,11.028006,3.6995072,-0.018434636,0.51499003
8,453,1.0596848,-0.015437245,11.038729,3.7023473,-0.01879067,0.51435107
8,454,1.0604422,-0.014897943,11.0172825,3.7013383,-0.01914985,0.51370925
8,455,1.0602067,-0.014694214,11.036352,3.6979585,-0.019512173,0.51306456
8,456,1.0610876,-0.014876366,11.026211,3.7021565,-0.01987764,0.51241696
8,457,1.060693,-0.014258623,11.021364,3.698542,-0.020246252,0.51176655
8,458,1.060507,-0.014821291,11.026091,3.6991649,-0.020618007,0.5111132
8,459,1.059861,-0.013858438,11.024679,3.7002969,-0.020992903,0.5104571
8,460,1.0608084,-0.014618993,11.017153,3.6952653,-0.021370942,0.5097981
8,461,1.0621493,-0.01427722,11.016983,3.7007918,-0.021752119,0.50913626
8,462,1.0618281,-0.014106512,11.028246,3.7012534,-0.022136439,0.5084716
8,463,1.0605037,-0.013748527,11.029533,3.6959653,-0.022523895,0.5078041
8,464,1.0613561,-0.013454318,11.017677,3.6991677,-0.022914492,0.5071337
8,465,1.0617888,-0.01434195,11.026592,3.6939664,-0.023308223,0.50646055
8,466,1.061152,-0.013073802,11.025288,3.6976914,-0.023705091,0.5057846
8,467,1.0623906,-0.012746692,11.004629,3.7007756,-0.024105094,0.5051058
8,468,1.0624762,-0.01222527,11.0157795,3.7011075,-0.02450823,0.50442415
8,469,1.0622549,-0.0135502815,11.031206,3.6994987,-0.0249145,0.5037398
8,470,1.0612988,-0.013629317,11.021734,3.699658,-0.025323901,0.50305253
8,471,1.0624857,-0.013348579,11.026531,3.7000108,-0.02573643,0.50236255
8,472,1.062844,-0.01294148,11.028833,3.7045808,-0.026152091,0.50166976
8,473,1.0624053,-0.013514161,11.020872,3.7009673,-0.026570877,0.5009742
8,474,1.0625484,-0.012262464,11.020765,3.7005877,-0.026992789,0.50027585
8,475,1.0626059,-0.012020111,11.008312,3.6964784,-0.027417826,0.49957472
8,476,1.0627913,-0.012473464,11.013134,3.6993356,-0.027845984,0.49887085
8,477,1.0624375,-0.013177156,11.014507,3.7000747,-0.028277267,0.4981642
8,478,1.0633075,-0.012852311,11.02799,3.7041535,-0.028711665,0.4974548
8,479,1.0627127,-0.012592554,11.023151,3.6996179,-0.029149184,0.49674267
8,480,1.0639553,-0.011249423,11.0145,3.6980472,-0.029589819,0.49602777
8,481,1.0632064,-0.010663629,11.023937,3.6966271,-0.030033568,0.49531013
8,482,1.0649045,-0.010904312,11.026844,3.69776,-0.030480431,0.49458978
8,483,1.0640395,-0.011497378,11.030905,3.701469,-0.030930404,0.49386668
8,484,1.0650227,-0.011710525,11.009447,3.7049184,-0.031383485,0.49314088
8,485,1.0654614,-0.011700749,11.039154,3.7003627,-0.031839672,0.49241233
8,486,1.0644205,-0.012972593,11.030609,3.7045655,-0.032298967,0.4916811
8,487,1.0650265,-0.010874152,11.0276165,3.7014298,-0.032761365,0.49094716
8,488,1.0652521,-0.01038003,11.020664,3.7005038,-0.033226863,0.4902105
8,489,1.0657401,-0.011327386,11.011324,3.7010455,-0.03369546,0.48947117
8,490,1.0656426,-0.010606647,11.030157,3.7035441,-0.034167152,0.48872912
8,491,1.0653498,-0.011534095,11.024887,3.7005296,-0.03464194,0.48798442
8,492,1.0650365,-0.01142621,11.042761,3.7026258,-0.035119817,0.48723704
8,493,1.0652387,-0.010348201,11.027206,3.7032933,-0.035600785,0.48648697
8,494,1.0664284,-0.010712743,11.027792,3.7059636,-0.036084842,0.48573425
8,495,1.0653734,-0.010826945,11.016172,3.6992822,-0.036571983,0.48497885
8,496,1.0650914,-0.01017046,11.032513,3.7007833,-0.037062205,0.48422083
8,497,1.0662732,-0.009929419,11.03495,3.7036576,-0.03755551,0.48346013
8,498,1.0668352,-0.010019183,11.012989,3.70334,-0.03805189,0.4826968
8,499,1.0667336,-0.009638429,11.025541,3.7010455,-0.038551345,0.48193082
8,500,1.0678711,-0.010186553,11.019327,3.7026725,-0.039053872,0.48116222
8,501,1.0676088,-0.009783626,11.024015,3.7030864,-0.03955947,0.480391
8,502,1.0676236,-0.009276986,11.015833,3.7072778,-0.04006813,0.47961715
8,503,1.0678415,-0.00943172,11.009068,3.701714,-0.04057986,0.4788407
8,504,1.0672247,-0.009468317,11.017464,3.7019162,-0.041094646,0.47806165
8,505,1.0671036,-0.009080768,11.023569,3.703607,-0.04161249,0.47727996
8,506,1.0673387,-0.0096594095,11.016727,3.7076926,-0.04213339,0.4764957
8,507,1.0684652,-0.00797236,11.026876,3.7059827,-0.042657346,0.47570884
8,508,1.0680616,-0.008951902,11.0272255,3.7042813,-0.043184347,0.4749194
8,509,1.0687516,-0.008901358,11.026144,3.7019925,-0.043714393,0.47412738
8,510,1.0681455,-0.009116292,11.030003,3.6994386,-0.044247482,0.47333282
8,511,1.0688157,-0.008725762,11.023338,3.707069,-0.044783615,0.47253564
8,512,1.0683744,-0.008156061,11.002127,3.705338,-0.04532278,0.47173592
8,513,1.0688584,-0.009230137,11.031267,3.7009473,-0.045864977,0.47093368
8,514,1.0694432,-0.009012938,11.035057,3.7027488,-0.046410207,0.47012886
8,515,1.0687599,-0.008880734,11.025879,3.7043204,-0.04695846,0.4693215
8,516,1.069448,-0.008294344,11.024643,3.7029567,-0.04750974,0.46851158
8,517,1.0680311,-0.008238554,11.022213,3.7024379,-0.04806404,0.46769917
8,518,1.0678566,-0.007684469,11.020359,3.7025533,-0.048621353,0.46688423
8,519,1.0691264,-0.00803113,11.014612,3.7030673,-0.049181677,0.46606675
8,520,1.0690897,-0.007861376,11.029255,3.7074237,-0.049745012,0.46524677
8,521,1.0698323,-0.007004142,11.02342,3.706716,-0.050311353,0.46442428
8,522,1.0706084,-0.0072319508,11.0240345,3.7033706,-0.050880693,0.4635993
8,523,1.0702596,-0.0068206787,11.020334,3.7054,-0.051453035,0.46277183
8,524,1.0702081,-0.0072852373,11.017502,3.6963592,-0.052028365,0.46194187
8,525,1.070333,-0.0064849854,11.021044,3.70783,-0.05260669,0.46110943
8,526,1.0703766,-0.0064406395,11.009775,3.70334,-0.053188,0.46027452
8,527,1.0721672,-0.0063068867,11.0266285,3.7021518,-0.05377229,0.45943713
8,528,1.0705514,-0.006003022,11.028339,3.7092319,-0.05435956,0.45859727
8,529,1.0710509,-0.0068598986,11.023409,3.700601,-0.054949805,0.45775497
8,530,1.0714371,-0.0060224533,11.027298,3.699657,-0.05554302,0.45691022
8,531,1.0723674,-0.005818963,11.020906,3.7046304,-0.056139197,0.45606303
8,532,1.0706024,-0.0054941177,11.009724,3.705153,-0.05673834,0.4552134
8,533,1.0711658,-0.0059564114,11.025505,3.7054067,-0.05734044,0.45436132
8,534,1.0717542,-0.0058271885,11.02762,3.704413,-0.057945494,0.45350686
8,535,1.0713203,-0.005995631,11.012508,3.7022357,-0.0585535,0.45264995
8,536,1.0720439,-0.006391287,11.044764,3.7009263,-0.059164442,0.45179063
8,537,1.0717151,-0.0061228275,11.017088,3.7045522,-0.059778333,0.4509289
8,538,1.0711436,-0.0060423613,11.018574,3.6991649,-0.060395155,0.4500648
8,539,1.0721714,-0.005535245,11.019297,3.70287,-0.06101491,0.44919828
8,540,1.0731127,-0.0049755573,11.0241585,3.7088208,-0.06163759,0.4483294
8,541,1.0743954,-0.005486369,11.023293,3.7051682,-0.0622632,0.44745812
8,542,1.0722103,-0.005498886,11.030531,3.7003465,-0.06289172,0.44658446
8,543,1.0728929,-0.004941821,11.026157,3.7080302,-0.06352315,0.44570845
8,544,1.0723472,-0.0054422617,11.030373,3.7101855,-0.0641575,0.4448301
8,545,1.0747731,-0.0056495667,11.022833,3.7053876,-0.06479474,0.44394937
8,546,1.0741289,-0.00498271,11.019121,3.7027783,-0.06543489,0.4430663
8,547,1.0733566,-0.004444957,11.024839,3.7047734,-0.06607793,0.4421809
8,548,1.0734186,-0.0043218136,11.021561,3.7054124,-0.06672386,0.44129315
8,549,1.0744381,-0.004426837,11.034969,3.7062345,-0.06737267,0.44040307
8,550,1.0737164,-0.0041143894,11.039446,3.7033591,-0.06802437,0.4395107
8,551,1.0746298,-0.004948139,11.029669,3.7041707,-0.06867893,0.438616
8,552,1.0752661,-0.0049040318,11.022764,3.7050261,-0.06933637,0.437719
8,553,1.0749984,-0.0038238764,11.020269,3.7049365,-0.06999667,0.43681967
8,554,1.074655,-0.0031951666,11.040323,3.696854,-0.07065982,0.4359181
8,555,1.0733652,-0.0036575794,11.028353,3.7023664,-0.07132584,0.4350142
8,556,1.0747113,-0.0031603575,11.021229,3.7074895,-0.0719947,0.43410802
8,557,1.0751216,-0.0030052662,11.024916,3.702664,-0.0726664,0.43319958
8,558,1.0768232,-0.0027928352,11.016579,3.7076735,-0.07334094,0.4322889
8,559,1.0737438,-0.0033501387,11.028534,3.7015586,-0.074018314,0.43137592
8,560,1.0752687,-0.003562212,11.026171,3.7050443,-0.074698515,0.4304607
8,561,1.0766103,-0.0031189919,11.019686,3.7107854,-0.07538153,0.42954323
8,562,1.0759668,-0.0018974543,11.0139675,3.7154546,-0.07606737,0.42862353
8,563,1.0770874,-0.0025701523,11.0198765,3.7032008,-0.07675602,0.4277016
8,564,1.0760946,-0.0027589798,11.014404,3.7046342,-0.077447474,0.42677742
8,565,1.0757465,-0.002804637,11.015137,3.705543,-0.07814172,0.42585105
8,566,1.0765984,-0.0019667149,11.023045,3.7098117,-0.078838766,0.42492247
8,567,1.0748994,-0.002213955,11.022902,3.7037005,-0.0795386,0.42399168
8,568,1.0756495,-0.0019910336,11.00671,3.706881,-0.08024121,0.42305866
8,569,1.0772614,-0.002611518,11.01861,3.7082171,-0.0809466,0.4221235
8,570,1.0758545,-0.00210917,11.025593,3.7062182,-0.081654765,0.42118612
8,571,1.0778487,-0.0021909475,11.024355,3.7101188,-0.082365684,0.42024657
8,572,1.0769553,-0.0015374422,11.0105,3.6979995,-0.08307937,0.41930485
8,573,1.0778875,-0.0009897947,11.021517,3.7115903,-0.0837958,0.41836095
8,574,1.0782938,-0.0012782812,11.029533,3.7033439,-0.08451498,0.41741493
8,575,1.0780985,-0.0011708736,11.021561,3.709702,-0.08523691,0.41646674
8,576,1.078624,-0.0014181137,11.015821,3.7089162,-0.08596156,0.4155164
8,577,1.077801,-0.00026488304,11.031782,3.7054734,-0.08668894,0.41456392
8,578,1.0778024,-0.0013577938,11.020426,3.7050376,-0.08741904,0.41360933
8,579,1.0784762,-0.0010176897,11.020298,3.7121768,-0.088151865,0.4126526
8,580,1.0785384,-3.9815903e-05,11.025383,3.710013,-0.08888739,0.41169378
8,581,1.0797107,4.1365623e-05,11.039957,3.704125,-0.08962562,0.41073284
8,582,1.0784316,-0.00071418285,11.034304,3.7087502,-0.09036655,0.4097698
8,583,1.07599,-0.0019974709,11.015751,3.7102046,-0.09111016,0.40880468
8,584,1.0790074,-0.00040900707,11.02952,3.7069259,-0.091856465,0.40783745
8,585,1.0787952,-0.00046944618,11.0133915,3.7143836,-0.09260544,0.40686816
8,586,1.0788968,-0.00036621094,11.028053,3.7105641,-0.093357086,0.40589678
8,587,1.0796959,-5.3167343e-05,11.020174,3.708816,-0.0941114,0.40492335
8,588,1.0796609,0.0013204813,11.0078945,3.705689,-0.09486837,0.40394786
8,589,1.0797889,-0.0005697012,11.043589,3.7058835,-0.095627986,0.4029703
8,590,1.0808709,1.8000603e-05,11.025883,3.7079434,-0.09639025,0.4019907
8,591,1.0803804,0.0007494688,11.028297,3.7105289,-0.09715515,0.40100908
8,592,1.0798109,-0.0007466078,11.029795,3.7064595,-0.097922675,0.40002546
8,593,1.0808349,0.0012375116,11.030109,3.7061467,-0.09869283,0.39903978
8,594,1.0793736,0.0010410547,11.032711,3.7067761,-0.09946559,0.39805207
8,595,1.0794139,0.0016444921,11.020836,3.7043777,-0.10024097,0.3970624
8,596,1.0799906,7.1525574e-06,11.015661,3.7054362,-0.10101895,0.3960707
8,597,1.0817025,0.0015153885,11.022438,3.7079473,-0.10179952,0.395077
8,598,1.0805626,0.0020581484,11.010668,3.7103477,-0.102582686,0.39408132
8,599,1.081389,0.001529336,11.028992,3.7063165,-0.103368424,0.39308366
8,600,1.0815411,0.0012718439,11.019875,3.7098203,-0.10415674,0.39208403
8,601,1.0809734,0.0016964674,11.010532,3.7044063,-0.10494763,0.39108247
8,602,1.0818248,0.0020885468,11.033133,3.7055688,-0.10574107,0.3900789
8,603,1.0822709,0.0022239685,11.024586,3.71351,-0.10653707,0.38907343
8,604,1.0814204,0.0022075176,11.023289,3.7096915,-0.107335605,0.388066
8,605,1.0822937,0.0025461912,11.023699,3.7093682,-0.10813668,0.38705662
8,606,1.0825791,0.0017081499,11.004446,3.7026563,-0.108940296,0.38604534
8,607,1.0820146,0.0016866922,11.020733,3.7071834,-0.10974643,0.38503212
8,608,1.0832634,0.0027726889,11.025091,3.7094674,-0.11055507,0.384017
8,609,1.0830996,0.0030943155,11.025879,3.7145123,-0.11136623,0.38299996
8,610,1.083219,0.002794981,11.018755,3.7142034,-0.112179875,0.38198102
8,611,1.0830135,0.0031423569,11.013552,3.7099862,-0.11299603,0.3809602
8,612,1.0822034,0.0026837587,11.013329,3.7050023,-0.11381466,0.3799375
8,613,1.0831172,0.0019503832,11.019653,3.7077699,-0.114635766,0.37891293
8,614,1.0833435,0.0027902126,11.026962,3.70256,-0.115459345,0.37788647
8,615,1.0835717,0.00427866,11.014915,3.7099776,-0.11628538,0.37685817
8,616,1.0838869,0.0034368038,11.017546,3.710794,-0.11711387,0.37582803
8,617,1.0838895,0.0040854216,11.027073,3.7072177,-0.117944814,0.37479603
8,618,1.0842671,0.0039476156,11.028658,3.7087855,-0.11877819,0.3737622
8,619,1.0838592,0.0052138567,11.026211,3.7098613,-0.119614005,0.37272653
8,620,1.0838351,0.0037765503,11.017019,3.7094226,-0.12045223,0.37168902
8,621,1.0859227,0.004181266,11.031954,3.7079864,-0.12129288,0.37064973
8,622,1.0850589,0.0041462183,11.022812,3.7097602,-0.12213593,0.3696086
8,623,1.0844886,0.004739642,11.026804,3.7090201,-0.12298138,0.3685657
8,624,1.0855527,0.0033020973,11.019953,3.707583,-0.123829216,0.367521
8,625,1.0865753,0.004830241,11.019337,3.7130532,-0.12467944,0.3664745
8,626,1.0846725,0.0045837164,11.006287,3.7112088,-0.12553203,0.36542624
8,627,1.0865321,0.0033236742,11.010954,3.7047486,-0.126387,0.36437622
8,628,1.0846622,0.0050826073,11.026669,3.708693,-0.12724431,0.3633244
8,629,1.0850399,0.004846573,11.019058,3.7089877,-0.12810399,0.36227086
8,630,1.0866389,0.005252123,11.0056,3.7123494,-0.12896599,0.36121556
8,631,1.0857117,0.005363345,11.0175495,3.7121863,-0.12983033,0.36015853
8,632,1.0861452,0.005493641,11.019161,3.711556,-0.130697,0.35909978
8,633,1.0858028,0.0037891865,11.024044,3.7101226,-0.13156597,0.3580393
8,634,1.0850358,0.0057564974,11.016638,3.7093768,-0.13243726,0.35697708
8,635,1.0863533,0.0048844814,11.014542,3.710425,-0.13331084,0.35591316
8,636,1.0880256,0.005897045,11.023275,3.7091765,-0.13418671,0.35484755
8,637,1.08711,0.0053806305,11.029015,3.7101197,-0.13506487,0.35378027
8,638,1.086946,0.006397724,11.0189,3.7106118,-0.1359453,0.35271126
8,639,1.0869763,0.0060782433,11.030817,3.7198853,-0.13682799,0.3516406
8,640,1.0866246,0.0047163963,11.012829,3.7126231,-0.13771294,0.35056826
8,641,1.0863662,0.006561637,11.010353,3.7137265,-0.13860013,0.34949428
8,642,1.0881,0.0069066286,11.020756,3.7133546,-0.13948956,0.34841862
8,643,1.087126,0.0075461864,11.032246,3.710218,-0.14038122,0.34734133
8,644,1.0871484,0.0072999,11.0179405,3.7115073,-0.1412751,0.3462624
8,645,1.086904,0.0075650215,11.034811,3.7137227,-0.14217119,0.34518182
8,646,1.0897975,0.007065177,11.0222225,3.7126098,-0.14306948,0.34409964
8,647,1.0880308,0.006416559,11.02536,3.713323,-0.14396997,0.34301585
8,648,1.0876641,0.007565379,11.025238,3.7077441,-0.14487264,0.34193045
8,649,1.0891523,0.006747365,11.010939,3.7074656,-0.14577748,0.34084344
8,650,1.0895665,0.008663654,11.027811,3.7119079,-0.14668448,0.33975485
8,651,1.0890045,0.0077978373,11.02767,3.707786,-0.14759365,0.33866465
8,652,1.0884497,0.006846428,11.017481,3.708263,-0.14850497,0.3375729
8,653,1.0892851,0.007583618,11.027987,3.711474,-0.14941841,0.3364796
8,654,1.0900252,0.0076664686,11.0231,3.7105908,-0.150334,0.3353847
8,655,1.089299,0.008221984,11.029642,3.7106967,-0.1512517,0.33428827
8,656,1.0882595,0.0072817802,11.013639,3.7092795,-0.15217151,0.3331903
8,657,1.0885401,0.007971406,11.031803,3.7131028,-0.15309343,0.3320908
8,658,1.0896885,0.007681608,11.019497,3.7100978,-0.15401742,0.33098975
8,659,1.0902708,0.007703066,11.010368,3.7126842,-0.15494351,0.32988718
8,660,1.0903823,0.008951545,11.015659,3.712029,-0.15587167,0.32878312
8,661,1.090267,0.008350611,11.025236,3.715094,-0.1568019,0.32767755
8,662,1.0892665,0.008470058,11.016083,3.7146897,-0.15773417,0.32657048
8,663,1.0902929,0.008949518,11.025867,3.7174,-0.15866849,0.32546192
8,664,1.0902405,0.008233666,11.020037,3.7098022,-0.15960485,0.32435188
8,665,1.0917997,0.00832057,11.010975,3.713181,-0.16054322,0.32324037
8,666,1.0897043,0.009375811,11.027456,3.7103477,-0.16148362,0.3221274
8,667,1.0916486,0.007858753,11.014206,3.7131114,-0.16242602,0.32101297
8,668,1.0903897,0.010011315,11.019199,3.7126937,-0.16337042,0.3198971
8,669,1.0902691,0.009984612,11.016069,3.708652,-0.1643168,0.31877977
8,670,1.0905178,0.0097619295,11.011553,3.7119298,-0.16526516,0.31766102
8,671,1.0907223,0.009928703,11.010874,3.7104936,-0.1662155,0.31654087
8,672,1.0921817,0.010442257,11.017847,3.7160316,-0.16716778,0.31541926
8,673,1.0912032,0.0116199255,11.01993,3.7114024,-0.16812201,0.31429628
8,674,1.0914936,0.009878755,11.01149,3.7125316,-0.16907817,0.31317186
8,675,1.0917668,0.010447741,11.02207,3.7131639,-0.17003627,0.31204608
8,676,1.0927591,0.0102036,11.01215,3.7113938,-0.17099628,0.31091893
8,677,1.0936553,0.009639025,11.020681,3.707602,-0.17195821,0.30979037
8,678,1.0923359,0.0104756355,11.018236,3.7111516,-0.17292202,0.30866048
8,679,1.0928345,0.010393262,11.018869,3.7098517,-0.17388773,0.30752918
8,680,1.0928712,0.010725021,11.034864,3.7133079,-0.1748553,0.30639657
8,681,1.0933614,0.011079788,11.00091,3.7124972,-0.17582475,0.3052626
8,682,1.0929632,0.011700034,11.006395,3.7114472,-0.17679605,0.3041273
8,683,1.0940218,0.010540485,11.013607,3.7157388,-0.1777692,0.30299067
8,684,1.0931714,0.011539221,11.004391,3.709373,-0.17874418,0.30185273
8,685,1.0945916,0.011598587,11.008516,3.712564,-0.179721,0.30071348
8,686,1.0936751,0.0123595,11.034393,3.7145553,-0.18069963,0.29957294
8,687,1.0926392,0.013267159,11.0064335,3.719666,-0.18168005,0.29843107
8,688,1.0937724,0.010981798,11.03406,3.706696,-0.18266228,0.29728794
8,689,1.09394,0.01265502,11.026169,3.716721,-0.18364629,0.29614353
8,690,1.0945997,0.011369109,11.005575,3.716559,-0.18463208,0.29499784
8,691,1.0946362,0.012986541,11.021973,3.7102437,-0.18561962,0.29385093
8,692,1.0947165,0.01082015,11.00808,3.7145095,-0.18660893,0.2927027
8,693,1.0958421,0.012306809,11.024368,3.7128205,-0.18759997,0.2915533
8,694,1.0948527,0.01332438,11.015192,3.7113461,-0.18859275,0.2904026
8,695,1.0946631,0.0117663145,11.020672,3.7142138,-0.18958725,0.2892507
8,696,1.0948644,0.01254034,11.027395,3.7128348,-0.19058345,0.2880976
8,697,1.0966575,0.013432026,11.0126915,3.708218,-0.19158137,0.28694326
8,698,1.0956676,0.013568282,11.0233555,3.713492,-0.19258095,0.2857877
8,699,1.0954998,0.012969613,11.012726,3.712934,-0.19358224,0.28463098
8,700,1.095751,0.015461564,11.031427,3.7121072,-0.19458517,0.28347304
8,701,1.0963221,0.0129954815,11.038324,3.7137132,-0.19558978,0.28231394
8,702,1.0952113,0.012838006,11.019756,3.7166085,-0.19659603,0.28115368
8,703,1.096936,0.013759136,11.01889,3.7168813,-0.19760391,0.27999225
8,704,1.095866,0.013891697,11.022776,3.711884,-0.1986134,0.27882966
8,705,1.0964408,0.012958646,11.004217,3.706819,-0.19962452,0.27766594
8,706,1.0963435,0.014816046,10.993971,3.7125793,-0.20063725,0.2765011
8,707,1.0964053,0.013833046,11.009245,3.7103133,-0.20165157,0.2753351
8,708,1.0978768,0.012545109,11.004869,3.7197642,-0.20266746,0.27416798
8,709,1.0975881,0.014911175,11.024923,3.7141023,-0.20368493,0.27299976
8,710,1.0976529,0.014172435,11.02862,3.7145028,-0.20470396,0.2718304
8,711,1.096602,0.015329599,11.010975,3.7132068,-0.20572452,0.27065998
8,712,1.0980072,0.015583992,11.030199,3.7139049,-0.20674664,0.26948848
8,713,1.0976729,0.014940858,11.018299,3.7115645,-0.20777027,0.2683159
8,714,1.0960908,0.0147048235,11.030281,3.7150064,-0.20879541,0.26714224
8,715,1.0978348,0.015143156,11.0174675,3.7185378,-0.20982207,0.26596752
8,716,1.0976915,0.016124249,11.011671,3.716168,-0.21085021,0.26479173
8,717,1.0988133,0.014255166,11.008543,3.7115493,-0.21187983,0.26361492
8,718,1.0980592,0.015658617,11.013699,3.7155108,-0.21291094,0.26243708
8,719,1.097822,0.016167521,11.011112,3.714109,-0.21394348,0.26125818
8,720,1.0993223,0.01603055,11.00573,3.717403,-0.21497749,0.26007828
8,721,1.0992315,0.015432835,11.020264,3.715221,-0.21601292,0.25889736
8,722,1.099186,0.016646743,11.012808,3.7139764,-0.21704979,0.25771543
8,723,1.0983224,0.01716733,11.021307,3.7189994,-0.21808806,0.25653252
8,724,1.0998912,0.015783668,11.006273,3.712151,-0.21912773,0.25534862
8,725,1.0988917,0.017374396,11.017416,3.7126393,-0.2201688,0.25416374
8,726,1.0997837,0.016885161,11.020615,3.7177558,-0.22121124,0.2529779
8,727,1.0989099,0.017072678,11.035629,3.7186713,-0.22225505,0.2517911
8,728,1.1002381,0.017615676,11.013401,3.7194648,-0.22330022,0.25060332
8,729,1.1001697,0.016502976,11.017233,3.7160506,-0.22434673,0.24941462
8,730,1.0998046,0.01835668,11.030594,3.7188334,-0.22539458,0.24822499
8,731,1.1002488,0.017357826,11.007643,3.7140527,-0.22644374,0.24703442
8,732,1.0998297,0.018048167,11.023769,3.7202106,-0.22749421,0.24584293
8,733,1.1008747,0.01635015,11.021147,3.7125468,-0.228546,0.24465054
8,734,1.1001165,0.017309308,11.005024,3.7130923,-0.22959904,0.24345724
8,735,1.1006403,0.018133163,11.015566,3.717299,-0.23065338,0.24226305
8,736,1.1022313,0.017179132,11.007383,3.7139926,-0.23170897,0.24106798
8,737,1.1013935,0.018426895,11.013058,3.70991,-0.23276582,0.23987202
8,738,1.1011796,0.018030286,11.016411,3.713676,-0.23382391,0.2386752
8,739,1.1019852,0.018173933,11.013241,3.717667,-0.23488322,0.23747753
8,740,1.1018536,0.01833725,11.045443,3.7167115,-0.23594375,0.236279
8,741,1.1002798,0.017697215,11.025244,3.7168918,-0.23700547,0.23507963
8,742,1.1013339,0.01965785,11.019571,3.7185025,-0.2380684,0.23387942
8,743,1.1025891,0.017693877,11.021748,3.72018,-0.23913251,0.2326784
8,744,1.1023731,0.018007278,11.019968,3.718779,-0.24019778,0.23147655
8,745,1.102499,0.018497467,11.014112,3.7101426,-0.24126421,0.23027389
8,746,1.1027386,0.019366741,11.027523,3.717689,-0.24233179,0.22907044
8,747,1.103338,0.01997745,11.020166,3.7159343,-0.24340048,0.22786619
8,748,1.1025844,0.01958108,11.01716,3.7172694,-0.24447031,0.22666116
8,749,1.1035223,0.019711494,11.014534,3.716764,-0.24554124,0.22545536
8,750,1.1026859,0.020320892,11.008354,3.71277,-0.24661328,0.2242488
8,751,1.1039865,0.01891756,11.014652,3.7118907,-0.24768639,0.22304146
8,752,1.1045063,0.020581603,11.021137,3.7131171,-0.24876058,0.2218334
8,753,1.1036227,0.018160224,11.003168,3.7192588,-0.24983583,0.22062458
8,754,1.1037731,0.0200181,11.015682,3.714727,-0.25091213,0.21941504
8,755,1.1048234,0.019837737,11.022816,3.7126212,-0.25198945,0.21820477
8,756,1.1038942,0.021496654,11.02677,3.71565,-0.25306782,0.21699378
8,757,1.1034338,0.020274997,11.025887,3.7131696,-0.25414717,0.2157821
8,758,1.1057339,0.02045691,11.016069,3.7129579,-0.25522754,0.21456972
8,759,1.1040852,0.020844698,11.017019,3.7177882,-0.25630888,0.21335664
8,760,1.105902,0.021044374,11.021755,3.71386,-0.2573912,0.21214288
8,761,1.1052794,0.02163434,11.011183,3.713347,-0.2584745,0.21092847
8,762,1.1048987,0.020058632,11.009371,3.7141967,-0.25955877,0.20971337
8,763,1.1043844,0.02085805,11.003151,3.7119594,-0.26064393,0.20849763
8,764,1.1054149,0.021314025,11.011545,3.7150636,-0.26173005,0.20728125
8,765,1.1041064,0.02178216,11.020752,3.7166572,-0.26281705,0.20606422
8,766,1.1058102,0.02120769,11.011539,3.715135,-0.26390496,0.20484658
8,767,1.1056235,0.021118045,11.024307,3.7105174,-0.2649938,0.2036283
8,768,1.1048458,0.02289462,11.01202,3.7140155,-0.26608345,0.20240942
8,769,1.1061659,0.021963,11.00124,3.7179341,-0.267174,0.20118994
8,770,1.1049767,0.022614121,10.9851055,3.715963,-0.2682654,0.19996984
8,771,1.1060259,0.02275896,11.020563,3.7195926,-0.26935765,0.19874918
8,772,1.1058583,0.02112341,11.017477,3.714707,-0.2704507,0.19752795
8,773,1.1057148,0.022284389,11.019217,3.7158694,-0.27154458,0.19630612
8,774,1.1066282,0.021731734,10.997971,3.7139125,-0.27263927,0.19508375
8,775,1.105943,0.022460818,11.021585,3.7185483,-0.27373472,0.19386084
8,776,1.107065,0.021627426,11.01449,3.7132735,-0.27483097,0.19263737
8,777,1.1074269,0.022817135,11.001564,3.7150702,-0.275928,0.19141337
8,778,1.1055684,0.022824287,11.016569,3.715364,-0.27702573,0.19018885
8,779,1.1063273,0.021251798,11.009899,3.7159486,-0.27812424,0.18896382
8,780,1.1077023,0.023039818,11.024691,3.714191,-0.27922347,0.18773827
8,781,1.1082659,0.023026109,11.0152645,3.7185826,-0.2803234,0.18651222
8,782,1.1082938,0.02290523,11.020487,3.7112803,-0.28142402,0.18528569
8,783,1.1067019,0.02341044,11.030716,3.713138,-0.28252536,0.18405867
8,784,1.107655,0.024254084,10.99892,3.7133813,-0.28362736,0.18283117
8,785,1.1073384,0.023038745,11.01631,3.7179236,-0.28473002,0.18160321
8,786,1.1075528,0.024781346,11.025887,3.715716,-0.28583333,0.1803748
8,787,1.1080377,0.024016023,11.018776,3.7223554,-0.28693727,0.17914593
8,788,1.1086757,0.02430141,11.006351,3.7171302,-0.28804186,0.17791663
8,789,1.107122,0.02264607,11.00255,3.7178502,-0.28914705,0.17668691
8,790,1.1095195,0.024951458,11.006437,3.7123656,-0.29025283,0.17545676
8,791,1.1095648,0.025283337,11.013897,3.7126327,-0.2913592,0.1742262
8,792,1.1087923,0.024357557,11.00758,3.7150083,-0.29246613,0.17299522
8,793,1.1097829,0.025373816,11.013283,3.7130494,-0.29357365,0.17176385
8,794,1.110214,0.024302125,11.012714,3.71277,-0.2946817,0.1705321
8,795,1.1090436,0.025688171,11.025879,3.713488,-0.29579028,0.16929998
8,796,1.1078222,0.024241328,11.017172,3.720388,-0.29689938,0.16806747
8,797,1.1117413,0.02653873,11.023981,3.7065196,-0.298009,0.16683461
8,798,1.1099434,0.024425507,11.006571,3.7200866,-0.2991191,0.1656014
8,799,1.1100185,0.025165081,11.004797,3.7153106,-0.3002297,0.16436784
8,800,1.109139,0.024658203,11.001581,3.7109456,-0.30134076,0.16313395
8,801,1.1119788,0.026053905,11.009647,3.7141423,-0.3024523,0.16189973
8,802,1.1104333,0.024781823,10.993336,3.7211175,-0.30356425,0.1606652
8,803,1.1111205,0.02649498,11.014294,3.7124515,-0.30467665,0.15943034
8,804,1.1110654,0.027253747,11.013893,3.7165818,-0.30578947,0.1581952
8,805,1.1111553,0.026831388,11.025454,3.7174973,-0.3069027,0.15695976
8,806,1.1120608,0.02599907,11.003187,3.7141461,-0.3080163,0.15572403
8,807,1.1103406,0.02735591,11.000149,3.7190013,-0.3091303,0.15448804
8,808,1.1110733,0.026575446,11.025635,3.7141175,-0.31024465,0.15325178
8,809,1.1114383,0.02593255,11.0023575,3.719606,-0.31135938,0.15201525
8,810,1.1121373,0.026419044,11.002127,3.7157435,-0.31247443,0.15077849
8,811,1.1117108,0.026633859,11.012514,3.712791,-0.3135898,0.14954148
8,812,1.1124182,0.027094603,11.001007,3.7199779,-0.3147055,0.14830424
8,813,1.1126847,0.026589036,11.01499,3.7201142,-0.3158215,0.14706677
8,814,1.1123147,0.02695632,11.013952,3.7162404,-0.31693777,0.1458291
8,815,1.1129138,0.02780974,11.016642,3.7145057,-0.31805432,0.14459121
8,816,1.112169,0.026750803,11.012476,3.7106957,-0.31917116,0.14335313
8,817,1.112297,0.02697575,11.0102825,3.7173371,-0.3202882,0.14211486
8,818,1.1127412,0.02822268,11.027834,3.7135358,-0.32140553,0.14087643
8,819,1.1130083,0.027551651,11.012312,3.7193265,-0.32252306,0.1396378
8,820,1.112247,0.028378487,11.020063,3.70993,-0.32364076,0.13839902
8,821,1.1133864,0.027502894,11.009211,3.71201,-0.3247587,0.1371601
8,822,1.1132658,0.02934575,11.014645,3.7148747,-0.32587683,0.13592102
8,823,1.114867,0.027555108,10.995399,3.7146583,-0.3269951,0.13468179
8,824,1.1133261,0.026915193,11.017929,3.7155175,-0.32811353,0.13344245
8,825,1.114222,0.029711962,11.020302,3.7120795,-0.32923213,0.132203
8,826,1.1133258,0.028249979,11.009237,3.7137933,-0.33035082,0.13096341
8,827,1.1141782,0.027438521,11.009632,3.7189202,-0.33146966,0.12972374
8,828,1.114404,0.028426766,11.015873,3.7190995,-0.33258858,0.12848398
8,829,1.1150839,0.030561566,11.010834,3.7144885,-0.3337076,0.12724413
8,830,1.1132295,0.029506207,11.015913,3.7161317,-0.3348267,0.1260042
8,831,1.1143506,0.028883815,10.994932,3.7147746,-0.33594584,0.124764204
8,832,1.1145577,0.029751897,11.0226555,3.7114024,-0.33706507,0.12352415
8,833,1.1144228,0.029181838,11.012249,3.7148128,-0.33818433,0.12228405
8,834,1.115819,0.029717922,11.001825,3.715693,-0.33930358,0.121043906
8,835,1.1150899,0.029600501,11.011648,3.7143683,-0.34042287,0.11980373
8,836,1.1160645,0.0301795,10.987659,3.71347,-0.34154215,0.118563525
8,837,1.116576,0.030074954,11.020571,3.7189927,-0.3426614,0.11732331
8,838,1.1156075,0.030835748,11.003769,3.7171903,-0.34378064,0.11608309
8,839,1.1154997,0.030110955,11.004177,3.712954,-0.34489983,0.11484287
8,840,1.1160331,0.029782534,11.015068,3.717052,-0.34601897,0.11360266
8,841,1.1154561,0.030437946,11.02017,3.7175841,-0.34713802,0.11236247
8,842,1.115926,0.029597044,11.021456,3.7160382,-0.348257,0.1111223
8,843,1.115493,0.030912876,11.003485,3.71804,-0.3493759,0.109882176
8,844,1.1157627,0.031167626,11.012672,3.7147565,-0.35049468,0.108642094
8,845,1.1168745,0.03210652,11.015024,3.7151656,-0.3516133,0.107402064
8,846,1.1165702,0.031978846,11.001574,3.7176347,-0.35273182,0.10616209
8,847,1.1164997,0.030929327,11.001617,3.7171426,-0.35385022,0.1049222
8,848,1.1177723,0.032085896,11.006706,3.721952,-0.3549684,0.103682384
8,849,1.1177647,0.031734467,10.998144,3.718062,-0.35608643,0.10244265
8,850,1.1177046,0.032217145,11.006607,3.7153468,-0.35720426,0.101203024
8,851,1.1175499,0.031075478,11.006552,3.7127213,-0.3583219,0.09996349
8,852,1.1184521,0.033041835,11.02179,3.7151208,-0.3594393,0.09872408
8,853,1.1177022,0.03215003,11.011187,3.717629,-0.3605565,0.09748479
8,854,1.1173024,0.032762647,11.009302,3.7096705,-0.36167344,0.09624563
8,855,1.1181545,0.03157711,10.997086,3.715733,-0.36279014,0.09500661
8,856,1.1180809,0.03229344,11.029951,3.7185178,-0.36390653,0.09376773
8,857,1.1180606,0.03325212,11.006954,3.7141232,-0.36502266,0.09252902
8,858,1.1186073,0.03264177,11.001827,3.7123637,-0.36613852,0.09129047
8,859,1.1181624,0.03333509,11.011421,3.711965,-0.36725402,0.09005209
8,860,1.1186407,0.033031106,11.00157,3.710154,-0.36836922,0.08881389
8,861,1.1185246,0.032061577,10.990532,3.7201848,-0.3694841,0.08757589
8,862,1.1190534,0.034316063,11.002098,3.7150254,-0.3705986,0.08633809
8,863,1.1190474,0.03262031,11.001261,3.7221637,-0.37171274,0.08510049
8,864,1.1193616,0.03396964,11.006874,3.7161136,-0.37282652,0.08386311
8,865,1.1192842,0.033531904,11.008715,3.7131257,-0.3739399,0.082625955
8,866,1.118887,0.032940626,11.007973,3.7159514,-0.37505287,0.08138903
8,867,1.1194711,0.033325434,11.011486,3.7114224,-0.37616542,0.080152355
8,868,1.1190853,0.032844543,11.007154,3.7086473,-0.37727755,0.078915924
8,869,1.1197464,0.033794045,11.002823,3.7134175,-0.3783892,0.07767975
8,870,1.1203582,0.033830285,10.999224,3.714109,-0.37950045,0.07644385
8,871,1.121073,0.034119606,11.01055,3.715694,-0.38061118,0.07520823
8,872,1.1192522,0.034591794,11.009117,3.7127318,-0.38172147,0.07397289
8,873,1.1209772,0.03511381,11.004839,3.7088742,-0.38283122,0.07273784
8,874,1.1209538,0.03512919,10.999924,3.7100406,-0.38394046,0.071503095
8,875,1.1202972,0.03619504,11.011049,3.715506,-0.3850492,0.07026866
8,876,1.1206939,0.03633797,11.018713,3.7152228,-0.3861574,0.06903455
8,877,1.1218917,0.03563702,11.01244,3.7143817,-0.38726503,0.06780076
8,878,1.1219058,0.03478384,11.010096,3.7169528,-0.3883721,0.06656731
8,879,1.1208844,0.034573436,11.005356,3.7125926,-0.38947856,0.0653342
8,880,1.1210005,0.036514997,10.994804,3.7122998,-0.39058447,0.06410144
8,881,1.122555,0.036091566,11.005419,3.7153516,-0.39168975,0.06286905
8,882,1.1202898,0.034617186,11.014854,3.7085586,-0.39279443,0.06163703
8,883,1.1223199,0.0363667,10.994888,3.7190185,-0.39389846,0.060405385
8,884,1.1218753,0.036599994,10.990795,3.712153,-0.39500183,0.059174128
8,885,1.1226463,0.036331773,11.019894,3.715939,-0.39610457,0.057943262
8,886,1.1224747,0.036305547,11.008604,3.7171817,-0.39720663,0.056712802
8,887,1.1219621,0.036911964,10.99835,3.7125373,-0.39830798,0.055482756
8,888,1.1228933,0.036485195,11.003208,3.7151523,-0.39940867,0.05425313
8,889,1.1230104,0.037095428,11.013929,3.716556,-0.4005086,0.053023934
8,890,1.1231716,0.036620975,10.996138,3.7143369,-0.40160784,0.051795173
8,891,1.1231544,0.035376787,10.997814,3.710486,-0.40270633,0.05056686
8,892,1.1241603,0.037288904,11.003998,3.7174363,-0.40380403,0.049339
8,893,1.1237898,0.037515044,10.989016,3.7108064,-0.404901,0.048111606
8,894,1.1233428,0.036697388,10.994541,3.718369,-0.4059972,0.046884682
8,895,1.1243627,0.037649155,10.99733,3.7084794,-0.40709257,0.045658235
8,896,1.1245377,0.038427353,10.99572,3.7137227,-0.40818715,0.04443228
8,897,1.1238766,0.037672758,11.007206,3.7084546,-0.40928093,0.04320682
8,898,1.1244347,0.037928104,10.990198,3.7102475,-0.41037384,0.04198186
8,899,1.1248238,0.03766489,10.984865,3.7119126,-0.4114659,0.04075742
8,900,1.1236424,0.039411068,11.00573,3.7096992,-0.41255713,0.0395335
8,901,1.1245244,0.03825915,10.991449,3.7123132,-0.41364744,0.038310107
8,902,1.1245301,0.038573265,11.000788,3.709867,-0.4147369,0.037087258
8,903,1.1249094,0.03781712,10.999834,3.7149625,-0.41582546,0.035864953
8,904,1.1255224,0.0382936,11.001442,3.7146401,-0.4169131,0.034643203
8,905,1.1246412,0.03848231,11.001492,3.711186,-0.41799977,0.033422016
8,906,1.1255989,0.038246036,10.992973,3.708117,-0.41908553,0.032201402
8,907,1.1261322,0.039197683,10.989151,3.7096038,-0.42017034,0.030981366
8,908,1.1251471,0.040014386,11.004984,3.7126317,-0.4212542,0.02976192
8,909,1.126102,0.039389133,11.004984,3.7124124,-0.42233706,0.028543072
8,910,1.1274683,0.03949392,11.006737,3.7101073,-0.4234189,0.027324827
8,911,1.126653,0.03975284,10.999062,3.718081,-0.42449975,0.026107198
8,912,1.1259036,0.03906536,10.98567,3.7199807,-0.42557958,0.02489019
8,913,1.1274297,0.03889942,10.995317,3.716457,-0.42665836,0.023673812
8,914,1.1264958,0.039654374,10.997877,3.7123084,-0.4277361,0.022458073
8,915,1.1263647,0.038189173,10.989075,3.715548,-0.4288128,0.02124298
8,916,1.1262155,0.038991928,10.991756,3.7101836,-0.4298884,0.020028543
8,917,1.1273253,0.040076137,10.991991,3.7101378,-0.43096292,0.018814769
8,918,1.1266184,0.03996873,11.028212,3.7152772,-0.43203634,0.017601667
8,919,1.128308,0.03974414,10.979744,3.7097964,-0.43310863,0.016389245
8,920,1.1277487,0.039946556,10.991774,3.7094789,-0.4341798,0.015177511
8,921,1.1282113,0.041305542,10.992239,3.7092996,-0.43524984,0.013966473
8,922,1.1281385,0.04113996,11.009602,3.7136226,-0.43631873,0.01275614
8,923,1.1274192,0.041900277,11.003899,3.716618,-0.43738642,0.01154652
8,924,1.1267512,0.042794704,10.990957,3.7120395,-0.43845296,0.010337621
8,925,1.1283393,0.04102683,10.973934,3.7204738,-0.43951827,0.009129452
8,926,1.1293077,0.042596698,10.998783,3.7080178,-0.4405824,0.00792202
8,927,1.1289251,0.040893316,10.999424,3.7153783,-0.4416453,0.006715334
8,928,1.1285877,0.041624665,11.018183,3.7058167,-0.44270697,0.005509402
8,929,1.1276727,0.041146755,11.014734,3.7051883,-0.4437674,0.0043042325
8,930,1.1282113,0.04062116,10.974592,3.7109103,-0.44482654,0.0030998334
8,931,1.1282446,0.042111397,10.99976,3.7163272,-0.44588444,0.0018962129
8,932,1.1295125,0.04177308,11.000408,3.7143502,-0.44694105,0.00069337914
8,933,1.1289027,0.04306376,11.006826,3.7151408,-0.44799632,-0.00050865964
8,934,1.1290843,0.04173577,10.993853,3.7110782,-0.4490503,-0.0017098953
8,935,1.1291516,0.042111516,11.011623,3.708528,-0.45010298,-0.0029103197
8,936,1.1306343,0.04278481,10.978769,3.7128901,-0.4511543,-0.0041099247
8,937,1.1299155,0.042391777,10.995277,3.7111077,-0.45220426,-0.005308702
8,938,1.1299832,0.04327619,10.999336,3.7135224,-0.45325285,-0.0065066437
8,939,1.1296597,0.042654634,10.999815,3.7097087,-0.45430008,-0.0077037415
8,940,1.1307902,0.04227352,10.999283,3.7127738,-0.4553459,-0.008899988
8,941,1.1306901,0.04268408,10.997803,3.717094,-0.45639032,-0.010095374
8,942,1.1302006,0.043415308,11.008802,3.7111812,-0.4574333,-0.011289892
8,943,1.1294165,0.043462634,11.008831,3.7088933,-0.4584749,-0.012483533
8,944,1.1308274,0.043732405,10.999985,3.7144704,-0.459515,-0.01367629
8,945,1.1311872,0.04303634,11.005032,3.710793,-0.46055368,-0.014868155
8,946,1.1314332,0.04318273,11.001644,3.7087188,-0.4615909,-0.01605912
8,947,1.1316512,0.043411255,10.990738,3.7149034,-0.4626266,-0.017249176
8,948,1.1317534,0.045145154,10.987701,3.7090535,-0.46366084,-0.018438315
8,949,1.1311283,0.04304874,10.983255,3.7134242,-0.46469355,-0.01962653
8,950,1.1329122,0.044837356,10.995085,3.714538,-0.46572474,-0.020813813
8,951,1.1307843,0.044855475,10.995407,3.707788,-0.46675438,-0.022000154
8,952,1.1326659,0.04519713,11.009695,3.709087,-0.46778247,-0.023185547
8,953,1.132524,0.044329405,10.984922,3.7092652,-0.468809,-0.024369983
8,954,1.1327877,0.044672012,10.999546,3.7145743,-0.469834,-0.025553456
8,955,1.1330984,0.045048237,10.999414,3.711557,-0.47085738,-0.026735956
8,956,1.131969,0.044204473,10.997423,3.7105603,-0.47187915,-0.027917475
8,957,1.1335702,0.045382977,10.995392,3.7119288,-0.47289932,-0.029098004
8,958,1.1331336,0.04559338,10.987082,3.7067504,-0.47391787,-0.030277537
8,959,1.132503,0.046082377,10.98637,3.7094617,-0.4749348,-0.03145607
8,960,1.1330245,0.044590235,10.992651,3.7122092,-0.47595003,-0.032633584
8,961,1.132724,0.046279788,10.994085,3.708346,-0.4769636,-0.03381008
8,962,1.1326017,0.04627645,10.981998,3.7153373,-0.47797555,-0.03498555
8,963,1.1332824,0.04672301,10.989859,3.7049165,-0.47898576,-0.03615998
8,964,1.134028,0.04513824,10.997101,3.7094865,-0.4799943,-0.03733337
8,965,1.1337109,0.045986056,10.995428,3.7087379,-0.48100108,-0.038505703
8,966,1.1347747,0.045925617,11.009872,3.709332,-0.48200616,-0.03967698
8,967,1.1332605,0.046408772,10.988043,3.706534,-0.48300952,-0.04084719
8,968,1.1342137,0.047149897,10.99901,3.7092795,-0.48401108,-0.04201632
8,969,1.1351385,0.04659486,10.986885,3.7146897,-0.48501092,-0.04318437
8,970,1.1348269,0.04603362,10.988922,3.7162404,-0.48600897,-0.04435133
8,971,1.1352088,0.04692936,11.012972,3.7101054,-0.4870052,-0.045517188
8,972,1.1346939,0.047616243,11.017084,3.7131467,-0.48799965,-0.04668194
8,973,1.1349771,0.047008395,10.992893,3.709784,-0.48899227,-0.04784558
8,974,1.1350152,0.04678428,10.980904,3.7091918,-0.48998308,-0.049008094
8,975,1.1332018,0.045890927,10.992298,3.7037282,-0.49097204,-0.05016948
8,976,1.1356261,0.048051953,11.009571,3.7117248,-0.49195915,-0.051329724
8,977,1.1343861,0.048897147,10.991564,3.707767,-0.4929444,-0.052488826
8,978,1.1351879,0.048725486,10.987364,3.709538,-0.49392775,-0.053646773
8,979,1.1358378,0.050249577,10.988882,3.715527,-0.49490923,-0.054803558
8,980,1.135792,0.04813409,10.995182,3.7109513,-0.4958888,-0.055959176
8,981,1.1359231,0.048037887,10.995026,3.7117972,-0.49686643,-0.057113614
8,982,1.137366,0.049325228,11.003792,3.7113996,-0.49784216,-0.05826687
8,983,1.1360085,0.048509836,10.994474,3.7067847,-0.49881592,-0.05941893
8,984,1.1374443,0.049531937,10.988647,3.703011,-0.49978775,-0.060569797
8,985,1.1357961,0.049016118,10.997095,3.7035642,-0.50075763,-0.06171945
8,986,1.1369262,0.049309134,10.984726,3.704886,-0.5017255,-0.06286789
8,987,1.1364336,0.04968202,10.98448,3.7054124,-0.5026914,-0.064015105
8,988,1.1375628,0.049148083,10.974028,3.7094064,-0.50365525,-0.065161094
8,989,1.1384974,0.048832417,11.001709,3.7099147,-0.50461715,-0.06630584
8,990,1.1368923,0.048130035,10.98229,3.7052007,-0.50557697,-0.06744934
8,991,1.1367428,0.04944849,11.008434,3.7106032,-0.5065348,-0.06859159
8,992,1.1356831,0.049628377,10.988625,3.7044082,-0.5074905,-0.06973258
8,993,1.1378257,0.04998207,10.991316,3.7133517,-0.50844425,-0.07087229
8,994,1.1379125,0.049431205,11.004543,3.7096944,-0.50939584,-0.07201073
8,995,1.1382735,0.051206827,10.999556,3.7070813,-0.51034534,-0.07314789
8,996,1.1383104,0.048541784,10.9735565,3.7073731,-0.51129276,-0.074283764
8,997,1.1372204,0.04903245,10.98967,3.7072492,-0.5122381,-0.07541833
8,998,1.1383913,0.050462008,10.999598,3.7086234,-0.51318127,-0.07655159
8,999,1.1372442,0.05029738,10.9831295,3.7102132,-0.5141223,-0.07768353
9,0,0.99711156,-0.49199438,-4.6181765,-1.4888239,0.26227915,-0.53897154
9,1,0.9958756,-0.49199712,-4.598319,-1.4832115,0.26261124,-0.54003096
9,2,0.9969878,-0.49162364,-4.6154766,-1.4865723,0.26294324,-0.54108834
9,3,0.99639535,-0.49290228,-4.616234,-1.485435,0.26327518,-0.54214376
9,4,0.9945078,-0.49150074,-4.622797,-1.4828281,0.26360703,-0.5431971
9,5,0.9948485,-0.49178976,-4.6047077,-1.4842296,0.26393884,-0.54424846
9,6,0.9961555,-0.49167687,-4.616701,-1.4839745,0.26427057,-0.54529774
9,7,0.996212,-0.49146998,-4.623707,-1.4856739,0.2646022,-0.54634494
9,8,0.99614453,-0.49203646,-4.605177,-1.4838567,0.2649338,-0.5473901
9,9,0.9949281,-0.49291992,-4.6025963,-1.4813442,0.26526532,-0.5484332
9,10,0.99656105,-0.49261022,-4.604398,-1.4808531,0.26559678,-0.5494742
9,11,0.996022,-0.4927832,-4.62035,-1.4852118,0.26592818,-0.5505131
9,12,0.99544334,-0.49170285,-4.617322,-1.4835811,0.2662595,-0.55154985
9,13,0.99407744,-0.49207658,-4.61189,-1.4874315,0.2665907,-0.5525845
9,14,0.9956169,-0.49226803,-4.6147213,-1.4811997,0.2669219,-0.5536171
9,15,0.99510026,-0.49243218,-4.628335,-1.4878578,0.267253,-0.5546475
9,16,0.995425,-0.49276257,-4.616008,-1.4820876,0.26758406,-0.5556758
9,17,0.99422574,-0.4938938,-4.615532,-1.4842834,0.26791504,-0.55670196
9,18,0.99444366,-0.49230945,-4.609146,-1.4922743,0.26824594,-0.5577259
9,19,0.995553,-0.49196982,-4.6094475,-1.4835443,0.2685768,-0.5587477
9,20,0.9946053,-0.4926378,-4.60485,-1.4893374,0.26890755,-0.5597673
9,21,0.9948678,-0.49274075,-4.6149416,-1.4837203,0.26923826,-0.56078476
9,22,0.9942317,-0.49266803,-4.607683,-1.4849558,0.2695689,-0.5618
9,23,0.9935205,-0.49169242,-4.6179047,-1.4893079,0.26989946,-0.56281304
9,24,0.99511266,-0.49355614,-4.616954,-1.4856081,0.27022997,-0.5638238
9,25,0.993747,-0.49225372,-4.6103945,-1.4800901,0.2705604,-0.5648324
9,26,0.99538183,-0.492584,-4.6082106,-1.4861665,0.27089077,-0.56583875
9,27,0.9946852,-0.49182123,-4.621537,-1.4869881,0.27122107,-0.56684285
9,28,0.9937172,-0.49257576,-4.611418,-1.48383,0.2715513,-0.5678447
9,29,0.99323916,-0.4934137,-4.6131134,-1.4835691,0.27188146,-0.56884426
9,30,0.99289274,-0.49267185,-4.6179314,-1.4895902,0.27221158,-0.56984156
9,31,0.9944689,-0.4933157,-4.6158047,-1.4824729,0.2725416,-0.57083654
9,32,0.99402833,-0.49326116,-4.6139545,-1.4897146,0.27287155,-0.57182926
9,33,0.994524,-0.49222523,-4.601304,-1.4888277,0.27320147,-0.5728197
9,34,0.9934523,-0.4940815,-4.6176567,-1.4872122,0.2735313,-0.5738078
9,35,0.993279,-0.49205875,-4.614439,-1.4941611,0.27386102,-0.5747936
9,36,0.9945488,-0.4923784,-4.618602,-1.4856682,0.27419072,-0.57577705
9,37,0.9927616,-0.4929024,-4.638629,-1.4845376,0.27452034,-0.57675815
9,38,0.99413514,-0.4933784,-4.6239243,-1.4874306,0.2748499,-0.5777369
9,39,0.9922676,-0.49230826,-4.6081944,-1.4818912,0.2751794,-0.5787133
9,40,0.9934828,-0.49261284,-4.6129446,-1.4835596,0.2755088,-0.57968736
9,41,0.993438,-0.49187404,-4.618578,-1.4902005,0.27583814,-0.58065903
9,42,0.99322844,-0.49266565,-4.6120234,-1.4891372,0.27616742,-0.5816283
9,43,0.99293613,-0.49417466,-4.622511,-1.4920464,0.27649662,-0.58259517
9,44,0.99278283,-0.4926238,-4.587652,-1.4908056,0.2768258,-0.58355963
9,45,0.993716,-0.49380285,-4.613352,-1.488913,0.27715483,-0.5845217
9,46,0.9936445,-0.49402052,-4.6067457,-1.4869943,0.27748385,-0.58548135
9,47,0.9931159,-0.4940045,-4.6143312,-1.48173,0.27781278,-0.58643854
9,48,0.9923947,-0.49391335,-4.6118593,-1.4909606,0.27814162,-0.5873933
9,49,0.9923363,-0.49379528,-4.620433,-1.4877877,0.27847043,-0.5883456
9,50,0.99280024,-0.49377894,-4.611676,-1.4888206,0.27879915,-0.58929545
9,51,0.9930115,-0.49436444,-4.6074686,-1.4887824,0.27912778,-0.5902428
9,52,0.9919069,-0.49381065,-4.609638,-1.4884844,0.27945638,-0.5911877
9,53,0.9928622,-0.4941091,-4.594095,-1.4869199,0.2797849,-0.5921301
9,54,0.99312663,-0.4932893,-4.6178474,-1.4901175,0.2801133,-0.59307003
9,55,0.9916446,-0.4927141,-4.605075,-1.4888773,0.28044167,-0.59400743
9,56,0.9931271,-0.49360222,-4.6070757,-1.4913373,0.28076997,-0.59494233
9,57,0.99252224,-0.49353498,-4.612647,-1.4909215,0.2810982,-0.5958747
9,58,0.99051,-0.4936837,-4.6109943,-1.4878025,0.28142634,-0.5968045
9,59,0.99243,-0.49351966,-4.615362,-1.490212,0.2817544,-0.5977318
9,60,0.99099684,-0.49262816,-4.599081,-1.4851546,0.2820824,-0.59865654
9,61,0.9913204,-0.4936334,-4.62379,-1.4869523,0.28241032,-0.59957874
9,62,0.9930937,-0.49393785,-4.614169,-1.4911408,0.28273818,-0.6004983
9,63,0.9912417,-0.4947434,-4.608387,-1.4910216,0.28306594,-0.60141534
9,64,0.99289036,-0.49434948,-4.6130095,-1.4916778,0.28339365,-0.6023298
9,65,0.9921415,-0.49304098,-4.613722,-1.4900694,0.28372127,-0.60324156
9,66,0.992002,-0.4934464,-4.618494,-1.4869633,0.28404883,-0.60415083
9,67,0.99222803,-0.49399233,-4.5970545,-1.4919319,0.2843763,-0.6050574
9,68,0.9899075,-0.49276787,-4.6103334,-1.4946818,0.2847037,-0.6059614
9,69,0.99202204,-0.49414152,-4.5980473,-1.489809,0.28503102,-0.6068627
9,70,0.9914286,-0.49391294,-4.602479,-1.490016,0.28535825,-0.60776144
9,71,0.99138045,-0.49565834,-4.6198473,-1.4936237,0.28568542,-0.6086575
9,72,0.9924183,-0.4938088,-4.611312,-1.4982972,0.28601253,-0.6095509
9,73,0.9904156,-0.49492884,-4.610221,-1.4907532,0.28633952,-0.6104416
9,74,0.9909229,-0.49445724,-4.610689,-1.4869409,0.28666645,-0.6113297
9,75,0.9919851,-0.49344414,-4.620101,-1.4873857,0.2869933,-0.612215
9,76,0.9904096,-0.49491775,-4.612673,-1.4903245,0.28732008,-0.61309767
9,77,0.9904926,-0.494972,-4.606838,-1.4935908,0.28764677,-0.6139776
9,78,0.9907818,-0.49423903,-4.6094255,-1.490881,0.28797337,-0.6148548
9,79,0.989959,-0.49534702,-4.609873,-1.4902191,0.2882999,-0.61572933
9,80,0.9906354,-0.49511486,-4.605488,-1.4959207,0.28862634,-0.6166011
9,81,0.990113,-0.49560642,-4.616006,-1.494461,0.28895268,-0.61747015
9,82,0.990582,-0.49548835,-4.6130037,-1.4936314,0.28927895,-0.61833644
9,83,0.9912174,-0.49436146,-4.6062174,-1.4924374,0.28960517,-0.61919993
9,84,0.99085355,-0.49545473,-4.59186,-1.4913597,0.28993127,-0.6200607
9,85,0.99077463,-0.49499077,-4.609112,-1.4905047,0.29025728,-0.6209187
9,86,0.98882985,-0.49383295,-4.6073647,-1.494627,0.29058322,-0.62177384
9,87,0.9905329,-0.4953528,-4.600213,-1.4941206,0.29090908,-0.62262625
9,88,0.99020886,-0.49483883,-4.629712,-1.4929538,0.29123482,-0.62347585
9,89,0.989125,-0.49433625,-4.6008024,-1.4971786,0.2915605,-0.6243226
9,90,0.9902921,-0.49562448,-4.607086,-1.4978461,0.2918861,-0.62516654
9,91,0.9904566,-0.494587,-4.6148663,-1.4968176,0.2922116,-0.6260077
9,92,0.98926115,-0.49593037,-4.619108,-1.4961195,0.29253697,-0.62684596
9,93,0.99015236,-0.49521732,-4.6066103,-1.4958644,0.2928623,-0.6276814
9,94,0.9891801,-0.4955393,-4.607394,-1.4940529,0.29318753,-0.62851393
9,95,0.98948026,-0.4954288,-4.5972214,-1.495163,0.29351264,-0.6293437
9,96,0.989238,-0.4952324,-4.610217,-1.4962125,0.2938377,-0.6301705
9,97,0.98897815,-0.49641943,-4.6154804,-1.4945159,0.29416263,-0.63099444
9,98,0.98900414,-0.49516964,-4.59927,-1.495656,0.29448748,-0.6318155
9,99,0.9892318,-0.49486494,-4.603057,-1.4946661,0.29481223,-0.6326337
9,100,0.9898617,-0.4945866,-4.612009,-1.4905639,0.2951369,-0.6334489
9,101,0.9886546,-0.49584055,-4.5999746,-1.4950886,0.29546148,-0.63426125
9,102,0.99032974,-0.49631697,-4.573677,-1.497242,0.29578593,-0.6350707
9,103,0.98878646,-0.49568194,-4.614703,-1.4990411,0.2961103,-0.63587713
9,104,0.9892552,-0.4959668,-4.5964584,-1.4928899,0.29643455,-0.63668066
9,105,0.9883466,-0.49433386,-4.6108303,-1.489572,0.29675874,-0.6374812
9,106,0.98796725,-0.4950962,-4.615323,-1.495183,0.29708278,-0.63827884
9,107,0.9883623,-0.49548948,-4.6003246,-1.4955482,0.29740676,-0.6390735
9,108,0.9885657,-0.49685192,-4.612878,-1.4947424,0.29773062,-0.63986516
9,109,0.9885719,-0.49589747,-4.6039457,-1.4962034,0.29805437,-0.6406538
9,110,0.9875083,-0.49550796,-4.616045,-1.493855,0.29837802,-0.6414395
9,111,0.989306,-0.4953333,-4.6092863,-1.4953127,0.29870158,-0.64222217
9,112,0.9899523,-0.49617827,-4.6043196,-1.498353,0.29902503,-0.64300185
9,113,0.9874456,-0.4958833,-4.6048937,-1.4996357,0.29934835,-0.6437785
9,114,0.98937273,-0.4969496,-4.6183577,-1.4993219,0.2996716,-0.6445521
9,115,0.9886632,-0.49648303,-4.618904,-1.4939456,0.2999947,-0.6453227
9,116,0.9884057,-0.49623954,-4.6125116,-1.4982982,0.3003177,-0.6460902
9,117,0.98874664,-0.4963044,-4.6028223,-1.4982953,0.3006406,-0.64685464
9,118,0.98816586,-0.49592412,-4.5993958,-1.4952006,0.30096337,-0.6476161
9,119,0.9869952,-0.4956919,-4.5813856,-1.5010314,0.30128607,-0.64837444
9,120,0.98775744,-0.496507,-4.617196,-1.4996338,0.30160862,-0.6491297
9,121,0.9886,-0.49666232,-4.607293,-1.4967914,0.30193105,-0.64988184
9,122,0.9882779,-0.49665397,-4.6007547,-1.4994926,0.3022534,-0.6506309
9,123,0.98819613,-0.49754542,-4.612362,-1.499392,0.3025756,-0.6513769
9,124,0.98806643,-0.4969104,-4.60273,-1.4985423,0.3028977,-0.65211976
9,125,0.988631,-0.4958219,-4.601902,-1.4989777,0.30321965,-0.65285945
9,126,0.9869244,-0.4956894,-4.603529,-1.4971442,0.3035415,-0.6535961
9,127,0.9865329,-0.4981711,-4.60421,-1.5034547,0.30386323,-0.65432954
9,128,0.98727417,-0.49707282,-4.599225,-1.5031791,0.30418482,-0.6550599
9,129,0.9877353,-0.4967512,-4.6032944,-1.5033455,0.3045063,-0.65578705
9,130,0.987108,-0.497023,-4.598198,-1.5013485,0.30482766,-0.656511
9,131,0.9881618,-0.49797046,-4.598423,-1.497488,0.3051489,-0.65723187
9,132,0.98641944,-0.497074,-4.6183558,-1.4980354,0.30547002,-0.6579495
9,133,0.98740864,-0.49695402,-4.607705,-1.5031323,0.305791,-0.658664
9,134,0.9867525,-0.49690294,-4.616561,-1.5036616,0.3061118,-0.65937525
9,135,0.9862733,-0.49686223,-4.622834,-1.4982429,0.30643255,-0.6600833
9,136,0.9863882,-0.49692106,-4.5912952,-1.4991565,0.30675313,-0.6607881
9,137,0.98740935,-0.49689204,-4.6124706,-1.4996762,0.30707356,-0.6614898
9,138,0.9864812,-0.49762553,-4.6083994,-1.5013881,0.30739388,-0.6621882
9,139,0.98693275,-0.49738282,-4.6017256,-1.4978576,0.30771405,-0.66288334
9,140,0.98627853,-0.49538022,-4.604417,-1.4984474,0.3080341,-0.66357523
9,141,0.98616314,-0.49608535,-4.610015,-1.4951696,0.308354,-0.6642639
9,142,0.9873421,-0.4967363,-4.625517,-1.5047302,0.30867377,-0.6649493
9,143,0.9859586,-0.49686503,-4.601721,-1.5019674,0.30899337,-0.6656315
9,144,0.9870391,-0.49692315,-4.6157875,-1.4975133,0.30931285,-0.6663103
9,145,0.98668694,-0.49806863,-4.599223,-1.503272,0.30963218,-0.66698587
9,146,0.9862809,-0.4971292,-4.6175203,-1.5018907,0.3099514,-0.66765815
9,147,0.9856479,-0.4975024,-4.606971,-1.4986067,0.31027043,-0.66832715
9,148,0.9853766,-0.4977771,-4.588352,-1.5035739,0.3105893,-0.6689928
9,149,0.9861615,-0.49830925,-4.608614,-1.501668,0.31090808,-0.66965514
9,150,0.98578644,-0.49815267,-4.6259375,-1.5045958,0.31122667,-0.6703142
9,151,0.9855156,-0.49748403,-4.620494,-1.4981399,0.3115451,-0.6709699
9,152,0.986573,-0.49717396,-4.596546,-1.502419,0.3118634,-0.6716223
9,153,0.9858432,-0.49817425,-4.6045275,-1.499907,0.31218153,-0.67227125
9,154,0.9843204,-0.4973461,-4.5987844,-1.5008392,0.3124995,-0.67291695
9,155,0.98590255,-0.49801874,-4.602769,-1.4980712,0.31281734,-0.6735592
9,156,0.9861314,-0.4979264,-4.60903,-1.5052948,0.31313497,-0.67419815
9,157,0.98592806,-0.49824154,-4.613372,-1.501122,0.31345248,-0.67483366
9,158,0.98538613,-0.4973604,-4.599943,-1.5051961,0.31376982,-0.6754658
9,159,0.98440194,-0.49832028,-4.599058,-1.4945531,0.314087,-0.6760946
9,160,0.98660326,-0.49764842,-4.6012745,-1.5015059,0.314404,-0.6767199
9,161,0.9855628,-0.49754715,-4.599555,-1.5047579,0.31472084,-0.6773419
9,162,0.98555255,-0.4987234,-4.609087,-1.5054379,0.31503752,-0.6779604
9,163,0.9845545,-0.49830484,-4.601471,-1.5054297,0.31535402,-0.6785755
9,164,0.9854784,-0.49731857,-4.6012783,-1.5018468,0.31567034,-0.6791872
9,165,0.9848275,-0.49858975,-4.604475,-1.5069876,0.31598648,-0.6797954
9,166,0.98467755,-0.4981116,-4.6075287,-1.5016823,0.31630248,-0.68040013
9,167,0.9852724,-0.49782568,-4.6168833,-1.5038671,0.3166183,-0.6810015
9,168,0.9848418,-0.49873918,-4.608177,-1.5074639,0.3169339,-0.6815993
9,169,0.98513865,-0.49894875,-4.598177,-1.5038953,0.31724936,-0.6821937
9,170,0.9842193,-0.4991172,-4.593938,-1.5050335,0.3175646,-0.6827846
9,171,0.98258305,-0.49938542,-4.5833273,-1.5081573,0.3178797,-0.683372
9,172,0.9844575,-0.4986195,-4.5965185,-1.5066395,0.3181946,-0.68395597
9,173,0.98371434,-0.49820977,-4.5977297,-1.5026937,0.3185093,-0.6845364
9,174,0.9836054,-0.49925452,-4.602251,-1.5118065,0.3188238,-0.6851133
9,175,0.9837847,-0.49789637,-4.614724,-1.5009351,0.31913817,-0.6856867
9,176,0.9837496,-0.4986621,-4.6130486,-1.5079346,0.3194523,-0.6862566
9,177,0.98394966,-0.49868816,-4.60046,-1.5044055,0.31976625,-0.6868229
9,178,0.98494196,-0.49820888,-4.581936,-1.5110521,0.32007998,-0.68738574
9,179,0.9841664,-0.49904722,-4.5941305,-1.5049114,0.32039353,-0.68794495
9,180,0.9836199,-0.49699354,-4.5991716,-1.5005388,0.3207069,-0.6885007
9,181,0.9849758,-0.4992115,-4.599799,-1.5066171,0.32102004,-0.6890528
9,182,0.98275137,-0.49745208,-4.5990143,-1.5061584,0.321333,-0.6896014
9,183,0.98305726,-0.499789,-4.6131496,-1.5071621,0.32164574,-0.6901464
9,184,0.9843204,-0.49895072,-4.6172037,-1.5060272,0.32195827,-0.69068784
9,185,0.9839673,-0.4994238,-4.600688,-1.5045528,0.3222706,-0.69122565
9,186,0.98326755,-0.49872464,-4.619523,-1.5044465,0.32258272,-0.6917599
9,187,0.9838531,-0.4981221,-4.5879774,-1.5100145,0.32289463,-0.6922905
9,188,0.98234797,-0.4992566,-4.604968,-1.5033531,0.32320634,-0.6928175
9,189,0.9834206,-0.4992376,-4.598401,-1.5084796,0.32351783,-0.6933409
9,190,0.9831798,-0.49893588,-4.5995007,-1.5107245,0.32382908,-0.6938607
9,191,0.98175406,-0.5000723,-4.582204,-1.5123887,0.32414013,-0.6943768
9,192,0.9831009,-0.49971658,-4.6075487,-1.5058026,0.32445094,-0.6948893
9,193,0.98229766,-0.49875718,-4.594692,-1.5033226,0.32476154,-0.69539815
9,194,0.98313403,-0.4988731,-4.6255636,-1.5089555,0.3250719,-0.69590336
9,195,0.98057437,-0.4998678,-4.5913544,-1.5067239,0.32538205,-0.6964049
9,196,0.9823096,-0.49956626,-4.6065598,-1.5075116,0.32569197,-0.69690275
9,197,0.98359466,-0.49908465,-4.6102552,-1.507113,0.32600164,-0.69739693
9,198,0.98334503,-0.49968582,-4.611326,-1.5137062,0.32631108,-0.6978875
9,199,0.9823308,-0.4998256,-4.587782,-1.5124011,0.32662028,-0.6983743
9,200,0.98213816,-0.49943715,-4.6015863,-1.5073667,0.32692927,-0.6988574
9,201,0.9826927,-0.49975407,-4.598675,-1.5074615,0.327238,-0.6993368
9,202,0.9818883,-0.4998923,-4.604521,-1.514916,0.32754648,-0.69981253
9,203,0.98172355,-0.5001919,-4.604986,-1.5073214,0.32785472,-0.70028454
9,204,0.98120046,-0.49961716,-4.5955725,-1.5085492,0.32816273,-0.7007528
9,205,0.98155355,-0.4993837,-4.5820894,-1.5073218,0.3284705,-0.70121735
9,206,0.98203707,-0.49934083,-4.5949535,-1.5126748,0.328778,-0.70167816
9,207,0.980778,-0.5010086,-4.613304,-1.5075164,0.32908523,-0.7021352
9,208,0.98179364,-0.50007105,-4.598547,-1.5066447,0.32939222,-0.7025885
9,209,0.9812362,-0.49968958,-4.5983286,-1.5081749,0.32969895,-0.7030381
9,210,0.9817872,-0.49957,-4.601516,-1.5157099,0.33000544,-0.7034839
9,211,0.981406,-0.500427,-4.602334,-1.5100427,0.33031166,-0.7039259
9,212,0.98231816,-0.5006858,-4.598278,-1.5122437,0.3306176,-0.7043641
9,213,0.98092556,-0.5009656,-4.5940523,-1.5112281,0.3309233,-0.7047986
9,214,0.981966,-0.49912506,-4.6006813,-1.5105257,0.3312287,-0.7052292
9,215,0.98126936,-0.50134194,-4.604986,-1.5102463,0.33153385,-0.7056561
9,216,0.9798031,-0.50011605,-4.600745,-1.5173874,0.3318387,-0.7060792
9,217,0.98176885,-0.5007609,-4.6158743,-1.5081153,0.3321433,-0.70649844
9,218,0.98164725,-0.5012033,-4.5993633,-1.5107789,0.33244762,-0.7069138
9,219,0.9818604,-0.50055414,-4.604167,-1.5104003,0.33275166,-0.70732546
9,220,0.98169374,-0.499314,-4.60927,-1.5078039,0.3330554,-0.7077332
9,221,0.9816227,-0.50143135,-4.6068954,-1.5075374,0.33335888,-0.70813715
9,222,0.98159647,-0.5012145,-4.6011343,-1.509932,0.33366206,-0.7085373
9,223,0.98023033,-0.50092787,-4.609503,-1.5155559,0.33396494,-0.70893353
9,224,0.98253465,-0.5013115,-4.5996,-1.5131593,0.33426756,-0.7093259
9,225,0.98092866,-0.50075537,-4.611909,-1.5160193,0.33456987,-0.7097145
9,226,0.9808419,-0.50078773,-4.585926,-1.5152001,0.33487186,-0.7100991
9,227,0.9810686,-0.50022185,-4.604598,-1.5071464,0.33517358,-0.7104799
9,228,0.9811063,-0.5013096,-4.6095753,-1.5155678,0.335475,-0.7108568
9,229,0.9803953,-0.4997769,-4.595989,-1.5129113,0.3357761,-0.71122986
9,230,0.9789462,-0.5015197,-4.5970564,-1.514524,0.3360769,-0.71159893
9,231,0.9811928,-0.5013726,-4.602706,-1.522088,0.33637738,-0.7119642
9,232,0.9819336,-0.50132984,-4.5839806,-1.5147085,0.33667755,-0.7123255
9,233,0.9810419,-0.5000909,-4.5965567,-1.5134473,0.33697742,-0.7126829
9,234,0.9808116,-0.50075716,-4.5998487,-1.5151377,0.33727697,-0.7130364
9,235,0.9798763,-0.500905,-4.6101065,-1.5104136,0.33757618,-0.71338594
9,236,0.979568,-0.5014993,-4.596259,-1.516684,0.3378751,-0.7137316
9,237,0.9802797,-0.501668,-4.6012306,-1.517591,0.33817366,-0.7140733
9,238,0.9796531,-0.5002144,-4.610777,-1.510757,0.33847192,-0.714411
9,239,0.980798,-0.5021714,-4.6018257,-1.5140185,0.33876985,-0.71474487
9,240,0.9792118,-0.50182515,-4.6037474,-1.5234942,0.33906743,-0.7150747
9,241,0.98000765,-0.5007807,-4.6051865,-1.5108652,0.33936468,-0.7154006
9,242,0.98048496,-0.50191134,-4.605096,-1.5082955,0.3396616,-0.7157225
9,243,0.9798336,-0.5014974,-4.592226,-1.51935,0.3399582,-0.71604043
9,244,0.9790325,-0.50084656,-4.6135197,-1.513392,0.34025443,-0.7163544
9,245,0.979856,-0.5019863,-4.5897226,-1.5117927,0.3405503,-0.7166644
9,246,0.9796388,-0.50279325,-4.599618,-1.5174971,0.34084585,-0.7169704
9,247,0.9782493,-0.50247544,-4.608677,-1.5167642,0.34114102,-0.71727234
9,248,0.9796109,-0.5018404,-4.6120176,-1.5075388,0.34143585,-0.71757036
9,249,0.9796467,-0.5025033,-4.578434,-1.5145988,0.34173033,-0.71786433
9,250,0.9779639,-0.501149,-4.5948763,-1.5136533,0.34202445,-0.7181543
9,251,0.9780655,-0.502254,-4.6098824,-1.5108519,0.3423182,-0.71844023
9,252,0.97917104,-0.50196224,-4.591733,-1.50877,0.3426116,-0.71872216
9,253,0.9776852,-0.5010912,-4.597254,-1.5165315,0.34290463,-0.7190001
9,254,0.97749186,-0.5031835,-4.6116886,-1.5126634,0.3431973,-0.7192739
9,255,0.98013115,-0.50187343,-4.5854435,-1.5156717,0.34348956,-0.71954376
9,256,0.9779768,-0.5019917,-4.6143303,-1.5164638,0.34378144,-0.71980953
9,257,0.97972417,-0.502944,-4.608841,-1.5160294,0.34407297,-0.7200712
9,258,0.97752714,-0.5017241,-4.5889397,-1.5137725,0.3443641,-0.72032887
9,259,0.9782033,-0.5025123,-4.6128693,-1.515295,0.34465486,-0.7205825
9,260,0.9774592,-0.5015019,-4.611017,-1.5185518,0.34494522,-0.720832
9,261,0.9783268,-0.50383,-4.592597,-1.520812,0.3452352,-0.7210774
9,262,0.97879934,-0.5017966,-4.5904293,-1.5145459,0.3455248,-0.7213188
9,263,0.979259,-0.5036018,-4.605323,-1.5174594,0.345814,-0.72155607
9,264,0.9790008,-0.50275224,-4.5924025,-1.5144777,0.34610277,-0.72178924
9,265,0.9782212,-0.50276464,-4.5898724,-1.5217652,0.34639114,-0.7220183
9,266,0.9771898,-0.5019009,-4.61304,-1.5154247,0.34667912,-0.72224325
9,267,0.977252,-0.50339484,-4.5848913,-1.5153294,0.34696668,-0.72246414
9,268,0.9770584,-0.50160295,-4.588373,-1.5177622,0.34725386,-0.7226809
9,269,0.9782734,-0.5039389,-4.6057167,-1.5203648,0.3475406,-0.72289354
9,270,0.9785409,-0.5029223,-4.590337,-1.5105128,0.34782693,-0.72310203
9,271,0.97750187,-0.50262463,-4.591464,-1.5186377,0.34811282,-0.7233064
9,272,0.9763746,-0.5027264,-4.5733128,-1.5132041,0.3483983,-0.7235067
9,273,0.9786358,-0.5036188,-4.5982504,-1.5203514,0.34868336,-0.7237028
9,274,0.97675395,-0.50228506,-4.5837307,-1.519227,0.34896797,-0.7238948
9,275,0.97759867,-0.5027604,-4.579357,-1.5184097,0.34925216,-0.7240825
9,276,0.97767186,-0.50254446,-4.58714,-1.5191336,0.3495359,-0.72426623
9,277,0.9779105,-0.5034269,-4.5919924,-1.5220432,0.34981924,-0.7244457
9,278,0.97616076,-0.503364,-4.600975,-1.5198174,0.3501021,-0.72462106
9,279,0.9764831,-0.50400263,-4.600563,-1.5232844,0.35038453,-0.7247922
9,280,0.9771426,-0.50368315,-4.598588,-1.5217967,0.3506665,-0.7249592
9,281,0.97587466,-0.50376564,-4.609885,-1.518527,0.35094804,-0.725122
9,282,0.97740865,-0.504815,-4.588414,-1.5178151,0.3512291,-0.7252806
9,283,0.97803926,-0.5032434,-4.6024675,-1.5211658,0.35150972,-0.725435
9,284,0.97541213,-0.502994,-4.5945463,-1.5209126,0.35178986,-0.7255853
9,285,0.97686195,-0.5038865,-4.595768,-1.5200987,0.35206953,-0.7257313
9,286,0.97676015,-0.5040092,-4.5985985,-1.5179386,0.35234874,-0.7258731
9,287,0.97737837,-0.50365317,-4.5918074,-1.5180917,0.3526275,-0.72601074
9,288,0.97633195,-0.50397456,-4.591323,-1.5222101,0.35290575,-0.72614413
9,289,0.97675633,-0.5045758,-4.595462,-1.5205612,0.35318357,-0.72627336
9,290,0.9772754,-0.5046306,-4.5882826,-1.5232129,0.35346085,-0.7263983
9,291,0.97609854,-0.5026404,-4.600195,-1.5186906,0.35373768,-0.72651905
9,292,0.9750602,-0.5039411,-4.5974655,-1.522491,0.354014,-0.7266355
9,293,0.9769814,-0.50394166,-4.6140566,-1.5209064,0.35428986,-0.72674775
9,294,0.97596097,-0.5034641,-4.591386,-1.5214548,0.3545652,-0.7268558
9,295,0.97616625,-0.5036334,-4.5999393,-1.5179229,0.35484007,-0.7269596
9,296,0.97458935,-0.50462323,-4.6033792,-1.5187683,0.35511443,-0.72705907
9,297,0.97643924,-0.50496674,-4.592849,-1.520741,0.35538825,-0.7271544
9,298,0.9750905,-0.50536364,-4.603814,-1.5252461,0.3556616,-0.72724533
9,299,0.9753225,-0.50322926,-4.623395,-1.51682,0.3559344,-0.72733206
9,300,0.9761114,-0.50437397,-4.598136,-1.5221419,0.35620674,-0.72741455
9,301,0.9764559,-0.50473577,-4.5998306,-1.5235257,0.3564785,-0.72749275
9,302,0.97510433,-0.5042477,-4.6081247,-1.517201,0.3567498,-0.72756666
9,303,0.9772632,-0.5052441,-4.594286,-1.5244989,0.35702053,-0.7276363
9,304,0.97515774,-0.50530154,-4.581846,-1.5299387,0.35729074,-0.7277016
9,305,0.97516537,-0.5045602,-4.608514,-1.5239372,0.35756043,-0.72776264
9,306,0.9754331,-0.5048612,-4.601532,-1.5226293,0.35782957,-0.72781944
9,307,0.9753952,-0.50588566,-4.603816,-1.5228686,0.35809818,-0.7278719
9,308,0.9754977,-0.50468355,-4.582443,-1.5240612,0.35836622,-0.72792
9,309,0.9762063,-0.50409496,-4.5938473,-1.5220213,0.35863376,-0.72796386
9,310,0.9744663,-0.505509,-4.5930967,-1.5281582,0.35890073,-0.7280034
9,311,0.9755783,-0.50479233,-4.585312,-1.5269828,0.35916713,-0.7280386
9,312,0.97486925,-0.5051985,-4.600644,-1.5282001,0.35943297,-0.7280695
9,313,0.9765513,-0.50547844,-4.598978,-1.5233955,0.35969827,-0.72809607
9,314,0.97429585,-0.50452125,-4.592434,-1.5240188,0.359963,-0.7281183
9,315,0.9750688,-0.50488776,-4.5823364,-1.5218792,0.36022714,-0.7281362
9,316,0.9748492,-0.504925,-4.592778,-1.5186682,0.36049074,-0.7281498
9,317,0.9748242,-0.50524646,-4.6052017,-1.5227699,0.36075374,-0.728159
9,318,0.97445464,-0.50553805,-4.606291,-1.5269909,0.36101618,-0.72816384
9,319,0.9739194,-0.5060505,-4.6085396,-1.5300455,0.36127803,-0.7281644
9,320,0.97464013,-0.50548244,-4.6023283,-1.5242887,0.36153927,-0.72816056
9,321,0.97478247,-0.5054097,-4.6086245,-1.5250959,0.36179996,-0.7281524
9,322,0.97513366,-0.50598466,-4.5862055,-1.5281434,0.36206,-0.7281399
9,323,0.9741943,-0.5055175,-4.597124,-1.5285959,0.3623195,-0.72812295
9,324,0.9743006,-0.50512695,-4.589217,-1.5212936,0.36257836,-0.7281017
9,325,0.9740381,-0.5051428,-4.5944614,-1.5342388,0.36283663,-0.72807604
9,326,0.9745281,-0.5053221,-4.579728,-1.5237465,0.3630943,-0.728046
9,327,0.9741359,-0.5066428,-4.605279,-1.5291853,0.36335135,-0.7280116
9,328,0.9742284,-0.50570744,-4.6007967,-1.5270038,0.36360776,-0.7279728
9,329,0.9739809,-0.5057566,-4.614602,-1.5246553,0.3638636,-0.72792965
9,330,0.9735155,-0.5070724,-4.6053076,-1.527945,0.36411875,-0.7278821
9,331,0.9751549,-0.5055956,-4.604265,-1.522871,0.36437333,-0.7278302
9,332,0.9738326,-0.506199,-4.596277,-1.528625,0.36462724,-0.7277738
9,333,0.97400355,-0.5056748,-4.604697,-1.5274062,0.36488053,-0.72771305
9,334,0.97510314,-0.50640213,-4.595354,-1.5272174,0.36513317,-0.7276479
9,335,0.97499514,-0.50692266,-4.603779,-1.5324717,0.36538517,-0.72757834
9,336,0.9749832,-0.5059384,-4.605891,-1.530128,0.36563653,-0.7275044
9,337,0.97428966,-0.5058086,-4.5959444,-1.5305147,0.36588722,-0.727426
9,338,0.97435594,-0.50688547,-4.6043606,-1.5347662,0.3661373,-0.72734314
9,339,0.97375584,-0.50567377,-4.5869226,-1.5312629,0.36638668,-0.72725594
9,340,0.97384214,-0.50696045,-4.594637,-1.5324259,0.36663538,-0.72716427
9,341,0.9733572,-0.50742996,-4.587537,-1.5287175,0.36688346,-0.7270682
9,342,0.97333336,-0.5072683,-4.597006,-1.5296121,0.36713085,-0.7269677
9,343,0.973609,-0.50572085,-4.600812,-1.5327787,0.36737755,-0.7268628
9,344,0.9734514,-0.50692475,-4.5866156,-1.523788,0.36762357,-0.72675335
9,345,0.9728987,-0.5066431,-4.6110544,-1.5265245,0.36786893,-0.72663957
9,346,0.97307444,-0.50657225,-4.6003275,-1.5363822,0.36811358,-0.7265213
9,347,0.9720881,-0.50700915,-4.5781765,-1.533608,0.36835754,-0.7263986
9,348,0.97315264,-0.5061395,-4.599144,-1.5347404,0.36860082,-0.72627145
9,349,0.9729297,-0.5070576,-4.6050663,-1.534903,0.36884338,-0.72613984
9,350,0.97251105,-0.50748765,-4.5954304,-1.5281358,0.36908525,-0.72600377
9,351,0.9716306,-0.50775087,-4.590294,-1.5275159,0.3693264,-0.7258632
9,352,0.9730542,-0.5082538,-4.5979595,-1.5326161,0.36956686,-0.72571826
9,353,0.97344923,-0.50786585,-4.586442,-1.5335727,0.3698066,-0.7255688
9,354,0.97193575,-0.5082151,-4.601473,-1.5270371,0.3700456,-0.7254149
9,355,0.97283816,-0.50700945,-4.596697,-1.536128,0.3702839,-0.7252565
9,356,0.9718914,-0.5071839,-4.5852537,-1.5305624,0.37052146,-0.7250936
9,357,0.9725659,-0.50610375,-4.59608,-1.5331092,0.3707583,-0.7249263
9,358,0.9733591,-0.5080732,-4.60623,-1.5360069,0.3709944,-0.72475445
9,359,0.97121143,-0.50781506,-4.590061,-1.5360031,0.37122974,-0.7245782
9,360,0.9713955,-0.5090638,-4.586714,-1.5323157,0.37146434,-0.7243974
9,361,0.97223353,-0.5076154,-4.5931892,-1.5341477,0.37169817,-0.72421217
9,362,0.9719634,-0.5062954,-4.6018505,-1.5346303,0.37193128,-0.7240224
9,363,0.9715197,-0.5079922,-4.5916986,-1.5328727,0.37216362,-0.72382814
9,364,0.9724555,-0.5091085,-4.6015368,-1.5308213,0.37239522,-0.7236294
9,365,0.9720366,-0.50747734,-4.6053123,-1.5297542,0.37262604,-0.72342616
9,366,0.9706218,-0.5081111,-4.589037,-1.5304518,0.37285608,-0.72321844
9,367,0.9731536,-0.50730556,-4.598178,-1.5332918,0.37308535,-0.7230062
9,368,0.97138333,-0.508387,-4.590287,-1.533184,0.37331384,-0.72278947
9,369,0.97172856,-0.50939804,-4.6012526,-1.5362825,0.37354153,-0.7225682
9,370,0.9704039,-0.50834125,-4.61003,-1.529388,0.37376845,-0.7223425
9,371,0.97266316,-0.5087908,-4.600357,-1.5310245,0.3739946,-0.7221122
9,372,0.9709122,-0.5078344,-4.6055746,-1.5313721,0.37421992,-0.72187746
9,373,0.97025347,-0.50867707,-4.597541,-1.5305862,0.37444445,-0.72163814
9,374,0.9717665,-0.50887436,-4.5907087,-1.5342851,0.37466818,-0.7213943
9,375,0.97261286,-0.50887334,-4.5994816,-1.5339336,0.3748911,-0.721146
9,376,0.9711509,-0.50911146,-4.591097,-1.5371399,0.37511322,-0.72089314
9,377,0.97089195,-0.5085072,-4.5907936,-1.536293,0.3753345,-0.7206358
9,378,0.9714885,-0.5085466,-4.5978374,-1.5366459,0.37555495,-0.72037387
9,379,0.9707017,-0.50828326,-4.597583,-1.5376263,0.3757746,-0.72010744
9,380,0.9721787,-0.509194,-4.5933285,-1.5347838,0.3759934,-0.7198365
9,381,0.9706876,-0.50855356,-4.6041584,-1.5379491,0.37621137,-0.719561
9,382,0.9699347,-0.510143,-4.5787325,-1.5379939,0.3764285,-0.71928096
9,383,0.97121835,-0.5082596,-4.6019354,-1.532599,0.3766448,-0.7189964
9,384,0.97070813,-0.508169,-4.5839148,-1.5419183,0.37686023,-0.71870726
9,385,0.9700031,-0.508753,-4.5932074,-1.5305362,0.3770748,-0.71841365
9,386,0.96999145,-0.50951034,-4.5942116,-1.5291781,0.37728855,-0.71811545
9,387,0.9691465,-0.510083,-4.5897694,-1.5387006,0.3775014,-0.7178127
9,388,0.96923685,-0.50889945,-4.594755,-1.5341644,0.3777134,-0.71750546
9,389,0.9697621,-0.5094092,-4.600174,-1.538774,0.37792453,-0.71719366
9,390,0.96988034,-0.50977635,-4.5813427,-1.5308838,0.3781348,-0.7168773
9,391,0.9712753,-0.5100382,-4.591877,-1.5388432,0.37834415,-0.7165564
9,392,0.9713955,-0.50949264,-4.594286,-1.5343871,0.37855265,-0.71623087
9,393,0.9708946,-0.5098001,-4.593951,-1.5319209,0.37876022,-0.71590084
9,394,0.96904516,-0.5097257,-4.6057577,-1.5338469,0.37896693,-0.7155663
9,395,0.9692838,-0.5092275,-4.604663,-1.5357208,0.37917274,-0.7152271
9,396,0.97000694,-0.50924486,-4.5778236,-1.542923,0.37937763,-0.71488345
9,397,0.9701896,-0.5085352,-4.5950823,-1.5369501,0.37958163,-0.7145352
9,398,0.97044873,-0.5107146,-4.5992985,-1.5409646,0.3797847,-0.7141824
9,399,0.96976614,-0.5100808,-4.5974474,-1.5366459,0.37998688,-0.713825
9,400,0.9696543,-0.51034313,-4.601713,-1.5356913,0.3801881,-0.713463
9,401,0.9697547,-0.5100007,-4.590762,-1.5349174,0.38038844,-0.7130965
9,402,0.96950746,-0.50965905,-4.5903797,-1.5357113,0.38058782,-0.71272546
9,403,0.9697919,-0.5105013,-4.6014967,-1.5386448,0.38078627,-0.7123498
9,404,0.9685569,-0.51037604,-4.5905714,-1.5395932,0.3809838,-0.71196955
9,405,0.96939945,-0.51180613,-4.5904245,-1.5374036,0.38118035,-0.7115848
9,406,0.9697552,-0.51002914,-4.5782356,-1.5422139,0.38137597,-0.7111954
9,407,0.969378,-0.5096797,-4.5907307,-1.5415583,0.38157064,-0.7108015
9,408,0.9688649,-0.5109484,-4.5909557,-1.5394745,0.38176435,-0.710403
9,409,0.96949244,-0.5084993,-4.562146,-1.5345106,0.38195708,-0.7099999
9,410,0.968487,-0.5107273,-4.605382,-1.5309076,0.38214886,-0.7095923
9,411,0.9687059,-0.51097697,-4.5883913,-1.5387092,0.38233966,-0.70918
9,412,0.97045636,-0.51069385,-4.577977,-1.5410624,0.38252947,-0.7087632
9,413,0.9680455,-0.51116055,-4.5811434,-1.5478425,0.38271832,-0.70834184
9,414,0.9691553,-0.5097927,-4.593629,-1.5367093,0.38290617,-0.70791584
9,415,0.96911645,-0.51091486,-4.6008806,-1.5446968,0.38309303,-0.70748526
9,416,0.9689305,-0.51009583,-4.5806217,-1.5442939,0.3832789,-0.70705014
9,417,0.9684324,-0.51107556,-4.5989456,-1.5388274,0.38346377,-0.70661044
9,418,0.96980524,-0.5109344,-4.5845757,-1.541996,0.38364762,-0.70616615
9,419,0.96881866,-0.5099312,-4.586834,-1.5431347,0.3838305,-0.7057172
9,420,0.96660066,-0.5102574,-4.5831947,-1.5363297,0.3840123,-0.70526373
9,421,0.969965,-0.51077753,-4.5959187,-1.5378294,0.38419312,-0.7048057
9,422,0.96890855,-0.5118265,-4.591569,-1.5448833,0.38437292,-0.7043431
9,423,0.9675009,-0.51084906,-4.582491,-1.5355911,0.38455167,-0.70387584
9,424,0.96789145,-0.5114273,-4.588628,-1.5406122,0.3847294,-0.703404
9,425,0.96750045,-0.51035774,-4.5904922,-1.5440354,0.38490608,-0.7029276
9,426,0.9678252,-0.51122195,-4.585556,-1.5453067,0.3850817,-0.7024466
9,427,0.96728444,-0.5102574,-4.6002426,-1.5384707,0.38525632,-0.701961
9,428,0.96802044,-0.511531,-4.5849724,-1.5396705,0.38542986,-0.70147085
9,429,0.96747947,-0.51091146,-4.5882454,-1.5454016,0.38560233,-0.7009761
9,430,0.9664445,-0.5120952,-4.5848427,-1.5359974,0.38577375,-0.7004767
9,431,0.9664159,-0.5115794,-4.582305,-1.5431423,0.38594407,-0.69997275
9,432,0.96750784,-0.5123957,-4.6032276,-1.5383077,0.38611335,-0.6994642
9,433,0.96737313,-0.51126283,-4.5849066,-1.5443339,0.38628155,-0.69895107
9,434,0.9669144,-0.51108575,-4.6058865,-1.5455227,0.38644865,-0.69843334
9,435,0.96729183,-0.51188344,-4.594702,-1.5440269,0.38661468,-0.697911
9,436,0.9679165,-0.51121753,-4.5925417,-1.5407944,0.3867796,-0.6973841
9,437,0.96684146,-0.5121583,-4.5970182,-1.5417957,0.38694343,-0.6968526
9,438,0.9656713,-0.5118217,-4.589834,-1.5428925,0.38710615,-0.69631654
9,439,0.96702147,-0.5129436,-4.5857306,-1.5459437,0.38726777,-0.69577587
9,440,0.967371,-0.5123405,-4.590478,-1.5416207,0.38742828,-0.69523054
9,441,0.967005,-0.5121887,-4.574978,-1.5451622,0.38758767,-0.6946807
9,442,0.96876526,-0.5112876,-4.5695143,-1.5497632,0.38774592,-0.69412625
9,443,0.96692514,-0.51252216,-4.5899525,-1.5470767,0.38790306,-0.69356716
9,444,0.96636057,-0.51091444,-4.598508,-1.5415354,0.38805908,-0.69300354
9,445,0.9675853,-0.5124172,-4.582967,-1.5467963,0.38821393,-0.69243526
9,446,0.96694326,-0.51248235,-4.5867414,-1.5436754,0.38836765,-0.69186246
9,447,0.9669621,-0.512805,-4.5618973,-1.539742,0.38852024,-0.691285
9,448,0.9664755,-0.51228994,-4.598814,-1.543581,0.38867167,-0.690703
9,449,0.96698356,-0.511704,-4.5905886,-1.5468941,0.38882193,-0.6901164
9,450,0.9659698,-0.51314,-4.602087,-1.5444231,0.38897103,-0.6895252
9,451,0.96486545,-0.51128614,-4.5918684,-1.542594,0.38911894,-0.6889294
9,452,0.9656527,-0.5125685,-4.5921307,-1.5455413,0.38926572,-0.688329
9,453,0.9657674,-0.5126954,-4.584573,-1.546267,0.3894113,-0.68772405
9,454,0.9664931,-0.512823,-4.586133,-1.5444093,0.3895557,-0.6871145
9,455,0.9658735,-0.512895,-4.5819387,-1.5418692,0.3896989,-0.6865003
9,456,0.9665494,-0.5128958,-4.594615,-1.5462055,0.38984093,-0.68588156
9,457,0.9664037,-0.51111495,-4.586809,-1.5427499,0.38998175,-0.6852582
9,458,0.9655335,-0.51200485,-4.585493,-1.5484419,0.39012134,-0.68463033
9,459,0.96643233,-0.51317495,-4.5883245,-1.5435953,0.39025977,-0.6839978
9,460,0.9660287,-0.512795,-4.579834,-1.5463595,0.39039695,-0.6833607
9,461,0.9662256,-0.51315624,-4.5984945,-1.544281,0.39053294,-0.68271905
9,462,0.96503496,-0.51237154,-4.5670443,-1.5446243,0.39066768,-0.68207276
9,463,0.96642685,-0.51363516,-4.5759983,-1.5466318,0.3908012,-0.68142194
9,464,0.9658773,-0.5132429,-4.5930614,-1.543798,0.39093348,-0.68076646
9,465,0.9657481,-0.51372904,-4.594574,-1.539218,0.39106452,-0.68010646
9,466,0.9656446,-0.5130563,-4.592762,-1.5446591,0.39119434,-0.67944187
9,467,0.965889,-0.5137289,-4.5789814,-1.547884,0.39132288,-0.6787727
9,468,0.9659276,-0.51275027,-4.598364,-1.5421143,0.3914502,-0.6780989
9,469,0.9642854,-0.512942,-4.589362,-1.5494232,0.39157623,-0.67742056
9,470,0.9655273,-0.51384413,-4.5811615,-1.5468416,0.391701,-0.67673767
9,471,0.9652808,-0.5123774,-4.5865564,-1.5471568,0.3918245,-0.6760502
9,472,0.9655225,-0.51416624,-4.584652,-1.5490289,0.39194676,-0.6753581
9,473,0.96605086,-0.5142853,-4.589301,-1.545764,0.3920677,-0.67466146
9,474,0.96376634,-0.51478606,-4.594781,-1.5501652,0.39218736,-0.6739602
9,475,0.96560144,-0.5143371,-4.5885525,-1.5425034,0.39230573,-0.67325443
9,476,0.965606,-0.51316833,-4.577979,-1.5504851,0.39242283,-0.67254406
9,477,0.96436024,-0.51470673,-4.580755,-1.5474963,0.3925386,-0.6718291
9,478,0.9645362,-0.51492786,-4.5916576,-1.5515552,0.39265308,-0.6711096
9,479,0.96407104,-0.51498044,-4.584237,-1.551033,0.39276624,-0.67038554
9,480,0.96591353,-0.514852,-4.587816,-1.5500779,0.3928781,-0.6696569
9,481,0.96441793,-0.5137289,-4.591055,-1.5443401,0.3929886,-0.6689237
9,482,0.9643283,-0.51403993,-4.589677,-1.5466022,0.3930978,-0.6681859
9,483,0.96544623,-0.5150555,-4.5668993,-1.5478058,0.39320564,-0.6674436
9,484,0.9636986,-0.5128693,-4.5619736,-1.5568728,0.3933122,-0.66669667
9,485,0.9638047,-0.51333743,-4.5934086,-1.5439134,0.39341736,-0.66594523
9,486,0.9641962,-0.5150266,-4.5800114,-1.5476861,0.3935212,-0.6651892
9,487,0.9641166,-0.5153952,-4.5841093,-1.5490913,0.39362368,-0.66442865
9,488,0.9648385,-0.5139919,-4.5898447,-1.5498729,0.3937248,-0.6636635
9,489,0.96352005,-0.51534086,-4.583355,-1.5527387,0.39382455,-0.66289383
9,490,0.962621,-0.5149694,-4.60353,-1.5494618,0.39392295,-0.6621196
9,491,0.9643216,-0.51449895,-4.586109,-1.5535946,0.39401996,-0.66134083
9,492,0.9642794,-0.515199,-4.5733423,-1.5497909,0.3941156,-0.6605575
9,493,0.9645355,-0.51527995,-4.5742893,-1.5542397,0.39420986,-0.6597696
9,494,0.96463704,-0.51514095,-4.5994663,-1.5517802,0.3943027,-0.6589772
9,495,0.9631469,-0.51429176,-4.5720644,-1.5466027,0.3943942,-0.65818024
9,496,0.9643824,-0.51553476,-4.587474,-1.5542564,0.39448425,-0.65737873
9,497,0.96348023,-0.5151808,-4.574436,-1.5541172,0.3945729,-0.65657264
9,498,0.9637928,-0.51557183,-4.5947294,-1.5557551,0.39466015,-0.6557621
9,499,0.9638059,-0.5159148,-4.593916,-1.5499191,0.39474598,-0.654947
9,500,0.96341395,-0.51545185,-4.5825834,-1.5514812,0.3948304,-0.6541273
9,501,0.96284175,-0.5169674,-4.581561,-1.5539603,0.39491338,-0.65330315
9,502,0.9643514,-0.5153333,-4.5844336,-1.5518794,0.39499494,-0.6524744
9,503,0.9647107,-0.51631767,-4.5961237,-1.5544777,0.39507505,-0.6516412
9,504,0.96224976,-0.51579756,-4.5891657,-1.5494905,0.39515373,-0.65080345
9,505,0.9632194,-0.5158769,-4.574297,-1.5546298,0.39523095,-0.6499611
9,506,0.96315575,-0.51650995,-4.5905237,-1.5524187,0.3953067,-0.6491143
9,507,0.96235466,-0.51625454,-4.5802355,-1.556242,0.39538103,-0.648263
9,508,0.96278334,-0.5162899,-4.5951996,-1.552382,0.39545387,-0.6474072
9,509,0.96315813,-0.5155596,-4.565317,-1.5525665,0.39552525,-0.6465468
9,510,0.9624505,-0.5164388,-4.584553,-1.5563788,0.39559516,-0.6456819
9,511,0.96350074,-0.51599675,-4.5771484,-1.5561957,0.3956636,-0.6448126
9,512,0.9618659,-0.5164485,-4.5844393,-1.5478878,0.39573053,-0.64393866
9,513,0.9633274,-0.51554793,-4.5790854,-1.5510411,0.39579597,-0.6430603
9,514,0.96310496,-0.51724637,-4.578127,-1.5499845,0.39585993,-0.6421774
9,515,0.9628396,-0.51551497,-4.5828123,-1.5542898,0.39592236,-0.64129
9,516,0.9624307,-0.51640666,-4.567176,-1.5566115,0.3959833,-0.64039814
9,517,0.96055794,-0.5168833,-4.5641317,-1.5553775,0.39604273,-0.63950175
9,518,0.96260285,-0.51657706,-4.5933886,-1.5549064,0.39610064,-0.6386009
9,519,0.9625411,-0.51769817,-4.5810013,-1.5498872,0.39615706,-0.63769555
9,520,0.9621229,-0.5168328,-4.5865526,-1.5516124,0.3962119,-0.6367857
9,521,0.96248746,-0.51678777,-4.578615,-1.5566416,0.39626524,-0.6358714
9,522,0.9621041,-0.51693726,-4.588004,-1.5570126,0.39631703,-0.6349526
9,523,0.9609754,-0.5171404,-4.5816317,-1.5573735,0.39636728,-0.6340293
9,524,0.9612832,-0.5176348,-4.579507,-1.5573874,0.39641598,-0.6331015
9,525,0.96183896,-0.51740557,-4.591485,-1.5514264,0.39646313,-0.6321693
9,526,0.96162295,-0.5179416,-4.585737,-1.5561833,0.3965087,-0.6312326
9,527,0.9615774,-0.5177799,-4.5711946,-1.5560217,0.3965527,-0.63029146
9,528,0.96112037,-0.5168829,-4.5767956,-1.5526075,0.39659515,-0.62934583
9,529,0.9613817,-0.51760507,-4.583143,-1.5504475,0.39663604,-0.62839574
9,530,0.96231127,-0.5180925,-4.5771437,-1.5582023,0.39667532,-0.6274412
9,531,0.96120477,-0.5176074,-4.565198,-1.5600729,0.39671302,-0.62648225
9,532,0.9618077,-0.51653767,-4.5891075,-1.5529561,0.39674914,-0.6255188
9,533,0.9625523,-0.51696783,-4.5869923,-1.5539403,0.39678365,-0.6245509
9,534,0.9611516,-0.51712537,-4.586794,-1.5563693,0.39681655,-0.62357855
9,535,0.96119237,-0.51835495,-4.5722046,-1.5579219,0.39684784,-0.6226018
9,536,0.96173906,-0.51775414,-4.5813437,-1.5588617,0.39687753,-0.6216206
9,537,0.96092105,-0.5170548,-4.5722675,-1.5511513,0.3969056,-0.6206349
9,538,0.9614792,-0.518117,-4.5710897,-1.5541301,0.39693204,-0.6196448
9,539,0.96080947,-0.5183512,-4.592695,-1.5569992,0.39695686,-0.6186503
9,540,0.96114206,-0.51856357,-4.5816317,-1.5545306,0.39698005,-0.6176514
9,541,0.9614718,-0.51676524,-4.587096,-1.550272,0.39700156,-0.6166481
9,542,0.9607856,-0.51872265,-4.5754747,-1.5585518,0.39702147,-0.6156403
9,543,0.96138835,-0.5186394,-4.582177,-1.5599093,0.3970397,-0.61462814
9,544,0.9605646,-0.5169015,-4.578952,-1.5560894,0.39705628,-0.6136115
9,545,0.9611845,-0.51888067,-4.565608,-1.5616665,0.3970712,-0.61259055
9,546,0.95870066,-0.5184612,-4.585327,-1.558373,0.39708447,-0.6115651
9,547,0.95842695,-0.5178853,-4.56728,-1.5556545,0.39709604,-0.6105353
9,548,0.9600091,-0.51855725,-4.5913506,-1.5569682,0.39710593,-0.6095011
9,549,0.9604709,-0.51747787,-4.5802965,-1.5576048,0.39711416,-0.6084626
9,550,0.96122575,-0.5190955,-4.587699,-1.5566945,0.39712068,-0.60741955
9,551,0.9610653,-0.51826006,-4.582245,-1.5584373,0.39712554,-0.60637224
9,552,0.96038365,-0.5190547,-4.578004,-1.5591459,0.39712867,-0.60532045
9,553,0.95972466,-0.51924837,-4.5791407,-1.5543456,0.3971301,-0.6042644
9,554,0.96066976,-0.518381,-4.572686,-1.5556946,0.3971298,-0.6032039
9,555,0.95922494,-0.5195826,-4.5773935,-1.5552363,0.3971278,-0.602139
9,556,0.9597955,-0.5192868,-4.5702314,-1.5631838,0.3971241,-0.6010698
9,557,0.95896435,-0.51945794,-4.5744467,-1.5533676,0.39711866,-0.5999962
9,558,0.95999527,-0.51889247,-4.5696936,-1.5565066,0.39711148,-0.59891826
9,559,0.9602046,-0.5195044,-4.5788403,-1.5554814,0.39710256,-0.59783596
9,560,0.96032166,-0.5196215,-4.5785646,-1.5574412,0.39709193,-0.5967493
9,561,0.9609082,-0.5200328,-4.58747,-1.5563464,0.3970795,-0.59565836
9,562,0.9586737,-0.51981634,-4.581465,-1.5574784,0.39706534,-0.594563
9,563,0.95969915,-0.5182682,-4.5862722,-1.5571275,0.39704943,-0.59346336
9,564,0.9595752,-0.5193267,-4.5756397,-1.5611043,0.39703175,-0.59235936
9,565,0.9594779,-0.51938313,-4.575219,-1.5539603,0.39701232,-0.5912511
9,566,0.95938444,-0.5197013,-4.589856,-1.5637064,0.39699107,-0.59013844
9,567,0.9598534,-0.5200785,-4.5717554,-1.5664611,0.3969681,-0.58902144
9,568,0.9604852,-0.5193142,-4.5700045,-1.5591273,0.3969433,-0.58790016
9,569,0.95959854,-0.5209464,-4.583685,-1.5647955,0.39691672,-0.5867746
9,570,0.9594443,-0.5191224,-4.584261,-1.5589943,0.39688835,-0.5856447
9,571,0.95899177,-0.51926225,-4.5771933,-1.5593572,0.39685816,-0.5845105
9,572,0.9581487,-0.5199627,-4.5716667,-1.5643907,0.39682618,-0.583372
9,573,0.9596057,-0.519562,-4.576353,-1.5512877,0.39679238,-0.58222926
9,574,0.9597993,-0.52077985,-4.560979,-1.5595899,0.39675677,-0.58108217
9,575,0.95908,-0.5188601,-4.5929155,-1.5639067,0.39671934,-0.57993084
9,576,0.9598954,-0.520489,-4.574315,-1.5608587,0.39668006,-0.57877517
9,577,0.9595716,-0.52114993,-4.5841084,-1.5559874,0.39663896,-0.57761526
9,578,0.95892286,-0.5201557,-4.5765333,-1.5579224,0.396596,-0.5764511
9,579,0.95849776,-0.5213032,-4.5817995,-1.5556364,0.39655122,-0.5752827
9,580,0.95875263,-0.52155465,-4.5646515,-1.5568771,0.3965046,-0.57411
9,581,0.95813966,-0.52136093,-4.5747223,-1.5619307,0.39645612,-0.572933
9,582,0.9590323,-0.5204083,-4.568571,-1.5572824,0.39640576,-0.57175183
9,583,0.95822,-0.52038586,-4.5807476,-1.5599985,0.39635354,-0.5705664
9,584,0.95808744,-0.52058387,-4.57823,-1.5631943,0.39629948,-0.5693767
9,585,0.9580529,-0.5210744,-4.561575,-1.5615382,0.3962435,-0.5681828
9,586,0.95880604,-0.5204661,-4.577298,-1.559969,0.39618567,-0.56698465
9,587,0.9585514,-0.520998,-4.564273,-1.5618391,0.39612594,-0.5657823
9,588,0.95783067,-0.52125317,-4.5795603,-1.5606632,0.3960643,-0.56457573
9,589,0.95773625,-0.5207495,-4.575366,-1.5664673,0.3960008,-0.5633649
9,590,0.95768905,-0.52253425,-4.577799,-1.5606656,0.3959354,-0.5621499
9,591,0.95796084,-0.52229786,-4.57821,-1.5650191,0.39586806,-0.56093067
9,592,0.95856905,-0.5219474,-4.58936,-1.5628428,0.3957988,-0.5597073
9,593,0.95854473,-0.5203391,-4.561837,-1.5593748,0.39572766,-0.55847967
9,594,0.9576211,-0.5214908,-4.5847034,-1.5585613,0.39565456,-0.5572479
9,595,0.9581375,-0.5207387,-4.573698,-1.5633211,0.39557955,-0.5560119
9,596,0.9580705,-0.52153754,-4.5749626,-1.5569401,0.3955026,-0.5547717
9,597,0.95779705,-0.5213866,-4.575385,-1.562737,0.3954237,-0.5535274
9,598,0.9585588,-0.5216789,-4.582466,-1.5592103,0.3953429,-0.55227894
9,599,0.95652294,-0.52186996,-4.58222,-1.5650244,0.3952601,-0.5510262
9,600,0.9569988,-0.521279,-4.5616894,-1.5562468,0.39517537,-0.54976946
9,601,0.9578657,-0.5210177,-4.5849886,-1.5568023,0.39508867,-0.54850847
9,602,0.9577193,-0.5216795,-4.5701,-1.5674534,0.395,-0.54724336
9,603,0.9567921,-0.5223154,-4.57448,-1.5664506,0.39490938,-0.54597414
9,604,0.9579985,-0.5220186,-4.5758514,-1.5635085,0.39481676,-0.54470074
9,605,0.95627284,-0.5219455,-4.573838,-1.5665207,0.39472216,-0.54342324
9,606,0.9574816,-0.5224065,-4.566311,-1.5600333,0.3946256,-0.5421416
9,607,0.9567301,-0.521236,-4.579174,-1.55931,0.39452702,-0.5408559
9,608,0.9572146,-0.52350736,-4.582758,-1.5661178,0.39442647,-0.53956604
9,609,0.9566784,-0.52319854,-4.574362,-1.5656223,0.3943239,-0.5382721
9,610,0.9572637,-0.52217263,-4.584549,-1.5610561,0.3942193,-0.536974
9,611,0.9561975,-0.52220136,-4.5835085,-1.5660348,0.3941127,-0.53567183
9,612,0.9572036,-0.5225053,-4.571645,-1.5589409,0.3940041,-0.5343656
9,613,0.95688224,-0.52322215,-4.584546,-1.5669136,0.39389348,-0.5330553
9,614,0.95623994,-0.52387345,-4.5683117,-1.5654774,0.39378083,-0.5317409
9,615,0.9571171,-0.52351546,-4.5629387,-1.5629182,0.39366612,-0.53042245
9,616,0.9557667,-0.5221813,-4.565441,-1.5603957,0.39354938,-0.52909994
9,617,0.95643234,-0.5221899,-4.5877447,-1.566082,0.39343062,-0.5277733
9,618,0.95597315,-0.5221945,-4.577345,-1.5700469,0.3933098,-0.5264427
9,619,0.9568162,-0.5243791,-4.58049,-1.5624862,0.3931869,-0.52510804
9,620,0.9560449,-0.5234244,-4.58486,-1.5675297,0.39306197,-0.5237693
9,621,0.9558015,-0.5228912,-4.5561714,-1.5685835,0.39293498,-0.52242655
9,622,0.95556307,-0.5232559,-4.561776,-1.5646796,0.3928059,-0.5210798
9,623,0.95597744,-0.5242069,-4.577119,-1.5680032,0.39267474,-0.51972896
9,624,0.95593596,-0.5220228,-4.577285,-1.5691676,0.39254153,-0.51837415
9,625,0.95595455,-0.5244981,-4.5698853,-1.560894,0.3924062,-0.51701534
9,626,0.95658326,-0.52389425,-4.584587,-1.5676336,0.3922688,-0.51565254
9,627,0.9563277,-0.52403176,-4.5776463,-1.5661812,0.3921293,-0.5142857
9,628,0.9570606,-0.52334374,-4.5701313,-1.5668197,0.3919877,-0.5129149
9,629,0.95555234,-0.52383834,-4.5642033,-1.5691204,0.391844,-0.5115401
9,630,0.95618176,-0.5241951,-4.5682487,-1.5671268,0.3916982,-0.51016134
9,631,0.9563601,-0.5236219,-4.5698233,-1.5693727,0.39155027,-0.50877863
9,632,0.95621943,-0.52382284,-4.5786133,-1.5645933,0.39140022,-0.5073919
9,633,0.9555316,-0.5240233,-4.5602207,-1.5650172,0.39124805,-0.5060013
9,634,0.9550407,-0.5233243,-4.5733185,-1.566442,0.39109376,-0.5046067
9,635,0.95508623,-0.52379334,-4.57893,-1.5658531,0.3909373,-0.50320816
9,636,0.9552562,-0.5246245,-4.5715704,-1.5614343,0.39077872,-0.5018057
9,637,0.9555397,-0.5250548,-4.5792217,-1.5644555,0.390618,-0.5003993
9,638,0.95648336,-0.52479225,-4.5719995,-1.5681944,0.39045513,-0.498989
9,639,0.95564675,-0.52505845,-4.5804996,-1.5606189,0.39029008,-0.49757475
9,640,0.9549444,-0.5247165,-4.5737343,-1.5653477,0.3901229,-0.4961566
9,641,0.95548797,-0.5247892,-4.579458,-1.5664659,0.38995355,-0.49473456
9,642,0.95482874,-0.5250799,-4.5796127,-1.5625758,0.389782,-0.4933086
9,643,0.9542351,-0.5254733,-4.5683355,-1.5681243,0.38960832,-0.49187878
9,644,0.9553757,-0.5246315,-4.5679827,-1.5658455,0.38943243,-0.49044508
9,645,0.9544723,-0.52316433,-4.5595236,-1.5654821,0.38925436,-0.4890075
9,646,0.95457935,-0.5251165,-4.5785875,-1.5673809,0.3890741,-0.48756605
9,647,0.954834,-0.5233936,-4.583658,-1.5627332,0.38889164,-0.48612073
9,648,0.95370364,-0.52555436,-4.567382,-1.5687633,0.38870698,-0.48467156
9,649,0.9549434,-0.5247301,-4.558079,-1.5686069,0.38852012,-0.48321858
9,650,0.9539852,-0.524951,-4.573596,-1.5608611,0.38833106,-0.48176172
9,651,0.9542043,-0.525557,-4.5652046,-1.5698423,0.38813975,-0.48030105
9,652,0.955389,-0.52597296,-4.5696154,-1.5674644,0.38794625,-0.47883654
9,653,0.9542835,-0.5258155,-4.579837,-1.5678401,0.38775054,-0.47736824
9,654,0.9548497,-0.5259781,-4.58008,-1.5677924,0.38755256,-0.47589612
9,655,0.9544275,-0.52600557,-4.5746717,-1.5678563,0.38735238,-0.4744202
9,656,0.9541304,-0.5258826,-4.5573635,-1.567337,0.38714993,-0.47294047
9,657,0.954685,-0.52588785,-4.5716915,-1.5640292,0.38694525,-0.47145694
9,658,0.9536915,-0.52661896,-4.570881,-1.5663409,0.38673833,-0.46996966
9,659,0.9544246,-0.52588755,-4.5552588,-1.5691042,0.38652915,-0.46847862
9,660,0.9538312,-0.5254142,-4.580387,-1.5679946,0.3863177,-0.4669838
9,661,0.95350575,-0.52598715,-4.568778,-1.5694728,0.386104,-0.46548522
9,662,0.95435715,-0.5253748,-4.563923,-1.5663362,0.38588804,-0.46398288
9,663,0.95478034,-0.5266451,-4.5713615,-1.5721502,0.3856698,-0.4624768
9,664,0.953218,-0.5262954,-4.5619144,-1.5722985,0.38544926,-0.460967
9,665,0.95314336,-0.5262084,-4.5652,-1.5654135,0.38522646,-0.45945346
9,666,0.95289516,-0.5263998,-4.582736,-1.5693488,0.38500136,-0.4579362
9,667,0.9528849,-0.52547896,-4.560524,-1.567163,0.38477397,-0.45641524
9,668,0.95360255,-0.526896,-4.568372,-1.5676336,0.38454428,-0.45489058
9,669,0.95343447,-0.52599627,-4.577054,-1.5693188,0.3843123,-0.45336223
9,670,0.95367384,-0.5265897,-4.5642967,-1.5708094,0.38407803,-0.45183018
9,671,0.95385456,-0.52664083,-4.5699835,-1.5700417,0.38384143,-0.45029444
9,672,0.95371246,-0.52703434,-4.5750084,-1.568675,0.3836025,-0.44875503
9,673,0.95190835,-0.5256061,-4.5412693,-1.5682311,0.38336128,-0.44721195
9,674,0.95252013,-0.52737963,-4.5592556,-1.5693178,0.3831177,-0.44566524
9,675,0.9536276,-0.52753156,-4.5740833,-1.5721884,0.3828718,-0.44411486
9,676,0.9528756,-0.5277996,-4.5759726,-1.5729737,0.38262358,-0.44256085
9,677,0.95357704,-0.52683187,-4.5778894,-1.5714817,0.38237303,-0.4410032
9,678,0.9532795,-0.5269591,-4.5830317,-1.5739689,0.38212013,-0.43944195
9,679,0.952091,-0.52758384,-4.578021,-1.5677624,0.38186488,-0.43787706
9,680,0.95338106,-0.52771705,-4.5700617,-1.5691195,0.38160726,-0.43630856
9,681,0.95241714,-0.5276727,-4.5738525,-1.5722427,0.3813473,-0.43473646
9,682,0.95221186,-0.5272835,-4.5609865,-1.5664444,0.38108495,-0.43316078
9,683,0.95261383,-0.5281109,-4.566451,-1.5698223,0.38082027,-0.43158153
9,684,0.95257473,-0.5270348,-4.573468,-1.5740404,0.38055322,-0.42999867
9,685,0.9525707,-0.52765656,-4.569268,-1.5740557,0.38028377,-0.42841226
9,686,0.9512665,-0.52801716,-4.5646706,-1.5721917,0.38001195,-0.4268223
9,687,0.95107865,-0.5278133,-4.568781,-1.5780654,0.37973773,-0.42522877
9,688,0.9519093,-0.52744824,-4.5637636,-1.5694575,0.37946114,-0.42363173
9,689,0.95192194,-0.5281147,-4.5575695,-1.5673509,0.37918216,-0.42203113
9,690,0.9516907,-0.5283178,-4.560071,-1.5702505,0.37890077,-0.420427
9,691,0.9521153,-0.5283832,-4.5687714,-1.5719485,0.378617,-0.41881937
9,692,0.9524646,-0.5286696,-4.5684786,-1.5703778,0.3783308,-0.41720822
9,693,0.9516282,-0.528439,-4.5598097,-1.5742049,0.3780422,-0.4155936
9,694,0.9515259,-0.52903545,-4.5626516,-1.573678,0.37775117,-0.41397545
9,695,0.9510381,-0.5289502,-4.558299,-1.5730958,0.3774577,-0.41235384
9,696,0.9510436,-0.5289608,-4.5716476,-1.5759654,0.37716186,-0.41072875
9,697,0.95283437,-0.5278391,-4.563632,-1.5729909,0.37686354,-0.40910017
9,698,0.95176864,-0.5285145,-4.5709877,-1.5682659,0.37656283,-0.40746817
9,699,0.95128083,-0.52928936,-4.5679407,-1.5748477,0.37625965,-0.4058327
9,700,0.95072484,-0.5296791,-4.56944,-1.5708871,0.37595406,-0.40419382
9,701,0.95107603,-0.52876216,-4.56843,-1.5732555,0.375646,-0.4025515
9,702,0.9524648,-0.5288841,-4.557328,-1.5732174,0.37533548,-0.40090573
9,703,0.95139694,-0.5291451,-4.5697117,-1.5746865,0.37502253,-0.3992566
9,704,0.95139456,-0.5297681,-4.56219,-1.5703926,0.3747071,-0.39760402
9,705,0.9506798,-0.5293652,-4.570816,-1.5720143,0.37438923,-0.39594805
9,706,0.95107484,-0.5283454,-4.5528107,-1.5682883,0.3740689,-0.39428872
9,707,0.9510095,-0.52905494,-4.5709906,-1.5743179,0.37374604,-0.392626
9,708,0.95026875,-0.52999306,-4.5697603,-1.5684896,0.37342075,-0.3909599
9,709,0.9513984,-0.52969134,-4.564848,-1.5762267,0.37309298,-0.38929045
9,710,0.9506643,-0.5292698,-4.586028,-1.570025,0.3727627,-0.38761765
9,711,0.95150304,-0.52990127,-4.5595064,-1.5720568,0.37242997,-0.3859415
9,712,0.95116353,-0.5297227,-4.580454,-1.5735011,0.37209472,-0.38426203
9,713,0.95105314,-0.5304658,-4.580536,-1.5759187,0.37175697,-0.38257924
9,714,0.9512892,-0.5300934,-4.5639524,-1.5707493,0.37141672,-0.38089314
9,715,0.95080566,-0.52947986,-4.5634613,-1.574213,0.37107396,-0.37920374
9,716,0.95123124,-0.5296637,-4.5670977,-1.5758071,0.3707287,-0.37751102
9,717,0.95109224,-0.5300114,-4.56777,-1.575427,0.37038094,-0.37581503
9,718,0.94963574,-0.529702,-4.56219,-1.5776315,0.37003064,-0.37411577
9,719,0.95140076,-0.5284237,-4.571169,-1.5710015,0.36967784,-0.37241325
9,720,0.9505849,-0.5306152,-4.560298,-1.5734873,0.3693225,-0.37070745
9,721,0.9496515,-0.53028154,-4.5823545,-1.5730753,0.36896464,-0.3689984
9,722,0.9504993,-0.5310255,-4.560115,-1.5669689,0.36860424,-0.36728612
9,723,0.95038915,-0.53037524,-4.5668287,-1.5782261,0.36824128,-0.36557063
9,724,0.9496491,-0.52939916,-4.564679,-1.5766311,0.3678758,-0.3638519
9,725,0.9494784,-0.5305318,-4.569175,-1.5777755,0.3675078,-0.36212996
9,726,0.9491055,-0.5311597,-4.5649853,-1.5785341,0.3671372,-0.36040482
9,727,0.94980884,-0.52992684,-4.581298,-1.5694537,0.36676407,-0.3586765
9,728,0.9508109,-0.53082037,-4.559018,-1.5761313,0.36638838,-0.35694498
9,729,0.94963384,-0.53054065,-4.559823,-1.5765758,0.36601013,-0.3552103
9,730,0.9491315,-0.5309137,-4.5704765,-1.5704141,0.36562932,-0.35347244
9,731,0.95021844,-0.5307911,-4.5608644,-1.57093,0.36524594,-0.35173145
9,732,0.9507661,-0.5305401,-4.554513,-1.5752444,0.36485997,-0.34998733
9,733,0.94949365,-0.5306501,-4.563919,-1.5778203,0.36447144,-0.34824005
9,734,0.9490886,-0.5301532,-4.5759363,-1.5746942,0.36408034,-0.34648964
9,735,0.94895124,-0.5307978,-4.56081,-1.5720606,0.36368662,-0.34473613
9,736,0.94820595,-0.5314894,-4.561269,-1.5717392,0.36329034,-0.34297952
9,737,0.95020914,-0.53138,-4.55371,-1.5733032,0.36289147,-0.3412198
9,738,0.9495034,-0.5316257,-4.5579853,-1.5751448,0.36249,-0.339457
9,739,0.94870853,-0.53141034,-4.5619793,-1.5773802,0.3620859,-0.33769116
9,740,0.94834614,-0.531461,-4.5656357,-1.573988,0.36167923,-0.3359222
9,741,0.9490583,-0.5315725,-4.5677586,-1.5785913,0.36126995,-0.33415022
9,742,0.9489322,-0.5322721,-4.5609617,-1.5722299,0.36085805,-0.3323752
9,743,0.9486213,-0.531593,-4.5484085,-1.5754085,0.36044353,-0.33059713
9,744,0.9487772,-0.53188324,-4.5610733,-1.5677252,0.36002642,-0.32881606
9,745,0.9481962,-0.53253764,-4.567729,-1.5676994,0.35960665,-0.32703194
9,746,0.94956446,-0.5326814,-4.5567694,-1.5689287,0.35918427,-0.32524484
9,747,0.9482322,-0.5327046,-4.561844,-1.5778246,0.35875928,-0.32345474
9,748,0.9493222,-0.53200775,-4.5632095,-1.5840483,0.35833162,-0.32166165
9,749,0.94889736,-0.5313309,-4.5719976,-1.5750408,0.35790136,-0.31986558
9,750,0.9477582,-0.5328024,-4.5673018,-1.5793648,0.35746846,-0.31806657
9,751,0.9489262,-0.5325356,-4.547332,-1.5748687,0.3570329,-0.3162646
9,752,0.9492595,-0.5326504,-4.559723,-1.5820451,0.35659468,-0.31445968
9,753,0.9490216,-0.5329561,-4.566921,-1.5803704,0.35615385,-0.3126518
9,754,0.9484458,-0.5325292,-4.552559,-1.5705585,0.35571033,-0.31084105
9,755,0.9480164,-0.5324087,-4.561054,-1.5708408,0.35526416,-0.30902734
9,756,0.94831085,-0.53278,-4.5632963,-1.5758033,0.35481533,-0.30721077
9,757,0.9478512,-0.5331815,-4.559634,-1.5761442,0.35436386,-0.30539128
9,758,0.94873405,-0.53300977,-4.561453,-1.5767837,0.3539097,-0.30356893
9,759,0.94869685,-0.53316,-4.5611954,-1.5820498,0.35345286,-0.3017437
9,760,0.94810057,-0.53323066,-4.557498,-1.579339,0.35299337,-0.2999156
9,761,0.9475279,-0.5340752,-4.557513,-1.5777936,0.3525312,-0.29808468
9,762,0.94740677,-0.5318855,-4.5622387,-1.5745883,0.35206634,-0.29625088
9,763,0.94698143,-0.53416336,-4.5658264,-1.5767798,0.3515988,-0.29441428
9,764,0.94893074,-0.53265923,-4.564352,-1.5758305,0.35112858,-0.29257485
9,765,0.94676065,-0.53368384,-4.568722,-1.571744,0.35065565,-0.29073262
9,766,0.94669557,-0.5339949,-4.5693827,-1.577064,0.35018003,-0.2888876
9,767,0.9481828,-0.5335464,-4.5436106,-1.575686,0.34970173,-0.2870398
9,768,0.947001,-0.5334866,-4.5555277,-1.5755434,0.34922072,-0.28518918
9,769,0.9480865,-0.53356737,-4.5469055,-1.5757041,0.348737,-0.28333583
9,770,0.9470129,-0.5346159,-4.557208,-1.5727053,0.34825057,-0.28147975
9,771,0.94731855,-0.5337859,-4.555669,-1.5748034,0.34776145,-0.2796209
9,772,0.94752216,-0.53403383,-4.564293,-1.5758543,0.3472696,-0.2777593
9,773,0.9473052,-0.5345159,-4.579941,-1.5780158,0.34677505,-0.275895
9,774,0.9471834,-0.53286046,-4.555251,-1.5816503,0.34627777,-0.27402797
9,775,0.94645286,-0.533419,-4.564763,-1.577951,0.34577778,-0.27215827
9,776,0.9477873,-0.5337343,-4.555848,-1.5773902,0.34527504,-0.27028587
9,777,0.94728804,-0.53465223,-4.565464,-1.5773845,0.3447696,-0.2684108
9,778,0.9473648,-0.5343848,-4.5402527,-1.5733509,0.3442614,-0.26653305
9,779,0.9475093,-0.5348257,-4.556925,-1.577282,0.3437505,-0.26465264
9,780,0.9464867,-0.5347834,-4.5506907,-1.5776463,0.34323683,-0.2627696
9,781,0.9475782,-0.53464746,-4.564213,-1.5791626,0.34272045,-0.26088393
9,782,0.9477899,-0.5354505,-4.5635843,-1.5781503,0.34220132,-0.25899562
9,783,0.94648623,-0.5354345,-4.5628614,-1.5787597,0.34167942,-0.2571047
9,784,0.94584155,-0.5341105,-4.556878,-1.5789409,0.34115478,-0.2552112
9,785,0.9457855,-0.53542215,-4.5666637,-1.5739951,0.3406274,-0.2533151
9,786,0.9469595,-0.534803,-4.5641146,-1.5763359,0.34009728,-0.25141641
9,787,0.9467726,-0.5357575,-4.5515184,-1.5758724,0.33956438,-0.24951516
9,788,0.9461534,-0.53499603,-4.572647,-1.5739965,0.33902872,-0.24761136
9,789,0.94634676,-0.5352019,-4.5634403,-1.5751233,0.3384903,-0.24570501
9,790,0.9459207,-0.5357964,-4.555066,-1.5789084,0.33794913,-0.24379613
9,791,0.94622874,-0.5362331,-4.5590715,-1.5776677,0.33740517,-0.24188472
9,792,0.9458401,-0.5353756,-4.549999,-1.5775533,0.33685845,-0.23997082
9,793,0.94654036,-0.5368239,-4.567814,-1.5792217,0.33630896,-0.23805441
9,794,0.94589114,-0.53618234,-4.552658,-1.5768051,0.3357567,-0.2361355
9,795,0.9464264,-0.5362012,-4.5658054,-1.5797067,0.33520165,-0.23421413
9,796,0.946054,-0.5367782,-4.5467606,-1.5726528,0.3346438,-0.23229028
9,797,0.94506574,-0.53513753,-4.5718575,-1.5818205,0.3340832,-0.230364
9,798,0.9449823,-0.5358403,-4.551567,-1.5826206,0.33351982,-0.22843525
9,799,0.94518757,-0.535427,-4.5643206,-1.5818224,0.3329536,-0.22650409
9,800,0.94533134,-0.536549,-4.5573435,-1.5787344,0.33238465,-0.2245705
9,801,0.94632673,-0.5363946,-4.550291,-1.5777564,0.33181286,-0.22263451
9,802,0.9451492,-0.5352174,-4.553154,-1.5831757,0.3312383,-0.2206961
9,803,0.9446423,-0.53716266,-4.557514,-1.5792298,0.3306609,-0.21875533
9,804,0.9461067,-0.5368487,-4.5629063,-1.5785642,0.33008075,-0.2168122
9,805,0.94561815,-0.53589207,-4.555299,-1.5812893,0.32949775,-0.21486668
9,806,0.9457123,-0.53606266,-4.551051,-1.5793667,0.328912,-0.21291882
9,807,0.94538474,-0.53704023,-4.542096,-1.5809345,0.3283234,-0.21096863
9,808,0.94488144,-0.53615975,-4.556409,-1.5770574,0.327732,-0.2090161
9,809,0.94598055,-0.53714883,-4.5608606,-1.5799732,0.32713777,-0.20706126
9,810,0.9449053,-0.53759503,-4.55853,-1.5773277,0.32654074,-0.20510413
9,811,0.94390154,-0.53692776,-4.564419,-1.5828171,0.3259409,-0.20314468
9,812,0.9452605,-0.53690106,-4.5543556,-1.5771255,0.3253382,-0.20118298
9,813,0.9454708,-0.5364894,-4.5386906,-1.5775418,0.32473272,-0.199219
9,814,0.9444492,-0.5372898,-4.5430927,-1.5784492,0.32412443,-0.19725277
9,815,0.9445665,-0.5378419,-4.5547256,-1.5829382,0.32351327,-0.19528429
9,816,0.9447305,-0.53709674,-4.572501,-1.5800114,0.3228993,-0.19331358
9,817,0.942487,-0.5371713,-4.5519447,-1.5797892,0.3222825,-0.19134066
9,818,0.9426763,-0.5373164,-4.546627,-1.5823088,0.32166287,-0.18936552
9,819,0.94341445,-0.53805584,-4.56052,-1.5826263,0.3210404,-0.18738818
9,820,0.9435499,-0.5380593,-4.5563517,-1.5780525,0.32041508,-0.18540867
9,821,0.9438522,-0.5373152,-4.535384,-1.5752931,0.31978694,-0.18342698
9,822,0.9445505,-0.5377192,-4.5584984,-1.5781889,0.31915596,-0.18144313
9,823,0.94427776,-0.5378394,-4.5469437,-1.5774875,0.31852213,-0.17945713
9,824,0.94472885,-0.5378319,-4.5565805,-1.5823364,0.31788546,-0.177469
9,825,0.9443648,-0.53742737,-4.5641823,-1.5792041,0.31724593,-0.17547874
9,826,0.94465065,-0.53856736,-4.5592585,-1.5771184,0.31660354,-0.17348638
9,827,0.9431658,-0.53903365,-4.554966,-1.5776887,0.31595832,-0.1714919
9,828,0.94430876,-0.5384028,-4.552498,-1.5797639,0.31531024,-0.16949536
9,829,0.9437828,-0.53779215,-4.5571976,-1.5776443,0.31465933,-0.16749673
9,830,0.94294,-0.53879976,-4.543085,-1.574707,0.31400552,-0.16549604
9,831,0.94271636,-0.5375743,-4.5548906,-1.5812178,0.3133489,-0.16349329
9,832,0.9430833,-0.5388924,-4.5592604,-1.5781307,0.31268936,-0.1614885
9,833,0.94422626,-0.53938043,-4.555292,-1.5788026,0.312027,-0.15948169
9,834,0.94359946,-0.5383264,-4.5530186,-1.5789933,0.3113618,-0.15747288
9,835,0.94386005,-0.53818864,-4.557397,-1.5788069,0.31069368,-0.15546206
9,836,0.9435108,-0.53848004,-4.5602083,-1.5781813,0.3100227,-0.15344924
9,837,0.9435251,-0.5391204,-4.5558243,-1.5799508,0.30934888,-0.15143445
9,838,0.9433944,-0.5383785,-4.5495863,-1.5752721,0.3086722,-0.1494177
9,839,0.94380546,-0.53687733,-4.566844,-1.5809851,0.3079926,-0.14739898
9,840,0.94374204,-0.53901786,-4.540328,-1.57935,0.30731016,-0.14537834
9,841,0.943861,-0.5391643,-4.558179,-1.5796933,0.30662483,-0.14335576
9,842,0.9430392,-0.53915143,-4.5436316,-1.578826,0.30593663,-0.14133127
9,843,0.9429867,-0.54002714,-4.5589895,-1.5803704,0.30524558,-0.13930488
9,844,0.942642,-0.5388206,-4.549327,-1.5772929,0.3045516,-0.1372766
9,845,0.9431572,-0.5391809,-4.545747,-1.5796041,0.30385476,-0.13524644
9,846,0.94216704,-0.53965825,-4.5560446,-1.5778952,0.30315506,-0.13321441
9,847,0.9438195,-0.53980905,-4.548645,-1.5780692,0.30245245,-0.13118054
9,848,0.94263744,-0.5396281,-4.556139,-1.5776472,0.30174696,-0.12914482
9,849,0.9422052,-0.53938484,-4.5638704,-1.579257,0.3010386,-0.12710728
9,850,0.94260454,-0.5404856,-4.5493326,-1.5799508,0.30032733,-0.12506792
9,851,0.94369197,-0.5399131,-4.5610304,-1.581727,0.2996132,-0.12302676
9,852,0.9424815,-0.5399863,-4.5437975,-1.5796423,0.29889616,-0.12098381
9,853,0.94285107,-0.5398958,-4.548094,-1.582026,0.29817623,-0.11893909
9,854,0.94181323,-0.5398647,-4.5550985,-1.5789399,0.2974534,-0.1168926
9,855,0.94171095,-0.5402818,-4.562952,-1.5820689,0.2967277,-0.11484436
9,856,0.9415457,-0.53933877,-4.571065,-1.5800366,0.29599908,-0.11279438
9,857,0.9428842,-0.54005784,-4.5557203,-1.5799389,0.29526758,-0.11074267
9,858,0.9425268,-0.54041386,-4.5497837,-1.5791693,0.29453316,-0.108689256
9,859,0.94276094,-0.5405093,-4.5553093,-1.5767145,0.29379588,-0.10663414
9,860,0.9409518,-0.5403084,-4.5561056,-1.5795813,0.29305568,-0.10457733
9,861,0.94240546,-0.54042226,-4.544118,-1.5781875,0.29231256,-0.10251885
9,862,0.9419818,-0.5403687,-4.5457125,-1.5773072,0.29156658,-0.10045871
9,863,0.9426861,-0.5414172,-4.5423155,-1.5746489,0.29081768,-0.09839692
9,864,0.9416666,-0.5412739,-4.5455227,-1.5787625,0.29006588,-0.096333496
9,865,0.9410484,-0.54087186,-4.548852,-1.5781608,0.28931117,-0.09426845
9,866,0.94146395,-0.5421692,-4.5554085,-1.577076,0.28855354,-0.09220179
9,867,0.9415803,-0.5412574,-4.552251,-1.5778093,0.28779304,-0.09013353
9,868,0.94155097,-0.5418076,-4.5574036,-1.5826354,0.2870296,-0.088063695
9,869,0.94117665,-0.541204,-4.545679,-1.5772796,0.2862633,-0.085992284
9,870,0.94254684,-0.5406617,-4.5482235,-1.5753846,0.28549403,-0.08391932
9,871,0.94104767,-0.5410867,-4.5416727,-1.5778141,0.28472188,-0.0818448
9,872,0.9402602,-0.54100317,-4.5622864,-1.5890374,0.28394684,-0.079768755
9,873,0.9414251,-0.5421798,-4.557374,-1.5766315,0.28316885,-0.07769119
9,874,0.941416,-0.54173505,-4.5378294,-1.5782218,0.28238797,-0.07561212
9,875,0.94065595,-0.54151225,-4.5556297,-1.5824423,0.2816042,-0.07353155
9,876,0.941293,-0.5416576,-4.5400724,-1.5753369,0.28081748,-0.07144951
9,877,0.94068193,-0.54278976,-4.5471706,-1.5858793,0.28002787,-0.069366
9,878,0.9408119,-0.54202336,-4.5539227,-1.5814252,0.27923536,-0.06728104
9,879,0.9409597,-0.54188716,-4.5534496,-1.5822387,0.2784399,-0.06519464
9,880,0.9414983,-0.5423467,-4.551853,-1.5782542,0.27764156,-0.063106805
9,881,0.94156075,-0.54234296,-4.548994,-1.5824809,0.2768403,-0.06101756
9,882,0.9401829,-0.54267234,-4.5639935,-1.5816245,0.2760361,-0.058926918
9,883,0.94130445,-0.5425351,-4.550851,-1.582663,0.275229,-0.056834884
9,884,0.9399247,-0.5417775,-4.5571156,-1.5788722,0.274419,-0.05474148
9,885,0.9403167,-0.5426521,-4.553398,-1.5728488,0.27360606,-0.05264671
9,886,0.94081426,-0.54293126,-4.565488,-1.5755887,0.27279022,-0.050550595
9,887,0.94070315,-0.5427375,-4.565423,-1.5792122,0.27197146,-0.04845315
9,888,0.93985105,-0.5427537,-4.547722,-1.581809,0.27114978,-0.046354376
9,889,0.9412186,-0.5426634,-4.552449,-1.5829196,0.27032518,-0.0442543
9,890,0.9405687,-0.54333174,-4.5393085,-1.5784512,0.26949766,-0.042152926
9,891,0.940377,-0.5425379,-4.542782,-1.579607,0.26866725,-0.040050272
9,892,0.9396682,-0.54333055,-4.546893,-1.5818844,0.2678339,-0.03794635
9,893,0.94088936,-0.54346865,-4.566224,-1.5819025,0.26699764,-0.03584118
9,894,0.94029784,-0.54307425,-4.5563717,-1.5795169,0.26615846,-0.03373476
9,895,0.9400785,-0.5416329,-4.5569487,-1.5853233,0.26531634,-0.03162712
9,896,0.93952584,-0.5431606,-4.5508976,-1.5798001,0.26447132,-0.029518263
9,897,0.93971705,-0.54329073,-4.553398,-1.581481,0.2636234,-0.027408205
9,898,0.9409971,-0.54303163,-4.5535955,-1.5761361,0.26277253,-0.025296962
9,899,0.93990254,-0.5435948,-4.548237,-1.5765128,0.26191878,-0.023184543
9,900,0.9400275,-0.5434955,-4.5528135,-1.5787354,0.2610621,-0.021070966
9,901,0.939121,-0.54349154,-4.5517454,-1.5784507,0.26020247,-0.018956242
9,902,0.94025254,-0.5432655,-4.5538034,-1.578958,0.25933996,-0.016840387
9,903,0.93895626,-0.54442936,-4.541171,-1.5764174,0.2584745,-0.014723411
9,904,0.93924737,-0.54369277,-4.5537195,-1.5817738,0.25760615,-0.012605329
9,905,0.9399636,-0.5446992,-4.552698,-1.5776801,0.25673488,-0.010486156
9,906,0.938977,-0.5439036,-4.55826,-1.5723939,0.2558607,-0.008365903
9,907,0.93911815,-0.5439444,-4.564496,-1.5779562,0.25498357,-0.0062445863
9,908,0.9390805,-0.54376626,-4.5665236,-1.582128,0.25410357,-0.004122218
9,909,0.9393177,-0.5439943,-4.543332,-1.5780673,0.25322062,-0.001998812
9,910,0.9391804,-0.54457694,-4.5427675,-1.5746164,0.25233477,0.00012561781
9,911,0.9385767,-0.5444132,-4.545001,-1.5838852,0.251446,0.002251058
9,912,0.9385755,-0.54293746,-4.5723305,-1.5793877,0.25055432,0.0043774946
9,913,0.9385526,-0.5445981,-4.548251,-1.5817785,0.24965973,0.0065049143
9,914,0.9386525,-0.5450018,-4.5606403,-1.5784411,0.24876224,0.008633303
9,915,0.93883014,-0.54448086,-4.552595,-1.5790787,0.2478618,0.010762648
9,916,0.938571,-0.54527164,-4.5450554,-1.5800614,0.24695848,0.012892934
9,917,0.9384663,-0.54427046,-4.5702925,-1.5834794,0.24605224,0.015024147
9,918,0.9374089,-0.5448944,-4.5517416,-1.5783839,0.24514309,0.017156275
9,919,0.9393585,-0.5436697,-4.5525875,-1.5796542,0.24423102,0.019289304
9,920,0.93866897,-0.54576814,-4.5551167,-1.5803218,0.24331605,0.021423219
9,921,0.9384954,-0.54605496,-4.567275,-1.5749168,0.24239817,0.023558006
9,922,0.93786883,-0.54488856,-4.554698,-1.5744634,0.24147739,0.025693653
9,923,0.93803215,-0.544402,-4.550085,-1.5790663,0.24055369,0.027830144
9,924,0.9381287,-0.54537576,-4.5548487,-1.5819464,0.23962708,0.029967466
9,925,0.93878007,-0.5461102,-4.5535364,-1.5765405,0.23869757,0.032105606
9,926,0.9384091,-0.5451229,-4.5567417,-1.5801134,0.23776516,0.034244552
9,927,0.93683934,-0.54554635,-4.548375,-1.5784945,0.23682985,0.036384284
9,928,0.93771267,-0.54599816,-4.561961,-1.5714641,0.23589164,0.03852479
9,929,0.937577,-0.54674447,-4.5449715,-1.5791945,0.23495051,0.040666062
9,930,0.93814754,-0.5450272,-4.5624466,-1.5808191,0.2340065,0.042808082
9,931,0.93682647,-0.5464083,-4.556301,-1.5741181,0.23305959,0.044950835
9,932,0.9367597,-0.5463263,-4.554929,-1.5819201,0.23210976,0.047094308
9,933,0.9383104,-0.54432863,-4.5513115,-1.5764823,0.23115705,0.049238484
9,934,0.9384208,-0.5462685,-4.5464296,-1.58389,0.23020144,0.051383354
9,935,0.93713236,-0.54640853,-4.555644,-1.5779052,0.22924294,0.0535289
9,936,0.93800426,-0.54685163,-4.5477695,-1.5790682,0.22828153,0.055675115
9,937,0.9378035,-0.5456417,-4.5529947,-1.5792861,0.22731724,0.057821978
9,938,0.9379983,-0.54662853,-4.558073,-1.574739,0.22635005,0.059969474
9,939,0.93739986,-0.5455946,-4.5541687,-1.581357,0.22537997,0.062117595
9,940,0.937469,-0.54636246,-4.5467377,-1.575964,0.22440702,0.064266324
9,941,0.93714523,-0.54651994,-4.5553074,-1.5805235,0.22343117,0.066415645
9,942,0.9371333,-0.54677916,-4.563569,-1.578248,0.22245243,0.06856554
9,943,0.936923,-0.5468595,-4.5549555,-1.5760527,0.22147082,0.07071601
9,944,0.93752146,-0.5461665,-4.55237,-1.577527,0.22048631,0.07286703
9,945,0.9359491,-0.5457082,-4.549384,-1.5818372,0.21949892,0.075018585
9,946,0.9364648,-0.5461678,-4.5561733,-1.5789118,0.21850866,0.07717066
9,947,0.9373934,-0.5469129,-4.5640993,-1.5787644,0.21751551,0.07932325
9,948,0.9370365,-0.5469609,-4.552971,-1.5787644,0.21651949,0.08147633
9,949,0.9375138,-0.5463497,-4.556712,-1.5789814,0.21552059,0.0836299
9,950,0.93697476,-0.5475057,-4.5666676,-1.5748911,0.21451883,0.08578393
9,951,0.93639994,-0.5472651,-4.5544634,-1.5795302,0.21351418,0.087938406
9,952,0.9360328,-0.54781854,-4.5684586,-1.5782399,0.21250667,0.09009333
9,953,0.9360287,-0.54614973,-4.5447645,-1.580204,0.2114963,0.09224868
9,954,0.93621564,-0.5466993,-4.567189,-1.5759139,0.21048304,0.09440443
9,955,0.9374609,-0.54785913,-4.558014,-1.5744629,0.20946693,0.09656058
9,956,0.9364228,-0.54801846,-4.548313,-1.5775576,0.20844795,0.098717116
9,957,0.93538904,-0.5481667,-4.576725,-1.5705824,0.20742612,0.100874014
9,958,0.9362595,-0.546727,-4.5713205,-1.577496,0.20640141,0.10303126
9,959,0.93579364,-0.5480969,-4.5670595,-1.5759907,0.20537385,0.105188854
9,960,0.9346945,-0.54569405,-4.5498247,-1.5769191,0.20434345,0.10734677
9,961,0.93627095,-0.54674315,-4.5652094,-1.5704303,0.20331019,0.109505
9,962,0.93590593,-0.54837596,-4.5461016,-1.5801668,0.20227407,0.11166352
9,963,0.93572783,-0.5483928,-4.548188,-1.5803375,0.2012351,0.11382232
9,964,0.93615294,-0.54850864,-4.5567875,-1.5722218,0.20019329,0.11598139
9,965,0.93605614,-0.54747397,-4.5461664,-1.5738544,0.19914864,0.11814071
9,966,0.9364872,-0.548015,-4.553029,-1.578785,0.19810113,0.12030028
9,967,0.93674517,-0.54842055,-4.5538473,-1.5757151,0.1970508,0.12246006
9,968,0.93600893,-0.54894584,-4.5594807,-1.5780892,0.19599761,0.12462006
9,969,0.9355042,-0.54804385,-4.557349,-1.5743599,0.1949416,0.12678026
9,970,0.9348719,-0.5487828,-4.54716,-1.5775185,0.19388273,0.12894063
9,971,0.93600655,-0.54738706,-4.5515804,-1.5775433,0.19282106,0.13110116
9,972,0.9354005,-0.5483451,-4.546755,-1.5819893,0.19175655,0.13326186
9,973,0.9360373,-0.5480654,-4.541541,-1.5773416,0.1906892,0.13542269
9,974,0.9358454,-0.54879475,-4.559575,-1.5699964,0.18961903,0.13758364
9,975,0.9363167,-0.5484288,-4.5427485,-1.5732522,0.18854605,0.13974471
9,976,0.9355283,-0.54833007,-4.5546446,-1.5760102,0.18747024,0.14190587
9,977,0.9357395,-0.5498544,-4.555711,-1.5762086,0.18639162,0.14406711
9,978,0.9357462,-0.54861397,-4.556427,-1.5785007,0.18531018,0.14622842
9,979,0.93588805,-0.5510852,-4.558815,-1.5768099,0.18422593,0.14838977
9,980,0.93561816,-0.54838574,-4.557274,-1.574317,0.18313888,0.15055117
9,981,0.93494415,-0.5476187,-4.5593977,-1.5776262,0.182049,0.15271258
9,982,0.9346812,-0.5501635,-4.539627,-1.5797443,0.18095633,0.15487401
9,983,0.93471,-0.5496946,-4.5646706,-1.5731306,0.17986086,0.15703544
9,984,0.9350889,-0.5495336,-4.5495453,-1.578588,0.17876258,0.15919684
9,985,0.9340396,-0.54893625,-4.569024,-1.5784116,0.17766152,0.16135821
9,986,0.9356644,-0.5493888,-4.5511456,-1.5750723,0.17655766,0.16351952
9,987,0.93452144,-0.54956645,-4.5455523,-1.5746331,0.17545101,0.16568077
9,988,0.93486595,-0.54932696,-4.5415506,-1.5748367,0.17434157,0.16784194
9,989,0.9353292,-0.54856265,-4.551605,-1.5719295,0.17322935,0.17000303
9,990,0.9350126,-0.54935014,-4.5507307,-1.5756054,0.17211436,0.172164
9,991,0.93549323,-0.5495036,-4.5433445,-1.5742908,0.17099658,0.17432486
9,992,0.9356098,-0.5507287,-4.5651045,-1.5763507,0.16987601,0.17648557
9,993,0.9335084,-0.54995733,-4.543809,-1.5757289,0.16875269,0.17864613
9,994,0.93480086,-0.5501518,-4.5665646,-1.5802908,0.16762659,0.18080653
9,995,0.93444014,-0.54763573,-4.5509596,-1.576292,0.16649772,0.18296674
9,996,0.935097,-0.55078214,-4.5517406,-1.5727367,0.1653661,0.18512677
9,997,0.93466926,-0.5497169,-4.5619698,-1.5753388,0.1642317,0.18728659
9,998,0.93411183,-0.55089766,-4.554163,-1.5748944,0.16309457,0.18944618
9,999,0.93329954,-0.55073947,-4.5479126,-1.5721602,0.16195466,0.19160554
