sample_id,timestep,q0,q1,p0,p1,tau0,tau1
0,0,-0.4971286,-0.5320101,6.4910297,1.7556,0.27220038,0.43693602
0,1,-0.49702424,-0.53218824,6.4899273,1.7549119,0.27231035,0.43657416
0,2,-0.4967581,-0.5321469,6.4908905,1.753653,0.27242184,0.4362132
0,3,-0.496796,-0.5323021,6.4889774,1.7545195,0.27253482,0.4358531
0,4,-0.49633223,-0.53243315,6.489727,1.754149,0.2726493,0.4354939
0,5,-0.49641347,-0.5324042,6.4891376,1.754652,0.27276528,0.43513554
0,6,-0.49611342,-0.532673,6.48917,1.7545428,0.27288273,0.43477806
0,7,-0.49595857,-0.53269863,6.490101,1.7549453,0.2730017,0.4344215
0,8,-0.49589777,-0.532865,6.4887695,1.7548523,0.27312213,0.43406582
0,9,-0.4956941,-0.53286237,6.4877014,1.7551384,0.27324402,0.43371102
0,10,-0.49562472,-0.53300387,6.488411,1.7551785,0.2733674,0.43335715
0,11,-0.4953506,-0.53297013,6.4873657,1.7552791,0.27349225,0.43300417
0,12,-0.49525476,-0.53308684,6.4888363,1.7555704,0.27361855,0.4326521
0,13,-0.49511963,-0.5330939,6.487221,1.7554345,0.27374628,0.43230093
0,14,-0.49506056,-0.5332032,6.4886093,1.7557969,0.2738755,0.43195066
0,15,-0.4948238,-0.53338146,6.4875603,1.7557087,0.27400613,0.43160135
0,16,-0.4948297,-0.53345,6.488579,1.7556024,0.2741382,0.43125293
0,17,-0.49462092,-0.5335588,6.487934,1.7558455,0.27427173,0.43090546
0,18,-0.49455875,-0.5334855,6.4888344,1.7561784,0.27440667,0.4305589
0,19,-0.4942752,-0.5336527,6.4883194,1.7560759,0.27454305,0.43021327
0,20,-0.494228,-0.5337205,6.4888496,1.7562099,0.27468082,0.4298686
0,21,-0.49412453,-0.53390074,6.4886093,1.7562861,0.27482003,0.42952487
0,22,-0.4939019,-0.5338773,6.4888744,1.7566628,0.27496064,0.42918208
0,23,-0.4938234,-0.5340432,6.4890213,1.7564292,0.27510262,0.42884025
0,24,-0.49368572,-0.5340315,6.4892235,1.7568092,0.27524602,0.42849937
0,25,-0.49356097,-0.53418845,6.489506,1.7568121,0.2753908,0.42815942
0,26,-0.49348032,-0.53427476,6.4896965,1.7569218,0.27553698,0.42782047
0,27,-0.493253,-0.53439957,6.4896584,1.7571039,0.27568454,0.42748246
0,28,-0.49316466,-0.5345353,6.4900475,1.7571578,0.27583346,0.42714542
0,29,-0.49297798,-0.5346613,6.489809,1.7574773,0.27598375,0.42680934
0,30,-0.49295026,-0.5346602,6.490715,1.757513,0.2761354,0.42647427
0,31,-0.492684,-0.53481853,6.489668,1.7575068,0.27628842,0.42614016
0,32,-0.49258554,-0.5348804,6.48967,1.7575836,0.2764428,0.42580703
0,33,-0.49242496,-0.5349383,6.489521,1.7576776,0.27659848,0.42547488
0,34,-0.4922924,-0.5350766,6.4887047,1.7576075,0.27675554,0.42514372
0,35,-0.49221092,-0.5351859,6.489216,1.7579274,0.2769139,0.42481354
0,36,-0.49211937,-0.5352309,6.4888077,1.758163,0.27707362,0.42448437
0,37,-0.4918453,-0.535318,6.4897995,1.7582726,0.27723464,0.42415622
0,38,-0.49178553,-0.53540003,6.4894924,1.7583308,0.27739698,0.42382905
0,39,-0.49164993,-0.5355834,6.4904594,1.7585697,0.27756065,0.4235029
0,40,-0.49155498,-0.535639,6.4905357,1.7584314,0.2777256,0.42317772
0,41,-0.49126232,-0.5356858,6.491152,1.7588143,0.27789184,0.4228536
0,42,-0.49125648,-0.5359257,6.4906845,1.7584553,0.2780594,0.42253047
0,43,-0.49094915,-0.5359763,6.491459,1.7590289,0.27822822,0.42220837
0,44,-0.490874,-0.53597283,6.4907875,1.7586169,0.27839833,0.42188728
0,45,-0.490735,-0.5361239,6.491537,1.759222,0.27856973,0.42156723
0,46,-0.4906633,-0.5362272,6.490616,1.7589765,0.27874237,0.4212482
0,47,-0.49048495,-0.5362705,6.491228,1.7593226,0.27891627,0.4209302
0,48,-0.49038595,-0.53643954,6.4901657,1.7591958,0.27909145,0.42061323
0,49,-0.4901051,-0.5364784,6.4908524,1.7595677,0.27926785,0.42029732
0,50,-0.49005163,-0.53663313,6.490034,1.7593331,0.2794455,0.41998243
0,51,-0.48986864,-0.5367062,6.4910564,1.7597599,0.2796244,0.4196686
0,52,-0.48970938,-0.53684723,6.490345,1.7594066,0.27980453,0.4193558
0,53,-0.48960543,-0.5368942,6.491043,1.7598686,0.27998587,0.41904408
0,54,-0.48944646,-0.53702635,6.490841,1.7595291,0.2801684,0.4187334
0,55,-0.48929393,-0.5371179,6.4917603,1.7599292,0.2803522,0.41842377
0,56,-0.48919284,-0.53716385,6.490448,1.7599936,0.28053716,0.4181152
0,57,-0.48897725,-0.5373044,6.4923058,1.7599425,0.28072333,0.4178077
0,58,-0.48890305,-0.5373526,6.4910316,1.7602868,0.2809107,0.41750127
0,59,-0.48871082,-0.53747916,6.49238,1.7602262,0.28109926,0.4171959
0,60,-0.4886601,-0.537614,6.491886,1.7604804,0.28128898,0.4168916
0,61,-0.48850632,-0.5376701,6.4924526,1.7603693,0.28147987,0.41658837
0,62,-0.48837256,-0.53773475,6.4927197,1.7606292,0.2816719,0.41628623
0,63,-0.4881553,-0.5379126,6.4925003,1.7605605,0.28186515,0.41598517
0,64,-0.4881965,-0.537989,6.492882,1.7611227,0.28205952,0.41568518
0,65,-0.48799026,-0.5380584,6.4923553,1.7608447,0.28225502,0.4153863
0,66,-0.4877696,-0.53822905,6.4922447,1.7609959,0.28245166,0.41508847
0,67,-0.48764205,-0.53833866,6.492153,1.7610574,0.28264946,0.41479176
0,68,-0.48753536,-0.53835166,6.4918747,1.7614927,0.28284836,0.41449612
0,69,-0.48738414,-0.538479,6.492653,1.7614264,0.28304836,0.41420162
0,70,-0.4872607,-0.5385679,6.4912643,1.7616029,0.2832495,0.41390818
0,71,-0.48710114,-0.53866476,6.4935246,1.7616439,0.28345174,0.41361585
0,72,-0.4869113,-0.53875595,6.491686,1.7616334,0.28365508,0.41332465
0,73,-0.4867742,-0.53890526,6.492634,1.7617478,0.2838595,0.41303453
0,74,-0.4866554,-0.5389309,6.492819,1.7618251,0.284065,0.41274554
0,75,-0.48655403,-0.53905576,6.4925613,1.7618604,0.28427157,0.41245764
0,76,-0.48644215,-0.5392031,6.493679,1.762073,0.28447923,0.41217086
0,77,-0.48628604,-0.53929174,6.492405,1.7622495,0.28468794,0.4118852
0,78,-0.486183,-0.53929657,6.491131,1.7624149,0.28489769,0.41160065
0,79,-0.48595184,-0.53953743,6.492565,1.7627044,0.2851085,0.41131726
0,80,-0.48583972,-0.5395259,6.4924965,1.7627487,0.28532034,0.41103494
0,81,-0.48569596,-0.5396482,6.492878,1.7628088,0.28553322,0.4107538
0,82,-0.4855109,-0.5397122,6.4923477,1.7627583,0.28574714,0.41047376
0,83,-0.48542368,-0.53976667,6.49337,1.7629342,0.28596207,0.41019484
0,84,-0.48522377,-0.53989005,6.49275,1.7629919,0.286178,0.4099171
0,85,-0.48509294,-0.54004127,6.4935036,1.7632542,0.28639495,0.40964046
0,86,-0.4849006,-0.54010797,6.493044,1.7632189,0.28661287,0.40936497
0,87,-0.48487175,-0.54013443,6.493128,1.7634997,0.2868318,0.4090906
0,88,-0.4846006,-0.5403839,6.4933357,1.7633095,0.2870517,0.4088174
0,89,-0.48460895,-0.5404338,6.493326,1.7636895,0.2872726,0.40854535
0,90,-0.4844166,-0.54050344,6.4934673,1.7634678,0.28749445,0.40827444
0,91,-0.48422068,-0.5406137,6.4936905,1.7635765,0.28771728,0.40800467
0,92,-0.48410612,-0.5406597,6.4931164,1.7637162,0.28794104,0.40773606
0,93,-0.4838913,-0.5407444,6.493328,1.7635012,0.28816575,0.40746862
0,94,-0.48389667,-0.5408857,6.49321,1.7638817,0.28839138,0.4072023
0,95,-0.48369944,-0.5409007,6.490383,1.7639494,0.28861797,0.40693718
0,96,-0.4835503,-0.54099596,6.4941635,1.7640128,0.28884545,0.4066732
0,97,-0.48341024,-0.5411213,6.4936695,1.7638736,0.28907388,0.40641037
0,98,-0.48319477,-0.5412545,6.49461,1.7641463,0.28930318,0.40614873
0,99,-0.4831428,-0.5412848,6.4947853,1.7641783,0.2895334,0.40588823
0,100,-0.48289138,-0.5413451,6.495075,1.7641478,0.28976452,0.40562892
0,101,-0.4828661,-0.5415042,6.4947186,1.7645278,0.28999653,0.40537077
0,102,-0.4827001,-0.5416111,6.4934044,1.7645769,0.29022938,0.40511382
0,103,-0.48252994,-0.541645,6.4948654,1.7649193,0.29046312,0.40485802
0,104,-0.48236835,-0.5417731,6.4935093,1.7643957,0.29069772,0.4046034
0,105,-0.4821818,-0.541899,6.4946213,1.765243,0.2909332,0.40434995
0,106,-0.48212785,-0.54192585,6.49444,1.764266,0.2911695,0.40409768
0,107,-0.4819001,-0.54208136,6.493885,1.7650337,0.29140663,0.4038466
0,108,-0.4818821,-0.54213494,6.494383,1.7646914,0.2916446,0.4035967
0,109,-0.48163247,-0.5421926,6.4934883,1.7654114,0.29188338,0.403348
0,110,-0.48145914,-0.5423056,6.494911,1.7648358,0.292123,0.40310046
0,111,-0.48134023,-0.5425051,6.4946938,1.7656536,0.2923634,0.40285414
0,112,-0.48127604,-0.5424374,6.4944134,1.7650895,0.2926046,0.402609
0,113,-0.4811058,-0.54269594,6.495865,1.7657003,0.29284662,0.40236503
0,114,-0.480901,-0.54263467,6.493904,1.7654324,0.2930894,0.4021223
0,115,-0.48084354,-0.54287595,6.4960175,1.7659802,0.29333293,0.4018807
0,116,-0.4806612,-0.54281336,6.494877,1.7657251,0.29357725,0.40164036
0,117,-0.4805177,-0.5430338,6.495142,1.7662845,0.29382235,0.4014012
0,118,-0.48044735,-0.5430348,6.4958,1.7659698,0.29406816,0.40116322
0,119,-0.4801631,-0.5432129,6.494602,1.7665768,0.29431474,0.40092647
0,120,-0.48006308,-0.54322803,6.4959946,1.7664208,0.29456204,0.4006909
0,121,-0.47998273,-0.5433427,6.4951305,1.7666669,0.2948101,0.40045655
0,122,-0.47974503,-0.54340273,6.4961586,1.7667651,0.29505882,0.4002234
0,123,-0.47969174,-0.54357225,6.495537,1.766777,0.2953083,0.39999145
0,124,-0.4795804,-0.5434789,6.4964733,1.7668777,0.29555845,0.39976072
0,125,-0.4794023,-0.5437565,6.495945,1.7671247,0.2958093,0.3995312
0,126,-0.47936106,-0.543595,6.495722,1.7670398,0.29606083,0.39930287
0,127,-0.47919732,-0.54407793,6.496128,1.7674708,0.29631305,0.39907578
0,128,-0.4790399,-0.5437687,6.4963856,1.7673507,0.29656592,0.3988499
0,129,-0.47883463,-0.5441733,6.496502,1.7675042,0.29681948,0.39862522
0,130,-0.4787233,-0.5440286,6.4974937,1.7672234,0.29707366,0.39840177
0,131,-0.478535,-0.54432535,6.4969673,1.7674546,0.2973285,0.39817953
0,132,-0.4783932,-0.54423374,6.4992714,1.7675157,0.29758397,0.39795852
0,133,-0.47829837,-0.5444163,6.496689,1.7678194,0.2978401,0.39773872
0,134,-0.47813296,-0.5444511,6.4972343,1.7677917,0.29809678,0.39752015
0,135,-0.478063,-0.5446058,6.496336,1.7682071,0.29835412,0.3973028
0,136,-0.47793972,-0.5445261,6.4952545,1.7677994,0.29861203,0.39708668
0,137,-0.47781003,-0.54477876,6.496195,1.7684135,0.29887056,0.39687178
0,138,-0.47771817,-0.54462874,6.4959927,1.7681298,0.29912966,0.3966581
0,139,-0.47745037,-0.54500604,6.4965153,1.7685547,0.29938933,0.39644566
0,140,-0.47736514,-0.5448914,6.4966927,1.7684579,0.2996496,0.39623442
0,141,-0.4770999,-0.5451579,6.4968834,1.768672,0.2999104,0.39602444
0,142,-0.4770372,-0.54515004,6.497488,1.7686782,0.30017176,0.39581567
0,143,-0.4768833,-0.54535264,6.4944153,1.768745,0.30043367,0.39560816
0,144,-0.47676522,-0.5453092,6.497492,1.7691016,0.30069607,0.39540184
0,145,-0.47667056,-0.54553676,6.496174,1.7691588,0.30095902,0.39519677
0,146,-0.47646213,-0.5455575,6.4967976,1.7691054,0.3012225,0.39499295
0,147,-0.47639477,-0.54564923,6.4978657,1.7692637,0.3014865,0.39479035
0,148,-0.47614795,-0.5457863,6.4964523,1.769381,0.30175096,0.39458898
0,149,-0.47608548,-0.5458887,6.497858,1.7692537,0.30201593,0.39438885
0,150,-0.47588181,-0.54594857,6.4970894,1.7694893,0.30228138,0.39418995
0,151,-0.4757762,-0.54608494,6.4980087,1.7691264,0.30254728,0.3939923
0,152,-0.4756785,-0.5460653,6.4973755,1.7695522,0.30281368,0.39379588
0,153,-0.47554845,-0.5461841,6.494108,1.7695799,0.3030805,0.3936007
0,154,-0.47533774,-0.5462557,6.4980583,1.7700338,0.3033478,0.39340675
0,155,-0.47533047,-0.5463312,6.4958,1.7697778,0.3036155,0.39321405
0,156,-0.4751864,-0.54646236,6.4976845,1.7695227,0.30388364,0.3930226
0,157,-0.47497487,-0.5466034,6.4970627,1.7700152,0.30415222,0.39283237
0,158,-0.47476983,-0.5465853,6.4978027,1.7691422,0.3044212,0.3926434
0,159,-0.4747417,-0.54678077,6.497261,1.7707534,0.30469057,0.39245567
0,160,-0.4745654,-0.54676586,6.4982357,1.7688475,0.30496034,0.39226916
0,161,-0.47445452,-0.54691,6.49765,1.7712665,0.3052305,0.3920839
0,162,-0.47430372,-0.5470896,6.4981804,1.7697334,0.305501,0.3918999
0,163,-0.47415978,-0.54714274,6.4979553,1.7711096,0.30577192,0.39171717
0,164,-0.47410703,-0.54723114,6.4976387,1.7701626,0.30604318,0.39153564
0,165,-0.47388762,-0.54735225,6.49992,1.7712989,0.30631477,0.39135537
0,166,-0.47386336,-0.5474555,6.497509,1.7708731,0.3065867,0.39117634
0,167,-0.47360027,-0.5474582,6.498438,1.7715087,0.306859,0.39099854
0,168,-0.47346324,-0.5475523,6.4975586,1.7711363,0.30713156,0.39082202
0,169,-0.47349536,-0.547591,6.497099,1.7714295,0.3074045,0.39064673
0,170,-0.47305918,-0.5477357,6.4982967,1.7715311,0.3076777,0.39047268
0,171,-0.47305125,-0.5477744,6.4965916,1.771707,0.30795118,0.3902999
0,172,-0.4728697,-0.5479161,6.498272,1.7720389,0.30822498,0.3901283
0,173,-0.47279274,-0.54795605,6.495203,1.7720551,0.30849904,0.38995802
0,174,-0.47258747,-0.5480533,6.4982185,1.7722988,0.30877334,0.38978896
0,175,-0.47242093,-0.54804623,6.498268,1.7723637,0.30904794,0.38962114
0,176,-0.47236705,-0.54822636,6.5011616,1.7728572,0.30932277,0.38945457
0,177,-0.47214246,-0.54820406,6.499054,1.7721887,0.30959785,0.38928926
0,178,-0.47216326,-0.5484462,6.498348,1.7725396,0.30987313,0.3891252
0,179,-0.47195464,-0.54845506,6.4993763,1.7725902,0.31014866,0.38896236
0,180,-0.47193646,-0.5486419,6.4969597,1.7728381,0.3104244,0.3888008
0,181,-0.47169197,-0.5486953,6.4990635,1.7730103,0.31070033,0.38864046
0,182,-0.47160536,-0.5486654,6.4959507,1.7728262,0.31097648,0.38848138
0,183,-0.4712965,-0.5488438,6.4993095,1.7727952,0.31125277,0.38832355
0,184,-0.4712075,-0.54888964,6.494831,1.7729163,0.31152928,0.38816696
0,185,-0.471115,-0.54903805,6.499304,1.7732315,0.3118059,0.3880116
0,186,-0.47101295,-0.5490754,6.4995384,1.7729802,0.31208274,0.38785753
0,187,-0.47085822,-0.5491708,6.499113,1.7733412,0.3123597,0.38770467
0,188,-0.4707809,-0.5492086,6.5002995,1.7731848,0.3126368,0.38755307
0,189,-0.47046208,-0.549317,6.498598,1.7734046,0.312914,0.3874027
0,190,-0.47041053,-0.54935247,6.5003853,1.7735901,0.31319135,0.3872536
0,191,-0.47020864,-0.5495476,6.4984665,1.7734809,0.31346878,0.38710573
0,192,-0.47007024,-0.5495016,6.500927,1.77384,0.31374633,0.3869591
0,193,-0.46987033,-0.549744,6.4990788,1.7735405,0.314024,0.38681373
0,194,-0.4697463,-0.54970014,6.5026608,1.7742977,0.3143017,0.3866696
0,195,-0.469666,-0.5499902,6.499405,1.7733927,0.31457952,0.38652673
0,196,-0.46949995,-0.54992634,6.502043,1.7743311,0.31485736,0.38638508
0,197,-0.46945035,-0.55013084,6.4992332,1.7738528,0.31513527,0.38624468
0,198,-0.46913528,-0.55006903,6.5015945,1.7746835,0.31541324,0.38610554
0,199,-0.46908492,-0.55024886,6.499016,1.7737699,0.31569123,0.3859676
0,200,-0.46891952,-0.5501975,6.499052,1.7749991,0.31596923,0.38583094
0,201,-0.46878552,-0.550408,6.498356,1.7742858,0.31624725,0.38569552
0,202,-0.4686073,-0.55041695,6.502018,1.7749438,0.3165253,0.38556132
0,203,-0.46835017,-0.55062973,6.4995174,1.774426,0.31680334,0.38542837
0,204,-0.4683867,-0.5505563,6.5015373,1.7749372,0.31708136,0.38529667
0,205,-0.4681337,-0.5507824,6.500572,1.7744732,0.31735936,0.3851662
0,206,-0.46806735,-0.550718,6.501087,1.7750535,0.31763732,0.38503698
0,207,-0.46792203,-0.55088955,6.501274,1.7750444,0.31791523,0.38490897
0,208,-0.46790016,-0.5510081,6.50115,1.77564,0.3181931,0.38478222
0,209,-0.4677158,-0.55115587,6.5003166,1.7753115,0.31847093,0.3846567
0,210,-0.46753603,-0.5511113,6.501272,1.7755842,0.31874868,0.38453242
0,211,-0.467582,-0.5513689,6.501629,1.775413,0.31902635,0.38440937
0,212,-0.46723038,-0.55131084,6.501009,1.7760038,0.3193039,0.38428754
0,213,-0.46723592,-0.5514251,6.5010757,1.7756429,0.3195814,0.38416696
0,214,-0.46694648,-0.55149966,6.501419,1.7760043,0.31985876,0.3840476
0,215,-0.46686512,-0.55162776,6.499737,1.7762051,0.320136,0.3839295
0,216,-0.4666825,-0.5516091,6.501562,1.7758875,0.3204131,0.3838126
0,217,-0.46663827,-0.55173856,6.499361,1.7761917,0.3206901,0.38369694
0,218,-0.46647477,-0.551765,6.5022316,1.7761045,0.32096696,0.3835825
0,219,-0.46645558,-0.5518439,6.49881,1.7762771,0.3212436,0.3834693
0,220,-0.46611726,-0.55192405,6.502552,1.7763152,0.32152015,0.38335732
0,221,-0.46621543,-0.55212194,6.501299,1.7764888,0.32179648,0.38324657
0,222,-0.46588928,-0.55204034,6.5022736,1.776423,0.32207263,0.38313705
0,223,-0.4659176,-0.55224186,6.502033,1.7768264,0.3223486,0.38302875
0,224,-0.46563864,-0.55228394,6.502146,1.7768631,0.32262436,0.38292167
0,225,-0.46567798,-0.55252665,6.500887,1.7770863,0.32289988,0.3828158
0,226,-0.46530873,-0.55254763,6.5022926,1.7775021,0.3231752,0.38271117
0,227,-0.46528316,-0.5526824,6.501732,1.7771559,0.3234503,0.38260773
0,228,-0.4649794,-0.552717,6.502701,1.7777767,0.32372513,0.38250554
0,229,-0.4650089,-0.5526932,6.502844,1.7771239,0.3239997,0.38240454
0,230,-0.46483123,-0.55279243,6.502861,1.7781539,0.32427403,0.38230476
0,231,-0.46477747,-0.5528622,6.4995728,1.7776895,0.32454807,0.3822062
0,232,-0.46449578,-0.5529235,6.503479,1.778141,0.32482186,0.38210887
0,233,-0.4644115,-0.5530347,6.5051384,1.7779822,0.32509533,0.38201272
0,234,-0.4641757,-0.5531744,6.503248,1.7778916,0.3253685,0.3819178
0,235,-0.46417814,-0.5532356,6.5041637,1.7781835,0.32564136,0.38182408
0,236,-0.46393877,-0.55328935,6.502556,1.7779555,0.3259139,0.38173157
0,237,-0.4638183,-0.55350894,6.5031414,1.7780728,0.32618612,0.3816403
0,238,-0.46371543,-0.55348074,6.5020256,1.7781048,0.32645798,0.38155016
0,239,-0.4635923,-0.5535326,6.503456,1.7779517,0.3267295,0.3814613
0,240,-0.4633599,-0.55373675,6.500847,1.7783952,0.32700065,0.38137358
0,241,-0.46320033,-0.5537202,6.5027866,1.7785139,0.32727146,0.3812871
0,242,-0.4631471,-0.5539292,6.500698,1.778635,0.32754186,0.3812018
0,243,-0.463035,-0.55393153,6.5023804,1.7786808,0.32781187,0.3811177
0,244,-0.46287727,-0.5540615,6.5021477,1.7787719,0.3280815,0.3810348
0,245,-0.4626475,-0.5540626,6.5022125,1.7791362,0.3283507,0.38095307
0,246,-0.46254778,-0.55421793,6.5014763,1.778904,0.3286195,0.38087255
0,247,-0.4623444,-0.55429995,6.5020065,1.7796412,0.32888785,0.3807932
0,248,-0.4622392,-0.55443144,6.501074,1.779501,0.32915577,0.38071507
0,249,-0.46215558,-0.55439067,6.501997,1.7793598,0.32942325,0.38063812
0,250,-0.46198004,-0.55450267,6.5030556,1.7795658,0.32969028,0.38056237
0,251,-0.4618647,-0.5546106,6.5035744,1.7794428,0.32995683,0.38048777
0,252,-0.461689,-0.5547798,6.5029106,1.7800746,0.3302229,0.38041437
0,253,-0.46154785,-0.5548343,6.504883,1.7795811,0.33048847,0.38034213
0,254,-0.46148646,-0.5549565,6.5025673,1.7801657,0.33075356,0.38027108
0,255,-0.4613005,-0.55494833,6.5026913,1.7794008,0.33101815,0.38020122
0,256,-0.4611689,-0.55508274,6.50235,1.7804408,0.33128223,0.38013253
0,257,-0.46098304,-0.5550214,6.504944,1.7796168,0.33154574,0.380065
0,258,-0.46079528,-0.5552133,6.5026035,1.7810216,0.33180875,0.37999865
0,259,-0.46069264,-0.5551724,6.504032,1.7798529,0.3320712,0.37993345
0,260,-0.46060723,-0.5554308,6.5015736,1.7808008,0.3323331,0.37986943
0,261,-0.46042752,-0.5553766,6.4991913,1.7804513,0.33259442,0.37980658
0,262,-0.46034807,-0.5556194,6.501665,1.7808328,0.33285517,0.3797449
0,263,-0.4601223,-0.55553603,6.5029144,1.7808332,0.33311534,0.37968436
0,264,-0.46010208,-0.55578226,6.504753,1.7807593,0.33337492,0.37962496
0,265,-0.4598372,-0.5557292,6.5028973,1.7809377,0.33363387,0.37956676
0,266,-0.4598452,-0.55594325,6.504078,1.7806568,0.33389223,0.3795097
0,267,-0.45960534,-0.5559444,6.503536,1.7810473,0.33414996,0.37945378
0,268,-0.45959163,-0.5561445,6.5034065,1.7811532,0.33440703,0.379399
0,269,-0.45934594,-0.5560273,6.503582,1.7812114,0.33466348,0.3793454
0,270,-0.4593621,-0.55614233,6.5044556,1.7816987,0.33491927,0.3792929
0,271,-0.45907962,-0.5561993,6.504223,1.7816658,0.3351744,0.3792416
0,272,-0.45913923,-0.5564317,6.504486,1.7817612,0.33542886,0.3791914
0,273,-0.45878434,-0.5563597,6.500862,1.7817197,0.33568263,0.37914234
0,274,-0.45874202,-0.55648273,6.50457,1.7817698,0.33593568,0.37909442
0,275,-0.45849633,-0.55657345,6.5025673,1.7820978,0.33618805,0.37904766
0,276,-0.45850348,-0.5567881,6.5047626,1.7816553,0.3364397,0.379002
0,277,-0.45817703,-0.5567598,6.5042896,1.7825251,0.33669063,0.37895748
0,278,-0.4582523,-0.55686975,6.5052185,1.7820086,0.33694082,0.3789141
0,279,-0.45788205,-0.5569896,6.505333,1.7825794,0.33719027,0.37887183
0,280,-0.4578578,-0.5570011,6.501335,1.7822137,0.33743897,0.37883067
0,281,-0.45770097,-0.55714655,6.506464,1.782434,0.33768693,0.37879065
0,282,-0.45754278,-0.5570894,6.506199,1.7827091,0.33793408,0.37875172
0,283,-0.45740402,-0.5572909,6.5065155,1.7826018,0.33818045,0.37871394
0,284,-0.45731354,-0.557246,6.504318,1.7825794,0.33842605,0.37867725
0,285,-0.4570769,-0.5573932,6.506092,1.7829542,0.33867082,0.37864166
0,286,-0.45701754,-0.5575108,6.50749,1.7828822,0.33891478,0.3786072
0,287,-0.4568829,-0.5574828,6.5052967,1.7833152,0.33915794,0.37857383
0,288,-0.45671636,-0.5577196,6.5049553,1.7830687,0.33940026,0.3785416
0,289,-0.4565879,-0.5576461,6.504553,1.7836576,0.33964175,0.37851042
0,290,-0.4565177,-0.55791956,6.5051174,1.7831244,0.33988234,0.37848035
0,291,-0.4562788,-0.55795753,6.5049076,1.7838111,0.34012213,0.37845138
0,292,-0.45620632,-0.5579679,6.5059757,1.7831483,0.340361,0.37842348
0,293,-0.45607924,-0.5580943,6.5049057,1.7838688,0.34059903,0.3783967
0,294,-0.45593637,-0.5580107,6.506262,1.7836218,0.34083614,0.37837097
0,295,-0.45588386,-0.55816644,6.504574,1.7839055,0.34107235,0.37834632
0,296,-0.4556601,-0.55821484,6.5055695,1.784131,0.34130764,0.37832278
0,297,-0.45551783,-0.5583108,6.504524,1.784008,0.34154204,0.3783003
0,298,-0.45530003,-0.5584542,6.504959,1.784514,0.3417755,0.3782789
0,299,-0.45522666,-0.5585702,6.507921,1.7844539,0.342008,0.37825856
0,300,-0.45511127,-0.5586312,6.5061226,1.7848849,0.34223956,0.3782393
0,301,-0.45503134,-0.5588253,6.507183,1.7845731,0.34247017,0.3782211
0,302,-0.4548937,-0.5587971,6.5072174,1.784905,0.34269983,0.37820396
0,303,-0.45475668,-0.5590136,6.507311,1.7852306,0.34292847,0.3781879
0,304,-0.45466936,-0.5589682,6.5066223,1.7851553,0.34315613,0.37817287
0,305,-0.45446348,-0.55911326,6.5085506,1.7853436,0.3433828,0.3781589
0,306,-0.4544202,-0.5589815,6.505987,1.7854166,0.34360847,0.37814596
0,307,-0.45408934,-0.5591,6.50581,1.7854042,0.34383312,0.3781341
0,308,-0.45410454,-0.5592427,6.505245,1.7853961,0.34405673,0.37812328
0,309,-0.45366734,-0.5593072,6.5089245,1.7854176,0.3442793,0.37811348
0,310,-0.45374823,-0.5595022,6.5027714,1.7853603,0.3445008,0.37810475
0,311,-0.45349103,-0.5595081,6.505745,1.7855167,0.3447213,0.37809703
0,312,-0.45351875,-0.55980974,6.5072956,1.7857504,0.3449407,0.37809032
0,313,-0.45331573,-0.5596284,6.5061417,1.7857137,0.34515902,0.3780847
0,314,-0.4532233,-0.5599899,6.5087376,1.7862334,0.34537625,0.37808004
0,315,-0.4531275,-0.5597875,6.5060463,1.7856112,0.3455924,0.37807643
0,316,-0.4529276,-0.5599486,6.5074005,1.786612,0.34580743,0.37807384
0,317,-0.45275676,-0.5599716,6.5050735,1.7861161,0.34602135,0.37807226
0,318,-0.45263046,-0.56011295,6.5067444,1.7869997,0.34623417,0.3780717
0,319,-0.45239294,-0.5602506,6.5071373,1.7859998,0.34644583,0.37807214
0,320,-0.45230198,-0.5603582,6.506439,1.7870383,0.34665635,0.37807357
0,321,-0.45216358,-0.5603034,6.5069504,1.7863374,0.3468657,0.37807602
0,322,-0.45203984,-0.56053287,6.506222,1.7869439,0.3470739,0.37807947
0,323,-0.45207858,-0.56049925,6.50988,1.7867327,0.34728092,0.3780839
0,324,-0.4518484,-0.5606746,6.5115795,1.7866831,0.34748676,0.37808934
0,325,-0.45176852,-0.56068236,6.5123005,1.7873282,0.34769142,0.37809578
0,326,-0.45157808,-0.5608213,6.5092144,1.786984,0.34789488,0.37810317
0,327,-0.45155162,-0.56088126,6.5090904,1.7875419,0.3480971,0.37811157
0,328,-0.45126998,-0.5609658,6.5072365,1.7877922,0.3482981,0.37812093
0,329,-0.4512012,-0.56103396,6.508461,1.7876658,0.3484979,0.37813124
0,330,-0.4508894,-0.56114537,6.50848,1.7882743,0.34869644,0.37814257
0,331,-0.45080018,-0.5611041,6.5106754,1.7873616,0.34889373,0.37815484
0,332,-0.45061833,-0.5612224,6.5068283,1.7872725,0.34908974,0.37816808
0,333,-0.45054054,-0.5612422,6.5071754,1.7868524,0.3492845,0.37818226
0,334,-0.45036072,-0.5613059,6.5073853,1.787076,0.34947798,0.3781974
0,335,-0.4504429,-0.5614924,6.5080013,1.7867069,0.34967017,0.37821352
0,336,-0.45018566,-0.56143385,6.511738,1.7868185,0.3498611,0.37823057
0,337,-0.4500544,-0.5616702,6.5102654,1.7876778,0.35005066,0.37824857
0,338,-0.44998538,-0.5616874,6.5048523,1.7872348,0.35023892,0.3782675
0,339,-0.44965148,-0.5617929,6.506798,1.7883692,0.35042587,0.37828737
0,340,-0.44967026,-0.5620057,6.5057106,1.7878895,0.35061148,0.37830818
0,341,-0.44922453,-0.5618506,6.510107,1.788837,0.35079572,0.37832993
0,342,-0.44918704,-0.5621173,6.5032787,1.7885633,0.3509786,0.37835258
0,343,-0.44906163,-0.5621425,6.508463,1.7890086,0.35116017,0.37837616
0,344,-0.44892,-0.56217617,6.508915,1.7884707,0.35134032,0.37840068
0,345,-0.44899166,-0.5622356,6.507719,1.7888823,0.3515191,0.37842607
0,346,-0.4485523,-0.5622053,6.5103283,1.7889504,0.3516965,0.37845242
0,347,-0.44864362,-0.5624231,6.5078087,1.7889171,0.35187247,0.37847966
0,348,-0.44825917,-0.56234014,6.511154,1.7889705,0.35204706,0.3785078
0,349,-0.4482221,-0.56262434,6.5086403,1.7893691,0.35222018,0.37853682
0,350,-0.44803774,-0.5623993,6.5103836,1.7887726,0.3523919,0.37856674
0,351,-0.44789255,-0.56278306,6.509178,1.7898412,0.3525622,0.37859756
0,352,-0.44790375,-0.56271553,6.5092163,1.7892604,0.35273102,0.37862927
0,353,-0.44772035,-0.5629344,6.5106926,1.7899723,0.3528984,0.37866187
0,354,-0.44755238,-0.56293774,6.510378,1.7895584,0.3530643,0.37869534
0,355,-0.44754755,-0.5630147,6.508957,1.790092,0.35322872,0.37872967
0,356,-0.44732302,-0.5629465,6.5102234,1.7898078,0.35339165,0.37876487
0,357,-0.44722623,-0.5631826,6.507248,1.7903433,0.3535531,0.37880096
0,358,-0.44715476,-0.5629674,6.509823,1.7900534,0.353713,0.37883788
0,359,-0.44685948,-0.5632161,6.5139694,1.7907381,0.35387143,0.3788757
0,360,-0.44692373,-0.56322825,6.5098133,1.7903051,0.35402834,0.37891433
0,361,-0.44675547,-0.5635352,6.5128117,1.7910781,0.3541837,0.37895384
0,362,-0.4466356,-0.5635016,6.5095825,1.7905955,0.3543375,0.3789942
0,363,-0.44666064,-0.5635616,6.510414,1.7914238,0.35448977,0.37903535
0,364,-0.4463185,-0.56358355,6.508026,1.7908053,0.35464048,0.3790774
0,365,-0.4462191,-0.56366956,6.508133,1.7911186,0.3547896,0.37912023
0,366,-0.44615114,-0.56372654,6.5102005,1.7909036,0.35493717,0.37916392
0,367,-0.445979,-0.5637254,6.505583,1.7910385,0.35508314,0.37920845
0,368,-0.4458617,-0.5639639,6.5105305,1.7910075,0.35522753,0.37925377
0,369,-0.44579852,-0.5638561,6.511957,1.7909169,0.35537028,0.3792999
0,370,-0.44555527,-0.56412894,6.5107365,1.7911611,0.35551143,0.37934685
0,371,-0.44559854,-0.56421757,6.512726,1.7912927,0.35565096,0.37939462
0,372,-0.4453349,-0.5642599,6.5137672,1.7912107,0.35578883,0.37944317
0,373,-0.44535875,-0.5643594,6.5122547,1.7915645,0.35592508,0.37949252
0,374,-0.44509643,-0.5643906,6.5116005,1.7914739,0.35605967,0.37954268
0,375,-0.44512093,-0.5644234,6.506418,1.7918048,0.3561926,0.3795936
0,376,-0.44474787,-0.56457084,6.510729,1.7916837,0.35632387,0.37964535
0,377,-0.44488454,-0.56444514,6.50992,1.7921681,0.35645345,0.37969786
0,378,-0.4446063,-0.5648082,6.5111866,1.7921691,0.35658133,0.37975112
0,379,-0.44439852,-0.5648484,6.511509,1.7921658,0.3567075,0.37980518
0,380,-0.4443739,-0.56495345,6.514248,1.7926235,0.35683203,0.37985998
0,381,-0.44418,-0.5651093,6.510586,1.7921858,0.35695478,0.37991557
0,382,-0.4440686,-0.5651051,6.5097733,1.7931972,0.35707584,0.3799719
0,383,-0.44417614,-0.56518376,6.5090294,1.7921271,0.35719514,0.380029
0,384,-0.44388092,-0.56534123,6.5118103,1.7932868,0.35731274,0.3800868
0,385,-0.44375396,-0.56518847,6.5149193,1.7926321,0.35742855,0.3801454
0,386,-0.44337678,-0.56546766,6.5119667,1.7933269,0.3575426,0.3802047
0,387,-0.44338155,-0.5652552,6.5129128,1.7926593,0.3576549,0.38026476
0,388,-0.4431895,-0.5654796,6.514517,1.793282,0.3577654,0.38032553
0,389,-0.44306242,-0.56570625,6.508169,1.7921515,0.35787416,0.38038704
0,390,-0.4430455,-0.5657276,6.5141296,1.7933221,0.3579811,0.38044927
0,391,-0.44290888,-0.56575745,6.509903,1.7928596,0.3580862,0.38051218
0,392,-0.44286072,-0.5657852,6.5128307,1.7936444,0.35818952,0.38057584
0,393,-0.4427591,-0.5658183,6.511162,1.7934833,0.35829103,0.38064018
0,394,-0.44237775,-0.5658462,6.510393,1.7943349,0.3583907,0.38070524
0,395,-0.4424497,-0.56590664,6.511318,1.7939377,0.35848853,0.38077098
0,396,-0.44224012,-0.5660458,6.51227,1.7952795,0.3585845,0.3808374
0,397,-0.44216287,-0.5659974,6.511488,1.7937508,0.3586786,0.38090456
0,398,-0.44208902,-0.5662394,6.5116215,1.7942348,0.35877088,0.38097236
0,399,-0.4418543,-0.5661042,6.5131493,1.794476,0.35886127,0.3810408
0,400,-0.44182944,-0.5662546,6.511486,1.7940469,0.35894975,0.38110998
0,401,-0.44150108,-0.56635386,6.5124474,1.7951136,0.3590364,0.3811798
0,402,-0.44154942,-0.56642437,6.511524,1.7943206,0.35912108,0.38125026
0,403,-0.44123536,-0.566461,6.511856,1.7949605,0.3592039,0.3813214
0,404,-0.44124466,-0.5666085,6.510317,1.7947536,0.3592848,0.3813932
0,405,-0.44097495,-0.5667024,6.513069,1.7951136,0.35936373,0.3814656
0,406,-0.4408924,-0.5667813,6.51268,1.7948093,0.35944077,0.3815387
0,407,-0.4406771,-0.56681603,6.5124817,1.794621,0.35951585,0.38161242
0,408,-0.44063276,-0.5668877,6.5153885,1.7948408,0.35958898,0.38168675
0,409,-0.4404099,-0.5669563,6.5116997,1.794323,0.35966018,0.38176173
0,410,-0.44041157,-0.5670178,6.5114346,1.7955632,0.35972938,0.3818373
0,411,-0.44003117,-0.5670266,6.512144,1.7947268,0.3597966,0.3819135
0,412,-0.44017577,-0.56729335,6.513014,1.7955995,0.35986188,0.38199034
0,413,-0.43957233,-0.5671979,6.5154114,1.7953568,0.35992512,0.38206777
0,414,-0.4397325,-0.5673576,6.513851,1.7960906,0.3599864,0.3821458
0,415,-0.4394644,-0.5673427,6.512356,1.7958217,0.36004564,0.3822244
0,416,-0.43939352,-0.56749445,6.5136585,1.7966495,0.36010286,0.38230363
0,417,-0.4392625,-0.56748575,6.5188694,1.796216,0.3601581,0.3823834
0,418,-0.439175,-0.56759834,6.50478,1.7972836,0.36021125,0.38246378
0,419,-0.43908703,-0.5677794,6.5164204,1.7961693,0.3602624,0.38254473
0,420,-0.4389093,-0.5678151,6.5127754,1.7974429,0.36031145,0.38262624
0,421,-0.4388057,-0.5680188,6.513611,1.79674,0.36035848,0.38270834
0,422,-0.43881905,-0.56792945,6.5128593,1.79776,0.36040345,0.38279098
0,423,-0.43836623,-0.56808335,6.514908,1.7971411,0.36044633,0.38287416
0,424,-0.4385085,-0.5682735,6.5090923,1.7979665,0.36048713,0.3829579
0,425,-0.43819755,-0.5682238,6.5129585,1.7973223,0.36052582,0.38304222
0,426,-0.43812,-0.56856745,6.518133,1.7980452,0.36056244,0.38312703
0,427,-0.43798995,-0.5683236,6.5129166,1.7972603,0.36059693,0.3832124
0,428,-0.43784767,-0.5686585,6.5204353,1.7981634,0.36062932,0.38329828
0,429,-0.43768132,-0.5684993,6.5123386,1.7975774,0.3606596,0.38338467
0,430,-0.43775386,-0.56860137,6.5107994,1.7983356,0.36068773,0.3834716
0,431,-0.43739223,-0.5686591,6.510784,1.797595,0.36071372,0.38355905
0,432,-0.43766415,-0.56897134,6.5090523,1.7987881,0.36073756,0.383647
0,433,-0.43709326,-0.56885326,6.5087757,1.7978077,0.36075926,0.38373542
0,434,-0.43710506,-0.5690688,6.5188446,1.798655,0.36077878,0.38382438
0,435,-0.43665045,-0.5689868,6.5171337,1.7979093,0.36079615,0.3839138
0,436,-0.43705642,-0.5691395,6.5156784,1.7985783,0.36081132,0.3840037
0,437,-0.43644738,-0.5690975,6.515663,1.7983527,0.36082432,0.3840941
0,438,-0.43684995,-0.5691866,6.5141754,1.7986426,0.3608351,0.38418496
0,439,-0.4362657,-0.56917065,6.5140514,1.7987514,0.36084372,0.38427627
0,440,-0.43647754,-0.569222,6.517456,1.7988801,0.3608501,0.38436806
0,441,-0.43589157,-0.56931764,6.5168304,1.799233,0.36085427,0.3844603
0,442,-0.4360752,-0.569375,6.5173016,1.7992783,0.36085624,0.38455302
0,443,-0.43561822,-0.56944007,6.515894,1.7991862,0.36085594,0.38464615
0,444,-0.4357357,-0.56956255,6.514406,1.8000388,0.3608534,0.38473973
0,445,-0.43542242,-0.5695082,6.5142746,1.7990956,0.36084864,0.38483375
0,446,-0.4355619,-0.56960046,6.5162544,1.800745,0.3608416,0.3849282
0,447,-0.43504226,-0.5695795,6.5154896,1.7988238,0.36083233,0.38502306
0,448,-0.43527657,-0.5697414,6.513006,1.8013654,0.36082077,0.38511837
0,449,-0.434954,-0.56968534,6.517021,1.7987943,0.3608069,0.38521406
0,450,-0.4349501,-0.5699613,6.516083,1.80163,0.3607908,0.38531014
0,451,-0.4347492,-0.57004994,6.518852,1.8000426,0.36077237,0.38540664
0,452,-0.43458915,-0.57003593,6.517975,1.8000989,0.36075166,0.38550356
0,453,-0.43439162,-0.57031095,6.5135174,1.8002315,0.36072862,0.38560084
0,454,-0.43426985,-0.5700493,6.511467,1.7997875,0.3607033,0.3856985
0,455,-0.43410003,-0.5702069,6.5105476,1.8005486,0.36067563,0.38579655
0,456,-0.43406403,-0.5703253,6.5187607,1.7996087,0.36064565,0.38589498
0,457,-0.4337495,-0.5704872,6.5125256,1.801146,0.36061332,0.38599375
0,458,-0.43366915,-0.57054865,6.5165253,1.7997017,0.36057863,0.3860929
0,459,-0.43352646,-0.570849,6.514574,1.8023658,0.3605416,0.3861924
0,460,-0.4334464,-0.570517,6.515375,1.800334,0.3605022,0.38629225
0,461,-0.4333204,-0.5709903,6.5126762,1.8001504,0.36046046,0.38639244
0,462,-0.43324423,-0.5709173,6.5116177,1.8005285,0.36041635,0.38649297
0,463,-0.43287742,-0.5710531,6.5130863,1.8014264,0.36036983,0.38659382
0,464,-0.43309164,-0.57096964,6.5135536,1.8006601,0.36032096,0.38669503
0,465,-0.43276954,-0.5711118,6.5148296,1.802391,0.36026967,0.3867965
0,466,-0.43260336,-0.5710268,6.514477,1.8013549,0.360216,0.38689834
0,467,-0.43247694,-0.5712591,6.5173435,1.8025956,0.36015987,0.38700047
0,468,-0.43225324,-0.57110775,6.5166435,1.8014417,0.36010137,0.3871029
0,469,-0.4321549,-0.57132876,6.521063,1.8025999,0.36004043,0.3872056
0,470,-0.43203413,-0.57121056,6.519062,1.8023224,0.35997707,0.38730863
0,471,-0.43187296,-0.5713719,6.517498,1.8034868,0.35991126,0.38741192
0,472,-0.43187928,-0.5714229,6.513668,1.8029962,0.35984305,0.38751552
0,473,-0.43156016,-0.5714345,6.5142536,1.8024998,0.35977235,0.38761935
0,474,-0.4316966,-0.5716763,6.5171356,1.802958,0.3596992,0.38772348
0,475,-0.4313668,-0.5716424,6.5169716,1.8025212,0.35962358,0.38782784
0,476,-0.431208,-0.5718279,6.517004,1.8029704,0.3595455,0.38793248
0,477,-0.43113887,-0.5715773,6.5179386,1.8025651,0.35946494,0.38803735
0,478,-0.4309128,-0.5719308,6.519966,1.8038669,0.35938188,0.38814247
0,479,-0.4307642,-0.57183135,6.518196,1.8027534,0.35929635,0.38824782
0,480,-0.43073195,-0.5720508,6.523018,1.8027897,0.35920832,0.3883534
0,481,-0.43047607,-0.5720059,6.5183506,1.802896,0.35911778,0.38845924
0,482,-0.4304186,-0.5721301,6.51733,1.8027372,0.35902473,0.38856527
0,483,-0.43021923,-0.57198024,6.5154552,1.8033795,0.35892916,0.38867152
0,484,-0.42999852,-0.5723029,6.516283,1.8028574,0.35883108,0.38877797
0,485,-0.43008268,-0.57219756,6.5153484,1.8032632,0.35873047,0.3888846
0,486,-0.43000442,-0.5724175,6.514969,1.8033023,0.35862732,0.38899145
0,487,-0.4298991,-0.5724748,6.5219326,1.8031373,0.3585216,0.3890985
0,488,-0.42985034,-0.5725325,6.517639,1.8031869,0.35841337,0.3892057
0,489,-0.42949468,-0.57267296,6.5154953,1.8033891,0.35830256,0.3893131
0,490,-0.42965698,-0.57270724,6.5184307,1.8030896,0.3581892,0.38942066
0,491,-0.42945623,-0.5727616,6.522053,1.8038568,0.35807326,0.38952836
0,492,-0.42921197,-0.57293206,6.516836,1.8034096,0.35795477,0.38963625
0,493,-0.42926228,-0.5728832,6.5203667,1.8038149,0.35783368,0.38974428
0,494,-0.42908323,-0.5729255,6.5200977,1.8036065,0.35771,0.38985246
0,495,-0.42891383,-0.5729102,6.5149784,1.80478,0.35758373,0.3899608
0,496,-0.42893642,-0.5729959,6.5192814,1.8037906,0.35745487,0.39006925
0,497,-0.42863876,-0.57297957,6.5272923,1.8068919,0.35732338,0.39017782
0,498,-0.42836952,-0.57309556,6.519167,1.8042016,0.3571893,0.39028654
0,499,-0.42858124,-0.5730708,6.5203667,1.8062358,0.3570526,0.39039534
0,500,-0.42774057,-0.57340616,6.5175457,1.804471,0.35691327,0.39050424
0,501,-0.4282651,-0.5734121,6.513338,1.8057265,0.35677132,0.3906133
0,502,-0.4273587,-0.5733241,6.515274,1.8044615,0.35662672,0.3907224
0,503,-0.42786598,-0.57347417,6.51968,1.8055658,0.35647947,0.39083162
0,504,-0.4273317,-0.57369417,6.5096397,1.8042502,0.3563296,0.3909409
0,505,-0.42752683,-0.5735258,6.516554,1.8054528,0.35617706,0.39105028
0,506,-0.42693776,-0.57369405,6.516636,1.8044887,0.35602185,0.3911597
0,507,-0.4272421,-0.57357514,6.512882,1.8056941,0.35586402,0.3912692
0,508,-0.42707944,-0.5738403,6.5246506,1.805202,0.35570347,0.3913788
0,509,-0.4270332,-0.5736742,6.5181274,1.8059258,0.35554028,0.3914884
0,510,-0.42694765,-0.5741381,6.519184,1.8061514,0.35537437,0.39159805
0,511,-0.42676485,-0.573788,6.519018,1.8061085,0.3552058,0.39170775
0,512,-0.42654407,-0.5743424,6.519434,1.8064313,0.35503453,0.39181748
0,513,-0.42644793,-0.5739789,6.5190372,1.8062601,0.35486054,0.39192724
0,514,-0.42617148,-0.57441765,6.518341,1.8065915,0.35468388,0.39203703
0,515,-0.4260106,-0.5741829,6.519903,1.806745,0.3545045,0.39214683
0,516,-0.42596102,-0.5745782,6.5188065,1.8069658,0.35432237,0.39225662
0,517,-0.42580783,-0.57435423,6.5204506,1.8070083,0.35413757,0.39236644
0,518,-0.42584944,-0.57474446,6.5196075,1.8073964,0.35395,0.39247623
0,519,-0.42556673,-0.5745532,6.5208054,1.8070211,0.3537597,0.39258602
0,520,-0.42556173,-0.57481325,6.5181274,1.8068509,0.3535667,0.39269578
0,521,-0.42537338,-0.5747468,6.519623,1.8075466,0.35337093,0.39280552
0,522,-0.42528713,-0.5748007,6.5162582,1.8066363,0.35317242,0.39291525
0,523,-0.4251486,-0.5748021,6.5188293,1.8073754,0.35297114,0.39302492
0,524,-0.42497635,-0.57490015,6.5152435,1.806582,0.3527671,0.39313456
0,525,-0.4249255,-0.57500327,6.518612,1.8070745,0.35256034,0.39324415
0,526,-0.424743,-0.5750492,6.5188427,1.8068919,0.35235077,0.39335367
0,527,-0.42466736,-0.57515335,6.5220413,1.8076968,0.35213843,0.39346313
0,528,-0.42448962,-0.5751791,6.522394,1.8079796,0.35192332,0.39357254
0,529,-0.42425746,-0.575272,6.517769,1.8078265,0.35170543,0.39368188
0,530,-0.42422152,-0.5753812,6.5206604,1.8088436,0.35148475,0.3937911
0,531,-0.424034,-0.57544476,6.5192623,1.81076,0.35126126,0.39390028
0,532,-0.42399597,-0.5755877,6.518837,1.8086338,0.35103497,0.39400932
0,533,-0.4237762,-0.5756594,6.5173855,1.8076005,0.35080588,0.39411828
0,534,-0.42370814,-0.5756435,6.518297,1.8082266,0.350574,0.39422715
0,535,-0.42342716,-0.5757683,6.5199547,1.8086271,0.3503393,0.39433587
0,536,-0.4233774,-0.5757711,6.5189304,1.8086319,0.35010177,0.3944445
0,537,-0.42321205,-0.57595474,6.5198154,1.8091006,0.3498614,0.39455298
0,538,-0.4230715,-0.57598674,6.5192986,1.8100548,0.34961823,0.39466134
0,539,-0.4229958,-0.5761496,6.5211563,1.8089013,0.3493722,0.39476958
0,540,-0.4228822,-0.57624596,6.5196,1.811449,0.34912336,0.39487764
0,541,-0.42280734,-0.5762,6.5242157,1.8091426,0.34887165,0.39498556
0,542,-0.42273247,-0.5763107,6.518152,1.8094525,0.3486171,0.39509332
0,543,-0.42265624,-0.5764003,6.523941,1.809865,0.34835973,0.3952009
0,544,-0.42223054,-0.57638735,6.5209312,1.8110571,0.34809947,0.39530835
0,545,-0.42236227,-0.5766142,6.523918,1.8097458,0.34783638,0.39541557
0,546,-0.4221589,-0.5766829,6.5200634,1.8110862,0.3475704,0.39552265
0,547,-0.42204225,-0.5767305,6.526348,1.8101182,0.34730154,0.39562953
0,548,-0.4218986,-0.57667476,6.5230637,1.8111444,0.3470298,0.3957362
0,549,-0.42168248,-0.5768791,6.522772,1.8101788,0.3467552,0.39584264
0,550,-0.42162788,-0.5767879,6.5193405,1.8112111,0.34647775,0.3959489
0,551,-0.42159766,-0.57707417,6.5190887,1.8104115,0.34619737,0.39605492
0,552,-0.42164493,-0.5769766,6.5205173,1.8113165,0.3459141,0.39616075
0,553,-0.42132092,-0.5771979,6.521206,1.8107524,0.34562796,0.39626634
0,554,-0.42117107,-0.5771275,6.527521,1.8115048,0.34533888,0.39637166
0,555,-0.42087793,-0.5773047,6.5234947,1.8111873,0.34504694,0.39647678
0,556,-0.42113608,-0.57729775,6.525318,1.8118782,0.34475207,0.39658162
0,557,-0.4205218,-0.5773214,6.524496,1.8124709,0.3444543,0.39668623
0,558,-0.4205783,-0.5774442,6.524105,1.812521,0.34415358,0.39679053
0,559,-0.42008406,-0.5775189,6.525112,1.8121109,0.34385,0.3968946
0,560,-0.42006505,-0.5772436,6.522522,1.8123431,0.34354344,0.39699838
0,561,-0.41986692,-0.5776201,6.5259743,1.8136086,0.34323397,0.39710188
0,562,-0.41978312,-0.57767653,6.5225124,1.8127427,0.34292158,0.39720508
0,563,-0.41979605,-0.57772875,6.532917,1.8143516,0.34260625,0.397308
0,564,-0.41957837,-0.57755125,6.52269,1.8137517,0.34228796,0.3974106
0,565,-0.41949332,-0.5778993,6.5215855,1.8137827,0.34196675,0.3975129
0,566,-0.4193716,-0.57763195,6.524624,1.8140936,0.3416426,0.3976149
0,567,-0.41913438,-0.5779886,6.519562,1.8116612,0.34131548,0.39771655
0,568,-0.4189604,-0.57791036,6.5235806,1.8137469,0.3409854,0.39781788
0,569,-0.41872227,-0.5780952,6.527342,1.8135314,0.34065238,0.39791888
0,570,-0.4185177,-0.5782172,6.52322,1.813458,0.34031639,0.39801952
0,571,-0.41847688,-0.57820946,6.5234833,1.8133469,0.33997744,0.39811984
0,572,-0.41841185,-0.578226,6.5228615,1.8139138,0.33963552,0.3982198
0,573,-0.4183029,-0.578241,6.5211678,1.8130403,0.33929062,0.39831936
0,574,-0.41839755,-0.57827747,6.5216465,1.8142109,0.33894277,0.39841858
0,575,-0.41808784,-0.57847327,6.524784,1.8141971,0.3385919,0.39851743
0,576,-0.41818404,-0.5784333,6.520584,1.8141408,0.3382381,0.3986159
0,577,-0.41759408,-0.5787085,6.519598,1.81527,0.33788127,0.39871395
0,578,-0.41796362,-0.57861495,6.5195026,1.8141274,0.33752146,0.39881164
0,579,-0.41729325,-0.57882094,6.52857,1.8163614,0.33715868,0.3989089
0,580,-0.41760606,-0.57877284,6.5219116,1.8140645,0.3367929,0.39900577
0,581,-0.4170946,-0.57894194,6.5244846,1.8149052,0.3364241,0.3991022
0,582,-0.41728246,-0.57893664,6.523344,1.8148313,0.3360523,0.39919823
0,583,-0.4168849,-0.57901436,6.5218773,1.8147192,0.33567753,0.39929384
0,584,-0.4174025,-0.57906586,6.526434,1.8136659,0.33529973,0.399389
0,585,-0.4164039,-0.5792136,6.527546,1.8146286,0.33491892,0.39948374
0,586,-0.41697377,-0.5790881,6.525511,1.8135347,0.3345351,0.399578
0,587,-0.4160757,-0.57918763,6.5236664,1.8146725,0.33414826,0.39967182
0,588,-0.41654897,-0.57924205,6.5245323,1.8146133,0.33375838,0.3997652
0,589,-0.41600096,-0.5791345,6.5245514,1.8147783,0.33336553,0.3998581
0,590,-0.41617244,-0.5793617,6.5258083,1.815969,0.3329696,0.39995047
0,591,-0.41598713,-0.5794968,6.5254993,1.8151689,0.33257067,0.4000424
0,592,-0.4158888,-0.57957983,6.51532,1.8156323,0.33216873,0.40013388
0,593,-0.4157555,-0.57945114,6.5265102,1.8150063,0.33176374,0.40022483
0,594,-0.41573173,-0.57967997,6.52281,1.815351,0.33135572,0.40031528
0,595,-0.41539317,-0.5794821,6.5245323,1.8151975,0.33094463,0.40040523
0,596,-0.41545534,-0.57974267,6.5295906,1.8150644,0.33053052,0.40049464
0,597,-0.41510332,-0.57957256,6.5273952,1.8155065,0.33011338,0.40058354
0,598,-0.41510552,-0.57977486,6.524105,1.8157749,0.3296932,0.40067193
0,599,-0.41487294,-0.57977307,6.5308304,1.8159413,0.32926995,0.4007598
0,600,-0.41468835,-0.58001405,6.52063,1.8168144,0.32884365,0.40084708
0,601,-0.41468012,-0.5800233,6.525736,1.8164172,0.32841432,0.40093383
0,602,-0.4144243,-0.58016986,6.5236797,1.8163218,0.32798192,0.40102005
0,603,-0.41453093,-0.5802438,6.5255356,1.8166318,0.32754645,0.40110567
0,604,-0.4144026,-0.5803285,6.525152,1.816226,0.32710794,0.40119076
0,605,-0.41420913,-0.5804432,6.5263824,1.8168049,0.32666636,0.40127525
0,606,-0.41430116,-0.5804861,6.526205,1.8176341,0.32622173,0.40135917
0,607,-0.4139346,-0.5804521,6.5269356,1.8171048,0.325774,0.4014425
0,608,-0.4139576,-0.5805469,6.526045,1.819005,0.32532325,0.40152526
0,609,-0.4137149,-0.5805788,6.5237465,1.8172431,0.3248694,0.4016074
0,610,-0.41351956,-0.58074284,6.5258904,1.8185859,0.3244125,0.40168893
0,611,-0.4134562,-0.5806609,6.526785,1.8176022,0.3239525,0.40176985
0,612,-0.41365206,-0.5807362,6.5251827,1.8187447,0.32348943,0.40185013
0,613,-0.41336685,-0.580757,6.5291805,1.8182096,0.3230233,0.40192983
0,614,-0.41344857,-0.5807962,6.5254745,1.8196373,0.32255408,0.40200886
0,615,-0.41306096,-0.58084273,6.5303535,1.8182535,0.32208177,0.40208724
0,616,-0.41307902,-0.58092225,6.5279465,1.819437,0.3216064,0.402165
0,617,-0.41280454,-0.58103156,6.528118,1.8183589,0.32112792,0.4022421
0,618,-0.41263556,-0.581147,6.531761,1.81948,0.32064638,0.40231854
0,619,-0.4126889,-0.58118045,6.525749,1.8185377,0.32016173,0.40239432
0,620,-0.41263485,-0.5813351,6.531004,1.8200727,0.319674,0.40246943
0,621,-0.4122885,-0.5811907,6.526783,1.8191848,0.31918317,0.40254384
0,622,-0.41243052,-0.5814739,6.5301285,1.8204184,0.31868926,0.40261757
0,623,-0.4119109,-0.58120364,6.533945,1.8199492,0.31819224,0.40269062
0,624,-0.41185415,-0.5814051,6.531151,1.8210645,0.31769213,0.40276295
0,625,-0.41180003,-0.5814174,6.525276,1.8203893,0.31718895,0.4028346
0,626,-0.41159403,-0.58151203,6.5260563,1.8207693,0.31668264,0.40290552
0,627,-0.41125238,-0.58152765,6.5288467,1.820734,0.31617326,0.40297574
0,628,-0.41139364,-0.5816852,6.5304832,1.8206344,0.31566074,0.4030452
0,629,-0.41101623,-0.58180785,6.5269146,1.8195896,0.31514513,0.40311396
0,630,-0.41114724,-0.5818731,6.5278625,1.8203211,0.31462646,0.40318197
0,631,-0.4108876,-0.5819442,6.5242023,1.8194809,0.31410465,0.40324923
0,632,-0.41088784,-0.58198404,6.5271187,1.8204575,0.31357974,0.40331575
0,633,-0.41057068,-0.5820297,6.5198345,1.820075,0.31305173,0.4033815
0,634,-0.41061985,-0.58203024,6.526844,1.8208785,0.3125206,0.4034465
0,635,-0.4102847,-0.58209854,6.5276012,1.8205605,0.31198636,0.40351072
0,636,-0.41030502,-0.58209795,6.5278797,1.8212357,0.31144902,0.40357414
0,637,-0.41006023,-0.5824525,6.527054,1.8208642,0.3109086,0.4036368
0,638,-0.40995938,-0.582174,6.533985,1.8214412,0.31036502,0.40369868
0,639,-0.40979135,-0.5824484,6.52672,1.8210506,0.30981836,0.40375975
0,640,-0.4097047,-0.5823388,6.52944,1.8215837,0.30926856,0.40382
0,641,-0.40955496,-0.58249515,6.527054,1.8210359,0.30871567,0.40387946
0,642,-0.4095977,-0.5825257,6.524433,1.8200798,0.30815968,0.4039381
0,643,-0.40928507,-0.58247846,6.5259476,1.8213749,0.30760056,0.40399593
0,644,-0.40927678,-0.5826134,6.524399,1.8206291,0.3070383,0.4040529
0,645,-0.4090119,-0.582585,6.5292416,1.822021,0.30647296,0.40410906
0,646,-0.4088319,-0.5826425,6.524271,1.8215318,0.3059045,0.40416434
0,647,-0.40873474,-0.58292544,6.5282707,1.8222837,0.30533293,0.40421882
0,648,-0.40863317,-0.582834,6.5251713,1.8217854,0.30475822,0.4042724
0,649,-0.4084525,-0.58301985,6.534891,1.8225594,0.3041804,0.40432516
0,650,-0.4084391,-0.5831159,6.5266075,1.8219128,0.30359948,0.404377
0,651,-0.4081537,-0.5830377,6.5264816,1.8226905,0.30301544,0.40442804
0,652,-0.40814078,-0.58297354,6.5266895,1.8225365,0.30242828,0.40447813
0,653,-0.40793604,-0.5831379,6.5275993,1.8229699,0.301838,0.40452737
0,654,-0.4078607,-0.58318484,6.527094,1.823194,0.3012446,0.4045757
0,655,-0.40776777,-0.58330387,6.528675,1.823432,0.3006481,0.40462312
0,656,-0.407696,-0.58346605,6.528597,1.8229718,0.30004844,0.40466964
0,657,-0.407452,-0.5836216,6.5289593,1.8240142,0.2994457,0.40471524
0,658,-0.40733063,-0.58349806,6.524782,1.822608,0.29883984,0.40475994
0,659,-0.40711778,-0.5835755,6.527708,1.824554,0.29823086,0.4048037
0,660,-0.40711254,-0.5835239,6.5210094,1.8231387,0.29761875,0.40484655
0,661,-0.40694547,-0.5837457,6.5343456,1.824902,0.29700354,0.40488842
0,662,-0.40693492,-0.5835982,6.525955,1.8239884,0.2963852,0.40492937
0,663,-0.40678477,-0.5838885,6.5283413,1.8250518,0.29576373,0.40496936
0,664,-0.406699,-0.58371425,6.5259666,1.8244963,0.29513916,0.4050084
0,665,-0.40647495,-0.58396477,6.522396,1.8248339,0.29451147,0.40504646
0,666,-0.4064374,-0.58397776,6.5261917,1.8247142,0.29388067,0.40508357
0,667,-0.40623462,-0.58411396,6.53351,1.8249421,0.29324678,0.4051197
0,668,-0.40627033,-0.5842203,6.5271683,1.8238411,0.29260972,0.40515482
0,669,-0.4059391,-0.58424896,6.529196,1.8256583,0.2919696,0.40518898
0,670,-0.40603262,-0.58430386,6.5274086,1.8238401,0.2913263,0.40522212
0,671,-0.4056673,-0.5843725,6.5285263,1.8253741,0.29067996,0.40525427
0,672,-0.4057243,-0.5843761,6.5271893,1.8257937,0.29003048,0.40528542
0,673,-0.40549403,-0.58451897,6.5281124,1.825738,0.28937787,0.40531552
0,674,-0.40536845,-0.5845435,6.528702,1.8257899,0.28872216,0.40534464
0,675,-0.40529436,-0.5846944,6.528246,1.8254418,0.28806335,0.4053727
0,676,-0.40507233,-0.58450496,6.529808,1.8256674,0.2874014,0.40539974
0,677,-0.4049458,-0.58477837,6.5283127,1.8258486,0.2867364,0.40542573
0,678,-0.4047978,-0.58470243,6.524132,1.8264103,0.28606823,0.40545067
0,679,-0.40458542,-0.5848395,6.527916,1.8263354,0.285397,0.40547457
0,680,-0.40450394,-0.58479774,6.526804,1.8267097,0.28472263,0.40549743
0,681,-0.40423626,-0.58495885,6.5278625,1.8266277,0.2840452,0.4055192
0,682,-0.40435517,-0.5849,6.525963,1.8274693,0.28336462,0.4055399
0,683,-0.4040988,-0.5848341,6.530388,1.8271818,0.28268096,0.4055595
0,684,-0.40410662,-0.5850948,6.5246277,1.8271198,0.28199416,0.40557805
0,685,-0.40386283,-0.5849987,6.5282326,1.826891,0.2813043,0.4055955
0,686,-0.40379798,-0.58518714,6.5277634,1.8267436,0.28061134,0.40561184
0,687,-0.40362495,-0.58522666,6.5325584,1.8270521,0.27991527,0.4056271
0,688,-0.40353227,-0.58523,6.530842,1.8262696,0.2792161,0.40564123
0,689,-0.4034043,-0.5851543,6.5288143,1.8272271,0.27851388,0.40565425
0,690,-0.4031633,-0.585337,6.531204,1.8273201,0.27780852,0.40566617
0,691,-0.40314317,-0.58513844,6.527256,1.8272457,0.2771001,0.40567693
0,692,-0.402816,-0.58558434,6.527731,1.8287396,0.27638856,0.4056866
0,693,-0.40279484,-0.58540606,6.5303497,1.8273077,0.27567393,0.40569508
0,694,-0.40273476,-0.5857282,6.529846,1.8289285,0.27495623,0.40570244
0,695,-0.4023649,-0.5857274,6.52466,1.827661,0.27423543,0.40570864
0,696,-0.40254092,-0.58577335,6.5320473,1.829103,0.27351156,0.40571368
0,697,-0.40239942,-0.5859636,6.534361,1.8287096,0.2727846,0.40571755
0,698,-0.40233982,-0.5859336,6.5304756,1.8295369,0.27205455,0.40572026
0,699,-0.40190625,-0.5860764,6.531227,1.8293715,0.27132145,0.40572178
0,700,-0.4020126,-0.58613575,6.5288677,1.8300152,0.27058524,0.40572214
0,701,-0.401551,-0.58608085,6.5333366,1.8292718,0.26984596,0.4057213
0,702,-0.40169913,-0.58633363,6.5317345,1.8301039,0.26910365,0.40571928
0,703,-0.40133452,-0.58620214,6.5307026,1.8290648,0.26835823,0.40571603
0,704,-0.40140408,-0.58635443,6.5280037,1.8298182,0.26760975,0.4057116
0,705,-0.40116882,-0.58652043,6.5288143,1.8290863,0.2668582,0.40570596
0,706,-0.40138376,-0.5864393,6.530142,1.8303671,0.2661036,0.40569907
0,707,-0.40099198,-0.5865818,6.5274353,1.8290958,0.2653459,0.40569097
0,708,-0.40113592,-0.5865237,6.533722,1.8309035,0.26458517,0.40568164
0,709,-0.40064692,-0.58668196,6.5289497,1.8300023,0.2638214,0.4056711
0,710,-0.40074235,-0.586643,6.5343456,1.8310328,0.26305452,0.4056593
0,711,-0.40054083,-0.58684963,6.5304203,1.8307147,0.26228464,0.40564623
0,712,-0.40041018,-0.58677465,6.5305023,1.8317189,0.26151168,0.4056319
0,713,-0.4002272,-0.5869601,6.530651,1.8313055,0.26073566,0.40561634
0,714,-0.40017128,-0.5869233,6.531454,1.8315806,0.25995663,0.4055995
0,715,-0.3998679,-0.58699787,6.5332623,1.8323793,0.25917453,0.40558138
0,716,-0.40013027,-0.58707803,6.5325603,1.8314571,0.2583894,0.405562
0,717,-0.39962494,-0.5870762,6.531233,1.8324533,0.25760123,0.40554133
0,718,-0.399813,-0.58722025,6.5308113,1.8318987,0.25681004,0.40551937
0,719,-0.39939278,-0.58718103,6.5296974,1.8325868,0.25601578,0.40549612
0,720,-0.3993379,-0.5872259,6.527651,1.8322811,0.2552185,0.40547156
0,721,-0.39913726,-0.5873591,6.533104,1.8321562,0.25441822,0.4054457
0,722,-0.39918262,-0.58722264,6.5277843,1.8327441,0.2536149,0.40541852
0,723,-0.39892328,-0.5874803,6.536133,1.8322306,0.25280857,0.40539002
0,724,-0.39878988,-0.58731335,6.527054,1.8330808,0.2519992,0.4053602
0,725,-0.39873457,-0.58750343,6.5312824,1.8318682,0.25118682,0.40532902
0,726,-0.39867038,-0.5874295,6.5267525,1.8331771,0.25037143,0.40529653
0,727,-0.39868176,-0.58758855,6.5316257,1.8317661,0.24955302,0.4052627
0,728,-0.39825332,-0.58760554,6.5350094,1.8329816,0.24873161,0.40522754
0,729,-0.39837164,-0.58778054,6.526991,1.8320942,0.2479072,0.405191
0,730,-0.39779347,-0.58778536,6.5310974,1.8329711,0.24707979,0.4051531
0,731,-0.39794463,-0.5879034,6.528984,1.8326054,0.2462494,0.40511385
0,732,-0.39775318,-0.58779174,6.5305805,1.8333254,0.24541599,0.4050732
0,733,-0.39786923,-0.58793646,6.530634,1.8335795,0.24457958,0.4050312
0,734,-0.397456,-0.5877499,6.532591,1.8336005,0.2437402,0.4049878
0,735,-0.3977741,-0.5881004,6.5321655,1.8336658,0.24289784,0.40494305
0,736,-0.39716578,-0.58792263,6.534502,1.8336468,0.2420525,0.40489686
0,737,-0.39722848,-0.58814764,6.5323334,1.8338389,0.24120417,0.4048493
0,738,-0.39686602,-0.58826274,6.534464,1.8338151,0.24035287,0.40480033
0,739,-0.39676785,-0.5881743,6.5301933,1.8340087,0.23949862,0.40474993
0,740,-0.39667428,-0.5883627,6.5336475,1.8340783,0.23864138,0.40469813
0,741,-0.3966049,-0.58842635,6.5237064,1.8336811,0.23778118,0.4046449
0,742,-0.39627725,-0.588428,6.531986,1.8340039,0.23691802,0.40459028
0,743,-0.3963685,-0.5885193,6.530571,1.8337221,0.23605192,0.4045342
0,744,-0.39594793,-0.58853203,6.5291595,1.8339953,0.23518285,0.40447667
0,745,-0.39598668,-0.5885796,6.532852,1.834333,0.23431084,0.4044177
0,746,-0.39580595,-0.5887169,6.5266685,1.8344536,0.23343588,0.40435728
0,747,-0.39578325,-0.5886619,6.531601,1.8348651,0.232558,0.40429544
0,748,-0.3956148,-0.588745,6.537014,1.8349762,0.23167716,0.4042321
0,749,-0.39536363,-0.5887377,6.527132,1.8351722,0.2307934,0.40416732
0,750,-0.39528513,-0.58893734,6.5335426,1.8356686,0.22990671,0.40410104
0,751,-0.39529622,-0.58893144,6.5307884,1.836309,0.2290171,0.4040333
0,752,-0.39490867,-0.58907115,6.5311146,1.8365774,0.22812456,0.4039641
0,753,-0.39515972,-0.5891313,6.5362988,1.837976,0.22722912,0.40389338
0,754,-0.3946619,-0.58913785,6.529995,1.8371472,0.22633076,0.40382117
0,755,-0.39508653,-0.5891571,6.534254,1.836278,0.22542949,0.40374747
0,756,-0.39446265,-0.5892255,6.535677,1.8360538,0.22452532,0.40367228
0,757,-0.39451355,-0.58932084,6.532858,1.8365974,0.22361824,0.40359557
0,758,-0.39424974,-0.58942306,6.5323067,1.8359928,0.22270828,0.40351734
0,759,-0.39445633,-0.58933,6.5326786,1.8365903,0.22179542,0.40343758
0,760,-0.39402282,-0.58940995,6.5285397,1.8359628,0.22087969,0.40335634
0,761,-0.39430046,-0.5894662,6.5325756,1.8360839,0.21996106,0.40327352
0,762,-0.39372933,-0.58957464,6.531822,1.8360715,0.21903957,0.4031892
0,763,-0.39391643,-0.58942026,6.5325127,1.8361535,0.2181152,0.40310332
0,764,-0.39344478,-0.5896298,6.535019,1.8365355,0.21718797,0.4030159
0,765,-0.3935119,-0.5895577,6.5316677,1.8374333,0.21625787,0.40292692
0,766,-0.3931802,-0.58970165,6.534565,1.8370357,0.21532491,0.4028364
0,767,-0.39322317,-0.5897148,6.531044,1.8385434,0.2143891,0.40274432
0,768,-0.39296895,-0.58990324,6.534218,1.8373356,0.21345045,0.40265065
0,769,-0.39294165,-0.5898125,6.531851,1.8396912,0.21250895,0.40255544
0,770,-0.39278078,-0.58994377,6.534193,1.8381348,0.21156462,0.40245864
0,771,-0.3925606,-0.58984476,6.535343,1.8383889,0.21061744,0.40236026
0,772,-0.39244193,-0.5901088,6.5344887,1.8381038,0.20966744,0.40226027
0,773,-0.39240664,-0.5898911,6.5321217,1.8387165,0.20871462,0.4021587
0,774,-0.39219654,-0.590243,6.5346127,1.8380642,0.20775898,0.40205556
0,775,-0.39214438,-0.5901429,6.533098,1.8391199,0.20680052,0.4019508
0,776,-0.39191806,-0.590197,6.534607,1.8383183,0.20583926,0.4018444
0,777,-0.39192915,-0.5903166,6.5337677,1.8389125,0.20487519,0.40173644
0,778,-0.39178264,-0.59036547,6.534794,1.8385153,0.20390832,0.40162686
0,779,-0.3917138,-0.59026974,6.5340767,1.8394065,0.20293868,0.40151563
0,780,-0.391729,-0.5905104,6.5347424,1.8391056,0.20196623,0.40140277
0,781,-0.3914259,-0.5903352,6.5335426,1.8396974,0.200991,0.4012883
0,782,-0.39154202,-0.59063,6.5340595,1.8396144,0.200013,0.40117216
0,783,-0.3911438,-0.5905195,6.534317,1.8402982,0.19903223,0.4010544
0,784,-0.39119947,-0.59073585,6.5323486,1.8402834,0.19804868,0.400935
0,785,-0.39094806,-0.59069455,6.5340004,1.8413038,0.19706239,0.40081394
0,786,-0.39080977,-0.5908096,6.534937,1.840632,0.19607334,0.40069124
0,787,-0.39064538,-0.59077966,6.533947,1.8422093,0.19508153,0.40056685
0,788,-0.3905868,-0.5909215,6.5375843,1.8407369,0.19408698,0.4004408
0,789,-0.3903156,-0.5908027,6.5340557,1.8410492,0.19308971,0.4003131
0,790,-0.39052057,-0.5910299,6.5347157,1.8404441,0.19208969,0.4001837
0,791,-0.38994873,-0.5908005,6.536049,1.8405986,0.19108695,0.40005264
0,792,-0.39013636,-0.5910324,6.5330906,1.8400621,0.19008149,0.3999199
0,793,-0.38977242,-0.59098417,6.5349503,1.8409576,0.18907332,0.39978543
0,794,-0.389758,-0.5913303,6.5350323,1.8401394,0.18806243,0.3996493
0,795,-0.38966268,-0.59116876,6.5336323,1.8413477,0.18704885,0.39951146
0,796,-0.38956767,-0.5913563,6.536619,1.8404646,0.18603256,0.39937192
0,797,-0.3893066,-0.5913088,6.5333576,1.8420949,0.18501359,0.39923066
0,798,-0.38933563,-0.59142035,6.5326157,1.8417697,0.18399194,0.3990877
0,799,-0.3889439,-0.59145135,6.534111,1.8420935,0.1829676,0.398943
0,800,-0.38906217,-0.5915874,6.533882,1.8423066,0.18194059,0.3987966
0,801,-0.38884777,-0.5915847,6.5359325,1.8420997,0.18091092,0.39864847
0,802,-0.38880634,-0.5916756,6.535267,1.8423972,0.17987858,0.3984986
0,803,-0.3886454,-0.591618,6.537611,1.8416295,0.1788436,0.398347
0,804,-0.3885607,-0.591713,6.535549,1.8422031,0.17780596,0.39819363
0,805,-0.3884619,-0.59162,6.5338306,1.8421884,0.17676568,0.39803854
0,806,-0.38832122,-0.59191066,6.5353985,1.8425035,0.17572278,0.39788172
0,807,-0.38830978,-0.5918241,6.534462,1.8421011,0.17467724,0.3977231
0,808,-0.38803583,-0.59200704,6.535305,1.8427701,0.17362908,0.39756274
0,809,-0.38788074,-0.5918034,6.535269,1.8427157,0.1725783,0.39740065
0,810,-0.38773823,-0.5920426,6.53368,1.8427596,0.17152491,0.39723673
0,811,-0.38752264,-0.59195113,6.5364685,1.8431911,0.17046893,0.3970711
0,812,-0.38741452,-0.5921515,6.5319786,1.843082,0.16941035,0.39690366
0,813,-0.38736242,-0.59210795,6.534565,1.8432045,0.16834918,0.39673442
0,814,-0.3871801,-0.59218746,6.5344143,1.8431759,0.16728543,0.39656344
0,815,-0.3872248,-0.59219295,6.532831,1.8433409,0.1662191,0.39639065
0,816,-0.38690925,-0.59228444,6.5350513,1.8431187,0.1651502,0.39621603
0,817,-0.38697827,-0.59230775,6.5336494,1.8436446,0.16407874,0.39603966
0,818,-0.386563,-0.5923933,6.53459,1.8439603,0.16300473,0.39586148
0,819,-0.3867275,-0.5924167,6.534363,1.8440847,0.16192816,0.39568147
0,820,-0.38644105,-0.592484,6.5374374,1.8445377,0.16084906,0.39549968
0,821,-0.38641906,-0.5925219,6.534374,1.844099,0.15976742,0.39531603
0,822,-0.38616353,-0.59249496,6.534256,1.8446212,0.15868326,0.3951306
0,823,-0.38614875,-0.59263086,6.5388794,1.8440909,0.15759657,0.39494333
0,824,-0.38591373,-0.5926689,6.5311775,1.8447771,0.15650737,0.39475423
0,825,-0.38579047,-0.5926168,6.5356426,1.8446326,0.15541568,0.39456332
0,826,-0.3856967,-0.59277666,6.5365562,1.8448634,0.15432148,0.39437056
0,827,-0.3855909,-0.59287095,6.531061,1.8452806,0.15322478,0.39417595
0,828,-0.3854221,-0.59285736,6.536215,1.844923,0.15212561,0.3939795
0,829,-0.385453,-0.59288174,6.531124,1.8458714,0.15102395,0.39378121
0,830,-0.38517356,-0.59298915,6.5379257,1.8453541,0.14991984,0.39358106
0,831,-0.38519883,-0.5930067,6.5348625,1.8457513,0.14881325,0.39337906
0,832,-0.38485456,-0.5931368,6.5345135,1.8457637,0.14770421,0.39317518
0,833,-0.3848666,-0.5931815,6.535778,1.8453746,0.14659272,0.39296946
0,834,-0.38454604,-0.5932078,6.535677,1.845881,0.1454788,0.39276186
0,835,-0.38463283,-0.59317696,6.5360394,1.8457899,0.14436243,0.39255238
0,836,-0.38434142,-0.5932045,6.534382,1.846168,0.14324366,0.39234105
0,837,-0.38424665,-0.59326756,6.5360603,1.8461695,0.14212246,0.3921278
0,838,-0.38423115,-0.5934029,6.535366,1.8462172,0.14099886,0.3919127
0,839,-0.3839568,-0.59340155,6.5359077,1.8465247,0.13987283,0.3916957
0,840,-0.3838898,-0.5935732,6.535269,1.8465581,0.13874443,0.3914768
0,841,-0.38380897,-0.59357285,6.5345116,1.846817,0.13761364,0.39125603
0,842,-0.38362318,-0.5935925,6.5353565,1.8471475,0.13648048,0.39103335
0,843,-0.38366562,-0.59362686,6.532055,1.8469434,0.13534494,0.39080876
0,844,-0.38337123,-0.59383065,6.5349884,1.8474298,0.13420703,0.39058226
0,845,-0.38327062,-0.5937007,6.5345364,1.8469572,0.13306677,0.39035386
0,846,-0.38313437,-0.5938015,6.5348454,1.847702,0.13192417,0.39012355
0,847,-0.38283587,-0.5939206,6.535307,1.84722,0.13077922,0.3898913
0,848,-0.38300574,-0.59380525,6.534788,1.8474717,0.12963195,0.38965714
0,849,-0.3824824,-0.59393007,6.535061,1.8472452,0.12848236,0.38942105
0,850,-0.3826505,-0.59395266,6.5344677,1.8472495,0.12733045,0.38918304
0,851,-0.38242692,-0.59407675,6.535509,1.8481584,0.12617622,0.3889431
0,852,-0.38236785,-0.59411895,6.5336742,1.8475065,0.12501971,0.38870123
0,853,-0.38222307,-0.59416175,6.5352383,1.8483958,0.1238609,0.38845742
0,854,-0.38206983,-0.594218,6.53253,1.8475304,0.12269982,0.38821164
0,855,-0.381755,-0.59414405,6.5351105,1.8488021,0.121536456,0.38796392
0,856,-0.38189042,-0.59423405,6.536003,1.8481207,0.12037083,0.38771427
0,857,-0.38146764,-0.59421825,6.5349216,1.8489075,0.11920294,0.38746268
0,858,-0.38163865,-0.5944272,6.5362453,1.8486133,0.11803281,0.3872091
0,859,-0.3813069,-0.5944207,6.535654,1.8490386,0.11686044,0.38695356
0,860,-0.38132548,-0.59446925,6.5360756,1.8483539,0.115685835,0.38669607
0,861,-0.38113034,-0.59449285,6.535984,1.8489208,0.11450901,0.3864366
0,862,-0.38110554,-0.5945231,6.53693,1.8477678,0.11332996,0.3861752
0,863,-0.38103116,-0.5946298,6.535879,1.849247,0.11214872,0.3859118
0,864,-0.3807965,-0.5946645,6.5365543,1.8487539,0.110965274,0.3856464
0,865,-0.38084173,-0.59466755,6.535349,1.8494887,0.10977964,0.38537905
0,866,-0.3804807,-0.5947687,6.535961,1.849473,0.108591825,0.3851097
0,867,-0.38052553,-0.5947947,6.5351925,1.849155,0.10740184,0.38483837
0,868,-0.3801871,-0.5948834,6.5345078,1.8501563,0.10620969,0.38456506
0,869,-0.3801641,-0.59499186,6.534931,1.8494992,0.10501539,0.38428974
0,870,-0.3800441,-0.5949417,6.532694,1.849802,0.10381894,0.38401243
0,871,-0.37994546,-0.5950968,6.535572,1.8498116,0.102620356,0.38373312
0,872,-0.37970716,-0.5950699,6.5356255,1.8498669,0.10141965,0.38345182
0,873,-0.3796686,-0.5950894,6.535431,1.850409,0.10021682,0.38316852
0,874,-0.3794384,-0.59521073,6.535633,1.8500204,0.09901188,0.3828832
0,875,-0.37938166,-0.5953262,6.5349503,1.8511033,0.097804844,0.38259584
0,876,-0.37912232,-0.5953164,6.535927,1.8503246,0.09659571,0.3823065
0,877,-0.37917364,-0.595387,6.5349045,1.8511286,0.0953845,0.38201514
0,878,-0.3789491,-0.5953476,6.536686,1.8506465,0.09417122,0.38172174
0,879,-0.3789295,-0.59548265,6.5354576,1.8512115,0.09295587,0.38142633
0,880,-0.378747,-0.5954982,6.5354385,1.850698,0.09173847,0.38112888
0,881,-0.3785283,-0.59561974,6.535864,1.8511677,0.09051902,0.38082942
0,882,-0.37846708,-0.5955604,6.537201,1.8511758,0.08929753,0.3805279
0,883,-0.37829822,-0.59562594,6.536373,1.8513274,0.08807402,0.38022438
0,884,-0.378197,-0.595576,6.537712,1.8517461,0.08684849,0.3799188
0,885,-0.3780201,-0.5957011,6.536442,1.8516259,0.085620955,0.3796112
0,886,-0.3779363,-0.59570456,6.5375366,1.8518796,0.084391415,0.37930155
0,887,-0.37772697,-0.59580624,6.536318,1.851932,0.08315989,0.37898985
0,888,-0.3775956,-0.5957988,6.536005,1.8521705,0.08192638,0.3786761
0,889,-0.37755936,-0.5958956,6.5362377,1.8519325,0.080690905,0.3783603
0,890,-0.37741506,-0.5959433,6.5356846,1.8524232,0.07945347,0.37804243
0,891,-0.37733185,-0.5959564,6.536381,1.8522601,0.07821408,0.37772253
0,892,-0.37717515,-0.5960598,6.5354156,1.852633,0.076972745,0.37740055
0,893,-0.37703872,-0.5960385,6.5361786,1.8525572,0.07572948,0.3770765
0,894,-0.37694985,-0.5960351,6.535145,1.8522358,0.074484296,0.3767504
0,895,-0.37666637,-0.596131,6.5364017,1.8527789,0.073237196,0.37642223
0,896,-0.3767324,-0.596108,6.5347614,1.8526568,0.071988195,0.376092
0,897,-0.3764099,-0.596199,6.5363884,1.852922,0.070737295,0.3757597
0,898,-0.37648106,-0.59620756,6.534096,1.8527241,0.06948452,0.3754253
0,899,-0.37626302,-0.5962456,6.5360107,1.8529973,0.06822986,0.37508884
0,900,-0.37608254,-0.59626704,6.5343056,1.8531909,0.06697334,0.3747503
0,901,-0.37602627,-0.59634304,6.535969,1.8536563,0.06571497,0.37440968
0,902,-0.37583673,-0.5963902,6.534897,1.8537021,0.06445476,0.37406695
0,903,-0.37572646,-0.5964635,6.535122,1.8535275,0.0631927,0.37372217
0,904,-0.37562883,-0.5965311,6.535324,1.8541551,0.061928827,0.37337527
0,905,-0.37542588,-0.5965766,6.535366,1.8540478,0.060663138,0.37302628
0,906,-0.37532437,-0.5965442,6.5331497,1.8541002,0.059395645,0.3726752
0,907,-0.37523186,-0.5965699,6.535841,1.8541374,0.058126356,0.37232205
0,908,-0.37512732,-0.5966907,6.534954,1.8543353,0.056855284,0.37196678
0,909,-0.3750205,-0.5967744,6.5367603,1.8542299,0.055582438,0.37160942
0,910,-0.3748256,-0.5967205,6.53574,1.8547621,0.054307826,0.37124994
0,911,-0.37468427,-0.5967577,6.537054,1.8545427,0.053031463,0.37088835
0,912,-0.37469184,-0.59686106,6.536421,1.855104,0.051753357,0.37052467
0,913,-0.37446517,-0.5968418,6.536915,1.8549123,0.050473515,0.37015888
0,914,-0.3743871,-0.59695387,6.5361557,1.8552132,0.049191955,0.36979097
0,915,-0.37424624,-0.5969815,6.5355873,1.8550472,0.04790868,0.36942095
0,916,-0.37410426,-0.59704626,6.5357857,1.8552847,0.0466237,0.3690488
0,917,-0.37398732,-0.59713453,6.53368,1.855412,0.045337033,0.36867455
0,918,-0.37385738,-0.59723556,6.535242,1.8552403,0.04404868,0.36829817
0,919,-0.3737263,-0.59716445,6.5324173,1.855597,0.04275866,0.36791968
0,920,-0.37371266,-0.5972875,6.534775,1.8557839,0.041466977,0.36753908
0,921,-0.37340552,-0.59740454,6.533226,1.8557639,0.040173646,0.36715633
0,922,-0.37334627,-0.5973874,6.534292,1.85566,0.038878676,0.36677146
0,923,-0.3733005,-0.59749496,6.534128,1.8558369,0.037582077,0.36638445
0,924,-0.3731442,-0.59740853,6.534561,1.8558283,0.036283858,0.36599532
0,925,-0.37297606,-0.5975353,6.534477,1.8559418,0.034984034,0.36560407
0,926,-0.3729452,-0.59762347,6.5346756,1.8560596,0.03368261,0.36521065
0,927,-0.372719,-0.5975478,6.5349846,1.8563399,0.0323796,0.36481512
0,928,-0.3726083,-0.59766024,6.535084,1.8565345,0.031075016,0.36441743
0,929,-0.37243587,-0.59763575,6.5348454,1.8567705,0.029768867,0.36401764
0,930,-0.37248307,-0.5977382,6.53553,1.856657,0.028461164,0.36361566
0,931,-0.3722402,-0.59784317,6.53463,1.8569851,0.027151918,0.36321157
0,932,-0.37219167,-0.59788555,6.536871,1.8568206,0.02584114,0.36280534
0,933,-0.37193978,-0.5978592,6.534815,1.8572145,0.024528839,0.36239693
0,934,-0.37182987,-0.5979344,6.53743,1.857306,0.023215028,0.3619864
0,935,-0.37165922,-0.5979194,6.5353374,1.8578224,0.021899717,0.3615737
0,936,-0.37153745,-0.59792846,6.5354595,1.8577127,0.020582918,0.36115888
0,937,-0.3713845,-0.59802395,6.535301,1.8576674,0.019264642,0.36074188
0,938,-0.37136805,-0.59807724,6.5352516,1.8580928,0.017944897,0.3603227
0,939,-0.3711803,-0.5981588,6.5349865,1.85779,0.016623698,0.35990143
0,940,-0.3712005,-0.59808743,6.5356026,1.8584914,0.015301053,0.35947797
0,941,-0.37089646,-0.5982512,6.5346336,1.8580337,0.013976975,0.35905233
0,942,-0.37090153,-0.59822816,6.5356617,1.8587303,0.012651475,0.35862455
0,943,-0.37061292,-0.5983196,6.5344734,1.8585668,0.011324563,0.35819462
0,944,-0.3707341,-0.5982678,6.5356007,1.8586059,0.009996251,0.35776252
0,945,-0.37037486,-0.59835905,6.534752,1.858902,0.00866655,0.35732824
0,946,-0.3703603,-0.5983573,6.5355034,1.8583627,0.0073354705,0.3568918
0,947,-0.37006527,-0.59844095,6.534683,1.858995,0.0060030255,0.3564532
0,948,-0.37015688,-0.5983588,6.5345287,1.8584929,0.0046692244,0.35601243
0,949,-0.36980224,-0.59855807,6.534361,1.8591065,0.0033340796,0.35556948
0,950,-0.37004805,-0.5983366,6.5334167,1.8581347,0.0019976022,0.35512438
0,951,-0.36956972,-0.5985741,6.534178,1.8589339,0.00065980345,0.3546771
0,952,-0.3697089,-0.5983547,6.532507,1.8585138,-0.00067930523,0.35422766
0,953,-0.36932117,-0.5986919,6.5343666,1.8589511,-0.0020197125,0.35377604
0,954,-0.36936784,-0.5984687,6.5344296,1.8591104,-0.0033614067,0.3533222
0,955,-0.36903703,-0.59880483,6.534584,1.8593898,-0.0047043767,0.35286623
0,956,-0.36907887,-0.59875035,6.534321,1.8597889,-0.006048611,0.35240808
0,957,-0.36890548,-0.59885013,6.5358105,1.8598809,-0.0073940977,0.35194775
0,958,-0.3687644,-0.5986939,6.5343037,1.8597426,-0.008740826,0.35148525
0,959,-0.36863136,-0.5989709,6.535927,1.8601241,-0.010088783,0.35102057
0,960,-0.36842126,-0.59870607,6.5341988,1.8600726,-0.011437958,0.3505537
0,961,-0.36834276,-0.5990699,6.5355225,1.8603663,-0.01278834,0.35008463
0,962,-0.3682782,-0.59890044,6.536627,1.8604193,-0.014139917,0.3496134
0,963,-0.36820757,-0.599067,6.536049,1.8606248,-0.015492676,0.34914
0,964,-0.36796242,-0.59910434,6.5347214,1.860178,-0.016846607,0.3486644
0,965,-0.36783254,-0.59923995,6.534952,1.8611293,-0.018201698,0.3481866
0,966,-0.36775845,-0.59921575,6.533371,1.8599939,-0.019557936,0.34770665
0,967,-0.36762387,-0.59927684,6.5342503,1.8611913,-0.02091531,0.34722447
0,968,-0.36752695,-0.5993206,6.5328503,1.8599701,-0.02227381,0.34674013
0,969,-0.36739844,-0.5992691,6.533573,1.8612742,-0.023633422,0.3462536
0,970,-0.36722046,-0.59939617,6.534504,1.8600502,-0.024994135,0.34576488
0,971,-0.36709654,-0.5994141,6.5335426,1.8608642,-0.026355937,0.34527397
0,972,-0.36696458,-0.59948874,6.5344715,1.8603363,-0.027718816,0.34478086
0,973,-0.36680228,-0.59952414,6.533785,1.860662,-0.029082758,0.34428558
0,974,-0.36680955,-0.5995297,6.532282,1.860764,-0.030447755,0.34378812
0,975,-0.36665803,-0.59956634,6.5327587,1.8609805,-0.031813793,0.34328845
0,976,-0.36647242,-0.5995984,6.5332127,1.8612504,-0.033180863,0.34278658
0,977,-0.36639696,-0.5995743,6.534626,1.8618474,-0.034548946,0.34228253
0,978,-0.36624068,-0.59969443,6.533739,1.8617663,-0.03591804,0.34177628
0,979,-0.36618972,-0.5995742,6.5328674,1.8618917,-0.037288122,0.34126785
0,980,-0.36599416,-0.59981555,6.5286694,1.8614788,-0.038659185,0.34075722
0,981,-0.36588508,-0.59963006,6.530834,1.8620276,-0.04003122,0.34024438
0,982,-0.36569846,-0.599808,6.531534,1.8615685,-0.04140421,0.33972937
0,983,-0.36568165,-0.5996884,6.533945,1.8623805,-0.04277815,0.33921215
0,984,-0.36543995,-0.5998548,6.533016,1.8616905,-0.044153016,0.33869275
0,985,-0.3654564,-0.59983987,6.5317135,1.862431,-0.045528807,0.33817115
0,986,-0.36530554,-0.60002077,6.531065,1.8618417,-0.046905503,0.33764735
0,987,-0.36514682,-0.5998595,6.5339184,1.8627787,-0.048283096,0.33712137
0,988,-0.36509824,-0.6000381,6.53475,1.8619571,-0.049661577,0.33659315
0,989,-0.3649708,-0.6000122,6.5337067,1.863059,-0.051040925,0.3360628
0,990,-0.36489093,-0.60003984,6.5340366,1.862154,-0.052421138,0.3355302
0,991,-0.364774,-0.59996873,6.5333977,1.8626661,-0.053802192,0.33499542
0,992,-0.36461252,-0.6000722,6.533203,1.8626084,-0.055184085,0.33445847
0,993,-0.36444443,-0.59995735,6.5342846,1.8628325,-0.056566797,0.3339193
0,994,-0.36424166,-0.600115,6.5327377,1.8629503,-0.05795032,0.33337793
0,995,-0.36438423,-0.60007143,6.5332813,1.8627143,-0.059334643,0.3328344
0,996,-0.36402625,-0.60018826,6.532263,1.8636494,-0.06071975,0.33228862
0,997,-0.36404252,-0.60029584,6.5353546,1.8637567,-0.062105633,0.33174068
0,998,-0.3639511,-0.600238,6.5312557,1.8642125,-0.063492276,0.33119053
0,999,-0.36377996,-0.6002744,6.527485,1.8643746,-0.06487966,0.3306382
1,0,-1.0353465,-0.8683638,0.40895653,0.5167537,0.21677358,0.06542955
1,1,-1.0354155,-0.86826164,0.4082203,0.5170431,0.21716641,0.06532742
1,2,-1.0353861,-0.8669599,0.40657234,0.5181384,0.21755894,0.06522873
1,3,-1.0354707,-0.8678311,0.40750313,0.51744175,0.21795115,0.0651335
1,4,-1.0353866,-0.866882,0.40721512,0.51769924,0.21834308,0.06504171
1,5,-1.0354631,-0.8673885,0.40732956,0.5179343,0.2187347,0.06495338
1,6,-1.0355031,-0.86685586,0.4075184,0.5175586,0.21912602,0.06486851
1,7,-1.0355068,-0.867125,0.40733337,0.5180311,0.21951702,0.0647871
1,8,-1.0355767,-0.8668202,0.40694046,0.5178652,0.21990772,0.06470915
1,9,-1.0356265,-0.86686516,0.40745926,0.51789284,0.22029808,0.06463466
1,10,-1.0356005,-0.8667315,0.40603828,0.51811314,0.22068813,0.06456364
1,11,-1.0356094,-0.8665943,0.40769768,0.51802826,0.22107786,0.064496085
1,12,-1.0356523,-0.8666418,0.40686035,0.51805735,0.22146726,0.064431995
1,13,-1.035586,-0.8665153,0.40781784,0.5181174,0.22185633,0.064371385
1,14,-1.0357001,-0.86634505,0.40804863,0.51792336,0.22224505,0.064314246
1,15,-1.035695,-0.8662381,0.40769196,0.5179839,0.22263345,0.06426058
1,16,-1.035704,-0.8662074,0.40748596,0.51823187,0.2230215,0.06421039
1,17,-1.0357276,-0.8660145,0.40804672,0.51794577,0.22340922,0.064163685
1,18,-1.0357296,-0.8659696,0.40727425,0.5181298,0.22379658,0.06412046
1,19,-1.0357561,-0.8659011,0.4079609,0.51793003,0.22418359,0.06408071
1,20,-1.0357877,-0.86578715,0.40794754,0.5180044,0.22457023,0.064044446
1,21,-1.0358244,-0.86571115,0.4079857,0.51804066,0.22495653,0.06401166
1,22,-1.0358502,-0.8655108,0.408453,0.5179796,0.22534247,0.063982375
1,23,-1.0358763,-0.865505,0.40812302,0.5180764,0.22572802,0.06395657
1,24,-1.035858,-0.865371,0.40817833,0.51806784,0.22611323,0.06393426
1,25,-1.0359473,-0.8653258,0.40791893,0.51796913,0.22649805,0.06391543
1,26,-1.0359381,-0.86520064,0.4079399,0.5181966,0.2268825,0.0639001
1,27,-1.035941,-0.86515105,0.40828896,0.51781416,0.22726656,0.06388826
1,28,-1.0360162,-0.8649517,0.40829277,0.51826954,0.22765025,0.063879915
1,29,-1.0360118,-0.8650036,0.40870285,0.51805115,0.22803356,0.06387507
1,30,-1.0360054,-0.8647846,0.40792465,0.518291,0.22841647,0.063873716
1,31,-1.0359854,-0.8647441,0.4091282,0.51820517,0.22879899,0.06387586
1,32,-1.035995,-0.86453533,0.40766907,0.5183034,0.22918111,0.0638815
1,33,-1.036093,-0.86450255,0.40937233,0.5182538,0.22956283,0.06389064
1,34,-1.0361091,-0.86429834,0.40750885,0.5184002,0.22994415,0.06390329
1,35,-1.0360364,-0.86429477,0.40917778,0.51823235,0.23032506,0.06391943
1,36,-1.0360712,-0.86413085,0.40806198,0.5184798,0.23070556,0.06393908
1,37,-1.0361916,-0.8641163,0.4077034,0.51822233,0.23108564,0.06396223
1,38,-1.0361258,-0.86397386,0.40892792,0.5185652,0.23146532,0.06398888
1,39,-1.0361588,-0.8639492,0.40817833,0.5183363,0.23184457,0.06401903
1,40,-1.0362056,-0.8637493,0.40914345,0.518558,0.23222339,0.06405269
1,41,-1.0362325,-0.86371535,0.4090042,0.51861906,0.23260179,0.06408986
1,42,-1.0362567,-0.8635278,0.40955353,0.51860094,0.23297976,0.06413053
1,43,-1.0363747,-0.86352277,0.40957832,0.51861525,0.2333573,0.064174704
1,44,-1.0363055,-0.8633945,0.40934372,0.5187478,0.2337344,0.06422239
1,45,-1.0364729,-0.8633801,0.40978813,0.51871204,0.23411106,0.06427357
1,46,-1.036335,-0.8631032,0.40995407,0.5189004,0.23448727,0.064328276
1,47,-1.0364856,-0.8630699,0.41007233,0.51895523,0.23486303,0.06438648
1,48,-1.0364428,-0.8628582,0.4103279,0.5190468,0.23523834,0.064448185
1,49,-1.0364213,-0.86288065,0.41000557,0.5186248,0.2356132,0.06451341
1,50,-1.0363984,-0.8626733,0.41039276,0.5187993,0.23598759,0.06458213
1,51,-1.0364541,-0.8626555,0.40903854,0.51883364,0.23636153,0.064654365
1,52,-1.0364038,-0.86250806,0.41038895,0.51891613,0.236735,0.0647301
1,53,-1.0365007,-0.8624464,0.4089012,0.5186429,0.237108,0.06480935
1,54,-1.0364634,-0.8622327,0.4107666,0.51906157,0.23748054,0.064892106
1,55,-1.0365347,-0.86223644,0.40958595,0.5185127,0.23785259,0.06497837
1,56,-1.0365522,-0.86204517,0.41090775,0.5191593,0.23822416,0.06506814
1,57,-1.0365654,-0.8619698,0.41016197,0.5187583,0.23859526,0.065161414
1,58,-1.0366478,-0.8618653,0.4108429,0.51908207,0.23896587,0.0652582
1,59,-1.0366403,-0.86178064,0.41104126,0.51902676,0.23933598,0.06535848
1,60,-1.0366607,-0.86159164,0.41138458,0.5191746,0.2397056,0.06546228
1,61,-1.0366516,-0.8615513,0.41181755,0.5191331,0.24007474,0.06556958
1,62,-1.0367525,-0.8614357,0.41170883,0.51926947,0.24044338,0.065680385
1,63,-1.0366048,-0.86133116,0.4119568,0.5191674,0.2408115,0.06579469
1,64,-1.0367634,-0.8611883,0.41176605,0.51933146,0.24117912,0.0659125
1,65,-1.0367297,-0.86109924,0.41198158,0.5192709,0.24154623,0.06603382
1,66,-1.0367191,-0.8610774,0.41129494,0.5193286,0.24191283,0.06615864
1,67,-1.0367758,-0.8608833,0.41205978,0.51919365,0.24227892,0.06628695
1,68,-1.0368534,-0.8607907,0.41116524,0.5197239,0.24264447,0.066418774
1,69,-1.0367676,-0.86063945,0.41234398,0.5191169,0.24300951,0.06655409
1,70,-1.036804,-0.86053175,0.41113663,0.5195856,0.24337402,0.0666929
1,71,-1.036847,-0.86039543,0.4121456,0.5194659,0.24373801,0.066835225
1,72,-1.0369182,-0.860374,0.41111374,0.51952887,0.24410145,0.06698103
1,73,-1.0368836,-0.860203,0.41233253,0.5192318,0.24446437,0.06713034
1,74,-1.0369776,-0.8601293,0.4112568,0.51976013,0.24482673,0.067283146
1,75,-1.036898,-0.8599658,0.41252518,0.5195193,0.24518856,0.06743944
1,76,-1.0369896,-0.8599667,0.41151237,0.5198293,0.24554984,0.06759923
1,77,-1.0369323,-0.8597475,0.41205978,0.51971865,0.24591057,0.06776251
1,78,-1.0369856,-0.8597791,0.411623,0.5196967,0.24627075,0.067929275
1,79,-1.0370661,-0.8595754,0.41153908,0.51979876,0.24663036,0.068099536
1,80,-1.0370243,-0.8595382,0.41218758,0.5197959,0.24698941,0.068273276
1,81,-1.0370791,-0.85934794,0.4117031,0.51953983,0.2473479,0.06845051
1,82,-1.0371016,-0.85929346,0.41250038,0.5199928,0.24770582,0.068631224
1,83,-1.0371109,-0.859066,0.41160583,0.5196996,0.24806318,0.068815425
1,84,-1.0370932,-0.8589745,0.41280556,0.5199976,0.24841996,0.0690031
1,85,-1.0372131,-0.8588409,0.41183472,0.51993513,0.24877615,0.06919426
1,86,-1.0371898,-0.8587177,0.41341972,0.5199976,0.24913177,0.06938889
1,87,-1.0372677,-0.8586324,0.4123726,0.5200739,0.24948679,0.069587
1,88,-1.0372728,-0.8585806,0.4133396,0.52017164,0.24984124,0.06978859
1,89,-1.0372746,-0.8585089,0.41270447,0.51998234,0.2501951,0.069993645
1,90,-1.037252,-0.8583075,0.41383553,0.5201597,0.25054833,0.07020217
1,91,-1.0373062,-0.85822713,0.41306114,0.5200143,0.250901,0.07041417
1,92,-1.0373877,-0.8581699,0.41399574,0.5201335,0.25125307,0.07062963
1,93,-1.0374124,-0.8580799,0.4133644,0.52017355,0.2516045,0.070848554
1,94,-1.0374422,-0.85795474,0.41376305,0.520216,0.25195536,0.07107095
1,95,-1.037393,-0.8577547,0.41384315,0.5200176,0.2523056,0.071296796
1,96,-1.0373939,-0.85766673,0.41379738,0.5201707,0.2526552,0.0715261
1,97,-1.0374392,-0.8575863,0.41350555,0.5198879,0.2530042,0.07175887
1,98,-1.0374744,-0.8574879,0.41412735,0.52020836,0.25335255,0.07199508
1,99,-1.0375483,-0.8573312,0.41377258,0.5199747,0.25370032,0.07223475
1,100,-1.0375006,-0.8572984,0.41409683,0.5202708,0.25404742,0.07247786
1,101,-1.0374974,-0.8571516,0.41358757,0.5199337,0.2543939,0.072724424
1,102,-1.0375942,-0.8570359,0.4140625,0.5202732,0.25473976,0.07297443
1,103,-1.0375897,-0.8569529,0.41407013,0.51988935,0.255085,0.07322788
1,104,-1.0375884,-0.85680544,0.41410065,0.52021646,0.25542954,0.07348476
1,105,-1.0376778,-0.85673976,0.41412544,0.5199475,0.25577348,0.07374509
1,106,-1.0377295,-0.85659945,0.41455078,0.52017784,0.25611675,0.074008845
1,107,-1.0377738,-0.8565551,0.4141922,0.5200162,0.25645936,0.07427603
1,108,-1.037726,-0.8563427,0.41462708,0.5203166,0.25680134,0.07454664
1,109,-1.0378243,-0.8563302,0.41421318,0.5200763,0.25714263,0.07482068
1,110,-1.0377208,-0.8561914,0.4150486,0.52043533,0.25748327,0.07509814
1,111,-1.0378352,-0.8560464,0.41437912,0.52015495,0.25782326,0.07537903
1,112,-1.0377946,-0.8558819,0.41485405,0.52045536,0.25816256,0.07566332
1,113,-1.0378338,-0.85581553,0.41457558,0.5202718,0.2585012,0.07595103
1,114,-1.0377731,-0.85579944,0.4144764,0.5204735,0.25883916,0.07624216
1,115,-1.0378298,-0.85558146,0.41475296,0.52053595,0.25917643,0.076536685
1,116,-1.0378823,-0.85555273,0.4141693,0.52078485,0.25951302,0.07683462
1,117,-1.0378399,-0.85542524,0.41518784,0.52058554,0.25984892,0.07713595
1,118,-1.0379087,-0.8553029,0.41456223,0.5209794,0.26018414,0.07744068
1,119,-1.0379698,-0.85516953,0.4150257,0.52057266,0.26051867,0.077748805
1,120,-1.0379726,-0.85506284,0.41581917,0.5208492,0.26085252,0.07806032
1,121,-1.0379931,-0.85500276,0.41516304,0.52095175,0.26118565,0.07837522
1,122,-1.0379337,-0.8548509,0.41594505,0.52106,0.26151806,0.07869351
1,123,-1.0380133,-0.8547756,0.4153824,0.5207629,0.2618498,0.07901518
1,124,-1.0380822,-0.85463667,0.41539192,0.5214062,0.2621808,0.07934022
1,125,-1.0381274,-0.8544954,0.41540527,0.5205822,0.2625111,0.07966864
1,126,-1.0381247,-0.8543754,0.41448402,0.52103615,0.2628407,0.08000043
1,127,-1.0381428,-0.85426325,0.41558647,0.5204387,0.26316956,0.08033558
1,128,-1.0382043,-0.8542568,0.41500092,0.5210328,0.26349768,0.0806741
1,129,-1.0381081,-0.85409176,0.41602325,0.5207472,0.2638251,0.081015974
1,130,-1.0382379,-0.85395837,0.41526985,0.5210409,0.26415178,0.081361204
1,131,-1.0381778,-0.85386413,0.41664886,0.52083254,0.26447773,0.08170979
1,132,-1.038315,-0.85377634,0.4157467,0.5209966,0.26480296,0.08206171
1,133,-1.0382094,-0.8535745,0.4170475,0.52105856,0.26512742,0.08241698
1,134,-1.0383106,-0.8535377,0.41596603,0.5213132,0.26545116,0.08277559
1,135,-1.0383029,-0.8534045,0.41728973,0.5211401,0.26577416,0.083137535
1,136,-1.0383248,-0.85325825,0.41628456,0.5213227,0.26609638,0.08350281
1,137,-1.0384032,-0.8531454,0.41702843,0.5213156,0.26641786,0.08387141
1,138,-1.038449,-0.8531083,0.41662216,0.52116156,0.2667386,0.084243335
1,139,-1.0384245,-0.8529538,0.41679,0.52144,0.26705858,0.084618576
1,140,-1.0384846,-0.8528576,0.41645622,0.521286,0.2673778,0.08499713
1,141,-1.0385504,-0.85270166,0.41648483,0.5212569,0.26769623,0.085379
1,142,-1.0386322,-0.8525636,0.41641998,0.5212965,0.2680139,0.08576417
1,143,-1.0386035,-0.8525136,0.4161396,0.5211415,0.26833078,0.086152636
1,144,-1.0386103,-0.8524413,0.4161625,0.521194,0.26864693,0.0865444
1,145,-1.0385542,-0.8522267,0.41596985,0.5212426,0.26896226,0.08693946
1,146,-1.0385915,-0.8521364,0.41576004,0.5208154,0.26927683,0.08733781
1,147,-1.0386691,-0.85211796,0.41608238,0.521472,0.26959062,0.08773943
1,148,-1.0387063,-0.8519665,0.415802,0.5208683,0.2699036,0.08814434
1,149,-1.0387129,-0.85186267,0.41635323,0.52110004,0.27021578,0.08855252
1,150,-1.0387226,-0.8517592,0.41609192,0.52083445,0.27052718,0.08896396
1,151,-1.0387462,-0.85159194,0.41627312,0.52104855,0.2708378,0.08937867
1,152,-1.0387771,-0.8515319,0.41617393,0.52041864,0.2711476,0.08979664
1,153,-1.038773,-0.8514319,0.41661835,0.52075243,0.2714566,0.09021786
1,154,-1.0388644,-0.8513912,0.41625023,0.52070856,0.27176479,0.09064233
1,155,-1.0389357,-0.8511597,0.4165268,0.5205736,0.27207217,0.09107004
1,156,-1.0389421,-0.85110384,0.41646385,0.52073,0.2723787,0.091501
1,157,-1.0388918,-0.850894,0.41679192,0.52047586,0.27268448,0.09193518
1,158,-1.0389498,-0.85089684,0.41635323,0.52075815,0.2729894,0.092372596
1,159,-1.0388877,-0.8507687,0.41690063,0.52056885,0.2732935,0.09281323
1,160,-1.039022,-0.8507021,0.4166851,0.52076817,0.27359676,0.093257084
1,161,-1.038979,-0.85061187,0.41643715,0.5209732,0.2738992,0.09370415
1,162,-1.0390788,-0.8504801,0.416708,0.52097416,0.27420083,0.094154425
1,163,-1.0390621,-0.8503138,0.4162674,0.52129364,0.2745016,0.094607905
1,164,-1.039058,-0.8502096,0.41684914,0.5210695,0.27480152,0.09506457
1,165,-1.0391011,-0.85008764,0.4166603,0.5212655,0.2751006,0.09552444
1,166,-1.0391154,-0.8499889,0.41713333,0.5211463,0.27539885,0.095987484
1,167,-1.0391778,-0.84990263,0.41657066,0.52127504,0.27569622,0.09645371
1,168,-1.0392315,-0.849804,0.41770172,0.52143574,0.27599278,0.09692311
1,169,-1.0391859,-0.8496456,0.4170723,0.52146673,0.27628845,0.09739569
1,170,-1.0393009,-0.8496392,0.41769028,0.5217118,0.27658325,0.09787142
1,171,-1.0391835,-0.84940773,0.41749573,0.521616,0.27687722,0.09835031
1,172,-1.0392625,-0.84942067,0.41746902,0.52179956,0.27717033,0.098832354
1,173,-1.0392926,-0.8492124,0.4171238,0.5216899,0.27746254,0.09931754
1,174,-1.0393407,-0.8491169,0.4174881,0.52183056,0.2777539,0.09980587
1,175,-1.0393943,-0.8490385,0.4171238,0.5216532,0.27804437,0.100297324
1,176,-1.0394142,-0.84889424,0.41808128,0.52184486,0.27833396,0.100791916
1,177,-1.0394169,-0.8487821,0.41709518,0.52158403,0.2786227,0.10128963
1,178,-1.0394126,-0.84866023,0.4188652,0.52199745,0.27891052,0.10179045
1,179,-1.0393856,-0.84860027,0.41790962,0.521616,0.27919745,0.102294385
1,180,-1.0394119,-0.84841,0.41830444,0.522233,0.2794835,0.10280143
1,181,-1.0394585,-0.84832865,0.41903877,0.5215945,0.27976865,0.10331156
1,182,-1.0394698,-0.84818923,0.41804504,0.5219979,0.2800529,0.103824794
1,183,-1.039575,-0.8481977,0.4183178,0.5216508,0.28033626,0.104341105
1,184,-1.0395441,-0.8480422,0.41846848,0.5221009,0.28061873,0.10486049
1,185,-1.039557,-0.84789634,0.41825485,0.5218258,0.28090027,0.10538296
1,186,-1.0395781,-0.84780025,0.41797066,0.52228546,0.28118092,0.10590848
1,187,-1.0396136,-0.84767526,0.41810226,0.5219879,0.28146064,0.10643707
1,188,-1.0396268,-0.8476684,0.41739082,0.52225876,0.28173944,0.10696871
1,189,-1.0396898,-0.84749913,0.41828918,0.52185583,0.28201735,0.10750339
1,190,-1.039675,-0.8473819,0.41555023,0.52203083,0.2822943,0.10804112
1,191,-1.0397635,-0.84725404,0.4181633,0.5217624,0.28257036,0.10858188
1,192,-1.039773,-0.8471938,0.41833115,0.5223961,0.28284547,0.10912566
1,193,-1.039778,-0.8470868,0.41849136,0.52180576,0.28311965,0.109672464
1,194,-1.0398005,-0.84696317,0.4203415,0.5221157,0.2833929,0.11022228
1,195,-1.0397406,-0.84682715,0.41895103,0.5218849,0.2836652,0.110775106
1,196,-1.0397289,-0.84676224,0.4200077,0.5224104,0.2839366,0.11133093
1,197,-1.0397794,-0.8465776,0.4185543,0.5220189,0.28420702,0.111889735
1,198,-1.0397835,-0.84652793,0.41926384,0.5220537,0.2844765,0.11245154
1,199,-1.0398613,-0.8464558,0.41869545,0.52200556,0.284745,0.113016315
1,200,-1.0399008,-0.8463273,0.4190712,0.5218868,0.28501257,0.11358406
1,201,-1.0398837,-0.8462108,0.41885376,0.5219374,0.2852792,0.11415477
1,202,-1.0399059,-0.8460987,0.41898155,0.5219712,0.28554487,0.11472844
1,203,-1.0399565,-0.8460085,0.41911507,0.52190876,0.28580958,0.11530506
1,204,-1.0399878,-0.84587425,0.419693,0.52201986,0.2860733,0.11588462
1,205,-1.0399537,-0.8458457,0.41927338,0.52192163,0.28633606,0.11646712
1,206,-1.0400124,-0.84566903,0.41962624,0.5218868,0.28659785,0.11705254
1,207,-1.0400879,-0.8455497,0.4196205,0.5221777,0.28685868,0.11764089
1,208,-1.0401326,-0.84551466,0.41984558,0.5219488,0.28711852,0.118232146
1,209,-1.0400544,-0.84542316,0.419672,0.5223341,0.2873774,0.118826315
1,210,-1.0400943,-0.845238,0.41965294,0.522347,0.28763527,0.119423375
1,211,-1.040159,-0.84516865,0.41944504,0.5223985,0.28789216,0.12002333
1,212,-1.040193,-0.8450204,0.41942596,0.5222945,0.28814808,0.12062617
1,213,-1.040168,-0.8449794,0.42010117,0.5224056,0.28840297,0.121231884
1,214,-1.0402262,-0.8448446,0.4190998,0.52218056,0.2886569,0.12184047
1,215,-1.040265,-0.84470534,0.42018318,0.5224986,0.28890982,0.12245191
1,216,-1.0402461,-0.8446319,0.41952515,0.52237797,0.28916174,0.12306621
1,217,-1.0402789,-0.8445562,0.41890526,0.52252865,0.28941265,0.12368335
1,218,-1.0403336,-0.8443519,0.41987038,0.52258396,0.28966254,0.124303326
1,219,-1.0404127,-0.8442769,0.41923523,0.5226002,0.28991145,0.124926135
1,220,-1.0404458,-0.84413266,0.42012215,0.5227461,0.29015934,0.12555178
1,221,-1.0404088,-0.8440808,0.41934395,0.5224476,0.2904062,0.12618022
1,222,-1.0404614,-0.84397,0.4190464,0.52275753,0.29065207,0.12681146
1,223,-1.0404692,-0.84383845,0.42002106,0.5223441,0.2908969,0.12744552
1,224,-1.0405118,-0.8436836,0.41805267,0.522408,0.29114068,0.12808235
1,225,-1.040529,-0.8436631,0.4203205,0.5223007,0.29138345,0.12872197
1,226,-1.0405706,-0.84357584,0.41968155,0.5225582,0.2916252,0.12936437
1,227,-1.0406,-0.84344256,0.4200554,0.5225582,0.29186592,0.13000953
1,228,-1.0406263,-0.84329855,0.41951942,0.52268744,0.2921056,0.13065745
1,229,-1.0406104,-0.8431431,0.42046738,0.522501,0.29234424,0.13130811
1,230,-1.0406662,-0.8430984,0.41978073,0.5225711,0.29258183,0.13196152
1,231,-1.0407164,-0.8428965,0.42049026,0.5225415,0.29281837,0.13261767
1,232,-1.0406868,-0.8428201,0.4201393,0.5223994,0.29305387,0.13327652
1,233,-1.0407349,-0.84277284,0.42025185,0.5227175,0.29328832,0.1339381
1,234,-1.0408128,-0.8426505,0.42046547,0.52263355,0.29352173,0.1346024
1,235,-1.0407113,-0.8425857,0.4208641,0.52306414,0.29375407,0.13526937
1,236,-1.0408459,-0.842422,0.4207058,0.5229182,0.29398534,0.13593906
1,237,-1.0408361,-0.8422786,0.4207592,0.5229182,0.29421556,0.13661142
1,238,-1.0408567,-0.84212977,0.42036438,0.52303267,0.2944447,0.13728645
1,239,-1.0408684,-0.8420563,0.42103004,0.52321386,0.29467282,0.13796414
1,240,-1.040906,-0.84195435,0.42049408,0.52280855,0.29489982,0.1386445
1,241,-1.0409123,-0.84191465,0.4212017,0.5232692,0.29512575,0.1393275
1,242,-1.0409471,-0.8417331,0.42073822,0.52304363,0.29535064,0.14001314
1,243,-1.0409601,-0.8417185,0.42105484,0.523077,0.29557443,0.14070141
1,244,-1.0410085,-0.84155357,0.42103004,0.5229721,0.29579714,0.1413923
1,245,-1.0409276,-0.841468,0.42156792,0.5231161,0.29601875,0.1420858
1,246,-1.0409527,-0.8412412,0.42149925,0.5228777,0.2962393,0.14278191
1,247,-1.0409995,-0.84118485,0.4213524,0.52319765,0.29645872,0.14348061
1,248,-1.0410539,-0.84109485,0.42186165,0.522954,0.29667708,0.14418189
1,249,-1.0410911,-0.84105575,0.42124367,0.5231533,0.29689434,0.14488576
1,250,-1.0410453,-0.8407746,0.42101097,0.5230756,0.2971105,0.14559218
1,251,-1.0410719,-0.8407942,0.42183304,0.52317524,0.29732555,0.14630118
1,252,-1.0411074,-0.84061646,0.42091942,0.5228934,0.2975395,0.14701271
1,253,-1.0410798,-0.84051144,0.42199516,0.5233741,0.29775232,0.14772679
1,254,-1.0411627,-0.8403787,0.4212742,0.5231085,0.29796407,0.1484434
1,255,-1.0411903,-0.84038377,0.42201996,0.5234227,0.29817468,0.14916253
1,256,-1.0412157,-0.8401319,0.4218464,0.5232911,0.2983842,0.14988416
1,257,-1.0412054,-0.8400879,0.42246246,0.5234561,0.29859257,0.15060832
1,258,-1.0412451,-0.8399738,0.422184,0.5233035,0.29879984,0.15133496
1,259,-1.0413004,-0.83989525,0.4222412,0.5235076,0.299006,0.15206407
1,260,-1.0413408,-0.8398028,0.4221878,0.5233383,0.29921103,0.15279567
1,261,-1.0413843,-0.83964145,0.42183113,0.5238342,0.2994149,0.15352973
1,262,-1.041382,-0.839577,0.42202377,0.52365637,0.29961765,0.15426625
1,263,-1.0414387,-0.8394833,0.42181587,0.52352667,0.2998193,0.15500522
1,264,-1.0413414,-0.8393518,0.42266846,0.5238395,0.30001977,0.15574661
1,265,-1.0414435,-0.8392046,0.4220047,0.52379465,0.30021912,0.15649045
1,266,-1.0413761,-0.83910453,0.42304993,0.52363634,0.30041733,0.1572367
1,267,-1.0415356,-0.83893526,0.42234612,0.5234165,0.3006144,0.15798534
1,268,-1.0414748,-0.8388279,0.42267227,0.52361965,0.3008103,0.1587364
1,269,-1.0415744,-0.8387699,0.4223957,0.5234833,0.30100507,0.15948984
1,270,-1.041532,-0.8386195,0.42138863,0.5236268,0.3011987,0.16024566
1,271,-1.0415289,-0.83852756,0.42243195,0.5235157,0.30139112,0.16100384
1,272,-1.0415901,-0.83843374,0.4211521,0.5234027,0.30158243,0.16176438
1,273,-1.041667,-0.8384091,0.4219265,0.52335644,0.30177256,0.1625273
1,274,-1.041624,-0.83822614,0.42146492,0.5232129,0.30196154,0.16329253
1,275,-1.0416718,-0.83807033,0.42230415,0.52350616,0.30214936,0.16406009
1,276,-1.0416977,-0.8379767,0.42286873,0.52328205,0.302336,0.16482997
1,277,-1.0417254,-0.83790004,0.42303848,0.5235839,0.30252147,0.16560216
1,278,-1.041747,-0.83785594,0.42345238,0.5233774,0.30270576,0.16637665
1,279,-1.0418146,-0.83765477,0.4237194,0.5236025,0.30288887,0.16715343
1,280,-1.0417749,-0.83751625,0.42385292,0.523592,0.3030708,0.1679325
1,281,-1.0418413,-0.8374332,0.42357635,0.5235977,0.3032516,0.16871382
1,282,-1.0418955,-0.83728373,0.42393684,0.52356577,0.30343115,0.16949742
1,283,-1.0418857,-0.8371792,0.4230938,0.5236149,0.30360955,0.17028324
1,284,-1.0418984,-0.8371097,0.42365074,0.52374935,0.30378675,0.17107132
1,285,-1.041964,-0.83708847,0.4228592,0.523654,0.30396277,0.17186162
1,286,-1.04194,-0.83684266,0.4236622,0.5239425,0.30413756,0.17265414
1,287,-1.0420179,-0.83674556,0.42289352,0.52375555,0.3043112,0.17344886
1,288,-1.0420213,-0.8366742,0.42389297,0.5241704,0.30448362,0.17424579
1,289,-1.0420451,-0.8365848,0.4238453,0.52410173,0.30465484,0.1750449
1,290,-1.0421538,-0.83644617,0.42375565,0.5244007,0.30482483,0.17584617
1,291,-1.0420543,-0.8363781,0.4247799,0.52445793,0.30499366,0.17664963
1,292,-1.0421734,-0.83628476,0.42366028,0.5246134,0.30516124,0.17745523
1,293,-1.0421667,-0.8361188,0.42546082,0.524477,0.30532762,0.17826298
1,294,-1.0422108,-0.83599854,0.42360115,0.5247812,0.30549282,0.17907287
1,295,-1.0422012,-0.8358596,0.4227352,0.5247464,0.30565676,0.17988488
1,296,-1.0422848,-0.83584,0.4237175,0.5251012,0.3058195,0.18069899
1,297,-1.0422275,-0.8356409,0.42402267,0.5249772,0.305981,0.18151522
1,298,-1.0423589,-0.8355352,0.42469597,0.52496004,0.30614132,0.18233353
1,299,-1.0422807,-0.8355007,0.42466736,0.52523327,0.30630037,0.18315391
1,300,-1.0423588,-0.8354254,0.42481232,0.5253043,0.30645823,0.18397638
1,301,-1.0423138,-0.83523,0.42514992,0.5252452,0.30661482,0.1848009
1,302,-1.0424646,-0.8351146,0.42499733,0.5255027,0.3067702,0.18562746
1,303,-1.0423068,-0.83503604,0.42497826,0.525115,0.30692434,0.18645607
1,304,-1.0424428,-0.834931,0.42507362,0.5253382,0.30707723,0.1872867
1,305,-1.0424144,-0.83485365,0.42509842,0.52490664,0.3072289,0.18811935
1,306,-1.0425298,-0.8346722,0.4251213,0.5251689,0.3073793,0.188954
1,307,-1.0425272,-0.8345803,0.425148,0.52473927,0.3075285,0.18979064
1,308,-1.0425936,-0.8344877,0.42515373,0.5251355,0.3076764,0.19062926
1,309,-1.0425552,-0.8342667,0.42552567,0.52502584,0.3078231,0.19146986
1,310,-1.0425868,-0.83422655,0.42531776,0.52510405,0.3079685,0.19231242
1,311,-1.0425696,-0.8340265,0.42543983,0.5246768,0.30811268,0.19315691
1,312,-1.0426801,-0.83394694,0.42561913,0.52513313,0.30825558,0.19400336
1,313,-1.0426866,-0.8338659,0.42596817,0.5247865,0.30839723,0.19485173
1,314,-1.0426595,-0.83376724,0.42577553,0.5251198,0.30853763,0.19570202
1,315,-1.0426406,-0.833652,0.42617798,0.52488756,0.30867675,0.1965542
1,316,-1.0426804,-0.83350766,0.4257908,0.52510405,0.30881462,0.19740829
1,317,-1.0426949,-0.83338326,0.4262371,0.5249696,0.3089512,0.19826426
1,318,-1.0427861,-0.83333075,0.42567444,0.5251198,0.3090865,0.19912209
1,319,-1.0428107,-0.833225,0.42630386,0.52504015,0.30922055,0.19998178
1,320,-1.0427927,-0.8330566,0.42594147,0.52507734,0.30935332,0.20084332
1,321,-1.0428095,-0.83292615,0.4262619,0.5251503,0.3094848,0.2017067
1,322,-1.04282,-0.8328269,0.42609215,0.52497196,0.30961502,0.20257188
1,323,-1.0429386,-0.83270156,0.4259987,0.52505445,0.30974397,0.20343891
1,324,-1.0428926,-0.8326615,0.42602158,0.5250311,0.3098716,0.20430772
1,325,-1.0429044,-0.83251405,0.42541504,0.5252404,0.30999798,0.20517832
1,326,-1.042976,-0.83244526,0.4259529,0.5250931,0.31012303,0.20605071
1,327,-1.0429778,-0.8322388,0.42521477,0.5252404,0.3102468,0.20692486
1,328,-1.0430496,-0.8321986,0.42625237,0.5254426,0.31036928,0.20780078
1,329,-1.0430129,-0.8320539,0.42547798,0.52546024,0.3104905,0.20867842
1,330,-1.0430192,-0.8320113,0.4261818,0.5255208,0.31061038,0.2095578
1,331,-1.0430542,-0.8318551,0.42614174,0.5257268,0.31072897,0.2104389
1,332,-1.0431665,-0.8318242,0.42641068,0.5255413,0.31084627,0.21132173
1,333,-1.0431671,-0.83168936,0.42682076,0.5257449,0.31096226,0.21220623
1,334,-1.043101,-0.83156323,0.426651,0.5258236,0.31107694,0.21309243
1,335,-1.0431106,-0.8314103,0.4272995,0.5261445,0.3111903,0.21398029
1,336,-1.0431955,-0.83130103,0.4267311,0.5261588,0.31130236,0.21486983
1,337,-1.0431647,-0.8312348,0.42757988,0.52637243,0.3114131,0.215761
1,338,-1.0432435,-0.83116776,0.42681885,0.5264306,0.31152254,0.21665382
1,339,-1.043238,-0.83098984,0.4277897,0.5262828,0.31163067,0.21754827
1,340,-1.0432882,-0.8309175,0.42680168,0.5262027,0.31173745,0.21844432
1,341,-1.0432742,-0.8307244,0.42704582,0.52644396,0.31184292,0.21934198
1,342,-1.0433022,-0.83063567,0.427063,0.5264468,0.31194708,0.22024123
1,343,-1.0432923,-0.8305204,0.42630005,0.526525,0.3120499,0.22114207
1,344,-1.0432775,-0.8304609,0.42690277,0.5266967,0.3121514,0.22204447
1,345,-1.0433652,-0.8303554,0.42671967,0.52654266,0.31225157,0.22294842
1,346,-1.0434045,-0.83027244,0.42712402,0.526639,0.31235042,0.2238539
1,347,-1.043493,-0.83010566,0.42718506,0.526402,0.31244794,0.22476093
1,348,-1.0434624,-0.8300065,0.42726707,0.52656937,0.3125441,0.22566947
1,349,-1.0435098,-0.8299109,0.42757034,0.52664566,0.31263894,0.22657952
1,350,-1.0434567,-0.829748,0.4277439,0.5267992,0.31273243,0.22749105
1,351,-1.0434656,-0.8297257,0.42814445,0.52664757,0.31282458,0.22840407
1,352,-1.0435755,-0.8295331,0.42843056,0.52702427,0.31291538,0.22931856
1,353,-1.0435983,-0.82951474,0.42839622,0.5265713,0.31300485,0.23023452
1,354,-1.043597,-0.8293549,0.42868423,0.527081,0.31309295,0.23115191
1,355,-1.0436063,-0.8292903,0.42873,0.5266752,0.31317973,0.23207073
1,356,-1.043559,-0.82907367,0.42906952,0.5270052,0.31326514,0.23299098
1,357,-1.043641,-0.82899606,0.42903137,0.5267596,0.3133492,0.23391263
1,358,-1.0436954,-0.8289552,0.42936707,0.52697325,0.3134319,0.23483568
1,359,-1.0437393,-0.8288138,0.4289074,0.526989,0.31351325,0.23576011
1,360,-1.0437241,-0.8287115,0.42952728,0.527369,0.31359324,0.23668592
1,361,-1.0437386,-0.82856536,0.42902756,0.52701426,0.31367186,0.23761308
1,362,-1.0437865,-0.8284116,0.42952347,0.52711296,0.3137491,0.23854159
1,363,-1.0438434,-0.8283788,0.42886734,0.52704334,0.313825,0.23947142
1,364,-1.0437498,-0.8282098,0.42969322,0.5269332,0.31389955,0.2404026
1,365,-1.0439795,-0.8282852,0.42866516,0.5270362,0.3139727,0.24133506
1,366,-1.04388,-0.8280325,0.42980385,0.52697563,0.3140445,0.24226883
1,367,-1.0439751,-0.8280135,0.42874718,0.5271449,0.31411493,0.24320388
1,368,-1.0440032,-0.82776964,0.42933464,0.52720785,0.31418398,0.2441402
1,369,-1.0439565,-0.8277371,0.42894173,0.5273285,0.31425163,0.24507777
1,370,-1.0440558,-0.8275739,0.42900467,0.52708864,0.31431794,0.24601659
1,371,-1.0439618,-0.8274981,0.4288559,0.5273156,0.31438285,0.24695666
1,372,-1.0440484,-0.8274282,0.4290619,0.52697945,0.31444636,0.24789794
1,373,-1.0440822,-0.8273239,0.4290409,0.527122,0.31450853,0.24884042
1,374,-1.044054,-0.82710195,0.42928886,0.5270338,0.31456926,0.2497841
1,375,-1.0441244,-0.82705164,0.42938614,0.5272155,0.31462866,0.25072896
1,376,-1.0441546,-0.8269188,0.4295082,0.5272641,0.31468663,0.251675
1,377,-1.0441073,-0.8269445,0.4304943,0.5274811,0.31474322,0.2526222
1,378,-1.0441921,-0.82665354,0.43017387,0.5275526,0.3147984,0.25357053
1,379,-1.0441908,-0.82667243,0.4309883,0.5277486,0.31485224,0.25451997
1,380,-1.0442542,-0.82646847,0.43068123,0.5278673,0.31490466,0.25547057
1,381,-1.0443555,-0.82643056,0.43105125,0.52784204,0.31495565,0.25642225
1,382,-1.0443053,-0.82630724,0.43053627,0.52784824,0.31500527,0.25737503
1,383,-1.0442907,-0.8261651,0.4308567,0.5278282,0.3150535,0.2583289
1,384,-1.0444075,-0.82599926,0.43050766,0.5278611,0.3151003,0.25928384
1,385,-1.0444118,-0.82597554,0.430645,0.52788925,0.3151457,0.2602398
1,386,-1.044424,-0.82590723,0.43063354,0.5281377,0.3151897,0.26119685
1,387,-1.0444785,-0.8256695,0.4298954,0.52797604,0.3152323,0.26215488
1,388,-1.0445151,-0.82565063,0.430727,0.5284281,0.31527346,0.26311395
1,389,-1.0445565,-0.8255162,0.4291191,0.52817297,0.31531325,0.26407403
1,390,-1.0446244,-0.8254491,0.43078613,0.5282254,0.3153516,0.2650351
1,391,-1.0445477,-0.82528424,0.4290371,0.52843475,0.31538856,0.2659971
1,392,-1.0446066,-0.8252584,0.43071938,0.5281768,0.31542408,0.2669601
1,393,-1.0446198,-0.8250479,0.42959785,0.5284772,0.31545818,0.26792407
1,394,-1.0446624,-0.82500744,0.4306488,0.52835846,0.31549087,0.26888895
1,395,-1.0446879,-0.8249045,0.43048668,0.528296,0.31552216,0.26985478
1,396,-1.0447848,-0.8248055,0.43055153,0.5282936,0.315552,0.2708215
1,397,-1.0447521,-0.82466626,0.4310856,0.5283866,0.31558043,0.27178913
1,398,-1.0447497,-0.8246244,0.43034935,0.5282979,0.31560743,0.27275762
1,399,-1.0448073,-0.82440805,0.43091393,0.52849245,0.315633,0.273727
1,400,-1.0448537,-0.8243383,0.43079758,0.5283985,0.31565714,0.27469724
1,401,-1.0448595,-0.8242448,0.43064308,0.5286174,0.31567985,0.27566832
1,402,-1.0448521,-0.82416,0.43098068,0.52854633,0.31570113,0.27664024
1,403,-1.0448527,-0.8240172,0.431036,0.52868414,0.31572098,0.27761298
1,404,-1.044882,-0.8239796,0.43104362,0.5286212,0.3157394,0.2785865
1,405,-1.0449352,-0.8237453,0.43101692,0.5286274,0.31575635,0.27956083
1,406,-1.0450112,-0.82370913,0.43120003,0.528687,0.3157719,0.28053597
1,407,-1.0450579,-0.823493,0.43121147,0.5286641,0.315786,0.28151184
1,408,-1.0450158,-0.82347393,0.43173027,0.52871704,0.31579864,0.28248847
1,409,-1.0450011,-0.82327133,0.4314289,0.5288272,0.31580988,0.28346583
1,410,-1.045091,-0.8232627,0.4318943,0.52880335,0.31581962,0.2844439
1,411,-1.0450165,-0.823029,0.43153572,0.528841,0.31582797,0.28542274
1,412,-1.0451682,-0.82295585,0.43184853,0.52896404,0.31583485,0.28640226
1,413,-1.0451733,-0.8228097,0.43159294,0.5288682,0.31584027,0.28738245
1,414,-1.0452056,-0.82271296,0.4312706,0.5291147,0.31584424,0.2883633
1,415,-1.0451813,-0.82270765,0.4321499,0.5289898,0.31584677,0.28934485
1,416,-1.0451782,-0.8225076,0.43103218,0.52906036,0.31584787,0.290327
1,417,-1.0452418,-0.8224654,0.43239403,0.52911615,0.3158475,0.29130983
1,418,-1.0452573,-0.82232463,0.43104744,0.52922964,0.31584567,0.29229325
1,419,-1.0452387,-0.82223797,0.4324932,0.52915955,0.31584236,0.2932773
1,420,-1.0452381,-0.8220476,0.43195915,0.5294609,0.31583762,0.2942619
1,421,-1.0452787,-0.8219788,0.4323597,0.52930117,0.31583142,0.2952471
1,422,-1.0453383,-0.82177144,0.4323845,0.5293441,0.31582376,0.29623288
1,423,-1.045383,-0.8216885,0.43206787,0.5295625,0.31581464,0.29721922
1,424,-1.0454462,-0.82164675,0.4327259,0.52931833,0.31580403,0.29820606
1,425,-1.0453384,-0.8214276,0.43224716,0.5298104,0.315792,0.29919344
1,426,-1.0454307,-0.82140124,0.43301582,0.52964115,0.31577846,0.30018136
1,427,-1.0454862,-0.8212252,0.43217087,0.5302563,0.31576347,0.30116975
1,428,-1.0454737,-0.8211175,0.43295097,0.5298891,0.31574702,0.30215862
1,429,-1.0454762,-0.82095194,0.43258667,0.53072596,0.3157291,0.30314797
1,430,-1.0455827,-0.820948,0.4329853,0.5299845,0.3157097,0.3041378
1,431,-1.0456005,-0.82072437,0.43398094,0.53077173,0.31568885,0.30512804
1,432,-1.0455773,-0.8206767,0.43293,0.52994585,0.3156665,0.30611873
1,433,-1.0455726,-0.8205431,0.43323708,0.53081846,0.31564268,0.30710983
1,434,-1.0456818,-0.82047653,0.4331379,0.5302458,0.3156174,0.30810133
1,435,-1.0456544,-0.8203543,0.43307114,0.5305147,0.31559065,0.30909324
1,436,-1.0456754,-0.82020223,0.43400002,0.53035927,0.3155624,0.3100855
1,437,-1.0456727,-0.82016003,0.43302345,0.53036976,0.31553268,0.31107813
1,438,-1.045774,-0.81995803,0.43423843,0.53039026,0.31550148,0.3120711
1,439,-1.0456858,-0.81987834,0.43312836,0.5303197,0.3154688,0.31306446
1,440,-1.04572,-0.81985486,0.43390083,0.53046846,0.31543463,0.3140581
1,441,-1.0458512,-0.8196902,0.4333954,0.53005695,0.31539896,0.31505203
1,442,-1.0458703,-0.81953645,0.43372345,0.5305419,0.31536183,0.31604627
1,443,-1.0458279,-0.81941557,0.4334011,0.5300274,0.3153232,0.3170408
1,444,-1.0458273,-0.81931084,0.43343925,0.53061056,0.3152831,0.3180356
1,445,-1.0459622,-0.81918204,0.43312073,0.5301924,0.31524152,0.31903064
1,446,-1.0458887,-0.81914806,0.4329338,0.5301957,0.31519842,0.32002592
1,447,-1.0459653,-0.81890893,0.43306923,0.530036,0.31515384,0.32102144
1,448,-1.0459733,-0.8188834,0.43309212,0.5304651,0.31510776,0.32201716
1,449,-1.0460206,-0.8186873,0.43360138,0.53025246,0.31506023,0.32301307
1,450,-1.0460815,-0.81861925,0.43317604,0.53048897,0.31501117,0.32400918
1,451,-1.0460845,-0.81850874,0.43398476,0.5305276,0.3149606,0.32500547
1,452,-1.0460565,-0.8184042,0.434103,0.5305128,0.31490856,0.32600188
1,453,-1.0462124,-0.81825733,0.4342823,0.5308485,0.31485504,0.32699847
1,454,-1.0460987,-0.81815827,0.43410492,0.53059053,0.3148,0.32799518
1,455,-1.0462329,-0.8180329,0.4346676,0.5310092,0.31474346,0.328992
1,456,-1.0461826,-0.81796724,0.43437958,0.5309315,0.3146854,0.32998893
1,457,-1.0462337,-0.81785125,0.434927,0.53118896,0.31462586,0.33098596
1,458,-1.0462023,-0.8177742,0.43416405,0.53125477,0.31456482,0.33198303
1,459,-1.0463068,-0.8176583,0.43444633,0.5316529,0.3145023,0.3329802
1,460,-1.0462667,-0.817451,0.43421745,0.53147554,0.31443825,0.3339774
1,461,-1.0463475,-0.81736875,0.43453598,0.53186893,0.3143727,0.33497465
1,462,-1.0463967,-0.8172282,0.43444443,0.5316591,0.31430563,0.3359719
1,463,-1.0463732,-0.8171646,0.43461227,0.5318022,0.3142371,0.33696914
1,464,-1.0464056,-0.8170879,0.434721,0.53192854,0.31416702,0.3379664
1,465,-1.0464776,-0.81695724,0.43434334,0.5321574,0.31409544,0.33896363
1,466,-1.0463914,-0.81686556,0.43496132,0.53200674,0.31402236,0.3399608
1,467,-1.0465829,-0.8166935,0.43419266,0.53235006,0.31394777,0.34095797
1,468,-1.0465103,-0.8165314,0.43486977,0.5321717,0.31387165,0.34195507
1,469,-1.046516,-0.8164619,0.43441963,0.5323305,0.31379405,0.34295207
1,470,-1.0464808,-0.81638604,0.43494415,0.5325203,0.31371492,0.343949
1,471,-1.0466267,-0.81627774,0.4347782,0.53228855,0.31363428,0.3449458
1,472,-1.0465112,-0.81608903,0.43520927,0.53271437,0.3135521,0.3459425
1,473,-1.0465744,-0.8160449,0.4348526,0.5323639,0.31346846,0.34693906
1,474,-1.0466231,-0.8158819,0.4355011,0.53284407,0.31338328,0.34793547
1,475,-1.046631,-0.8158117,0.43546867,0.532557,0.31329656,0.34893173
1,476,-1.0466255,-0.8156797,0.43537712,0.5328188,0.31320834,0.3499278
1,477,-1.0466434,-0.81558454,0.43589973,0.5326519,0.3131186,0.35092372
1,478,-1.046731,-0.81546617,0.43552208,0.53276825,0.31302735,0.3519194
1,479,-1.0467541,-0.8154098,0.43625832,0.5324993,0.31293458,0.3529149
1,480,-1.0467168,-0.8152342,0.43576813,0.53281355,0.3128403,0.35391015
1,481,-1.0468779,-0.81517255,0.43610573,0.5325284,0.3127445,0.35490516
1,482,-1.0467658,-0.81504583,0.4360199,0.53276587,0.31264716,0.3558999
1,483,-1.0468628,-0.8149073,0.43546867,0.53266287,0.3125483,0.3568944
1,484,-1.0468624,-0.8147872,0.43647575,0.5328851,0.3124479,0.3578886
1,485,-1.0469273,-0.81469977,0.43516922,0.5327678,0.312346,0.3588825
1,486,-1.0469491,-0.8145886,0.43602562,0.53264093,0.3122426,0.3598761
1,487,-1.0469741,-0.8145199,0.4369526,0.53288555,0.31213763,0.36086935
1,488,-1.0469551,-0.814409,0.43621826,0.5324931,0.31203118,0.36186227
1,489,-1.0469686,-0.8142787,0.43751907,0.5331726,0.31192318,0.36285484
1,490,-1.0469629,-0.8141844,0.4367466,0.5324211,0.31181365,0.36384705
1,491,-1.0470955,-0.8139808,0.43759537,0.5335312,0.31170258,0.36483887
1,492,-1.0470412,-0.81405485,0.43722534,0.5324502,0.31159002,0.3658303
1,493,-1.0471209,-0.81389225,0.43752098,0.53349304,0.3114759,0.36682132
1,494,-1.047148,-0.8138697,0.4373684,0.5328646,0.31136024,0.36781192
1,495,-1.0471462,-0.81368387,0.4375801,0.5334096,0.3112431,0.3688021
1,496,-1.0471346,-0.8135636,0.4378643,0.53325605,0.31112438,0.3697918
1,497,-1.0472645,-0.8133455,0.43759918,0.53371286,0.31100416,0.37078106
1,498,-1.0471743,-0.81327957,0.43841362,0.5337639,0.3108824,0.37176982
1,499,-1.0472544,-0.81311,0.4376278,0.5337758,0.3107591,0.3727581
1,500,-1.0472784,-0.8130995,0.43983078,0.53388786,0.3106343,0.3737459
1,501,-1.0473322,-0.812945,0.43762016,0.53389645,0.31050792,0.37473312
1,502,-1.0473596,-0.81289196,0.43515396,0.5340371,0.31038004,0.37571985
1,503,-1.047318,-0.8127395,0.43810272,0.5339055,0.3102506,0.37670603
1,504,-1.0473765,-0.81268847,0.4375038,0.53444004,0.31011966,0.37769163
1,505,-1.0473865,-0.812526,0.43802834,0.53397894,0.3099872,0.37867668
1,506,-1.0474194,-0.8124914,0.43841553,0.534616,0.30985317,0.37966114
1,507,-1.0475153,-0.8123485,0.4382267,0.5341439,0.3097176,0.38064498
1,508,-1.0475196,-0.8123171,0.4382019,0.5347214,0.3095805,0.38162822
1,509,-1.0475242,-0.81214833,0.4381752,0.5344448,0.30944186,0.38261083
1,510,-1.0475825,-0.81208456,0.43806648,0.53470993,0.3093017,0.38359278
1,511,-1.0476334,-0.81193113,0.43836212,0.53474283,0.30916,0.3845741
1,512,-1.0475904,-0.8117919,0.43748856,0.53491116,0.30901676,0.3855547
1,513,-1.0476681,-0.8117058,0.43808556,0.5347705,0.30887198,0.38653466
1,514,-1.0477318,-0.8115801,0.4372425,0.5350132,0.30872568,0.3875139
1,515,-1.0477479,-0.8114865,0.43832588,0.53471184,0.30857784,0.38849244
1,516,-1.0476785,-0.8114116,0.4376793,0.53517675,0.30842844,0.38947025
1,517,-1.0477836,-0.81127787,0.43800735,0.53479433,0.30827752,0.39044732
1,518,-1.0477902,-0.81116545,0.4382229,0.53522825,0.30812505,0.39142364
1,519,-1.0478406,-0.81100684,0.43761063,0.53533125,0.30797103,0.3923992
1,520,-1.0479033,-0.81084156,0.43844986,0.5352931,0.3078155,0.39337394
1,521,-1.0478882,-0.81078196,0.43694687,0.53539276,0.3076584,0.39434794
1,522,-1.0479552,-0.8106421,0.4384594,0.5354085,0.30749977,0.39532107
1,523,-1.0479342,-0.810614,0.43725777,0.5352502,0.3073396,0.39629343
1,524,-1.0480126,-0.81046814,0.43849373,0.5355692,0.3071779,0.39726493
1,525,-1.0480251,-0.81036174,0.4381008,0.5355363,0.30701464,0.3982356
1,526,-1.0480448,-0.8102129,0.43839073,0.5357032,0.30684987,0.3992054
1,527,-1.0481037,-0.81010044,0.4388771,0.5358033,0.30668354,0.4001743
1,528,-1.0480835,-0.809958,0.4382496,0.5358143,0.30651566,0.40114233
1,529,-1.0480832,-0.809913,0.4393158,0.5355673,0.30634627,0.40210944
1,530,-1.0481833,-0.8098117,0.43857002,0.53581095,0.3061753,0.40307564
1,531,-1.0481887,-0.8095831,0.4391842,0.5358114,0.3060028,0.4040409
1,532,-1.0481434,-0.8094692,0.4391575,0.5356221,0.30582878,0.40500522
1,533,-1.0481768,-0.8093185,0.43837357,0.53611946,0.30565318,0.4059686
1,534,-1.048344,-0.8092999,0.43907166,0.535789,0.30547607,0.40693098
1,535,-1.0482599,-0.80913776,0.43906975,0.53609324,0.3052974,0.4078924
1,536,-1.0483686,-0.8090428,0.43916702,0.5360398,0.3051172,0.4088528
1,537,-1.0483276,-0.8088645,0.43998337,0.5360141,0.30493546,0.40981218
1,538,-1.0483595,-0.8087603,0.4395485,0.53582525,0.30475217,0.41077054
1,539,-1.0482969,-0.8087053,0.44005775,0.5360508,0.30456734,0.41172788
1,540,-1.0483801,-0.80857885,0.4400177,0.5356531,0.30438095,0.41268414
1,541,-1.0483897,-0.80844474,0.43999672,0.5362053,0.30419305,0.41363934
1,542,-1.0485315,-0.80832124,0.44043922,0.5360093,0.3040036,0.41459346
1,543,-1.0483619,-0.80815345,0.43990707,0.5363703,0.3038126,0.41554648
1,544,-1.0486218,-0.8080503,0.4393444,0.5360012,0.30362004,0.4164984
1,545,-1.0484582,-0.80790585,0.43927002,0.5366192,0.30342594,0.41744918
1,546,-1.0486166,-0.8077835,0.43980026,0.53583527,0.30323032,0.41839886
1,547,-1.0485507,-0.8076378,0.43803787,0.5364604,0.30303314,0.41934735
1,548,-1.0486408,-0.8075967,0.44041252,0.53600836,0.30283442,0.4202947
1,549,-1.0485477,-0.8073758,0.43987656,0.53681946,0.30263418,0.42124087
1,550,-1.0487347,-0.8073659,0.44442177,0.5364752,0.3024324,0.42218584
1,551,-1.0486326,-0.80713344,0.44097137,0.53671026,0.30222905,0.42312962
1,552,-1.0487722,-0.80714333,0.44235992,0.53666306,0.30202416,0.42407218
1,553,-1.0486767,-0.8069085,0.4409523,0.53675175,0.30181772,0.42501348
1,554,-1.0488878,-0.8069128,0.44034576,0.53656864,0.30160975,0.42595357
1,555,-1.0487434,-0.80671537,0.44098473,0.536849,0.30140024,0.4268924
1,556,-1.0489013,-0.80667365,0.44098473,0.53689194,0.3011892,0.42782995
1,557,-1.0488752,-0.80650824,0.441185,0.5369911,0.3009766,0.42876622
1,558,-1.0488926,-0.80646265,0.43961525,0.53725576,0.30076247,0.4297012
1,559,-1.0488744,-0.80626875,0.4416294,0.5372381,0.3005468,0.43063486
1,560,-1.048914,-0.80620694,0.44031334,0.53727007,0.3003296,0.4315672
1,561,-1.0489061,-0.8059987,0.44197273,0.5374918,0.30011085,0.4324982
1,562,-1.0489771,-0.8059312,0.44063187,0.5374856,0.29989055,0.43342784
1,563,-1.0490106,-0.80581427,0.44193268,0.5377307,0.2996687,0.43435612
1,564,-1.0490128,-0.8057759,0.44067764,0.53802156,0.29944533,0.43528304
1,565,-1.0489764,-0.805531,0.44130898,0.5378809,0.2992204,0.43620858
1,566,-1.0491223,-0.80557346,0.44161224,0.5379844,0.29899395,0.4371327
1,567,-1.0490289,-0.80522263,0.4415474,0.5380907,0.29876596,0.43805537
1,568,-1.0491604,-0.80528873,0.44171333,0.5381293,0.29853642,0.43897665
1,569,-1.0490817,-0.80509627,0.44140816,0.5381541,0.29830536,0.43989646
1,570,-1.049173,-0.80499077,0.4421749,0.5383296,0.29807276,0.44081482
1,571,-1.0491344,-0.80481017,0.4414673,0.53812885,0.2978386,0.44173172
1,572,-1.0492265,-0.80469143,0.44179535,0.53851223,0.29760292,0.44264713
1,573,-1.0492867,-0.8045449,0.44161987,0.5380492,0.2973657,0.44356105
1,574,-1.049348,-0.80448484,0.44179916,0.5385308,0.29712692,0.44447345
1,575,-1.0492581,-0.80431485,0.44213486,0.53828764,0.29688662,0.44538432
1,576,-1.0493159,-0.8042581,0.44301414,0.53850794,0.2966448,0.44629368
1,577,-1.0493662,-0.80413157,0.44224358,0.53855467,0.29640144,0.44720146
1,578,-1.0494158,-0.8040074,0.44322205,0.53858995,0.29615653,0.4481077
1,579,-1.0493948,-0.8039307,0.44172668,0.53881884,0.2959101,0.44901237
1,580,-1.049442,-0.8037858,0.4432106,0.53890324,0.2956621,0.44991544
1,581,-1.0494156,-0.8036739,0.44133377,0.5386982,0.2954126,0.4508169
1,582,-1.0495764,-0.80358285,0.44314766,0.5388098,0.29516158,0.45171675
1,583,-1.0495179,-0.80341065,0.4406948,0.53918695,0.294909,0.45261496
1,584,-1.0496153,-0.8033534,0.4428234,0.53905296,0.29465488,0.45351157
1,585,-1.049632,-0.80327237,0.44194221,0.5392189,0.29439923,0.4544065
1,586,-1.0496114,-0.8030548,0.44270134,0.5394635,0.29414207,0.45529976
1,587,-1.0496927,-0.80297685,0.44064713,0.5392976,0.29388335,0.45619133
1,588,-1.0496733,-0.8027805,0.4421196,0.5392475,0.29362312,0.45708123
1,589,-1.049722,-0.8026749,0.44276428,0.53952456,0.29336137,0.45796943
1,590,-1.049758,-0.8025937,0.441967,0.5393157,0.29309806,0.4588559
1,591,-1.0497657,-0.8024417,0.4421177,0.5393276,0.29283324,0.45974064
1,592,-1.0498083,-0.80237013,0.44226074,0.53946257,0.2925669,0.46062362
1,593,-1.049853,-0.8021931,0.44161606,0.53936195,0.292299,0.46150485
1,594,-1.049771,-0.8021843,0.44260216,0.5394168,0.29202962,0.4623843
1,595,-1.0498723,-0.8020096,0.44124985,0.5397916,0.2917587,0.463262
1,596,-1.049913,-0.80193657,0.44283676,0.5393405,0.2914862,0.46413788
1,597,-1.0498502,-0.80187577,0.44236183,0.539814,0.29121223,0.46501198
1,598,-1.0500281,-0.801824,0.44317436,0.53976154,0.2909367,0.46588424
1,599,-1.049984,-0.8014791,0.44345665,0.53988457,0.29065967,0.46675467
1,600,-1.0500557,-0.8014536,0.44334793,0.5401716,0.29038113,0.46762323
1,601,-1.0500132,-0.80129874,0.44408607,0.5403204,0.29010105,0.46848997
1,602,-1.0500613,-0.80120647,0.44299316,0.5407767,0.28981942,0.4693548
1,603,-1.0500435,-0.80112505,0.44430733,0.54069424,0.2895363,0.47021776
1,604,-1.050062,-0.8010059,0.44293404,0.5410652,0.28925166,0.47107884
1,605,-1.0500958,-0.80083036,0.44415665,0.54055595,0.2889655,0.471938
1,606,-1.0501286,-0.8007553,0.44363594,0.5412345,0.2886778,0.47279525
1,607,-1.0501555,-0.80054724,0.44408798,0.5406666,0.2883886,0.47365054
1,608,-1.0502067,-0.8005272,0.44451714,0.54105616,0.28809786,0.4745039
1,609,-1.0502205,-0.8003891,0.4423771,0.5410042,0.28780562,0.4753553
1,610,-1.0502143,-0.8003206,0.44481277,0.5407481,0.2875119,0.47620472
1,611,-1.0502855,-0.8001823,0.44392586,0.5409565,0.2872166,0.47705215
1,612,-1.0502528,-0.80011594,0.4451828,0.5405259,0.2869198,0.47789758
1,613,-1.050361,-0.7999158,0.44391632,0.54079103,0.2866215,0.47874102
1,614,-1.0504146,-0.79975504,0.4453907,0.5406108,0.2863217,0.47958243
1,615,-1.0503477,-0.7997697,0.44414902,0.54064035,0.28602037,0.4804218
1,616,-1.0504384,-0.79955184,0.44530296,0.5409341,0.28571752,0.48125914
1,617,-1.0504271,-0.79948777,0.4445629,0.540802,0.28541318,0.4820944
1,618,-1.0504823,-0.79934645,0.4455948,0.5410352,0.2851073,0.4829276
1,619,-1.0505399,-0.79929686,0.4443817,0.54104376,0.28479993,0.48375872
1,620,-1.0504658,-0.79910976,0.4453869,0.5410938,0.28449106,0.48458773
1,621,-1.0505825,-0.7990618,0.44423103,0.5408063,0.28418067,0.48541465
1,622,-1.0505778,-0.79887295,0.44566917,0.5413251,0.2838688,0.48623943
1,623,-1.0506228,-0.79876125,0.4445095,0.54106855,0.2835554,0.4870621
1,624,-1.0506332,-0.7986364,0.44581032,0.54149437,0.2832405,0.48788258
1,625,-1.0506327,-0.7985478,0.44508934,0.5414057,0.2829241,0.48870096
1,626,-1.05058,-0.798404,0.44698715,0.5416236,0.28260618,0.48951712
1,627,-1.0507925,-0.7983527,0.44540024,0.5415149,0.28228676,0.49033114
1,628,-1.050737,-0.7981665,0.44740868,0.5418296,0.28196588,0.49114296
1,629,-1.0507214,-0.79804194,0.44573212,0.541553,0.28164345,0.49195254
1,630,-1.050716,-0.7979034,0.44438934,0.54197884,0.28131956,0.49275994
1,631,-1.0508599,-0.7978401,0.44525337,0.5421176,0.28099415,0.49356508
1,632,-1.0508213,-0.79773426,0.44517326,0.54211473,0.28066725,0.49436802
1,633,-1.0508384,-0.79767454,0.44479752,0.54242086,0.28033885,0.49516866
1,634,-1.050877,-0.797521,0.4464054,0.54246426,0.28000897,0.49596706
1,635,-1.0509217,-0.7974278,0.44654655,0.5425081,0.27967757,0.49676317
1,636,-1.0508777,-0.79732805,0.44646072,0.54273605,0.2793447,0.497557
1,637,-1.0510026,-0.797128,0.44641495,0.54259396,0.27901033,0.49834853
1,638,-1.0509177,-0.79712546,0.44643402,0.5427346,0.27867448,0.49913776
1,639,-1.0510076,-0.7969364,0.44614792,0.5428629,0.27833712,0.49992463
1,640,-1.0509833,-0.7969123,0.44625092,0.54277754,0.2779983,0.5007092
1,641,-1.0511252,-0.7967027,0.44607735,0.54318523,0.277658,0.5014914
1,642,-1.0509933,-0.7965927,0.44584084,0.54316807,0.27731618,0.50227123
1,643,-1.0511253,-0.7963922,0.44748116,0.5430865,0.2769729,0.5030487
1,644,-1.051124,-0.7963717,0.4455204,0.54323626,0.2766281,0.5038238
1,645,-1.0511662,-0.79609597,0.44792747,0.54303885,0.27628183,0.5045965
1,646,-1.0511843,-0.7960219,0.44621468,0.5432606,0.2759341,0.5053668
1,647,-1.0512642,-0.79593873,0.447937,0.543375,0.2755849,0.5061346
1,648,-1.051239,-0.79575396,0.44687653,0.5433235,0.2752342,0.5069001
1,649,-1.0512522,-0.7956718,0.44803238,0.54353666,0.27488202,0.5076631
1,650,-1.0513054,-0.7955779,0.4479103,0.5434685,0.27452838,0.5084236
1,651,-1.0512888,-0.7954019,0.4486103,0.54363775,0.27417326,0.50918174
1,652,-1.0513377,-0.79539907,0.44779205,0.5436845,0.27381667,0.50993735
1,653,-1.0513902,-0.79523885,0.44870758,0.5436673,0.2734586,0.51069045
1,654,-1.0514517,-0.7952024,0.44747353,0.5439534,0.27309906,0.51144105
1,655,-1.0514786,-0.79505205,0.44867516,0.54384184,0.27273804,0.51218915
1,656,-1.0514785,-0.79499245,0.4471798,0.54412127,0.27237558,0.51293474
1,657,-1.0515132,-0.7947892,0.44866753,0.5440626,0.27201164,0.51367784
1,658,-1.0514902,-0.7946886,0.44748497,0.54423904,0.27164623,0.5144183
1,659,-1.0515798,-0.7945018,0.44838905,0.5440035,0.27127934,0.51515627
1,660,-1.0515524,-0.7943934,0.44820023,0.5443888,0.270911,0.5158917
1,661,-1.0516186,-0.79425144,0.4477234,0.54423285,0.27054122,0.51662445
1,662,-1.051658,-0.79410326,0.44847488,0.5447407,0.27016997,0.51735467
1,663,-1.0516249,-0.7940301,0.44628906,0.54451513,0.26979724,0.5180823
1,664,-1.0517219,-0.79392874,0.44873428,0.54474115,0.26942307,0.5188073
1,665,-1.0517166,-0.79381037,0.44778442,0.54453087,0.26904744,0.5195297
1,666,-1.0517632,-0.793626,0.44955254,0.5448923,0.26867035,0.5202495
1,667,-1.0517844,-0.7936001,0.4485073,0.54480934,0.26829183,0.5209666
1,668,-1.0517869,-0.7934474,0.44940567,0.5451102,0.26791182,0.521681
1,669,-1.0518323,-0.79337597,0.448946,0.5450797,0.26753038,0.5223928
1,670,-1.0518533,-0.7933376,0.4493599,0.54527617,0.2671475,0.5231019
1,671,-1.0518402,-0.79313505,0.4488449,0.5451355,0.26676318,0.52380836
1,672,-1.0519203,-0.7929978,0.4481678,0.5452256,0.2663774,0.52451205
1,673,-1.0519716,-0.79286265,0.4488697,0.54548836,0.26599017,0.52521306
1,674,-1.051935,-0.7927723,0.44684982,0.5456815,0.26560152,0.5259114
1,675,-1.0519558,-0.7926613,0.44908524,0.54588795,0.2652114,0.5266069
1,676,-1.0519415,-0.79250604,0.44935226,0.54603577,0.26481986,0.52729976
1,677,-1.0520507,-0.7923862,0.44919777,0.5459633,0.26442686,0.5279898
1,678,-1.0520892,-0.7923347,0.449543,0.5460634,0.26403245,0.5286771
1,679,-1.0520426,-0.792179,0.449337,0.5462866,0.2636366,0.52936167
1,680,-1.0521214,-0.7920948,0.44927216,0.5462241,0.2632393,0.53004336
1,681,-1.0520829,-0.79205155,0.4501152,0.5464425,0.26284057,0.5307223
1,682,-1.0521566,-0.79192525,0.4499874,0.54673576,0.2624404,0.5313985
1,683,-1.0521928,-0.7918297,0.45062637,0.5469041,0.26203886,0.53207177
1,684,-1.0522817,-0.79169196,0.4499569,0.54699373,0.26163584,0.5327423
1,685,-1.0522724,-0.79160225,0.4502926,0.54700327,0.26123142,0.53340995
1,686,-1.0522947,-0.791419,0.45017815,0.5472393,0.26082554,0.5340748
1,687,-1.0523187,-0.79129696,0.44983292,0.5470085,0.26041827,0.53473675
1,688,-1.0522959,-0.7912489,0.45049858,0.54741,0.2600096,0.5353958
1,689,-1.0523729,-0.791099,0.44937515,0.54743385,0.25959948,0.536052
1,690,-1.0524206,-0.79090834,0.45062637,0.5475869,0.25918794,0.5367053
1,691,-1.0523819,-0.79086006,0.44953918,0.547596,0.258775,0.5373558
1,692,-1.0524387,-0.79069203,0.45042038,0.54788446,0.25836062,0.53800327
1,693,-1.0524198,-0.79063714,0.4495182,0.54770327,0.25794485,0.53864783
1,694,-1.0524402,-0.79052615,0.45008278,0.5481539,0.25752768,0.53928953
1,695,-1.0524976,-0.7903973,0.44968605,0.54788923,0.25710908,0.5399282
1,696,-1.0526166,-0.79019606,0.45057297,0.5481477,0.2566891,0.540564
1,697,-1.0525974,-0.79017943,0.44896507,0.54808235,0.2562677,0.5411968
1,698,-1.0526243,-0.7900139,0.45054436,0.5482111,0.2558449,0.54182667
1,699,-1.0526134,-0.7898773,0.4498768,0.5483675,0.25542068,0.54245347
1,700,-1.0526714,-0.78964293,0.45095253,0.5485592,0.25499508,0.54307735
1,701,-1.0526518,-0.7895332,0.45119858,0.5484009,0.25456807,0.54369825
1,702,-1.0527159,-0.7894384,0.450943,0.54857635,0.2541397,0.54431605
1,703,-1.0527819,-0.78923166,0.45195198,0.54839563,0.25370988,0.54493093
1,704,-1.0528247,-0.7891469,0.4512043,0.5483451,0.2532787,0.5455427
1,705,-1.052861,-0.78900576,0.45205688,0.5486026,0.25284615,0.5461515
1,706,-1.0528827,-0.7888459,0.4514656,0.5484643,0.25241217,0.5467572
1,707,-1.0528075,-0.7887572,0.4521885,0.5489869,0.25197685,0.5473599
1,708,-1.0528387,-0.7886303,0.45265388,0.548893,0.2515401,0.54795945
1,709,-1.0528901,-0.7884466,0.45261574,0.54898643,0.251102,0.54855597
1,710,-1.0528961,-0.78836584,0.45300102,0.54901266,0.2506625,0.5491494
1,711,-1.0530032,-0.7881936,0.45208168,0.5489712,0.25022164,0.5497397
1,712,-1.0530099,-0.78808266,0.4527912,0.54899454,0.24977939,0.55032694
1,713,-1.0530348,-0.7880641,0.45202446,0.5489898,0.24933577,0.55091107
1,714,-1.0531125,-0.787912,0.45220566,0.54931307,0.24889077,0.55149204
1,715,-1.0530602,-0.78766143,0.45219994,0.5493431,0.24844441,0.55206984
1,716,-1.0531355,-0.78758323,0.4525833,0.54956245,0.24799667,0.55264455
1,717,-1.0531715,-0.78740764,0.4530201,0.54969597,0.24754758,0.5532161
1,718,-1.0532075,-0.78732824,0.4528427,0.54970217,0.24709712,0.5537845
1,719,-1.0532051,-0.7871444,0.45354652,0.5496974,0.24664529,0.5543497
1,720,-1.053245,-0.7871,0.4519577,0.5497799,0.2461921,0.55491173
1,721,-1.0532246,-0.7869677,0.4515934,0.5497594,0.24573757,0.5554706
1,722,-1.0533912,-0.7868937,0.4511757,0.55022144,0.24528167,0.5560262
1,723,-1.0533705,-0.7867744,0.4512291,0.55005264,0.24482441,0.55657864
1,724,-1.0533674,-0.7867021,0.45126343,0.55042696,0.2443658,0.55712783
1,725,-1.0533667,-0.78658676,0.45017052,0.5504427,0.24390584,0.5576738
1,726,-1.053459,-0.78638434,0.45228958,0.55034065,0.24344453,0.5582166
1,727,-1.0533824,-0.78624403,0.45165062,0.5508137,0.24298188,0.55875605
1,728,-1.0535156,-0.7861461,0.45362854,0.5504389,0.24251789,0.5592923
1,729,-1.0535539,-0.7860099,0.45291328,0.55084133,0.24205256,0.5598253
1,730,-1.0535036,-0.7859571,0.45272827,0.5510607,0.24158588,0.560355
1,731,-1.0536036,-0.7857883,0.45148468,0.5506463,0.24111786,0.56088144
1,732,-1.0536339,-0.78572714,0.45163345,0.5510621,0.24064852,0.5614046
1,733,-1.0536112,-0.7855468,0.45209885,0.5507698,0.24017784,0.56192446
1,734,-1.0536511,-0.7854055,0.45337868,0.5512872,0.23970583,0.562441
1,735,-1.0536399,-0.785333,0.45152664,0.55074406,0.23923248,0.5629542
1,736,-1.0537032,-0.7851723,0.45292664,0.55133104,0.23875782,0.5634641
1,737,-1.0537419,-0.7851072,0.45069313,0.55135584,0.23828183,0.5639706
1,738,-1.0537828,-0.78493357,0.4527912,0.5515437,0.23780452,0.56447387
1,739,-1.0537318,-0.7848519,0.45277214,0.5514612,0.23732589,0.5649738
1,740,-1.0538694,-0.7846995,0.45405006,0.55167866,0.23684594,0.5654703
1,741,-1.0538807,-0.7845442,0.4546852,0.55144024,0.23636468,0.5659634
1,742,-1.0538344,-0.78443825,0.45253944,0.5516734,0.2358821,0.56645316
1,743,-1.0539289,-0.78431356,0.45467377,0.5513835,0.23539822,0.5669396
1,744,-1.0538675,-0.7841582,0.45270348,0.5515361,0.23491302,0.56742257
1,745,-1.053939,-0.78407824,0.4542637,0.5514369,0.23442651,0.56790215
1,746,-1.0539627,-0.78388214,0.45284462,0.5518155,0.23393871,0.5683784
1,747,-1.0539368,-0.7838303,0.45383072,0.55177116,0.23344961,0.5688511
1,748,-1.0540212,-0.78363615,0.45329285,0.5519595,0.23295921,0.5693205
1,749,-1.0541029,-0.78354347,0.45524597,0.55215406,0.2324675,0.5697864
1,750,-1.0540546,-0.783386,0.4526825,0.5522003,0.23197451,0.5702489
1,751,-1.0540245,-0.78329194,0.45217514,0.55230427,0.23148023,0.5707079
1,752,-1.0540334,-0.78322375,0.45366287,0.5524936,0.23098464,0.5711635
1,753,-1.0541102,-0.7831317,0.45344543,0.5522661,0.23048778,0.5716156
1,754,-1.0541209,-0.7828959,0.45417976,0.55260706,0.22998963,0.5720642
1,755,-1.0542278,-0.7827845,0.45344353,0.55231047,0.2294902,0.5725094
1,756,-1.0542033,-0.78260386,0.45423508,0.55271673,0.2289895,0.5729511
1,757,-1.0542417,-0.78260064,0.45337868,0.5527191,0.2284875,0.57338923
1,758,-1.0542438,-0.78236896,0.45438576,0.5529661,0.22798425,0.5738239
1,759,-1.054319,-0.78221667,0.45440865,0.5529947,0.22747971,0.57425505
1,760,-1.0542848,-0.7820996,0.4546585,0.55327034,0.2269739,0.5746827
1,761,-1.0543592,-0.7820256,0.4544983,0.55289125,0.22646683,0.5751068
1,762,-1.054362,-0.7818145,0.4548397,0.55348635,0.22595851,0.5755274
1,763,-1.0544513,-0.7817755,0.45425415,0.55311155,0.2254489,0.5759444
1,764,-1.0543734,-0.781499,0.45466805,0.5533323,0.22493805,0.5763579
1,765,-1.0544391,-0.7815069,0.4542961,0.5533571,0.22442594,0.57676786
1,766,-1.0543839,-0.78134054,0.45484734,0.5537162,0.22391257,0.57717425
1,767,-1.0545487,-0.7812952,0.45466995,0.55370617,0.22339794,0.57757705
1,768,-1.0544014,-0.7810363,0.45503998,0.5534673,0.22288208,0.5779762
1,769,-1.054614,-0.7810992,0.45558167,0.5538573,0.22236495,0.5783719
1,770,-1.0545046,-0.7808822,0.45529938,0.55381536,0.2218466,0.5787639
1,771,-1.0546712,-0.7808488,0.45617104,0.5539837,0.22132698,0.57915235
1,772,-1.0546497,-0.7805173,0.4554901,0.55410814,0.22080614,0.5795372
1,773,-1.054672,-0.7804985,0.45597267,0.55407333,0.22028406,0.57991844
1,774,-1.0547303,-0.7802758,0.45516396,0.5544939,0.21976075,0.58029604
1,775,-1.0548202,-0.78024065,0.45450592,0.55433655,0.2192362,0.58067
1,776,-1.0547644,-0.7800439,0.45500183,0.5545912,0.21871042,0.5810403
1,777,-1.0548549,-0.7800553,0.4563713,0.55469894,0.21818341,0.581407
1,778,-1.0548451,-0.779868,0.4553089,0.5545559,0.2176552,0.58177006
1,779,-1.0548146,-0.7797999,0.45675468,0.5546632,0.21712574,0.5821295
1,780,-1.0548474,-0.77963555,0.45741463,0.55447006,0.21659508,0.5824852
1,781,-1.0548548,-0.7795336,0.45687866,0.55494833,0.2160632,0.5828373
1,782,-1.0548253,-0.77940154,0.45788956,0.5546131,0.21553011,0.5831856
1,783,-1.0549821,-0.77935845,0.45648384,0.5551977,0.2149958,0.5835303
1,784,-1.0550368,-0.77926344,0.4571457,0.55481815,0.2144603,0.58387136
1,785,-1.055074,-0.77914083,0.45541,0.55524397,0.21392357,0.58420867
1,786,-1.0550121,-0.77906966,0.4566803,0.55465937,0.21338566,0.5845423
1,787,-1.0551447,-0.7789154,0.45535278,0.5553956,0.21284655,0.5848722
1,788,-1.0551124,-0.7788261,0.45715332,0.555058,0.21230623,0.58519834
1,789,-1.0551797,-0.778711,0.45606422,0.5556097,0.21176472,0.5855208
1,790,-1.0551971,-0.77852595,0.4574089,0.55537176,0.21122204,0.58583957
1,791,-1.0552741,-0.7784728,0.4573002,0.5559025,0.21067815,0.5861546
1,792,-1.0551339,-0.7781968,0.45780182,0.55562353,0.21013308,0.58646584
1,793,-1.0552688,-0.77818966,0.45807076,0.5559678,0.20958683,0.58677334
1,794,-1.055229,-0.778053,0.45801735,0.55596924,0.20903939,0.58707714
1,795,-1.0552826,-0.7779224,0.45802307,0.5561013,0.20849079,0.58737713
1,796,-1.0553013,-0.77770233,0.45806313,0.5561695,0.207941,0.58767337
1,797,-1.0553315,-0.777712,0.45810318,0.55643654,0.20739006,0.58796585
1,798,-1.0553834,-0.77749515,0.4580078,0.5566621,0.20683792,0.5882545
1,799,-1.0553932,-0.7774348,0.45915794,0.55666685,0.20628464,0.5885394
1,800,-1.0554148,-0.77723074,0.45824242,0.5566697,0.20573018,0.5888206
1,801,-1.0555412,-0.7771674,0.45866394,0.5569234,0.20517458,0.5890979
1,802,-1.0554897,-0.7770243,0.4586029,0.55695057,0.20461781,0.58937144
1,803,-1.0555749,-0.77689856,0.45876122,0.556973,0.2040599,0.58964115
1,804,-1.0555493,-0.77671313,0.45872498,0.5573764,0.20350082,0.58990705
1,805,-1.055586,-0.7767216,0.4592209,0.5570159,0.20294061,0.59016913
1,806,-1.0556707,-0.7765228,0.45863152,0.5574961,0.20237924,0.5904274
1,807,-1.0556822,-0.7763428,0.45899582,0.55759573,0.20181674,0.59068185
1,808,-1.0556881,-0.7763002,0.45855713,0.5574455,0.2012531,0.5909324
1,809,-1.055749,-0.7761497,0.45861435,0.55777454,0.20068832,0.5911792
1,810,-1.055769,-0.77609974,0.45838928,0.5573621,0.2001224,0.59142214
1,811,-1.0557178,-0.77583903,0.45895386,0.5576458,0.19955537,0.5916612
1,812,-1.0558254,-0.77578306,0.45876312,0.55769634,0.19898719,0.5918964
1,813,-1.0558876,-0.77561474,0.4586239,0.55776167,0.1984179,0.59212774
1,814,-1.0559498,-0.7754668,0.45882225,0.55752563,0.19784749,0.59235525
1,815,-1.0559841,-0.77532375,0.45890617,0.55821943,0.19727595,0.5925788
1,816,-1.0560329,-0.7752056,0.45910263,0.55764246,0.1967033,0.5927986
1,817,-1.0559796,-0.77506757,0.45967484,0.5582204,0.19612955,0.5930144
1,818,-1.0560777,-0.7749872,0.45926285,0.5580597,0.19555467,0.59322643
1,819,-1.0560488,-0.77483094,0.46077347,0.5583558,0.1949787,0.59343445
1,820,-1.056086,-0.77480376,0.45960236,0.5583391,0.19440162,0.59363866
1,821,-1.0560889,-0.77459824,0.45991898,0.5585699,0.19382344,0.59383893
1,822,-1.0561779,-0.774542,0.45991516,0.5582509,0.19324417,0.5940353
1,823,-1.0561768,-0.7742778,0.4594803,0.55877876,0.1926638,0.59422773
1,824,-1.0562065,-0.7742549,0.45969582,0.55853796,0.19208235,0.5944163
1,825,-1.0562412,-0.7741078,0.4590721,0.5588622,0.1914998,0.5946009
1,826,-1.0563334,-0.7739911,0.45993423,0.5587921,0.19091617,0.59478164
1,827,-1.056256,-0.7738807,0.4587078,0.5586262,0.19033146,0.59495836
1,828,-1.0563033,-0.77379024,0.46045303,0.5588641,0.18974568,0.5951312
1,829,-1.0563476,-0.77353764,0.459013,0.5586467,0.18915881,0.5953001
1,830,-1.0564237,-0.77343726,0.46115875,0.55897,0.18857089,0.595465
1,831,-1.0564605,-0.77328104,0.4592781,0.55896616,0.18798187,0.59562606
1,832,-1.0564408,-0.7731558,0.46150398,0.5589771,0.18739182,0.59578305
1,833,-1.056501,-0.7730267,0.4599266,0.5589738,0.18680069,0.5959362
1,834,-1.0564682,-0.772905,0.46051216,0.5590329,0.1862085,0.59608525
1,835,-1.0564182,-0.7727425,0.46046448,0.5591154,0.18561526,0.59623045
1,836,-1.0565152,-0.77268505,0.46021652,0.55921793,0.18502095,0.59637165
1,837,-1.0565096,-0.7724751,0.4604931,0.55949783,0.18442562,0.59650886
1,838,-1.0565729,-0.7724552,0.46114922,0.5596366,0.18382923,0.5966421
1,839,-1.05664,-0.7722765,0.46029854,0.5598736,0.1832318,0.5967713
1,840,-1.0566591,-0.7721279,0.46168327,0.5599084,0.18263333,0.5968966
1,841,-1.0566636,-0.7720407,0.45981598,0.55994177,0.18203382,0.5970179
1,842,-1.0567075,-0.77185,0.46116447,0.560122,0.18143328,0.5971351
1,843,-1.0568112,-0.77174735,0.46045303,0.56009865,0.18083172,0.59724844
1,844,-1.0566626,-0.771679,0.46027756,0.5601301,0.18022911,0.5973577
1,845,-1.0568051,-0.77154744,0.46012115,0.56026983,0.1796255,0.59746295
1,846,-1.0568215,-0.77132165,0.46054077,0.5602007,0.17902085,0.5975642
1,847,-1.0567805,-0.77117026,0.45982933,0.56051016,0.17841521,0.5976615
1,848,-1.0568924,-0.7711297,0.46056175,0.5606737,0.17780854,0.5977547
1,849,-1.0568748,-0.77097636,0.46026802,0.56067896,0.17720087,0.59784395
1,850,-1.0568725,-0.77087206,0.4609146,0.5610585,0.17659219,0.5979291
1,851,-1.0569258,-0.77074605,0.46076012,0.5609293,0.1759825,0.5980103
1,852,-1.0569586,-0.7706819,0.46072006,0.561049,0.17537181,0.59808743
1,853,-1.0569159,-0.7704817,0.4613495,0.5610032,0.17476013,0.5981605
1,854,-1.0570475,-0.77038234,0.4602852,0.5612602,0.17414746,0.5982296
1,855,-1.0571127,-0.7702801,0.46154022,0.56138134,0.1735338,0.5982946
1,856,-1.0570712,-0.7701122,0.46033096,0.5615258,0.17291915,0.5983556
1,857,-1.0570898,-0.77006394,0.4614582,0.561872,0.17230353,0.5984125
1,858,-1.057079,-0.769907,0.461092,0.56185246,0.17168692,0.5984654
1,859,-1.0570949,-0.7698364,0.46146584,0.5620885,0.17106934,0.5985142
1,860,-1.0571723,-0.7696818,0.46198463,0.562088,0.17045078,0.59855896
1,861,-1.0571958,-0.76955193,0.46061897,0.5620632,0.16983125,0.5985997
1,862,-1.0571927,-0.7694534,0.46173096,0.56224346,0.16921076,0.5986363
1,863,-1.0573322,-0.769335,0.46012306,0.56229734,0.16858931,0.5986689
1,864,-1.0572133,-0.7691182,0.46146965,0.56244564,0.1679669,0.59869736
1,865,-1.0573692,-0.76900494,0.4622612,0.5626645,0.16734354,0.5987218
1,866,-1.0572939,-0.7689315,0.46213913,0.5626607,0.16671923,0.5987422
1,867,-1.0574012,-0.768801,0.4632225,0.5624361,0.16609396,0.59875846
1,868,-1.05737,-0.76861435,0.46243668,0.56265116,0.16546775,0.5987707
1,869,-1.0574523,-0.7685232,0.46297455,0.5626159,0.16484061,0.5987788
1,870,-1.05739,-0.76836,0.46251297,0.56269836,0.16421251,0.59878284
1,871,-1.0575153,-0.7682929,0.46277046,0.5628381,0.1635835,0.5987828
1,872,-1.0574592,-0.76814884,0.46247673,0.5628538,0.16295354,0.59877867
1,873,-1.0575691,-0.7680551,0.46224976,0.5627265,0.16232267,0.59877044
1,874,-1.0575206,-0.76789224,0.4626541,0.5633445,0.16169088,0.5987581
1,875,-1.0575575,-0.76774794,0.4627266,0.5630336,0.16105816,0.5987417
1,876,-1.0574852,-0.76760286,0.46306038,0.5630894,0.16042452,0.59872115
1,877,-1.0576237,-0.7675657,0.46268845,0.5633731,0.15978998,0.59869653
1,878,-1.0575922,-0.76743317,0.46339417,0.56355524,0.15915452,0.5986678
1,879,-1.0577246,-0.76724803,0.4620018,0.5636697,0.15851817,0.598635
1,880,-1.0577915,-0.76717466,0.46291924,0.5632262,0.1578809,0.59859806
1,881,-1.0578398,-0.7670475,0.46328926,0.5633898,0.15724273,0.598557
1,882,-1.0577667,-0.7668869,0.46383476,0.5638094,0.15660368,0.5985119
1,883,-1.0577925,-0.7668953,0.46383286,0.5638428,0.15596373,0.5984626
1,884,-1.0578798,-0.76672685,0.46439934,0.5636997,0.15532291,0.5984092
1,885,-1.0578064,-0.7666215,0.46429443,0.5636916,0.15468119,0.59835166
1,886,-1.0579102,-0.7665025,0.46482277,0.5639949,0.1540386,0.5982901
1,887,-1.0579411,-0.76637524,0.46415138,0.56413746,0.15339513,0.59822434
1,888,-1.0578651,-0.76613986,0.46518517,0.5645189,0.15275079,0.5981545
1,889,-1.0580131,-0.7660629,0.46480942,0.5643301,0.15210557,0.59808046
1,890,-1.0580083,-0.7659424,0.46468735,0.5651512,0.1514595,0.5980024
1,891,-1.0580367,-0.76579046,0.46486473,0.56449175,0.15081257,0.5979201
1,892,-1.0581058,-0.7656534,0.46380424,0.5657749,0.15016477,0.59783375
1,893,-1.0580807,-0.7656245,0.46474648,0.5648885,0.14951612,0.5977432
1,894,-1.0581374,-0.7653806,0.46320343,0.56604195,0.14886662,0.5976486
1,895,-1.0581387,-0.76536834,0.46382713,0.56504726,0.14821628,0.59754986
1,896,-1.0582528,-0.76514804,0.46263123,0.56578684,0.14756508,0.5974469
1,897,-1.0581322,-0.7651477,0.4641781,0.56515646,0.14691305,0.5973399
1,898,-1.0582944,-0.7650037,0.462883,0.56561613,0.1462602,0.59722877
1,899,-1.0582348,-0.76489246,0.46421814,0.56535625,0.1456065,0.59711343
1,900,-1.0583221,-0.764804,0.46340752,0.56576395,0.14495198,0.596994
1,901,-1.0583464,-0.7646536,0.4626503,0.56578875,0.14429663,0.5968704
1,902,-1.0583339,-0.7644881,0.4638977,0.56608105,0.14364047,0.5967427
1,903,-1.0583376,-0.7644363,0.46300125,0.5659356,0.1429835,0.5966108
1,904,-1.058416,-0.7641624,0.4641781,0.56606007,0.1423257,0.5964748
1,905,-1.0584195,-0.7641263,0.4634571,0.5660944,0.1416671,0.59633464
1,906,-1.0585525,-0.76394135,0.46479034,0.5662494,0.14100769,0.59619033
1,907,-1.0584911,-0.7639406,0.46418,0.56617546,0.14034748,0.5960419
1,908,-1.0585457,-0.7636745,0.46518898,0.56644964,0.13968647,0.59588933
1,909,-1.0585623,-0.7636821,0.46479607,0.5662961,0.13902467,0.5957326
1,910,-1.0586059,-0.7634128,0.46577644,0.56674385,0.13836208,0.5955717
1,911,-1.0585552,-0.76347363,0.46565628,0.56664085,0.13769871,0.5954067
1,912,-1.0587059,-0.763271,0.46569824,0.5670128,0.13703455,0.59523755
1,913,-1.0587186,-0.76307726,0.46635628,0.5668912,0.13636962,0.5950642
1,914,-1.0587536,-0.7629669,0.46558,0.56724644,0.1357039,0.5948867
1,915,-1.0587397,-0.76289845,0.46520805,0.56712246,0.13503744,0.5947051
1,916,-1.058802,-0.76269555,0.4656582,0.56743145,0.1343702,0.5945194
1,917,-1.0588253,-0.7625944,0.46412277,0.5673132,0.13370217,0.5943294
1,918,-1.0588074,-0.7624725,0.46518326,0.5675421,0.13303341,0.5941354
1,919,-1.0588405,-0.7623742,0.46447754,0.56750345,0.13236389,0.59393716
1,920,-1.0589175,-0.76211214,0.4652691,0.567718,0.13169362,0.5937348
1,921,-1.0589117,-0.7620915,0.4652233,0.56761503,0.1310226,0.5935283
1,922,-1.0589545,-0.7618723,0.4656868,0.5680084,0.13035084,0.5933176
1,923,-1.0590416,-0.7617755,0.46496582,0.56794405,0.12967834,0.5931028
1,924,-1.058957,-0.761651,0.46642876,0.5683141,0.1290051,0.5928839
1,925,-1.0590675,-0.76146126,0.4654026,0.5683379,0.12833114,0.5926608
1,926,-1.0591024,-0.76136625,0.46572304,0.5683317,0.12765644,0.5924335
1,927,-1.0591335,-0.7611793,0.46591377,0.5682864,0.12698103,0.5922021
1,928,-1.0591556,-0.76105803,0.46589088,0.5687084,0.1263049,0.59196657
1,929,-1.0592248,-0.7608496,0.46641922,0.5681801,0.12562804,0.59172684
1,930,-1.059274,-0.76074284,0.4660988,0.5687885,0.12495048,0.591483
1,931,-1.0593035,-0.7605145,0.46614838,0.5687337,0.12427221,0.591235
1,932,-1.0593742,-0.76041496,0.46634102,0.568697,0.12359324,0.59098285
1,933,-1.0593638,-0.76032424,0.46627426,0.56899977,0.12291357,0.59072655
1,934,-1.0593928,-0.76016885,0.46590233,0.56866074,0.122233205,0.59046614
1,935,-1.0594512,-0.7600829,0.46642685,0.5692439,0.12155214,0.59020156
1,936,-1.0594122,-0.7599524,0.4653721,0.56836176,0.1208704,0.58993286
1,937,-1.0594537,-0.7597617,0.46660423,0.5690961,0.12018797,0.58966
1,938,-1.0594975,-0.7596978,0.4656887,0.5685811,0.11950486,0.58938295
1,939,-1.0594788,-0.75945544,0.4664669,0.5691905,0.11882108,0.58910185
1,940,-1.0595535,-0.7593886,0.46627426,0.5684967,0.11813662,0.5888165
1,941,-1.0596443,-0.75927424,0.46631622,0.56941795,0.117451504,0.58852714
1,942,-1.0595843,-0.75913763,0.46543694,0.56896496,0.11676572,0.58823353
1,943,-1.0596275,-0.758893,0.4661579,0.56960773,0.11607928,0.58793586
1,944,-1.059637,-0.7588735,0.4648552,0.56945276,0.11539218,0.587634
1,945,-1.0597178,-0.75855565,0.46603966,0.5698223,0.11470444,0.587328
1,946,-1.0597731,-0.7585356,0.4655304,0.56986475,0.11401604,0.58701795
1,947,-1.0598077,-0.75824296,0.465868,0.57000923,0.113327004,0.5867037
1,948,-1.0597823,-0.75842136,0.46609497,0.56986666,0.112637326,0.5863853
1,949,-1.0598778,-0.75806963,0.46567917,0.5699425,0.111947015,0.58606285
1,950,-1.0597776,-0.75818443,0.466774,0.57031727,0.11125608,0.5857362
1,951,-1.0597919,-0.75789106,0.4657936,0.5702853,0.110564515,0.58540547
1,952,-1.0597788,-0.757945,0.4671898,0.570786,0.109872326,0.58507055
1,953,-1.0598938,-0.7576865,0.4671402,0.57049036,0.10917952,0.5847316
1,954,-1.0598594,-0.75768745,0.466856,0.5711236,0.1084861,0.58438843
1,955,-1.0600077,-0.7574066,0.46743202,0.5707302,0.10779207,0.5840412
1,956,-1.0599389,-0.7573762,0.46691704,0.5713706,0.10709744,0.5836898
1,957,-1.0600152,-0.757114,0.4671917,0.57111645,0.1064022,0.5833343
1,958,-1.0599958,-0.75704944,0.46707726,0.5714612,0.10570637,0.58297473
1,959,-1.0600439,-0.75683063,0.46681404,0.5714631,0.10500994,0.582611
1,960,-1.0600269,-0.7567215,0.46554375,0.571681,0.104312934,0.5822432
1,961,-1.0601066,-0.7565434,0.46609306,0.5713668,0.103615336,0.58187133
1,962,-1.0602269,-0.7565053,0.46776772,0.5720062,0.10291716,0.5814953
1,963,-1.060183,-0.756317,0.46305084,0.5713253,0.102218404,0.5811151
1,964,-1.0602672,-0.75628936,0.46326828,0.57227564,0.10151908,0.5807309
1,965,-1.0602498,-0.75605613,0.46946526,0.5714469,0.10081918,0.58034253
1,966,-1.0602907,-0.7560257,0.46634102,0.57232475,0.10011873,0.5799501
1,967,-1.0602417,-0.7558006,0.46852112,0.5718875,0.09941771,0.57955354
1,968,-1.0603124,-0.75568986,0.46649742,0.57206535,0.09871613,0.57915294
1,969,-1.0603834,-0.7555963,0.4672966,0.57194996,0.09801401,0.5787482
1,970,-1.0603356,-0.7554073,0.4622345,0.57225466,0.09731134,0.5783394
1,971,-1.0604024,-0.7553763,0.46652222,0.57237244,0.09660813,0.5779265
1,972,-1.060409,-0.7551214,0.46447372,0.57243395,0.09590438,0.5775095
1,973,-1.0603912,-0.7551368,0.46577072,0.57288265,0.0952001,0.5770884
1,974,-1.0605612,-0.7547803,0.46570015,0.57237244,0.09449528,0.5766633
1,975,-1.0604464,-0.75487757,0.4647026,0.57281685,0.09378994,0.5762341
1,976,-1.0607097,-0.75461626,0.4662304,0.57240105,0.09308408,0.5758008
1,977,-1.0605785,-0.75455415,0.4641266,0.5724282,0.09237771,0.5753634
1,978,-1.0607817,-0.7542989,0.4666729,0.5724106,0.09167082,0.57492197
1,979,-1.0606744,-0.75428903,0.46390533,0.5723629,0.09096342,0.5744765
1,980,-1.0607637,-0.7539841,0.46715927,0.5726199,0.09025552,0.57402694
1,981,-1.06068,-0.7540307,0.46621895,0.57278204,0.08954712,0.5735733
1,982,-1.0607963,-0.75373566,0.4628544,0.5729675,0.08883822,0.57311565
1,983,-1.0607688,-0.75366294,0.46632004,0.57303524,0.088128835,0.5726539
1,984,-1.0608938,-0.7535785,0.46853447,0.573297,0.08741896,0.57218814
1,985,-1.0607952,-0.75346744,0.46418762,0.57334614,0.086708605,0.5717183
1,986,-1.0609683,-0.7532754,0.46727753,0.573143,0.08599777,0.5712444
1,987,-1.0607525,-0.7532784,0.46468735,0.5737176,0.08528646,0.5707665
1,988,-1.0610902,-0.75315547,0.46708107,0.5731416,0.084574685,0.57028455
1,989,-1.0609595,-0.7529035,0.4651661,0.5737958,0.08386244,0.5697986
1,990,-1.061077,-0.75277513,0.46689796,0.5732603,0.08314973,0.5693086
1,991,-1.0610579,-0.7526313,0.4621544,0.5734863,0.08243658,0.5688145
1,992,-1.0609789,-0.75249493,0.46762276,0.57423115,0.08172296,0.56831646
1,993,-1.0612558,-0.7523278,0.46543503,0.57389164,0.0810089,0.5678144
1,994,-1.0610917,-0.7520908,0.46769333,0.5733986,0.08029439,0.5673083
1,995,-1.0611674,-0.75194997,0.46160126,0.5736861,0.07957945,0.5667982
1,996,-1.0612602,-0.75190437,0.4664955,0.5736499,0.078864075,0.56628406
1,997,-1.0612047,-0.7517765,0.46655083,0.573925,0.07814827,0.5657659
1,998,-1.061202,-0.7516905,0.46546555,0.5737891,0.07743204,0.56524384
1,999,-1.0613508,-0.7515136,0.46564484,0.57248354,0.07671538,0.5647177
2,0,-0.39696038,0.64036834,2.0397491,1.0924935,-0.570985,-0.010316873
2,1,-0.39686602,0.6403352,2.0438461,1.0900812,-0.5716949,-0.011020052
2,2,-0.39698696,0.6411451,2.0448303,1.0880098,-0.5724068,-0.0117238825
2,3,-0.39688182,0.6406877,2.0446606,1.0897474,-0.57312065,-0.01242836
2,4,-0.39694303,0.64159095,2.0437412,1.0886326,-0.5738365,-0.013133481
2,5,-0.39690095,0.64112985,2.0461712,1.0895696,-0.5745543,-0.013839243
2,6,-0.39683694,0.6417779,2.0434074,1.0889378,-0.57527405,-0.01454564
2,7,-0.39690667,0.6416571,2.0440197,1.0892892,-0.5759958,-0.01525267
2,8,-0.39685673,0.64195144,2.0458775,1.0890555,-0.57671946,-0.015960328
2,9,-0.3968928,0.64205694,2.0443974,1.0892453,-0.5774451,-0.016668612
2,10,-0.39693868,0.6422137,2.045002,1.0891118,-0.5781726,-0.017377516
2,11,-0.39684963,0.6424384,2.0441017,1.0891142,-0.57890207,-0.018087039
2,12,-0.39696938,0.6425673,2.0443077,1.0891175,-0.5796334,-0.018797174
2,13,-0.39686972,0.6428554,2.043539,1.0889926,-0.5803667,-0.01950792
2,14,-0.3969254,0.6429559,2.043335,1.0889316,-0.58110183,-0.020219272
2,15,-0.39686853,0.6431625,2.0435677,1.088985,-0.58183885,-0.020931227
2,16,-0.39692754,0.6432966,2.0423317,1.0886488,-0.58257776,-0.02164378
2,17,-0.3968776,0.64340675,2.0442219,1.089045,-0.58331853,-0.022356927
2,18,-0.3970021,0.6435436,2.042019,1.088839,-0.5840612,-0.023070665
2,19,-0.3968876,0.64378285,2.0451813,1.0886965,-0.58480567,-0.023784991
2,20,-0.39708006,0.64386487,2.0422325,1.0884862,-0.585552,-0.0244999
2,21,-0.39696252,0.64400864,2.0423698,1.088687,-0.5863002,-0.02521539
2,22,-0.39708346,0.64420617,2.0422382,1.088675,-0.58705014,-0.025931453
2,23,-0.39702636,0.64440715,2.0414906,1.0890498,-0.58780193,-0.02664809
2,24,-0.39711517,0.6444577,2.0416012,1.0890055,-0.5885555,-0.027365293
2,25,-0.39707887,0.64468896,2.041687,1.0889125,-0.58931094,-0.028083062
2,26,-0.3971423,0.6447662,2.041338,1.0891294,-0.5900681,-0.02880139
2,27,-0.3971014,0.645054,2.0421505,1.0892406,-0.59082705,-0.029520275
2,28,-0.39710116,0.6451708,2.041914,1.0888581,-0.5915878,-0.030239712
2,29,-0.39715135,0.64532745,2.0417156,1.0889759,-0.5923503,-0.0309597
2,30,-0.39710093,0.64554536,2.0421925,1.0889153,-0.59311455,-0.03168023
2,31,-0.3971349,0.64564264,2.0416527,1.0887728,-0.59388053,-0.032401305
2,32,-0.39724874,0.645862,2.042326,1.0889401,-0.59464824,-0.033122912
2,33,-0.397166,0.64599025,2.0414867,1.0886464,-0.5954177,-0.033845056
2,34,-0.39723164,0.6462127,2.041668,1.0889006,-0.59618884,-0.03456773
2,35,-0.3972472,0.64629996,2.041544,1.0885572,-0.5969617,-0.035290927
2,36,-0.39720082,0.646523,2.04138,1.088829,-0.59773624,-0.036014646
2,37,-0.39720774,0.64655876,2.040306,1.0887418,-0.5985125,-0.036738884
2,38,-0.39718974,0.64673865,2.0405655,1.0888162,-0.5992904,-0.03746363
2,39,-0.39722812,0.6469139,2.0402374,1.0886788,-0.60006994,-0.038188893
2,40,-0.39721906,0.6470429,2.040182,1.0889115,-0.60085124,-0.03891466
2,41,-0.3972534,0.6471752,2.0403824,1.0885701,-0.6016341,-0.03964093
2,42,-0.39729738,0.64745283,2.0403595,1.0887465,-0.60241866,-0.040367696
2,43,-0.39733976,0.6475897,2.0404034,1.0885658,-0.6032048,-0.041094955
2,44,-0.39733273,0.64772475,2.0398922,1.0887551,-0.6039926,-0.04182271
2,45,-0.39736938,0.6478995,2.0395012,1.0886321,-0.604782,-0.042550944
2,46,-0.39729667,0.6480497,2.040268,1.0889134,-0.605573,-0.043279663
2,47,-0.39731967,0.6482035,2.0384846,1.088767,-0.60636556,-0.044008862
2,48,-0.39735168,0.6484221,2.0403938,1.0891604,-0.60715973,-0.044738535
2,49,-0.39728272,0.64860094,2.0372162,1.0887003,-0.6079555,-0.045468677
2,50,-0.39736056,0.64876735,2.0399818,1.0889578,-0.60875285,-0.04619929
2,51,-0.3973701,0.64881635,2.0381718,1.0887146,-0.6095517,-0.046930358
2,52,-0.39727056,0.6490762,2.0398064,1.0888362,-0.6103521,-0.04766189
2,53,-0.39732128,0.64919627,2.0380478,1.0887742,-0.6111541,-0.048393875
2,54,-0.39726394,0.6493143,2.0394535,1.088964,-0.61195755,-0.04912631
2,55,-0.3973199,0.649438,2.038311,1.0888596,-0.6127626,-0.049859192
2,56,-0.39738733,0.64975667,2.0390358,1.0891509,-0.6135691,-0.050592516
2,57,-0.39737278,0.64989114,2.0393581,1.0887055,-0.6143771,-0.05132628
2,58,-0.39737958,0.64999986,2.0383873,1.0889435,-0.6151866,-0.052060477
2,59,-0.39744395,0.650164,2.0383625,1.0885143,-0.61599755,-0.052795105
2,60,-0.39738333,0.65041983,2.037632,1.0887942,-0.61680996,-0.05353016
2,61,-0.39737964,0.65054584,2.0380516,1.0885429,-0.61762387,-0.054265637
2,62,-0.39739835,0.6507331,2.0372257,1.0888515,-0.61843926,-0.05500153
2,63,-0.39740652,0.65082335,2.0380974,1.0889244,-0.619256,-0.055737842
2,64,-0.39741236,0.6510347,2.0373268,1.0889068,-0.6200743,-0.056474563
2,65,-0.39747715,0.6511613,2.038126,1.0886884,-0.6208939,-0.05721169
2,66,-0.39746094,0.6513721,2.0372295,1.088839,-0.62171495,-0.05794922
2,67,-0.39746124,0.6515584,2.0378857,1.0888267,-0.6225374,-0.058687147
2,68,-0.39750117,0.6517619,2.0373077,1.088687,-0.62336123,-0.05942547
2,69,-0.39746416,0.6519425,2.0369835,1.0890183,-0.62418646,-0.06016418
2,70,-0.39753252,0.65204144,2.03726,1.0885215,-0.62501305,-0.06090328
2,71,-0.39754343,0.652259,2.0361538,1.0889583,-0.625841,-0.06164276
2,72,-0.39756083,0.65236056,2.0374966,1.0885987,-0.6266703,-0.06238262
2,73,-0.39761758,0.65258086,2.0354633,1.0888658,-0.62750095,-0.06312285
2,74,-0.39758205,0.6527214,2.0375366,1.0887513,-0.6283329,-0.063863456
2,75,-0.3975917,0.6529919,2.0348568,1.088798,-0.62916625,-0.064604424
2,76,-0.39763105,0.6531054,2.0370922,1.0887418,-0.6300008,-0.06534575
2,77,-0.3976835,0.6532588,2.0356197,1.0887108,-0.6308367,-0.06608744
2,78,-0.39771342,0.6534728,2.0355072,1.0886598,-0.63167393,-0.06682948
2,79,-0.3976649,0.6536182,2.0355873,1.0887766,-0.63251245,-0.06757187
2,80,-0.39766455,0.65375507,2.0338993,1.0884881,-0.63335216,-0.068314604
2,81,-0.39771146,0.6540865,2.035492,1.0887961,-0.6341932,-0.06905768
2,82,-0.39768273,0.654094,2.0349083,1.0885291,-0.63503546,-0.0698011
2,83,-0.39776814,0.65429294,2.0352783,1.0887265,-0.635879,-0.07054485
2,84,-0.39776134,0.6545501,2.0353012,1.0885286,-0.6367237,-0.07128892
2,85,-0.39776403,0.6546724,2.0349255,1.088542,-0.63756967,-0.07203332
2,86,-0.3977291,0.6548637,2.03483,1.0884843,-0.6384168,-0.072778046
2,87,-0.39777792,0.6550019,2.034109,1.0885892,-0.6392652,-0.07352308
2,88,-0.39779466,0.6551415,2.0348015,1.0885286,-0.6401147,-0.07426843
2,89,-0.39778662,0.6552789,2.0341454,1.0887322,-0.64096546,-0.07501409
2,90,-0.39787275,0.65545344,2.0347862,1.0884485,-0.6418174,-0.07576005
2,91,-0.39781195,0.65566576,2.0338058,1.0885725,-0.64267045,-0.07650632
2,92,-0.39786953,0.6557598,2.0345764,1.0885053,-0.64352465,-0.07725288
2,93,-0.3977939,0.65601635,2.0333862,1.0884295,-0.64438,-0.077999726
2,94,-0.3978064,0.656129,2.034195,1.0883846,-0.6452365,-0.07874687
2,95,-0.39783525,0.65632415,2.0328064,1.0885081,-0.6460941,-0.07949429
2,96,-0.39784306,0.65645254,2.0339012,1.0884242,-0.6469528,-0.08024199
2,97,-0.39785665,0.6566218,2.032215,1.0885811,-0.6478126,-0.080989964
2,98,-0.39780843,0.6568302,2.033514,1.0884385,-0.6486735,-0.08173822
2,99,-0.39787233,0.6569207,2.032526,1.088594,-0.6495354,-0.08248673
2,100,-0.39786625,0.6571765,2.0331268,1.0884652,-0.6503985,-0.08323551
2,101,-0.3978508,0.6572809,2.0325012,1.0885453,-0.6512625,-0.08398454
2,102,-0.3978361,0.65746295,2.0333405,1.0885258,-0.6521277,-0.08473384
2,103,-0.3978991,0.6575401,2.032442,1.088408,-0.65299386,-0.08548337
2,104,-0.39789242,0.6576921,2.032774,1.0886073,-0.65386105,-0.08623316
2,105,-0.39782065,0.65795267,2.032318,1.0883474,-0.65472925,-0.08698319
2,106,-0.39786875,0.65803516,2.0325031,1.088407,-0.65559846,-0.087733455
2,107,-0.39795828,0.6582476,2.0322208,1.088419,-0.65646863,-0.08848395
2,108,-0.39796692,0.65843904,2.032238,1.0883002,-0.6573398,-0.08923468
2,109,-0.39789617,0.6585511,2.0319557,1.0882664,-0.658212,-0.08998563
2,110,-0.39790446,0.6587368,2.032034,1.0883508,-0.6590851,-0.09073681
2,111,-0.39800882,0.65888536,2.0308895,1.0883293,-0.6599592,-0.0914882
2,112,-0.39800423,0.6590066,2.0317802,1.088438,-0.6608342,-0.092239805
2,113,-0.3979329,0.65928245,2.0301914,1.0881076,-0.66171014,-0.09299161
2,114,-0.39794284,0.65944064,2.0314636,1.088438,-0.662587,-0.09374363
2,115,-0.39802986,0.6595448,2.02993,1.0881367,-0.6634647,-0.09449585
2,116,-0.39803636,0.6596619,2.0309334,1.0883188,-0.6643434,-0.09524826
2,117,-0.3980459,0.65984225,2.0298328,1.0879989,-0.66522294,-0.09600086
2,118,-0.39805603,0.6600013,2.0310898,1.088213,-0.66610336,-0.09675365
2,119,-0.39805555,0.66022193,2.0291195,1.0881,-0.6669847,-0.09750662
2,120,-0.39813507,0.66030896,2.0311775,1.088223,-0.6678668,-0.09825977
2,121,-0.39807057,0.6604918,2.0286446,1.0881181,-0.6687498,-0.0990131
2,122,-0.39808005,0.66061175,2.0307407,1.088316,-0.6696336,-0.0997666
2,123,-0.39814013,0.6608536,2.0290012,1.0881076,-0.6705183,-0.10052026
2,124,-0.39816058,0.6609448,2.0301533,1.088191,-0.67140377,-0.10127408
2,125,-0.39816034,0.6612352,2.0293236,1.0881224,-0.67229,-0.102028064
2,126,-0.3981822,0.6613276,2.0270214,1.0883956,-0.67317706,-0.1027822
2,127,-0.39814013,0.66146815,2.029316,1.0880861,-0.67406493,-0.10353649
2,128,-0.3982045,0.6616322,2.0286255,1.0880752,-0.6749535,-0.10429091
2,129,-0.39816153,0.66182745,2.0292969,1.0879731,-0.6758429,-0.10504548
2,130,-0.39818037,0.66203916,2.0290546,1.0882483,-0.676733,-0.10580019
2,131,-0.39821792,0.66222596,2.029148,1.0879059,-0.67762387,-0.10655503
2,132,-0.39826715,0.66232574,2.0289955,1.0879812,-0.67851543,-0.10731
2,133,-0.3982858,0.6625203,2.0289764,1.0880237,-0.6794077,-0.10806508
2,134,-0.39832187,0.6627017,2.0289173,1.0879989,-0.6803007,-0.10882029
2,135,-0.3982662,0.6627964,2.0263119,1.0880718,-0.6811944,-0.109575614
2,136,-0.39825147,0.6629602,2.0282936,1.0879154,-0.6820888,-0.11033105
2,137,-0.39825016,0.66321456,2.0281525,1.0878329,-0.6829838,-0.11108659
2,138,-0.39830625,0.6632496,2.0280724,1.0878787,-0.68387955,-0.11184224
2,139,-0.39831448,0.6634768,2.02808,1.0876961,-0.6847759,-0.11259798
2,140,-0.3982619,0.6636405,2.0278893,1.0878882,-0.6856729,-0.11335382
2,141,-0.39830428,0.663854,2.027628,1.0876794,-0.6865705,-0.11410975
2,142,-0.39830393,0.664014,2.0272655,1.0879836,-0.68746877,-0.11486576
2,143,-0.39837456,0.6641773,2.026926,1.0877357,-0.68836766,-0.11562185
2,144,-0.39836764,0.66431296,2.0270367,1.0877309,-0.6892671,-0.11637802
2,145,-0.39840436,0.66450024,2.026268,1.087811,-0.6901671,-0.11713426
2,146,-0.398328,0.6646522,2.0264816,1.0877709,-0.69106776,-0.11789057
2,147,-0.39832842,0.6648457,2.0260048,1.0877838,-0.6919689,-0.11864694
2,148,-0.39838314,0.66499054,2.0264816,1.0879464,-0.6928706,-0.11940338
2,149,-0.3984177,0.66515493,2.0256634,1.0878439,-0.6937729,-0.120159864
2,150,-0.3984449,0.6653007,2.0258331,1.0876808,-0.6946757,-0.120916404
2,151,-0.39840114,0.66551626,2.0253716,1.0878191,-0.695579,-0.12167299
2,152,-0.39840394,0.6655611,2.0259933,1.0876079,-0.69648284,-0.12242962
2,153,-0.39843088,0.6657772,2.0251064,1.0878077,-0.69738716,-0.12318628
2,154,-0.39844656,0.6659392,2.0253468,1.0877233,-0.69829196,-0.123942986
2,155,-0.39845282,0.66607773,2.0253067,1.087646,-0.6991973,-0.12469972
2,156,-0.3984213,0.6662594,2.025032,1.0877013,-0.70010304,-0.12545648
2,157,-0.39852536,0.666419,2.024641,1.0874872,-0.7010092,-0.12621325
2,158,-0.39842683,0.6665629,2.0248032,1.0875869,-0.70191586,-0.12697005
2,159,-0.3985812,0.66680956,2.0244598,1.0873771,-0.702823,-0.12772685
2,160,-0.39850742,0.6669444,2.0246315,1.0874386,-0.70373046,-0.12848367
2,161,-0.3986076,0.6671568,2.0244675,1.0875864,-0.70463836,-0.12924048
2,162,-0.39860284,0.66721857,2.024355,1.0874276,-0.7055467,-0.1299973
2,163,-0.3986323,0.6674504,2.02425,1.087337,-0.70645535,-0.13075411
2,164,-0.39852178,0.66760993,2.0237808,1.0871558,-0.70736444,-0.13151093
2,165,-0.39864492,0.6677314,2.0234776,1.087296,-0.7082739,-0.13226771
2,166,-0.3986287,0.66792095,2.0231361,1.0869842,-0.7091837,-0.13302448
2,167,-0.39869004,0.66800785,2.0230942,1.0874681,-0.7100938,-0.13378124
2,168,-0.39861572,0.66820776,2.0230656,1.086885,-0.71100426,-0.13453797
2,169,-0.3987618,0.66834164,2.0229988,1.0874076,-0.7119151,-0.13529466
2,170,-0.3986398,0.66854846,2.0223122,1.0871487,-0.71282613,-0.13605133
2,171,-0.3987385,0.66868246,2.0241947,1.0874157,-0.71373755,-0.13680795
2,172,-0.39867854,0.66890204,2.0222454,1.0868864,-0.71464926,-0.13756453
2,173,-0.39874768,0.66903484,2.0247211,1.0873384,-0.7155612,-0.13832106
2,174,-0.3986675,0.66924727,2.0222416,1.0871859,-0.71647346,-0.13907753
2,175,-0.3988552,0.669376,2.0243835,1.0874014,-0.7173859,-0.13983396
2,176,-0.39863694,0.66949534,2.0224304,1.0872273,-0.7182986,-0.14059031
2,177,-0.39885914,0.6697767,2.0236778,1.0872097,-0.7192116,-0.14134662
2,178,-0.39868432,0.66991174,2.0227585,1.0871835,-0.7201248,-0.14210284
2,179,-0.39881164,0.67005193,2.0233192,1.0872259,-0.72103816,-0.142859
2,180,-0.39878333,0.6701424,2.022335,1.0871596,-0.7219517,-0.14361507
2,181,-0.39882153,0.6703541,2.0234566,1.0873752,-0.7228655,-0.14437106
2,182,-0.39878684,0.67049575,2.0215359,1.0871701,-0.72377944,-0.14512697
2,183,-0.39891464,0.67063415,2.0230942,1.0870152,-0.7246936,-0.14588279
2,184,-0.39875114,0.6708425,2.0214233,1.087275,-0.7256079,-0.14663851
2,185,-0.39880097,0.67104816,2.0211105,1.0873513,-0.72652227,-0.14739414
2,186,-0.39885914,0.6711091,2.0211945,1.087163,-0.7274368,-0.14814965
2,187,-0.39886677,0.6713239,2.022091,1.0871282,-0.7283515,-0.14890505
2,188,-0.39878762,0.6714003,2.0202045,1.0872798,-0.7292662,-0.14966036
2,189,-0.39879906,0.67162573,2.0219822,1.0870805,-0.7301811,-0.15041554
2,190,-0.39887857,0.67184365,2.0196476,1.0872741,-0.7310961,-0.1511706
2,191,-0.3988971,0.6720077,2.0215244,1.0871763,-0.73201114,-0.15192553
2,192,-0.39882684,0.67211556,2.01935,1.0870485,-0.7329262,-0.15268034
2,193,-0.3988515,0.6723726,2.020668,1.0868659,-0.73384136,-0.153435
2,194,-0.3989147,0.67243826,2.0190792,1.0868449,-0.7347566,-0.15418954
2,195,-0.3989231,0.6726723,2.0200157,1.08676,-0.73567176,-0.15494394
2,196,-0.3989092,0.67273104,2.0188293,1.086873,-0.73658705,-0.15569818
2,197,-0.3989454,0.67293775,2.0191994,1.0868993,-0.7375023,-0.15645227
2,198,-0.39901447,0.67305934,2.0189152,1.0868988,-0.73841757,-0.15720621
2,199,-0.39895022,0.6732811,2.0193443,1.086607,-0.7393328,-0.15795998
2,200,-0.39901,0.6734177,2.0187435,1.0865831,-0.74024796,-0.1587136
2,201,-0.39901608,0.6736144,2.0194511,1.086627,-0.7411632,-0.15946704
2,202,-0.39907265,0.6737597,2.0189133,1.0865545,-0.7420783,-0.16022032
2,203,-0.39901483,0.673967,2.0195942,1.086637,-0.74299335,-0.16097341
2,204,-0.39906204,0.67402375,2.0187492,1.0865726,-0.7439084,-0.16172633
2,205,-0.3991328,0.67427015,2.0195084,1.086554,-0.7448233,-0.16247906
2,206,-0.3991096,0.6743288,2.018015,1.086483,-0.74573815,-0.1632316
2,207,-0.39905024,0.6745993,2.0188618,1.0862494,-0.74665284,-0.16398394
2,208,-0.3990904,0.6746694,2.018259,1.086266,-0.7475675,-0.16473609
2,209,-0.39916158,0.67490315,2.0180779,1.0859213,-0.7484819,-0.16548803
2,210,-0.39917272,0.67503214,2.0176964,1.0861158,-0.7493963,-0.16623977
2,211,-0.3991251,0.6751915,2.0162354,1.08603,-0.7503105,-0.1669913
2,212,-0.3992222,0.6753551,2.0174332,1.0861149,-0.7512245,-0.1677426
2,213,-0.39916766,0.6755091,2.016201,1.0856519,-0.75213844,-0.16849369
2,214,-0.39918298,0.67561626,2.0172577,1.086204,-0.7530521,-0.16924456
2,215,-0.3991865,0.67587435,2.0164375,1.085597,-0.7539656,-0.16999519
2,216,-0.3992375,0.67602384,2.0162563,1.0860457,-0.7548789,-0.1707456
2,217,-0.3993116,0.6761837,2.0160408,1.0856404,-0.75579196,-0.17149575
2,218,-0.39931697,0.6762446,2.0160294,1.086019,-0.7567048,-0.17224568
2,219,-0.39923877,0.67643344,2.0152893,1.085753,-0.7576174,-0.17299536
2,220,-0.3992952,0.6766144,2.0157185,1.086092,-0.7585298,-0.17374478
2,221,-0.3993299,0.67685807,2.0152702,1.0858798,-0.7594419,-0.17449395
2,222,-0.39936972,0.6769358,2.015339,1.0860634,-0.76035374,-0.17524287
2,223,-0.39931065,0.67713356,2.0156612,1.0857415,-0.7612653,-0.17599152
2,224,-0.3993153,0.6772529,2.0139809,1.0860047,-0.7621765,-0.17673992
2,225,-0.3993206,0.67745435,2.015501,1.0858665,-0.76308745,-0.17748803
2,226,-0.39935362,0.6775447,2.0144653,1.0859294,-0.7639981,-0.17823586
2,227,-0.39935195,0.67777646,2.0150414,1.0857787,-0.76490843,-0.17898342
2,228,-0.39937449,0.67786026,2.0151196,1.0861945,-0.7658184,-0.17973068
2,229,-0.39933664,0.6781266,2.0151024,1.0856495,-0.766728,-0.18047766
2,230,-0.3993597,0.6782068,2.0157623,1.0860014,-0.76763725,-0.18122436
2,231,-0.39936942,0.67841566,2.0147343,1.0853467,-0.76854616,-0.18197076
2,232,-0.3994385,0.6785526,2.015543,1.0857759,-0.76945466,-0.18271685
2,233,-0.39941758,0.6786963,2.0143528,1.0854115,-0.77036273,-0.18346263
2,234,-0.3994348,0.6788918,2.0149384,1.0856199,-0.77127045,-0.18420811
2,235,-0.39937294,0.67904234,2.014389,1.085566,-0.77217776,-0.18495327
2,236,-0.39944148,0.67917764,2.0148602,1.0855412,-0.7730846,-0.1856981
2,237,-0.39934826,0.6794919,2.015501,1.0853977,-0.77399105,-0.18644263
2,238,-0.39949167,0.6795001,2.0140266,1.0854836,-0.774897,-0.18718682
2,239,-0.39941758,0.6798099,2.012329,1.0851021,-0.7758025,-0.18793067
2,240,-0.3995164,0.67991126,2.0131302,1.0851879,-0.77670753,-0.1886742
2,241,-0.39949936,0.68007636,2.013567,1.0851045,-0.7776121,-0.18941739
2,242,-0.3995036,0.68013513,2.0127182,1.0848541,-0.7785161,-0.19016023
2,243,-0.39940375,0.68031704,2.0125618,1.0852213,-0.77941966,-0.19090271
2,244,-0.39954287,0.68051004,2.0115452,1.0847535,-0.78032273,-0.19164486
2,245,-0.39949024,0.68069005,2.0121803,1.0847521,-0.7812252,-0.19238664
2,246,-0.39955902,0.68082774,2.0090294,1.0849156,-0.7821272,-0.19312805
2,247,-0.39953208,0.68104744,2.0106812,1.0848804,-0.7830286,-0.19386911
2,248,-0.3995523,0.68116117,2.0125275,1.0846682,-0.78392947,-0.19460979
2,249,-0.39950448,0.68128705,2.0110054,1.0846252,-0.78482974,-0.19535011
2,250,-0.3995642,0.6815659,2.013153,1.0843787,-0.7857294,-0.19609003
2,251,-0.39954293,0.6817181,2.011158,1.0843925,-0.78662854,-0.19682959
2,252,-0.39965093,0.6818191,2.012741,1.0845566,-0.787527,-0.19756874
2,253,-0.3996343,0.681978,2.0109425,1.0844665,-0.7884249,-0.19830751
2,254,-0.3997178,0.68219125,2.012514,1.0846553,-0.78932214,-0.1990459
2,255,-0.39960617,0.68229735,2.010769,1.0845838,-0.7902188,-0.19978386
2,256,-0.39963257,0.68248785,2.0115433,1.0844421,-0.79111475,-0.20052144
2,257,-0.39969724,0.68263257,2.0105724,1.0842671,-0.79201,-0.2012586
2,258,-0.39971578,0.6828704,2.0106297,1.0841751,-0.7929047,-0.20199536
2,259,-0.3996538,0.68295443,2.0099888,1.0839586,-0.7937986,-0.20273168
2,260,-0.39970613,0.6831045,2.0100555,1.0840907,-0.79469186,-0.20346761
2,261,-0.39976603,0.683203,2.0091705,1.0841861,-0.7955844,-0.20420308
2,262,-0.39972818,0.6834556,2.00943,1.0842471,-0.7964762,-0.20493814
2,263,-0.3997103,0.683648,2.0086918,1.0840216,-0.79736733,-0.20567277
2,264,-0.39966488,0.6837449,2.009058,1.0841255,-0.79825765,-0.20640697
2,265,-0.39974147,0.6838933,2.0085812,1.0838308,-0.7991473,-0.20714071
2,266,-0.39977956,0.6841539,2.0085907,1.0839052,-0.80003613,-0.20787401
2,267,-0.3998273,0.68418586,2.0088997,1.0839405,-0.8009242,-0.20860687
2,268,-0.39972574,0.6844405,2.0083046,1.0838261,-0.8018115,-0.20933926
2,269,-0.39982378,0.68447423,2.00877,1.084002,-0.802698,-0.21007119
2,270,-0.39978582,0.6846696,2.0079517,1.083808,-0.8035837,-0.21080267
2,271,-0.39981312,0.6848427,2.0082016,1.0836959,-0.8044686,-0.21153368
2,272,-0.39981663,0.68507826,2.0072594,1.0835681,-0.8053526,-0.21226421
2,273,-0.3998047,0.6850909,2.0075645,1.0836172,-0.80623585,-0.21299428
2,274,-0.39986956,0.6854044,2.0061874,1.0837526,-0.80711824,-0.21372385
2,275,-0.39988708,0.6854811,2.0071125,1.0838575,-0.80799973,-0.21445295
2,276,-0.39980733,0.6856952,2.0071545,1.0834966,-0.8088804,-0.21518156
2,277,-0.39992702,0.68583286,2.006813,1.0835905,-0.8097601,-0.21590967
2,278,-0.3998508,0.6860374,2.0071564,1.0834136,-0.81063896,-0.21663728
2,279,-0.39995313,0.6861237,2.0070572,1.0835176,-0.81151694,-0.21736442
2,280,-0.39981866,0.68638146,2.007145,1.0832977,-0.81239396,-0.21809103
2,281,-0.39989293,0.68639505,2.006813,1.0833697,-0.8132701,-0.21881713
2,282,-0.39989632,0.686695,2.0071812,1.0831962,-0.8141453,-0.21954273
2,283,-0.39994562,0.6867157,2.0067883,1.0832844,-0.81501955,-0.22026779
2,284,-0.3999834,0.68703353,2.006754,1.0830927,-0.8158928,-0.22099234
2,285,-0.4000085,0.6870812,2.0066376,1.0833468,-0.8167651,-0.22171637
2,286,-0.39992738,0.6873441,2.006237,1.0833249,-0.8176365,-0.22243987
2,287,-0.39993668,0.68737674,2.0061207,1.0832238,-0.81850684,-0.22316283
2,288,-0.40004885,0.68765604,2.0057125,1.082941,-0.8193762,-0.22388527
2,289,-0.40003896,0.68784046,2.0062199,1.0830259,-0.8202445,-0.22460714
2,290,-0.3999998,0.6879672,2.0052738,1.0832105,-0.8211118,-0.22532849
2,291,-0.40010995,0.6881436,2.0065002,1.0828071,-0.8219781,-0.22604927
2,292,-0.4000981,0.688339,2.0053616,1.0830641,-0.8228433,-0.2267695
2,293,-0.40010357,0.6884029,2.0063992,1.082705,-0.8237075,-0.22748917
2,294,-0.40014356,0.6886606,2.0056438,1.0829339,-0.8245706,-0.22820829
2,295,-0.40009272,0.68873966,2.003788,1.0827551,-0.82543266,-0.22892682
2,296,-0.40018034,0.68896186,2.0045185,1.0828018,-0.8262936,-0.2296448
2,297,-0.40012044,0.6890812,2.003994,1.0825801,-0.82715344,-0.2303622
2,298,-0.40020794,0.6892537,2.0047913,1.0827432,-0.82801217,-0.23107901
2,299,-0.40018094,0.6894244,2.004259,1.0824294,-0.8288698,-0.23179525
2,300,-0.40018237,0.68955934,2.0055943,1.0825672,-0.8297263,-0.2325109
2,301,-0.40018487,0.68972313,2.0037746,1.0823808,-0.83058167,-0.23322596
2,302,-0.40028226,0.69002783,2.0059395,1.0822511,-0.83143586,-0.23394041
2,303,-0.40018457,0.68999183,2.0028992,1.0823245,-0.8322889,-0.23465428
2,304,-0.40023828,0.69037974,2.00568,1.0824795,-0.8331408,-0.23536754
2,305,-0.40022242,0.6903566,2.003378,1.0823331,-0.83399147,-0.23608018
2,306,-0.40029687,0.6906408,2.0037098,1.0821462,-0.83484095,-0.2367922
2,307,-0.4002865,0.69076455,2.004013,1.0819335,-0.83568925,-0.23750363
2,308,-0.40028405,0.69097364,2.0039158,1.0819836,-0.8365363,-0.23821443
2,309,-0.40031582,0.69104517,2.0023727,1.081634,-0.83738214,-0.23892461
2,310,-0.40034753,0.6911733,2.0025349,1.0819364,-0.8382268,-0.23963416
2,311,-0.40029252,0.6912981,2.0019665,1.0818329,-0.83907014,-0.24034306
2,312,-0.40036547,0.6915252,2.0011559,1.0818453,-0.83991224,-0.24105135
2,313,-0.40026593,0.6916808,2.0017452,1.0815921,-0.8407531,-0.24175899
2,314,-0.4002906,0.691975,1.9995956,1.0817795,-0.84159267,-0.24246597
2,315,-0.40028656,0.6920755,2.0015087,1.0813289,-0.8424309,-0.24317232
2,316,-0.40038186,0.692222,1.999794,1.0816493,-0.84326786,-0.24387802
2,317,-0.40040004,0.6923579,2.0013504,1.0812402,-0.8441036,-0.24458306
2,318,-0.40039116,0.69255674,2.0001278,1.0815377,-0.8449379,-0.24528743
2,319,-0.4003291,0.69261885,2.0011673,1.0813293,-0.8457709,-0.24599114
2,320,-0.40034735,0.69286335,2.0001602,1.0813036,-0.84660256,-0.24669418
2,321,-0.40032506,0.6930162,1.9987831,1.0813441,-0.8474329,-0.24739654
2,322,-0.40037996,0.6931013,1.9999924,1.0809579,-0.84826183,-0.24809824
2,323,-0.40042734,0.69331706,1.9980812,1.08115,-0.84908944,-0.24879925
2,324,-0.40045953,0.693385,1.9992218,1.0809746,-0.8499156,-0.24949957
2,325,-0.40038413,0.69360554,1.9982605,1.0809464,-0.85074043,-0.2501992
2,326,-0.4004153,0.693769,1.9986019,1.080842,-0.8515639,-0.25089815
2,327,-0.40041083,0.69400394,1.9978333,1.080862,-0.8523859,-0.25159642
2,328,-0.4004594,0.6941285,1.9985638,1.0804162,-0.85320646,-0.25229394
2,329,-0.400526,0.6942767,1.9975986,1.0807204,-0.85402554,-0.25299078
2,330,-0.4004832,0.69441426,1.9979515,1.0804601,-0.85484326,-0.25368693
2,331,-0.40053976,0.69461954,1.9976349,1.0804033,-0.8556595,-0.25438234
2,332,-0.40056264,0.6947354,1.9974155,1.0803761,-0.8564743,-0.25507706
2,333,-0.40051973,0.6948106,1.9980602,1.0801039,-0.8572876,-0.25577104
2,334,-0.4005186,0.69501996,1.9968147,1.0801387,-0.8580994,-0.2564643
2,335,-0.40058553,0.69521034,1.9990864,1.0799594,-0.85890967,-0.25715682
2,336,-0.4005192,0.6952683,1.9969273,1.0799704,-0.8597185,-0.25784862
2,337,-0.40059626,0.69560826,1.9965439,1.0800581,-0.8605258,-0.2585397
2,338,-0.40063536,0.69564545,1.9972534,1.0799756,-0.8613316,-0.25923002
2,339,-0.40062416,0.69587004,1.9962349,1.0796113,-0.86213577,-0.25991958
2,340,-0.40068114,0.6960137,1.9968834,1.0797701,-0.86293846,-0.26060843
2,341,-0.4006917,0.69617355,1.996563,1.0794358,-0.8637396,-0.2612965
2,342,-0.40062112,0.6963402,1.9964619,1.0795779,-0.86453915,-0.26198384
2,343,-0.40070152,0.69647,1.9959927,1.0790234,-0.86533713,-0.2626704
2,344,-0.40064496,0.6967006,1.9958916,1.0794797,-0.8661335,-0.26335618
2,345,-0.40073043,0.69679797,1.9942093,1.0790081,-0.86692834,-0.26404122
2,346,-0.40063566,0.69692135,1.9948978,1.0793643,-0.8677215,-0.26472548
2,347,-0.40072876,0.69715273,1.9946079,1.078701,-0.8685131,-0.26540896
2,348,-0.40074396,0.6972517,1.9938679,1.0794826,-0.86930305,-0.26609167
2,349,-0.40083176,0.6974665,1.9954185,1.0791593,-0.8700913,-0.26677358
2,350,-0.4007442,0.6976181,1.9932365,1.0793309,-0.870878,-0.26745474
2,351,-0.40082753,0.6977811,1.9956207,1.0788589,-0.87166303,-0.26813507
2,352,-0.40073168,0.69794166,1.9954205,1.0790772,-0.87244636,-0.26881462
2,353,-0.40083772,0.69819176,1.9948578,1.0789342,-0.873228,-0.26949337
2,354,-0.40078753,0.69824374,1.9955711,1.0790877,-0.874008,-0.2701713
2,355,-0.40081495,0.6984414,1.993557,1.0789876,-0.87478626,-0.27084845
2,356,-0.40083796,0.69853556,1.99473,1.0790963,-0.87556285,-0.2715248
2,357,-0.40088153,0.69877684,1.9925823,1.0790472,-0.8763377,-0.27220032
2,358,-0.40078306,0.69891036,1.9941444,1.0790067,-0.87711084,-0.272875
2,359,-0.4009168,0.6991452,1.9923668,1.0787678,-0.8778822,-0.2735489
2,360,-0.4007733,0.69926035,1.9930763,1.078742,-0.87865186,-0.27422196
2,361,-0.40090144,0.6993928,1.9928703,1.0786166,-0.87941974,-0.27489418
2,362,-0.400869,0.6994779,1.9923973,1.0785313,-0.88018584,-0.27556556
2,363,-0.40087056,0.6996664,1.99259,1.0783515,-0.8809502,-0.27623612
2,364,-0.40085787,0.6998807,1.9917145,1.0785394,-0.8817128,-0.27690583
2,365,-0.40096736,0.7000412,1.9923344,1.0782566,-0.8824736,-0.27757472
2,366,-0.40092033,0.70015025,1.9926662,1.0784187,-0.88323253,-0.27824274
2,367,-0.40094507,0.70041597,1.99193,1.0782328,-0.8839897,-0.2789099
2,368,-0.40089667,0.70045483,1.9918919,1.0781302,-0.884745,-0.2795762
2,369,-0.40091622,0.7006211,1.9920921,1.0777068,-0.8854985,-0.28024167
2,370,-0.40096116,0.70084774,1.9907684,1.0779386,-0.88625014,-0.28090626
2,371,-0.40094995,0.70093083,1.9909,1.0775504,-0.88699996,-0.28157
2,372,-0.40101993,0.7011031,1.9898338,1.0780096,-0.8877479,-0.28223282
2,373,-0.4009751,0.701293,1.9903164,1.0776925,-0.88849396,-0.28289482
2,374,-0.40095633,0.7013911,1.9899044,1.0777831,-0.8892382,-0.28355592
2,375,-0.4010229,0.7016336,1.9899025,1.0777316,-0.88998044,-0.28421614
2,376,-0.4010945,0.7016846,1.9907455,1.0774136,-0.89072084,-0.28487548
2,377,-0.40111643,0.7018472,1.9898491,1.0775542,-0.89145935,-0.2855339
2,378,-0.40104854,0.70203435,1.9919338,1.0772462,-0.8921959,-0.28619146
2,379,-0.40109932,0.70217025,1.9905396,1.0772943,-0.89293057,-0.28684813
2,380,-0.40112758,0.70241094,1.9902782,1.0772376,-0.8936632,-0.28750387
2,381,-0.4010427,0.7025173,1.9901447,1.0770965,-0.894394,-0.28815874
2,382,-0.401151,0.7026633,1.9888229,1.0772567,-0.8951228,-0.28881267
2,383,-0.40108627,0.70284355,1.9888573,1.0773039,-0.89584965,-0.2894657
2,384,-0.4011104,0.7029463,1.98839,1.0773382,-0.8965745,-0.29011783
2,385,-0.40120888,0.70314765,1.9885178,1.0771871,-0.8972974,-0.290769
2,386,-0.4012077,0.703313,1.9883728,1.0772309,-0.89801824,-0.2914193
2,387,-0.40118182,0.70335114,1.9883041,1.0769506,-0.89873713,-0.29206866
2,388,-0.40127218,0.70367336,1.9876347,1.0768719,-0.899454,-0.29271707
2,389,-0.40125692,0.7037939,1.9882221,1.0767741,-0.90016884,-0.29336455
2,390,-0.40125787,0.7040062,1.9863243,1.0769458,-0.90088165,-0.29401112
2,391,-0.40124214,0.7041489,1.9881878,1.0769672,-0.90159243,-0.29465672
2,392,-0.40132755,0.70422244,1.9881573,1.0767932,-0.90230113,-0.29530138
2,393,-0.40133113,0.7043923,1.9880848,1.0768352,-0.9030078,-0.2959451
2,394,-0.4012686,0.70458305,1.9881496,1.0767455,-0.90371245,-0.29658788
2,395,-0.40132624,0.70478284,1.9880733,1.0765667,-0.90441495,-0.29722968
2,396,-0.40127587,0.70492065,1.9851742,1.0768242,-0.90511537,-0.29787055
2,397,-0.4012916,0.705037,1.9872608,1.0767598,-0.90581375,-0.29851043
2,398,-0.40131807,0.705196,1.9864635,1.0765944,-0.90651,-0.29914936
2,399,-0.40131348,0.70533264,1.9868679,1.0769386,-0.9072041,-0.2997873
2,400,-0.40125918,0.70545924,1.9853115,1.0763936,-0.9078961,-0.3004243
2,401,-0.4013468,0.7057334,1.9865589,1.0767846,-0.90858597,-0.30106032
2,402,-0.40133286,0.7058245,1.9855251,1.0763812,-0.90927374,-0.30169535
2,403,-0.4014129,0.70612967,1.9836102,1.0764923,-0.9099593,-0.3023294
2,404,-0.40133142,0.70615935,1.9866638,1.076294,-0.91064274,-0.30296245
2,405,-0.40134907,0.7064364,1.9840527,1.0761409,-0.911324,-0.3035945
2,406,-0.40136015,0.70645344,1.9842796,1.0761361,-0.9120031,-0.3042256
2,407,-0.40137827,0.7067256,1.9848671,1.0758471,-0.91268003,-0.30485567
2,408,-0.4014169,0.70671654,1.9844723,1.0755944,-0.91335475,-0.30548474
2,409,-0.40144378,0.7069994,1.9850922,1.0755897,-0.9140273,-0.30611283
2,410,-0.40133643,0.70706296,1.9841652,1.0756221,-0.9146976,-0.30673987
2,411,-0.4013676,0.7072525,1.9847679,1.0756674,-0.91536564,-0.30736592
2,412,-0.40131307,0.70733285,1.9837399,1.0754933,-0.91603154,-0.30799097
2,413,-0.40144062,0.70768654,1.9843807,1.075386,-0.9166952,-0.308615
2,414,-0.40135622,0.70768464,1.9830017,1.0751181,-0.91735655,-0.309238
2,415,-0.40142798,0.70794344,1.9839325,1.0750656,-0.91801566,-0.30985996
2,416,-0.40140194,0.70792043,1.9833317,1.0750256,-0.9186725,-0.31048092
2,417,-0.4014898,0.7082001,1.9820042,1.0750289,-0.91932714,-0.3111008
2,418,-0.40143502,0.70825875,1.9834442,1.0748038,-0.91997945,-0.3117197
2,419,-0.40143085,0.70855534,1.9836006,1.0748143,-0.9206295,-0.31233755
2,420,-0.4014156,0.7085992,1.9838333,1.0745568,-0.9212772,-0.31295434
2,421,-0.40150303,0.7088183,1.9807472,1.0745702,-0.9219226,-0.31357008
2,422,-0.4015689,0.70890355,1.9826946,1.0744448,-0.92256576,-0.31418478
2,423,-0.4015758,0.7091392,1.9823952,1.0743203,-0.92320657,-0.31479844
2,424,-0.40161085,0.7092823,1.9820766,1.0743899,-0.923845,-0.31541103
2,425,-0.40156835,0.70939195,1.9803085,1.0743628,-0.92448115,-0.31602257
2,426,-0.40154374,0.7095083,1.981348,1.0740519,-0.9251149,-0.31663305
2,427,-0.40158844,0.7098205,1.9810638,1.074214,-0.9257464,-0.31724244
2,428,-0.40161598,0.7098236,1.9806423,1.0738783,-0.92637545,-0.3178508
2,429,-0.40166885,0.7101257,1.980339,1.0740051,-0.92700213,-0.31845805
2,430,-0.4016142,0.71025383,1.9801426,1.0737624,-0.92762643,-0.31906423
2,431,-0.401605,0.7103679,1.9793129,1.0738664,-0.92824835,-0.31966937
2,432,-0.4015689,0.71053517,1.9796009,1.0737567,-0.9288679,-0.32027337
2,433,-0.4016174,0.71069753,1.9783726,1.0736623,-0.929485,-0.32087633
2,434,-0.40169156,0.71079123,1.9792366,1.0737963,-0.9300997,-0.3214782
2,435,-0.40170038,0.71095216,1.9784565,1.0734396,-0.93071204,-0.32207894
2,436,-0.40168083,0.71111286,1.9791985,1.073801,-0.93132186,-0.3226786
2,437,-0.40165937,0.7113112,1.9782639,1.0731869,-0.9319293,-0.32327718
2,438,-0.4016788,0.7114521,1.978899,1.0735908,-0.9325343,-0.32387462
2,439,-0.40173447,0.7115687,1.9779797,1.0733051,-0.9331368,-0.324471
2,440,-0.4017626,0.711795,1.9784031,1.0733719,-0.9337369,-0.32506624
2,441,-0.4016521,0.71198976,1.9775925,1.0733714,-0.9343345,-0.32566038
2,442,-0.401686,0.71203935,1.9778843,1.073237,-0.9349296,-0.3262534
2,443,-0.40174806,0.7122878,1.9769287,1.0731082,-0.93552226,-0.32684532
2,444,-0.4017384,0.71247184,1.9774952,1.0734024,-0.9361124,-0.3274361
2,445,-0.40178806,0.71256745,1.9765301,1.0729837,-0.93670005,-0.32802576
2,446,-0.40172338,0.7127156,1.9770374,1.0728898,-0.9372852,-0.3286143
2,447,-0.40176284,0.7128626,1.9767513,1.0728469,-0.9378678,-0.3292017
2,448,-0.40177834,0.7130606,1.9765701,1.0725389,-0.9384479,-0.32978794
2,449,-0.4017282,0.71323526,1.976677,1.0728478,-0.93902546,-0.33037308
2,450,-0.40172607,0.7133888,1.9760189,1.0724549,-0.9396005,-0.33095708
2,451,-0.4017713,0.7135613,1.9768333,1.0728016,-0.940173,-0.33153993
2,452,-0.40181512,0.7136301,1.9757233,1.0723577,-0.9407429,-0.3321216
2,453,-0.40180433,0.7138207,1.9769135,1.0726409,-0.9413103,-0.33270216
2,454,-0.4018401,0.7140635,1.9752827,1.0721946,-0.9418751,-0.33328155
2,455,-0.4018004,0.7140895,1.976963,1.0723114,-0.9424373,-0.3338598
2,456,-0.40187436,0.7142974,1.9750366,1.0720859,-0.9429969,-0.33443686
2,457,-0.40185273,0.714455,1.976572,1.071929,-0.943554,-0.3350128
2,458,-0.40193623,0.7146915,1.9747486,1.0718045,-0.9441084,-0.33558753
2,459,-0.40188038,0.71483266,1.973999,1.0720286,-0.94466025,-0.3361611
2,460,-0.4019121,0.7149074,1.9744225,1.0714908,-0.94520944,-0.33673352
2,461,-0.40194392,0.71512616,1.9736538,1.071641,-0.9457561,-0.33730477
2,462,-0.40200782,0.7152593,1.9739666,1.0712848,-0.9463,-0.33787483
2,463,-0.40189362,0.71533966,1.9737053,1.0713868,-0.94684136,-0.3384437
2,464,-0.40203166,0.7156638,1.973526,1.0712628,-0.94738,-0.3390114
2,465,-0.4019795,0.7157475,1.9736595,1.0713978,-0.94791603,-0.33957788
2,466,-0.40199965,0.7159003,1.9730797,1.0714478,-0.94844943,-0.3401432
2,467,-0.40199792,0.7160994,1.9729156,1.0712628,-0.94898015,-0.34070733
2,468,-0.40211737,0.7163192,1.9737301,1.0709925,-0.94950813,-0.34127027
2,469,-0.40213555,0.7163645,1.9722729,1.0710187,-0.9500335,-0.34183198
2,470,-0.40214092,0.7165266,1.9733086,1.0710359,-0.95055616,-0.3423925
2,471,-0.4020595,0.71675336,1.9722176,1.07061,-0.95107615,-0.34295183
2,472,-0.4020958,0.7168895,1.9724445,1.0709624,-0.9515934,-0.34350994
2,473,-0.4021104,0.71699774,1.9732075,1.0702329,-0.95210797,-0.34406683
2,474,-0.40217483,0.7172178,1.9714394,1.0706801,-0.9526198,-0.34462252
2,475,-0.40209538,0.7173234,1.9699135,1.0704064,-0.9531289,-0.345177
2,476,-0.40220404,0.71749103,1.9712067,1.070354,-0.9536353,-0.34573025
2,477,-0.4021439,0.7176521,1.970726,1.0699501,-0.95413893,-0.34628227
2,478,-0.4021635,0.71782887,1.970892,1.0701718,-0.9546398,-0.34683308
2,479,-0.40212488,0.71797836,1.9713974,1.0699787,-0.95513797,-0.34738263
2,480,-0.40225017,0.71816623,1.9709587,1.0699716,-0.95563334,-0.347931
2,481,-0.40226138,0.71828187,1.9714031,1.0699873,-0.956126,-0.3484781
2,482,-0.4021948,0.71847045,1.9706764,1.0698357,-0.9566158,-0.34902397
2,483,-0.4021964,0.7185503,1.9707394,1.0699234,-0.9571029,-0.3495686
2,484,-0.40215522,0.71876633,1.9702168,1.0697403,-0.9575872,-0.350112
2,485,-0.4022553,0.71885335,1.9697266,1.0699377,-0.95806867,-0.35065413
2,486,-0.40229237,0.7190324,1.9700527,1.0696173,-0.95854735,-0.35119504
2,487,-0.40224922,0.71917677,1.9694118,1.0698223,-0.9590233,-0.35173467
2,488,-0.40223652,0.71928275,1.9695873,1.0694337,-0.9594963,-0.35227305
2,489,-0.4021812,0.71944463,1.9689846,1.0695267,-0.9599666,-0.35281017
2,490,-0.40225494,0.7195853,1.9689827,1.069201,-0.960434,-0.35334605
2,491,-0.4022416,0.71973133,1.9689007,1.0693717,-0.96089864,-0.35388067
2,492,-0.40234077,0.7199565,1.9686775,1.0689464,-0.9613604,-0.35441402
2,493,-0.40227783,0.7200241,1.9691906,1.0693226,-0.9618193,-0.35494608
2,494,-0.4023702,0.7202736,1.9684219,1.0687599,-0.9622754,-0.3554769
2,495,-0.40225744,0.7203132,1.9693756,1.0692582,-0.96272856,-0.3560064
2,496,-0.40234607,0.72063076,1.9682064,1.0686154,-0.96317893,-0.35653466
2,497,-0.40236735,0.72061026,1.9690781,1.0690112,-0.9636264,-0.35706162
2,498,-0.4024014,0.720917,1.9675694,1.0685072,-0.964071,-0.35758734
2,499,-0.4023143,0.7209536,1.9684982,1.0687728,-0.96451265,-0.35811174
2,500,-0.40239596,0.72112024,1.9670792,1.0684733,-0.9649515,-0.35863486
2,501,-0.40242273,0.7212826,1.967741,1.0685987,-0.9653874,-0.3591567
2,502,-0.4024577,0.7214488,1.9668789,1.0680609,-0.96582043,-0.35967723
2,503,-0.4023723,0.7215153,1.9673748,1.0684538,-0.96625054,-0.36019647
2,504,-0.40251064,0.7217623,1.9670544,1.0678248,-0.9666777,-0.3607144
2,505,-0.40242088,0.7218443,1.9671116,1.0682726,-0.967102,-0.36123106
2,506,-0.4024908,0.72199726,1.9670811,1.0677042,-0.96752334,-0.3617464
2,507,-0.40242827,0.72218716,1.9670563,1.0680575,-0.96794176,-0.36226043
2,508,-0.40251905,0.7223948,1.9673958,1.0676851,-0.9683572,-0.36277315
2,509,-0.40246898,0.7225095,1.9672966,1.0678368,-0.9687697,-0.36328456
2,510,-0.4025647,0.72268784,1.966156,1.0676637,-0.96917933,-0.36379465
2,511,-0.40256393,0.72279274,1.965704,1.0675926,-0.96958596,-0.36430344
2,512,-0.40260458,0.7229438,1.9650459,1.0674605,-0.9699896,-0.3648109
2,513,-0.40261745,0.7232076,1.9647808,1.067627,-0.97039026,-0.36531705
2,514,-0.40261495,0.7233225,1.9643173,1.0670824,-0.970788,-0.36582187
2,515,-0.40263617,0.7234262,1.9649544,1.0672822,-0.9711827,-0.36632535
2,516,-0.40261918,0.72363675,1.9644012,1.0667787,-0.9715745,-0.36682752
2,517,-0.4026587,0.72382736,1.9645367,1.0671782,-0.9719632,-0.36732835
2,518,-0.40257043,0.72395015,1.9645271,1.0670972,-0.9723489,-0.36782783
2,519,-0.40261114,0.7242236,1.9617081,1.0670533,-0.9727317,-0.368326
2,520,-0.4026628,0.7243017,1.9648895,1.0670676,-0.97311145,-0.3688228
2,521,-0.40260464,0.72450423,1.9639683,1.0668697,-0.97348815,-0.3693183
2,522,-0.4027232,0.7246367,1.9654121,1.0674715,-0.9738619,-0.36981243
2,523,-0.40270436,0.7247219,1.9628983,1.0667453,-0.97423255,-0.3703052
2,524,-0.40270293,0.72493005,1.9659977,1.0671401,-0.9746002,-0.37079665
2,525,-0.4027766,0.72506964,1.9616127,1.0665755,-0.9749648,-0.37128675
2,526,-0.4027195,0.7253363,1.9631023,1.0668187,-0.97532636,-0.37177548
2,527,-0.40276933,0.7253659,1.960928,1.0664711,-0.9756848,-0.37226284
2,528,-0.4026932,0.72551155,1.9633713,1.0668898,-0.9760403,-0.37274885
2,529,-0.40275824,0.725718,1.961441,1.0662484,-0.9763927,-0.3732335
2,530,-0.4026968,0.7258426,1.962574,1.066359,-0.976742,-0.3737168
2,531,-0.4027701,0.7260767,1.9645977,1.0663176,-0.9770883,-0.3741987
2,532,-0.4027472,0.72621477,1.9637794,1.065825,-0.9774315,-0.37467927
2,533,-0.40272027,0.72634494,1.9636765,1.0661516,-0.9777716,-0.37515846
2,534,-0.40277904,0.7264657,1.9624329,1.065906,-0.9781086,-0.37563625
2,535,-0.40284258,0.72664106,1.9623966,1.0659499,-0.97844255,-0.3761127
2,536,-0.40271688,0.726828,1.9612961,1.0656004,-0.97877336,-0.37658775
2,537,-0.40284646,0.7269653,1.9618931,1.0657997,-0.9791011,-0.37706143
2,538,-0.40275908,0.7271553,1.9606056,1.0652156,-0.9794257,-0.3775337
2,539,-0.4028362,0.72721875,1.961132,1.0659671,-0.97974724,-0.3780046
2,540,-0.4028499,0.72744095,1.9604626,1.0652189,-0.98006564,-0.37847415
2,541,-0.40283477,0.72745657,1.9603615,1.065743,-0.9803809,-0.37894225
2,542,-0.40286303,0.7277012,1.9599361,1.065187,-0.98069304,-0.379409
2,543,-0.40283513,0.72776246,1.9596481,1.0654373,-0.9810021,-0.37987435
2,544,-0.40281975,0.727929,1.9597187,1.0651517,-0.9813079,-0.38033828
2,545,-0.40290093,0.72810566,1.9590931,1.065126,-0.9816107,-0.38080084
2,546,-0.40289378,0.72829163,1.9588108,1.0648875,-0.9819103,-0.38126197
2,547,-0.40286225,0.7284596,1.9583778,1.0650821,-0.9822067,-0.3817217
2,548,-0.4028769,0.72853994,1.9579029,1.0645671,-0.9825,-0.38218006
2,549,-0.40296525,0.7286719,1.9583778,1.0648336,-0.9827901,-0.382637
2,550,-0.40295023,0.7288947,1.9578667,1.0644617,-0.9830771,-0.3830925
2,551,-0.40294588,0.72907555,1.9582634,1.0645099,-0.9833609,-0.38354662
2,552,-0.40301633,0.72912633,1.9581013,1.0643497,-0.9836415,-0.3839993
2,553,-0.40299523,0.72936,1.9582577,1.0641747,-0.9839189,-0.38445058
2,554,-0.40298027,0.7294549,1.957634,1.0643091,-0.9841932,-0.38490042
2,555,-0.4030531,0.7296494,1.9577503,1.0639739,-0.9844642,-0.38534886
2,556,-0.40302253,0.729807,1.9571438,1.0641284,-0.9847321,-0.3857959
2,557,-0.40305328,0.7299243,1.9570866,1.0638995,-0.9849968,-0.38624147
2,558,-0.40301222,0.7300848,1.9566364,1.0640922,-0.9852583,-0.38668564
2,559,-0.40301764,0.73021543,1.9565315,1.0640082,-0.9855165,-0.38712835
2,560,-0.4031332,0.7303847,1.9562855,1.0640125,-0.9857716,-0.38756967
2,561,-0.40310252,0.730541,1.9561214,1.063745,-0.9860234,-0.38800952
2,562,-0.4031427,0.7306789,1.9562302,1.0638571,-0.98627204,-0.38844797
2,563,-0.40314817,0.7308768,1.9556503,1.0636101,-0.9865174,-0.38888496
2,564,-0.40311015,0.73101676,1.9558105,1.0634599,-0.9867596,-0.3893205
2,565,-0.40309328,0.73120964,1.9551773,1.06356,-0.98699856,-0.38975462
2,566,-0.40323722,0.7313477,1.9553471,1.063344,-0.98723423,-0.3901873
2,567,-0.40318114,0.7314503,1.9548073,1.0631366,-0.9874667,-0.3906185
2,568,-0.40319055,0.73159647,1.9549408,1.063283,-0.98769593,-0.39104828
2,569,-0.40312946,0.7318891,1.9543972,1.0628386,-0.9879219,-0.3914766
2,570,-0.4032029,0.7319249,1.955843,1.0626884,-0.9881446,-0.3919035
2,571,-0.4031613,0.7321714,1.9547272,1.0627332,-0.98836404,-0.39232892
2,572,-0.40321565,0.73228467,1.9557705,1.0626488,-0.9885802,-0.39275286
2,573,-0.4032594,0.73244715,1.9548187,1.0627337,-0.9887932,-0.39317536
2,574,-0.40323478,0.732586,1.955164,1.0626092,-0.9890028,-0.3935964
2,575,-0.403239,0.7327974,1.9548512,1.0624542,-0.98920923,-0.394016
2,576,-0.40324748,0.7328371,1.9546947,1.0624437,-0.98941237,-0.39443412
2,577,-0.40322983,0.733107,1.9547577,1.0622349,-0.98961216,-0.3948508
2,578,-0.40331626,0.7332531,1.9542904,1.0621848,-0.98980874,-0.39526597
2,579,-0.40325165,0.7333518,1.9543705,1.0623364,-0.990002,-0.3956797
2,580,-0.40325797,0.73356855,1.9541016,1.0620718,-0.99019194,-0.39609194
2,581,-0.40330654,0.733778,1.9536877,1.0621061,-0.9903786,-0.39650273
2,582,-0.4033534,0.7338139,1.9533215,1.062118,-0.990562,-0.39691204
2,583,-0.40336162,0.7340313,1.95294,1.0620322,-0.9907421,-0.39731985
2,584,-0.40332222,0.734125,1.9521599,1.061882,-0.9909189,-0.3977262
2,585,-0.40333486,0.7343477,1.9524422,1.0616865,-0.9910923,-0.39813107
2,586,-0.4033801,0.7344645,1.9518738,1.061646,-0.9912625,-0.39853445
2,587,-0.40338123,0.73466444,1.9514847,1.0613837,-0.9914293,-0.39893636
2,588,-0.4033625,0.7346989,1.9516411,1.0614667,-0.9915928,-0.39933679
2,589,-0.40335333,0.734941,1.9510994,1.0611582,-0.99175304,-0.3997357
2,590,-0.4034559,0.7350298,1.9505501,1.0613227,-0.99190986,-0.40013313
2,591,-0.4034567,0.73524654,1.950634,1.0611191,-0.9920634,-0.4005291
2,592,-0.40349436,0.73540914,1.9502068,1.0612178,-0.9922136,-0.40092355
2,593,-0.40353495,0.7355914,1.950325,1.0607772,-0.9923605,-0.40131652
2,594,-0.4034571,0.73567533,1.9498901,1.0610628,-0.992504,-0.40170798
2,595,-0.403538,0.73594165,1.9504356,1.0603747,-0.9926442,-0.40209794
2,596,-0.40350187,0.7360834,1.9504871,1.060741,-0.99278104,-0.4024864
2,597,-0.40359592,0.73618567,1.9501648,1.0602922,-0.9929145,-0.4028734
2,598,-0.4035529,0.73634064,1.9505348,1.0603089,-0.9930447,-0.40325886
2,599,-0.40361524,0.73648655,1.9502258,1.0602622,-0.99317145,-0.4036428
2,600,-0.40353417,0.7366451,1.949749,1.0602493,-0.99329484,-0.40402526
2,601,-0.40363163,0.73676336,1.9495983,1.0602827,-0.9934149,-0.40440622
2,602,-0.403593,0.7369031,1.9489231,1.0600734,-0.9935316,-0.40478566
2,603,-0.40362537,0.7370857,1.9475574,1.0599942,-0.99364495,-0.4051636
2,604,-0.40365446,0.73722506,1.9488411,1.059711,-0.9937549,-0.40554
2,605,-0.40362918,0.73736036,1.9475632,1.059741,-0.9938615,-0.4059149
2,606,-0.40358877,0.7374958,1.9488144,1.0595269,-0.9939647,-0.40628827
2,607,-0.4036739,0.73776436,1.9484444,1.0595088,-0.9940645,-0.40666014
2,608,-0.40368772,0.73786104,1.9483128,1.0593944,-0.99416095,-0.4070305
2,609,-0.40376014,0.7380202,1.9482574,1.0593452,-0.99425405,-0.40739933
2,610,-0.4036327,0.7382256,1.9477005,1.0593452,-0.9943437,-0.40776664
2,611,-0.40382832,0.73827684,1.9476662,1.0593476,-0.99443,-0.4081324
2,612,-0.40371108,0.7384254,1.9471607,1.0591693,-0.9945129,-0.40849668
2,613,-0.40380436,0.73862696,1.9470959,1.0594106,-0.9945924,-0.4088594
2,614,-0.40362883,0.73873055,1.9466858,1.0592513,-0.99466854,-0.4092206
2,615,-0.40373182,0.7389232,1.9463062,1.0589881,-0.99474126,-0.4095803
2,616,-0.4037341,0.7390233,1.9464703,1.0592294,-0.9948106,-0.40993842
2,617,-0.40375853,0.7391559,1.9461784,1.0590377,-0.99487644,-0.41029504
2,618,-0.40377367,0.7393372,1.9459286,1.0590601,-0.99493897,-0.4106501
2,619,-0.4036839,0.7394899,1.9453564,1.0588255,-0.99499804,-0.41100365
2,620,-0.40371287,0.7395674,1.946003,1.0588121,-0.9950537,-0.41135567
2,621,-0.40373307,0.7397976,1.9450951,1.0585237,-0.995106,-0.41170612
2,622,-0.40379083,0.7399224,1.9459972,1.0588503,-0.99515486,-0.41205505
2,623,-0.4038372,0.7401309,1.9449635,1.0585065,-0.9952003,-0.41240245
2,624,-0.40379786,0.74027026,1.9456978,1.0584307,-0.99524224,-0.41274828
2,625,-0.40382272,0.7404351,1.9452,1.0584188,-0.99528086,-0.41309258
2,626,-0.40382087,0.7405156,1.9453888,1.0580506,-0.995316,-0.41343534
2,627,-0.40378153,0.74069166,1.9453335,1.0579376,-0.99534774,-0.41377655
2,628,-0.40384388,0.74085045,1.9453297,1.0577459,-0.99537605,-0.41411623
2,629,-0.4038062,0.7409793,1.9446449,1.0578995,-0.9954009,-0.41445434
2,630,-0.40382636,0.7412057,1.9443588,1.0577211,-0.99542236,-0.4147909
2,631,-0.4037878,0.74136615,1.94483,1.0578833,-0.99544036,-0.4151259
2,632,-0.40385556,0.74138916,1.9435577,1.0573645,-0.99545497,-0.41545936
2,633,-0.4038974,0.7416469,1.9445896,1.0573177,-0.9954661,-0.41579127
2,634,-0.40397543,0.741711,1.9438763,1.0571208,-0.9954738,-0.41612163
2,635,-0.40392745,0.74188316,1.9439125,1.0575867,-0.99547803,-0.4164504
2,636,-0.4039539,0.7419766,1.943182,1.0571008,-0.9954788,-0.41677767
2,637,-0.40387672,0.7422458,1.943552,1.0571952,-0.9954762,-0.41710332
2,638,-0.40394187,0.742334,1.9428616,1.0569081,-0.9954701,-0.41742745
2,639,-0.40392005,0.7425258,1.943243,1.0567431,-0.99546057,-0.41775
2,640,-0.40398645,0.7425848,1.9425907,1.056365,-0.9954476,-0.418071
2,641,-0.40400183,0.7428682,1.9427891,1.0568209,-0.9954311,-0.41839042
2,642,-0.40398443,0.7428783,1.942131,1.0561109,-0.9954113,-0.4187083
2,643,-0.40397555,0.7430632,1.9421368,1.056489,-0.9953879,-0.4190246
2,644,-0.4040739,0.74327874,1.9416752,1.0559812,-0.9953611,-0.41933933
2,645,-0.4039961,0.7433984,1.9415874,1.0561838,-0.99533087,-0.4196525
2,646,-0.40400618,0.74354017,1.9413376,1.0556946,-0.99529713,-0.41996408
2,647,-0.40405828,0.7437129,1.9413242,1.0558677,-0.99525994,-0.4202741
2,648,-0.40410912,0.7438227,1.9408703,1.0553455,-0.9952193,-0.42058256
2,649,-0.40411294,0.74399185,1.9413013,1.0555539,-0.9951752,-0.42088944
2,650,-0.4041053,0.7441553,1.940134,1.0552688,-0.9951276,-0.42119473
2,651,-0.40401697,0.74430025,1.9410629,1.0554156,-0.99507654,-0.42149845
2,652,-0.40411788,0.74437475,1.9398155,1.0551171,-0.99502206,-0.4218006
2,653,-0.4041369,0.7446774,1.9407425,1.0553513,-0.99496406,-0.4221012
2,654,-0.4040649,0.74470437,1.9395542,1.0548358,-0.9949026,-0.42240018
2,655,-0.40407163,0.7448883,1.940361,1.0551724,-0.9948377,-0.4226976
2,656,-0.40416253,0.7450826,1.9390125,1.0546441,-0.99476933,-0.42299345
2,657,-0.4041574,0.74513984,1.9396133,1.0548711,-0.99469745,-0.4232877
2,658,-0.4041056,0.7453065,1.9383793,1.0546083,-0.9946221,-0.42358038
2,659,-0.40410197,0.745515,1.9391384,1.0547047,-0.9945433,-0.4238715
2,660,-0.4041832,0.7457011,1.9378891,1.0545707,-0.994461,-0.424161
2,661,-0.4041834,0.74578047,1.9385777,1.0544271,-0.9943753,-0.4244489
2,662,-0.40419304,0.74604917,1.9374638,1.0543623,-0.994286,-0.42473525
2,663,-0.40413547,0.74611187,1.9379883,1.0544481,-0.9941933,-0.42502
2,664,-0.4041834,0.7462499,1.9372444,1.0541134,-0.9940971,-0.42530316
2,665,-0.40410036,0.7463765,1.9372559,1.0542231,-0.9939974,-0.42558473
2,666,-0.40423936,0.7465813,1.9368286,1.0538697,-0.9938943,-0.42586473
2,667,-0.4041468,0.74676716,1.9370365,1.0539842,-0.9937876,-0.4261431
2,668,-0.40419805,0.74684954,1.9367466,1.0536003,-0.9936775,-0.4264199
2,669,-0.40421784,0.74701357,1.9368896,1.0539379,-0.9935639,-0.42669514
2,670,-0.40422052,0.747229,1.9367523,1.0533266,-0.99344677,-0.42696875
2,671,-0.4041828,0.7473558,1.9366322,1.0536733,-0.99332625,-0.4272408
2,672,-0.40430033,0.7475145,1.9357433,1.053206,-0.99320215,-0.42751122
2,673,-0.40423048,0.7476274,1.9365215,1.0534492,-0.9930746,-0.42778006
2,674,-0.40424478,0.7477267,1.935585,1.0531406,-0.9929436,-0.4280473
2,675,-0.4041906,0.7479174,1.9365444,1.0532093,-0.99280906,-0.42831293
2,676,-0.40435582,0.7481235,1.9352379,1.0527673,-0.9926711,-0.42857698
2,677,-0.40432906,0.7482754,1.936243,1.0529804,-0.9925296,-0.42883945
2,678,-0.40434247,0.74852955,1.9349747,1.0524569,-0.9923846,-0.42910028
2,679,-0.40430772,0.74856114,1.9361496,1.0527802,-0.99223614,-0.42935953
2,680,-0.4043668,0.748826,1.935585,1.0523162,-0.9920842,-0.4296172
2,681,-0.40430927,0.74887025,1.9355392,1.0525832,-0.99192876,-0.42987323
2,682,-0.40442115,0.7490704,1.9361687,1.0522432,-0.99176985,-0.43012768
2,683,-0.40440315,0.74926853,1.9354134,1.0524545,-0.9916074,-0.43038052
2,684,-0.40445757,0.7493094,1.9360065,1.0521789,-0.99144155,-0.43063176
2,685,-0.4045049,0.7495645,1.9342327,1.0523281,-0.99127215,-0.4308814
2,686,-0.4045241,0.7496065,1.9350834,1.0520406,-0.9910993,-0.43112943
2,687,-0.40452373,0.7498399,1.9337025,1.0522146,-0.9909229,-0.43137586
2,688,-0.40453547,0.7499516,1.9323349,1.0520358,-0.9907431,-0.4316207
2,689,-0.40450025,0.7501056,1.9327507,1.0520444,-0.99055976,-0.4318639
2,690,-0.40449417,0.75026584,1.9327679,1.0516458,-0.9903729,-0.4321055
2,691,-0.40451062,0.7504636,1.9324608,1.0517721,-0.9901826,-0.4323455
2,692,-0.40460646,0.75057685,1.9339676,1.0515184,-0.9899888,-0.4325839
2,693,-0.40453172,0.7507241,1.9323654,1.0514927,-0.9897915,-0.43282068
2,694,-0.40458167,0.7508917,1.9332199,1.051405,-0.98959076,-0.43305585
2,695,-0.40454805,0.75105095,1.9322758,1.0513678,-0.9893865,-0.4332894
2,696,-0.4045499,0.7512206,1.9329395,1.0509953,-0.9891787,-0.43352136
2,697,-0.4045707,0.75133884,1.9308891,1.0510101,-0.9889675,-0.4337517
2,698,-0.4045633,0.7514905,1.9327106,1.0505309,-0.9887528,-0.43398044
2,699,-0.40464258,0.7516407,1.9314041,1.050744,-0.98853457,-0.43420756
2,700,-0.4046473,0.7516972,1.9317322,1.0503888,-0.9883129,-0.43443307
2,701,-0.4046656,0.75195944,1.9318695,1.050736,-0.9880877,-0.43465695
2,702,-0.40464377,0.75196636,1.930212,1.0501547,-0.9878591,-0.43487924
2,703,-0.40473038,0.7522007,1.9304504,1.0506296,-0.9876269,-0.4350999
2,704,-0.40467095,0.75236166,1.9298458,1.0500097,-0.9873913,-0.43531895
2,705,-0.4047138,0.75248814,1.9303036,1.0501609,-0.9871522,-0.43553638
2,706,-0.4047619,0.75257885,1.93116,1.0498929,-0.9869096,-0.4357522
2,707,-0.40472215,0.7528292,1.9304276,1.0504069,-0.9866636,-0.43596643
2,708,-0.40466946,0.7529353,1.9308739,1.0500536,-0.986414,-0.436179
2,709,-0.40463883,0.753055,1.9301338,1.0500369,-0.986161,-0.43638998
2,710,-0.40470278,0.75322306,1.9301682,1.0497007,-0.9859045,-0.43659934
2,711,-0.40473777,0.7534046,1.929081,1.0496464,-0.9856445,-0.4368071
2,712,-0.4047523,0.7535459,1.9293613,1.0496445,-0.98538107,-0.4370132
2,713,-0.40471983,0.75363946,1.9290276,1.0495586,-0.98511416,-0.4372177
2,714,-0.4047079,0.75379825,1.9282398,1.0495777,-0.98484373,-0.4374206
2,715,-0.4047777,0.75388944,1.9282951,1.049398,-0.98456985,-0.4376219
2,716,-0.4048375,0.75401676,1.9275608,1.0494537,-0.9842925,-0.43782154
2,717,-0.40485787,0.75418174,1.9276581,1.049221,-0.9840117,-0.43801957
2,718,-0.4048199,0.7543814,1.927002,1.0490017,-0.9837274,-0.43821597
2,719,-0.40485007,0.7544936,1.9267998,1.0490031,-0.9834397,-0.4384108
2,720,-0.40484583,0.75459754,1.926754,1.0487046,-0.98314846,-0.43860397
2,721,-0.40489304,0.754843,1.9267254,1.048923,-0.9828537,-0.4387955
2,722,-0.4048652,0.75494874,1.9270878,1.0485663,-0.98255557,-0.43898544
2,723,-0.40496075,0.7550982,1.9263496,1.0483913,-0.98225397,-0.43917376
2,724,-0.4049229,0.75527894,1.926403,1.0484662,-0.98194885,-0.43936047
2,725,-0.4048928,0.75535524,1.9258213,1.0482779,-0.98164034,-0.43954554
2,726,-0.40494537,0.7554743,1.9260464,1.0483627,-0.9813283,-0.439729
2,727,-0.40499264,0.755723,1.9256992,1.0481119,-0.9810128,-0.43991083
2,728,-0.40499884,0.7558062,1.9257507,1.0479879,-0.9806939,-0.44009104
2,729,-0.40493786,0.75594735,1.9249668,1.0476575,-0.98037153,-0.44026962
2,730,-0.40500176,0.75607646,1.9250069,1.0476732,-0.9800457,-0.44044662
2,731,-0.404997,0.7562672,1.9248753,1.0473537,-0.97971636,-0.44062194
2,732,-0.4049722,0.75641334,1.9249401,1.0474648,-0.97938365,-0.4407957
2,733,-0.4050228,0.7565125,1.9248638,1.0472155,-0.9790475,-0.4409678
2,734,-0.40506333,0.75663996,1.9239311,1.0474072,-0.9787078,-0.44113827
2,735,-0.40511787,0.75688434,1.9247303,1.0472164,-0.9783647,-0.44130713
2,736,-0.4050309,0.75699544,1.923603,1.0471864,-0.97801816,-0.44147438
2,737,-0.40511566,0.7571199,1.9242611,1.0471473,-0.9776682,-0.44164
2,738,-0.4050715,0.7572652,1.9234524,1.0469351,-0.9773148,-0.441804
2,739,-0.40508306,0.7573981,1.923645,1.0469885,-0.9769579,-0.44196635
2,740,-0.4050575,0.75762916,1.9247837,1.0466499,-0.9765976,-0.4421271
2,741,-0.4051563,0.7577603,1.9230461,1.0467262,-0.9762339,-0.44228625
2,742,-0.40514898,0.75788534,1.9241962,1.046433,-0.97586673,-0.44244376
2,743,-0.40509033,0.75801766,1.9221611,1.0466018,-0.9754961,-0.44259965
2,744,-0.40516663,0.7582382,1.9232292,1.0463257,-0.9751221,-0.4427539
2,745,-0.40508705,0.7583338,1.9221516,1.0465808,-0.9747446,-0.44290656
2,746,-0.40508997,0.75860226,1.9236183,1.0462217,-0.97436374,-0.44305757
2,747,-0.40512395,0.7586161,1.9221992,1.0464568,-0.9739794,-0.44320697
2,748,-0.4051844,0.758839,1.923748,1.0459938,-0.9735917,-0.44335476
2,749,-0.40509766,0.75899875,1.9224358,1.0460501,-0.97320056,-0.4435009
2,750,-0.40514755,0.75913477,1.9217606,1.0457592,-0.972806,-0.44364545
2,751,-0.40516162,0.7591988,1.9227142,1.0459857,-0.972408,-0.44378835
2,752,-0.40516293,0.759446,1.9220104,1.0454974,-0.9720066,-0.44392967
2,753,-0.40522444,0.7595793,1.9214554,1.0456004,-0.9716018,-0.44406933
2,754,-0.40519005,0.75975287,1.9215508,1.045466,-0.97119355,-0.44420737
2,755,-0.40515625,0.7598169,1.9213219,1.0453572,-0.9707819,-0.4443438
2,756,-0.40525138,0.7600391,1.920414,1.0451593,-0.9703669,-0.44447863
2,757,-0.40512806,0.7601621,1.922802,1.0451198,-0.9699485,-0.44461182
2,758,-0.40523076,0.7603452,1.919672,1.0450139,-0.96952665,-0.4447434
2,759,-0.40520412,0.7604238,1.9221096,1.0447478,-0.96910137,-0.44487333
2,760,-0.4052164,0.7606977,1.9194298,1.044848,-0.96867275,-0.44500166
2,761,-0.4052137,0.7608137,1.9208813,1.0445681,-0.96824074,-0.44512838
2,762,-0.4052744,0.76087904,1.918848,1.044651,-0.9678053,-0.44525346
2,763,-0.40523696,0.7610625,1.9196453,1.0444126,-0.9673665,-0.44537693
2,764,-0.4052648,0.7611997,1.9191551,1.0444188,-0.96692437,-0.4454988
2,765,-0.40532994,0.7613493,1.9189644,1.0441933,-0.9664788,-0.44561902
2,766,-0.40527046,0.76144385,1.9192238,1.0439701,-0.9660299,-0.44573766
2,767,-0.4053194,0.76165545,1.9187336,1.0439067,-0.96557754,-0.44585463
2,768,-0.4053018,0.7617804,1.920021,1.0435419,-0.96512187,-0.44597003
2,769,-0.4052636,0.76192164,1.918457,1.0434561,-0.9646628,-0.44608378
2,770,-0.4053437,0.7620331,1.9197178,1.0434585,-0.9642004,-0.44619596
2,771,-0.40537047,0.7621858,1.9168472,1.0434504,-0.96373457,-0.44630647
2,772,-0.4053508,0.7623702,1.9186344,1.0433493,-0.9632654,-0.4464154
2,773,-0.40532386,0.7625308,1.9175377,1.0434647,-0.9627929,-0.44652268
2,774,-0.40538996,0.7626654,1.9169521,1.042923,-0.962317,-0.4466284
2,775,-0.40538234,0.76286757,1.9198322,1.0432367,-0.96183777,-0.44673246
2,776,-0.4054351,0.7629008,1.9171638,1.0429869,-0.9613552,-0.4468349
2,777,-0.40546525,0.7630925,1.917923,1.0431061,-0.96086925,-0.44693574
2,778,-0.40545166,0.7632786,1.9174156,1.0428514,-0.96038,-0.44703498
2,779,-0.4054467,0.76339555,1.9174576,1.0431619,-0.9598874,-0.4471326
2,780,-0.40541065,0.7634847,1.9162617,1.0426989,-0.9593914,-0.44722858
2,781,-0.40541345,0.7636707,1.9168243,1.0428991,-0.95889217,-0.447323
2,782,-0.40552038,0.76385415,1.9157944,1.0426846,-0.9583895,-0.44741577
2,783,-0.405415,0.7639319,1.9158592,1.0428705,-0.9578836,-0.44750693
2,784,-0.40545845,0.76412416,1.9152718,1.0423803,-0.95737433,-0.4475965
2,785,-0.4053927,0.764292,1.9158745,1.0427799,-0.95686173,-0.44768444
2,786,-0.40543926,0.7644206,1.9149742,1.04249,-0.9563458,-0.44777077
2,787,-0.40541232,0.7645737,1.9154072,1.042161,-0.9558266,-0.44785547
2,788,-0.40540618,0.7646965,1.9150276,1.0420928,-0.955304,-0.4479386
2,789,-0.4055463,0.7648828,1.9145164,1.042131,-0.9547782,-0.4480201
2,790,-0.4055302,0.764984,1.9151115,1.0418973,-0.954249,-0.4481
2,791,-0.4055727,0.76516926,1.913351,1.0419703,-0.9537166,-0.44817832
2,792,-0.40554154,0.7652755,1.9145031,1.041697,-0.9531808,-0.448255
2,793,-0.40550715,0.7653785,1.9144192,1.0417042,-0.9526417,-0.44833007
2,794,-0.4055149,0.7655933,1.9142647,1.0414824,-0.9520994,-0.44840357
2,795,-0.40554196,0.7656572,1.9157009,1.0416732,-0.95155376,-0.44847542
2,796,-0.40560567,0.7659248,1.9139137,1.0414085,-0.95100486,-0.4485457
2,797,-0.40555602,0.7660079,1.9160576,1.0410852,-0.9504527,-0.44861436
2,798,-0.4056598,0.7662215,1.9134293,1.0410295,-0.94989717,-0.4486814
2,799,-0.40549016,0.7663311,1.9146748,1.0410757,-0.94933844,-0.4487469
2,800,-0.4056213,0.7663692,1.9130116,1.0406985,-0.9487764,-0.44881073
2,801,-0.40559345,0.76662123,1.9131012,1.040606,-0.94821113,-0.44887298
2,802,-0.40555584,0.76662564,1.9120159,1.040823,-0.9476426,-0.44893366
2,803,-0.40565962,0.7668539,1.9126816,1.0404716,-0.9470708,-0.4489927
2,804,-0.40560144,0.7669234,1.9126663,1.0402555,-0.9464957,-0.44905016
2,805,-0.40557086,0.7671435,1.912611,1.0403528,-0.9459174,-0.44910604
2,806,-0.4055993,0.76726437,1.9116001,1.0401535,-0.94533587,-0.4491603
2,807,-0.4056102,0.76745987,1.9125519,1.0399995,-0.9447511,-0.44921297
2,808,-0.40560055,0.7676301,1.9121628,1.0400906,-0.9441631,-0.44926405
2,809,-0.40569848,0.7676858,1.9122334,1.0397453,-0.9435718,-0.44931352
2,810,-0.40567625,0.7678038,1.9132042,1.0397139,-0.9429773,-0.4493614
2,811,-0.4057325,0.768016,1.911274,1.0397534,-0.9423796,-0.4494077
2,812,-0.405698,0.7680974,1.9119072,1.0394068,-0.9417786,-0.4494524
2,813,-0.40568405,0.76837957,1.9129772,1.039288,-0.94117445,-0.4494955
2,814,-0.4056663,0.7684256,1.9113197,1.0392246,-0.9405671,-0.449537
2,815,-0.40573263,0.76866126,1.9118004,1.0389524,-0.9399565,-0.44957694
2,816,-0.4057095,0.76862335,1.9106922,1.0391641,-0.9393427,-0.44961527
2,817,-0.40567625,0.7689196,1.9108372,1.0389099,-0.9387257,-0.44965202
2,818,-0.40573233,0.7689383,1.9098415,1.039022,-0.9381055,-0.44968718
2,819,-0.40572554,0.7691933,1.9103031,1.0388322,-0.9374821,-0.44972077
2,820,-0.40575594,0.7692512,1.9086647,1.0385776,-0.93685555,-0.44975275
2,821,-0.40585124,0.76943076,1.9088001,1.0388298,-0.93622583,-0.44978315
2,822,-0.40573788,0.7695396,1.9080658,1.0382028,-0.9355929,-0.449812
2,823,-0.405779,0.7697885,1.9083462,1.0384045,-0.9349568,-0.44983923
2,824,-0.40569615,0.76984954,1.9084435,1.0380225,-0.93431747,-0.44986486
2,825,-0.40574592,0.77004874,1.9080486,1.0383983,-0.93367505,-0.44988894
2,826,-0.40572894,0.770144,1.9082375,1.0380154,-0.9330294,-0.44991145
2,827,-0.4057926,0.7703513,1.9080334,1.0382204,-0.9323807,-0.44993237
2,828,-0.40574777,0.77046347,1.9085102,1.0378594,-0.9317288,-0.4499517
2,829,-0.40580332,0.77064145,1.9076729,1.0378127,-0.93107367,-0.44996947
2,830,-0.40571916,0.77060735,1.9078274,1.0375338,-0.9304155,-0.44998565
2,831,-0.40591276,0.77094066,1.9077301,1.0378227,-0.92975414,-0.45000026
2,832,-0.4057402,0.7708591,1.907217,1.0374441,-0.92908967,-0.4500133
2,833,-0.40588057,0.77118886,1.9084702,1.0379214,-0.92842203,-0.45002478
2,834,-0.4058566,0.7712045,1.90588,1.037355,-0.9277513,-0.45003468
2,835,-0.40590906,0.7715082,1.9086895,1.0376325,-0.9270775,-0.450043
2,836,-0.4058023,0.77159333,1.9077435,1.0371509,-0.9264005,-0.45004973
2,837,-0.40589142,0.77175224,1.9088783,1.0375991,-0.92572045,-0.4500549
2,838,-0.40579373,0.77180564,1.90732,1.0369759,-0.92503726,-0.45005855
2,839,-0.40592444,0.7720425,1.9075813,1.0376892,-0.924351,-0.4500606
2,840,-0.4058277,0.77217543,1.9068813,1.0368867,-0.9236616,-0.45006108
2,841,-0.40590477,0.7722813,1.9059219,1.0371342,-0.9229691,-0.45006
2,842,-0.40581518,0.77244675,1.9060707,1.0368371,-0.9222736,-0.45005736
2,843,-0.40592426,0.7726265,1.9067822,1.0367107,-0.92157495,-0.45005316
2,844,-0.40585148,0.7727246,1.9059448,1.0366116,-0.9208732,-0.45004737
2,845,-0.40610015,0.7729937,1.9059143,1.0366178,-0.92016846,-0.45004007
2,846,-0.4058817,0.77300084,1.9054356,1.0359402,-0.9194606,-0.4500312
2,847,-0.40604383,0.77308583,1.9053574,1.0360861,-0.9187497,-0.45002073
2,848,-0.4059916,0.77337205,1.9058399,1.0358543,-0.91803575,-0.45000875
2,849,-0.40602678,0.77337253,1.9060688,1.0360537,-0.91731876,-0.4499952
2,850,-0.4059419,0.7736324,1.9053516,1.0358114,-0.9165987,-0.44998008
2,851,-0.40604818,0.77373993,1.9070625,1.0359545,-0.9158756,-0.44996342
2,852,-0.40593725,0.7739514,1.9033852,1.0352702,-0.91514945,-0.4499452
2,853,-0.4061122,0.77408016,1.9057312,1.0355754,-0.9144203,-0.44992545
2,854,-0.40602458,0.77425086,1.9050484,1.0349278,-0.9136881,-0.44990417
2,855,-0.40617764,0.7743021,1.9021492,1.035317,-0.91295296,-0.44988132
2,856,-0.40609205,0.7745956,1.9033413,1.0348597,-0.91221476,-0.4498569
2,857,-0.40621078,0.7745794,1.8976727,1.0349946,-0.9114735,-0.44983095
2,858,-0.4060315,0.7748543,1.9012833,1.0348239,-0.9107293,-0.44980347
2,859,-0.40617102,0.7747859,1.9013176,1.0343289,-0.9099821,-0.44977444
2,860,-0.40607733,0.77514684,1.901411,1.034409,-0.9092319,-0.44974387
2,861,-0.40625328,0.77523935,1.8990517,1.0342727,-0.9084787,-0.44971177
2,862,-0.40620106,0.775452,1.9021664,1.0338888,-0.90772253,-0.44967812
2,863,-0.40631062,0.7754377,1.899538,1.0338459,-0.9069634,-0.44964293
2,864,-0.40610933,0.7757124,1.9024239,1.034246,-0.9062013,-0.4496062
2,865,-0.40613735,0.77567255,1.8984222,1.0339761,-0.9054362,-0.44956794
2,866,-0.40605688,0.77591455,1.9016151,1.034842,-0.90466815,-0.44952816
2,867,-0.40621185,0.7759975,1.9000092,1.0335503,-0.90389717,-0.44948682
2,868,-0.4060709,0.7762519,1.9002781,1.0339546,-0.90312326,-0.449444
2,869,-0.4062072,0.7763816,1.9017448,1.0334258,-0.9023464,-0.44939962
2,870,-0.4062066,0.77653587,1.8990326,1.0332451,-0.90156657,-0.4493537
2,871,-0.4062128,0.77667344,1.8997841,1.0329599,-0.90078384,-0.44930628
2,872,-0.40622687,0.77677,1.8985958,1.0329375,-0.8999982,-0.4492573
2,873,-0.40622568,0.77683103,1.8984585,1.0325904,-0.8992096,-0.44920683
2,874,-0.4062116,0.7771479,1.8996658,1.0326366,-0.8984181,-0.44915482
2,875,-0.40619826,0.7771708,1.897459,1.0326524,-0.8976237,-0.44910133
2,876,-0.40626442,0.77735746,1.9029827,1.0323925,-0.89682645,-0.44904628
2,877,-0.40613657,0.77751315,1.8976974,1.0327168,-0.89602625,-0.44898972
2,878,-0.40630603,0.7775899,1.9009743,1.0321336,-0.89522314,-0.44893166
2,879,-0.40617383,0.77776706,1.8987541,1.0323019,-0.89441717,-0.44887206
2,880,-0.40624064,0.7779175,1.8995914,1.0318255,-0.89360833,-0.44881096
2,881,-0.40613174,0.7781154,1.8986588,1.0325127,-0.89279664,-0.44874835
2,882,-0.40621638,0.77820003,1.899334,1.0318937,-0.8919821,-0.44868425
2,883,-0.4061997,0.778401,1.8961468,1.032105,-0.89116466,-0.44861862
2,884,-0.406206,0.77853787,1.8988247,1.0318985,-0.8903444,-0.44855148
2,885,-0.4061023,0.77866757,1.8972893,1.0315456,-0.88952124,-0.44848284
2,886,-0.4062391,0.7788857,1.8989182,1.0316029,-0.8886953,-0.44841272
2,887,-0.40612853,0.7790061,1.8984127,1.0313249,-0.8878665,-0.44834107
2,888,-0.4063828,0.7791506,1.8983135,1.0316181,-0.88703483,-0.44826794
2,889,-0.40622467,0.77925694,1.8960876,1.0311427,-0.8862004,-0.44819328
2,890,-0.40640348,0.77935445,1.8975143,1.0319366,-0.88536316,-0.44811717
2,891,-0.40631717,0.7795006,1.8947792,1.0310588,-0.8845231,-0.44803953
2,892,-0.40642083,0.7796577,1.896122,1.0312939,-0.8836802,-0.4479604
2,893,-0.4063105,0.77990377,1.8956203,1.0308456,-0.88283455,-0.4478798
2,894,-0.40638947,0.7799982,1.895752,1.0310693,-0.8819861,-0.4477977
2,895,-0.40621346,0.78017724,1.8968735,1.0303674,-0.88113487,-0.4477141
2,896,-0.4063614,0.780234,1.8953114,1.0304294,-0.8802808,-0.447629
2,897,-0.40621346,0.7804264,1.8977585,1.0300369,-0.87942404,-0.44754243
2,898,-0.40635228,0.7805699,1.895464,1.0304961,-0.8785645,-0.4474544
2,899,-0.40629685,0.7806643,1.8962269,1.0301461,-0.8777022,-0.44736484
2,900,-0.40647143,0.7808591,1.8948174,1.0298152,-0.8768371,-0.44727385
2,901,-0.40632355,0.7809762,1.8943691,1.0296292,-0.8759693,-0.44718134
2,902,-0.40659708,0.78094494,1.8921013,1.0298724,-0.87509876,-0.44708738
2,903,-0.40638423,0.78129184,1.8935871,1.0297565,-0.8742255,-0.44699195
2,904,-0.40651888,0.78121173,1.8946686,1.029407,-0.8733495,-0.44689503
2,905,-0.40631998,0.7816073,1.8930836,1.029347,-0.87247074,-0.44679663
2,906,-0.40644526,0.7815803,1.8916283,1.029798,-0.8715893,-0.4466968
2,907,-0.40627825,0.78188527,1.8922997,1.0290976,-0.8707052,-0.44659546
2,908,-0.40651548,0.78187406,1.892561,1.0295663,-0.86981833,-0.44649267
2,909,-0.4063354,0.7821866,1.8902359,1.028966,-0.8689288,-0.4463884
2,910,-0.40650702,0.78212917,1.892086,1.0291419,-0.86803657,-0.44628268
2,911,-0.40641803,0.7825128,1.8999729,1.0288801,-0.8671417,-0.44617552
2,912,-0.40643793,0.78246725,1.8919449,1.0283685,-0.86624414,-0.4460669
2,913,-0.40641093,0.782792,1.8944721,1.0288372,-0.8653439,-0.4459568
2,914,-0.40653777,0.78276336,1.8917332,1.0280118,-0.86444104,-0.44584525
2,915,-0.40648568,0.78301656,1.888567,1.0288739,-0.86353546,-0.44573224
2,916,-0.4066528,0.78304446,1.892376,1.0285697,-0.8626273,-0.44561777
2,917,-0.40648884,0.78325665,1.8909111,1.0286555,-0.86171645,-0.44550186
2,918,-0.4066918,0.78337324,1.8889847,1.0284219,-0.860803,-0.44538453
2,919,-0.40645278,0.78347147,1.8912544,1.0287585,-0.85988694,-0.44526574
2,920,-0.40665448,0.78370535,1.8899021,1.0280547,-0.85896826,-0.4451455
2,921,-0.40650076,0.78377616,1.8906479,1.0291891,-0.85804695,-0.4450238
2,922,-0.4066031,0.7839545,1.8916187,1.0277925,-0.857123,-0.4449007
2,923,-0.40657467,0.7841257,1.8903122,1.0285873,-0.8561965,-0.44477612
2,924,-0.40662926,0.78428566,1.8950462,1.0277267,-0.85526747,-0.4446501
2,925,-0.40662336,0.7843822,1.8902969,1.0282669,-0.8543358,-0.44452268
2,926,-0.40668905,0.78455293,1.8913746,1.0277772,-0.85340154,-0.4443938
2,927,-0.40661108,0.7845925,1.8905144,1.02776,-0.85246474,-0.44426352
2,928,-0.40666676,0.7847308,1.891655,1.0275168,-0.8515253,-0.4441318
2,929,-0.4067744,0.7848562,1.8920841,1.0269065,-0.8505834,-0.44399866
2,930,-0.406816,0.78498733,1.8908215,1.0268555,-0.84963894,-0.44386408
2,931,-0.40671104,0.78517234,1.893465,1.0270619,-0.8486919,-0.4437281
2,932,-0.40679026,0.78526914,1.889183,1.0266218,-0.8477424,-0.44359067
2,933,-0.40672237,0.7854372,1.8879814,1.0270996,-0.84679025,-0.44345182
2,934,-0.40673167,0.7855786,1.885912,1.026762,-0.8458357,-0.44331157
2,935,-0.4066981,0.78559244,1.8836212,1.027072,-0.8448786,-0.4431699
2,936,-0.40671378,0.78575075,1.8865147,1.026566,-0.843919,-0.4430268
2,937,-0.40668273,0.7859496,1.8890724,1.0268955,-0.8429569,-0.44288233
2,938,-0.40675056,0.7859515,1.8856525,1.0264454,-0.84199226,-0.44273642
2,939,-0.4068066,0.7862183,1.8855305,1.0265393,-0.84102523,-0.44258913
2,940,-0.40686166,0.7861892,1.8849316,1.025981,-0.84005564,-0.44244042
2,941,-0.40679294,0.7864245,1.8864689,1.0260906,-0.8390837,-0.4422903
2,942,-0.40687084,0.7865399,1.8852711,1.025826,-0.8381092,-0.4421388
2,943,-0.40685034,0.786806,1.8864117,1.0252213,-0.8371323,-0.44198588
2,944,-0.40684652,0.7867917,1.8856964,1.0257082,-0.8361529,-0.44183156
2,945,-0.40692353,0.7869085,1.8864193,1.0251784,-0.8351711,-0.44167587
2,946,-0.40684253,0.7870666,1.8861008,1.0252366,-0.83418685,-0.44151875
2,947,-0.40687943,0.7872485,1.8860264,1.0251961,-0.83320016,-0.4413603
2,948,-0.4068119,0.78737223,1.8860283,1.0250554,-0.83221114,-0.4412004
2,949,-0.40677315,0.7875749,1.8838215,1.0248251,-0.8312196,-0.44103914
2,950,-0.4067669,0.7876948,1.8860283,1.0247083,-0.83022577,-0.4408765
2,951,-0.4068238,0.7878629,1.8829727,1.0252414,-0.8292295,-0.44071248
2,952,-0.4068724,0.7880157,1.884121,1.0250483,-0.8282308,-0.44054708
2,953,-0.40692586,0.78814185,1.8831635,1.0248456,-0.8272298,-0.4403803
2,954,-0.40688086,0.78823984,1.8834324,1.0247598,-0.8262264,-0.44021216
2,955,-0.4068566,0.78840077,1.8827133,1.0246692,-0.82522064,-0.44004264
2,956,-0.4068535,0.7884234,1.8839169,1.0247407,-0.8242125,-0.43987173
2,957,-0.40696442,0.78865445,1.8823433,1.0245614,-0.8232021,-0.43969947
2,958,-0.40680754,0.7887534,1.8840103,1.0244164,-0.8221893,-0.43952584
2,959,-0.4068886,0.78890836,1.8821507,1.0242887,-0.8211741,-0.43935084
2,960,-0.40686816,0.7891084,1.8841934,1.0239334,-0.82015663,-0.4391745
2,961,-0.40682888,0.7892312,1.8825722,1.0245795,-0.81913686,-0.4389968
2,962,-0.40684652,0.7893971,1.8840485,1.0241036,-0.8181148,-0.4388177
2,963,-0.40683556,0.78951466,1.8836193,1.0243192,-0.8170904,-0.4386373
2,964,-0.40680093,0.78967035,1.8829212,1.0239391,-0.81606376,-0.43845552
2,965,-0.40688425,0.7897643,1.8841991,1.0242066,-0.8150348,-0.4382724
2,966,-0.40685117,0.7900101,1.8825302,1.0236902,-0.8140036,-0.4380879
2,967,-0.40691012,0.7900957,1.8847713,1.0237875,-0.81297004,-0.4379021
2,968,-0.4069327,0.7902926,1.883503,1.0233617,-0.8119343,-0.4377149
2,969,-0.4069097,0.7903398,1.8839664,1.0233369,-0.8108963,-0.4375264
2,970,-0.4069317,0.79043806,1.883215,1.0230651,-0.809856,-0.43733656
2,971,-0.4069748,0.7905215,1.8832054,1.0231185,-0.8088135,-0.43714538
2,972,-0.40690207,0.79075897,1.8830223,1.0228682,-0.8077688,-0.43695286
2,973,-0.4069631,0.79092324,1.8821926,1.022985,-0.80672187,-0.43675902
2,974,-0.40697455,0.79104054,1.8835907,1.0226889,-0.8056727,-0.43656382
2,975,-0.40691596,0.7912346,1.8817139,1.0227451,-0.80462134,-0.43636733
2,976,-0.40695697,0.7912799,1.8824787,1.022686,-0.80356777,-0.4361695
2,977,-0.4069236,0.79146063,1.8825359,1.0223088,-0.802512,-0.43597034
2,978,-0.40692884,0.7916249,1.8817081,1.022726,-0.80145407,-0.43576986
2,979,-0.4069643,0.79164183,1.8838215,1.0221839,-0.800394,-0.43556806
2,980,-0.4069525,0.79176843,1.881958,1.0227814,-0.7993317,-0.43536496
2,981,-0.4070083,0.79198205,1.8850708,1.0223093,-0.7982673,-0.43516055
2,982,-0.40699792,0.7920369,1.8824501,1.0227842,-0.7972007,-0.43495482
2,983,-0.40703654,0.7921461,1.8844662,1.022327,-0.79613197,-0.4347478
2,984,-0.4070388,0.7923347,1.8823414,1.0227776,-0.7950611,-0.43453944
2,985,-0.4070403,0.7925385,1.8834534,1.0220933,-0.79398817,-0.43432978
2,986,-0.4070649,0.7925848,1.8820953,1.0219989,-0.7929131,-0.43411884
2,987,-0.40704727,0.7927643,1.8820744,1.0217705,-0.79183584,-0.43390658
2,988,-0.40706742,0.7927724,1.8818779,1.02179,-0.7907566,-0.43369302
2,989,-0.40708327,0.7929083,1.8815975,1.0218835,-0.7896752,-0.43347818
2,990,-0.4070657,0.793069,1.8817959,1.0218277,-0.7885917,-0.43326205
2,991,-0.4071421,0.7932576,1.88101,1.0216732,-0.78750616,-0.43304464
2,992,-0.40711188,0.7932669,1.8819084,1.0213284,-0.78641856,-0.43282592
2,993,-0.40709794,0.79341424,1.8813038,1.0216084,-0.78532887,-0.43260592
2,994,-0.40708852,0.79349077,1.8813438,1.0217485,-0.78423715,-0.43238467
2,995,-0.4070847,0.7936753,1.8815231,1.0215325,-0.78314334,-0.4321621
2,996,-0.40711045,0.7937499,1.8805771,1.021894,-0.78204757,-0.4319383
2,997,-0.40713263,0.79392326,1.8816471,1.021699,-0.7809497,-0.43171316
2,998,-0.4071474,0.7940177,1.8806038,1.0217185,-0.7798499,-0.43148682
2,999,-0.40709412,0.7942184,1.8807068,1.0217552,-0.77874804,-0.43125916
3,0,0.83936715,-0.2705791,2.223545,0.84191847,0.15972193,0.18620797
3,1,0.83946466,-0.27057618,2.2172565,0.8422408,0.15827556,0.1867495
3,2,0.8394315,-0.27029926,2.2175446,0.84182453,0.15682898,0.18728766
3,3,0.83944154,-0.2704658,2.215105,0.84213495,0.15538225,0.18782245
3,4,0.83971715,-0.26998353,2.2168808,0.84198236,0.15393536,0.18835384
3,5,0.8394127,-0.27015787,2.215208,0.8423734,0.1524883,0.18888186
3,6,0.83987164,-0.26974094,2.2151108,0.84248114,0.15104112,0.18940647
3,7,0.83958125,-0.26994753,2.217575,0.8426018,0.14959383,0.18992771
3,8,0.83980155,-0.26966405,2.217966,0.842834,0.14814642,0.19044554
3,9,0.8397224,-0.26992905,2.2178497,0.8426275,0.1466989,0.19095996
3,10,0.8397515,-0.26973796,2.2211418,0.8424697,0.14525133,0.191471
3,11,0.8398516,-0.269794,2.217987,0.84314203,0.14380367,0.19197862
3,12,0.8397956,-0.26964343,2.2169743,0.84260654,0.14235596,0.19248281
3,13,0.8398411,-0.26959044,2.2172356,0.84304,0.14090823,0.19298361
3,14,0.83985233,-0.2695353,2.2170143,0.84268236,0.13946044,0.19348098
3,15,0.8398683,-0.26951724,2.2150574,0.84288645,0.13801266,0.19397494
3,16,0.8398068,-0.26945,2.2181034,0.84263945,0.13656488,0.19446547
3,17,0.8398566,-0.2693708,2.2179585,0.8429127,0.1351171,0.19495256
3,18,0.8398669,-0.2692144,2.2189484,0.842896,0.13366935,0.19543624
3,19,0.8398521,-0.26918924,2.2190456,0.84298515,0.13222164,0.19591647
3,20,0.83995795,-0.26903528,2.2189026,0.84334517,0.13077398,0.19639327
3,21,0.8399124,-0.26907104,2.2196941,0.8436818,0.12932639,0.19686662
3,22,0.8399503,-0.26893443,2.2187576,0.8435006,0.12787887,0.19733652
3,23,0.8399646,-0.26904052,2.2195358,0.8439574,0.12643145,0.19780299
3,24,0.83990765,-0.2688539,2.219593,0.84356976,0.12498413,0.198266
3,25,0.84004974,-0.26884216,2.2193222,0.8441982,0.12353694,0.19872557
3,26,0.83990073,-0.26873434,2.2204494,0.84350634,0.12208987,0.19918166
3,27,0.8401363,-0.26865095,2.2189674,0.8441701,0.12064295,0.19963431
3,28,0.83998084,-0.2685632,2.220251,0.84352016,0.11919619,0.2000835
3,29,0.84000564,-0.2685843,2.2188988,0.84402514,0.1177496,0.2005292
3,30,0.8400457,-0.26844114,2.2202682,0.8435378,0.1163032,0.20097145
3,31,0.840019,-0.2683096,2.2194424,0.84418535,0.11485699,0.20141022
3,32,0.84003854,-0.26832747,2.2201576,0.84360695,0.113410994,0.20184553
3,33,0.8399844,-0.268274,2.2202454,0.8438606,0.111965224,0.20227735
3,34,0.8400364,-0.26818502,2.2201939,0.84366655,0.11051969,0.20270568
3,35,0.8401303,-0.26817894,2.221653,0.84384537,0.10907441,0.20313054
3,36,0.8400965,-0.26802206,2.2192993,0.84379816,0.10762939,0.20355192
3,37,0.84004116,-0.2680124,2.2221508,0.8439779,0.10618465,0.2039698
3,38,0.8400881,-0.26783502,2.2209911,0.8441906,0.104740195,0.2043842
3,39,0.8401449,-0.2678566,2.2184944,0.8441367,0.10329605,0.20479509
3,40,0.8400943,-0.2676887,2.2215958,0.84451294,0.10185222,0.2052025
3,41,0.84016085,-0.26772624,2.2197762,0.8441982,0.10040872,0.2056064
3,42,0.84008074,-0.26754737,2.221508,0.8447752,0.09896556,0.20600681
3,43,0.84011364,-0.26751477,2.2207794,0.8443117,0.09752276,0.20640372
3,44,0.8401058,-0.26748353,2.2217922,0.8447995,0.096080326,0.20679711
3,45,0.84025145,-0.2673527,2.221693,0.844502,0.09463827,0.207187
3,46,0.84022975,-0.2672671,2.2220554,0.8446436,0.093196616,0.20757337
3,47,0.8402178,-0.26730883,2.2222328,0.84497213,0.09175536,0.20795622
3,48,0.8403506,-0.2671008,2.2221527,0.8446727,0.09031454,0.20833556
3,49,0.840307,-0.26724863,2.2221966,0.84501266,0.08887414,0.20871139
3,50,0.840266,-0.26703608,2.222372,0.84485435,0.087434195,0.20908369
3,51,0.8403914,-0.26706302,2.221136,0.8450985,0.085994706,0.20945247
3,52,0.8402486,-0.26690036,2.2226734,0.8451271,0.08455569,0.20981772
3,53,0.84042025,-0.2668268,2.2200775,0.8451295,0.083117165,0.21017945
3,54,0.8403673,-0.26674718,2.223196,0.8454509,0.081679136,0.21053764
3,55,0.8404143,-0.26677215,2.222477,0.84520817,0.08024161,0.2108923
3,56,0.84036946,-0.2666437,2.2238998,0.8455043,0.07880462,0.21124344
3,57,0.8403771,-0.2665764,2.2240372,0.84539366,0.07736817,0.21159104
3,58,0.84043527,-0.26642865,2.2243176,0.84502363,0.075932264,0.21193509
3,59,0.84036255,-0.26651013,2.221712,0.84549475,0.074496925,0.2122756
3,60,0.8404906,-0.2663964,2.223816,0.8447833,0.07306216,0.21261257
3,61,0.8404014,-0.2663731,2.222561,0.8457341,0.07162798,0.212946
3,62,0.8404918,-0.2662034,2.223402,0.845088,0.07019441,0.21327588
3,63,0.84046483,-0.2662298,2.2232933,0.8456974,0.06876145,0.21360222
3,64,0.8404684,-0.26604462,2.2229729,0.8454623,0.067329116,0.21392499
3,65,0.84043574,-0.2660439,2.2235184,0.8456435,0.06589743,0.21424422
3,66,0.84050703,-0.26593006,2.222929,0.84576035,0.064466394,0.2145599
3,67,0.84054923,-0.26590145,2.2227192,0.84567976,0.063036025,0.214872
3,68,0.840559,-0.26577145,2.2228508,0.8457084,0.061606333,0.21518056
3,69,0.8404317,-0.26569647,2.2221146,0.84578943,0.060177334,0.21548557
3,70,0.84061456,-0.26567864,2.2240047,0.84573793,0.05874904,0.21578701
3,71,0.84048915,-0.265608,2.2217255,0.8458657,0.05732146,0.21608488
3,72,0.8406334,-0.2655524,2.2234478,0.84566164,0.055894613,0.2163792
3,73,0.84056854,-0.26542336,2.221548,0.8459573,0.05446851,0.21666993
3,74,0.8405683,-0.2653216,2.2233639,0.84572554,0.053043157,0.21695712
3,75,0.84055877,-0.26537746,2.2233505,0.84599113,0.051618576,0.21724072
3,76,0.84059167,-0.2652985,2.223404,0.84582376,0.050194778,0.21752076
3,77,0.8405597,-0.26516914,2.2249146,0.84612465,0.04877177,0.21779722
3,78,0.8406396,-0.2650751,2.2234154,0.8458667,0.04734957,0.21807012
3,79,0.84067655,-0.26505744,2.2219791,0.84595966,0.045928188,0.21833943
3,80,0.8407028,-0.26484036,2.2233124,0.8457861,0.044507634,0.21860516
3,81,0.84064627,-0.264854,2.2240715,0.84625673,0.04308793,0.21886732
3,82,0.84068346,-0.26472628,2.222683,0.8461323,0.04166908,0.2191259
3,83,0.84084773,-0.2647692,2.2244148,0.8464346,0.040251095,0.2193809
3,84,0.8407793,-0.26466203,2.222803,0.8465133,0.038834,0.21963231
3,85,0.84088135,-0.26460105,2.2240963,0.84655046,0.03741779,0.21988015
3,86,0.84084725,-0.2645226,2.222828,0.8466029,0.036002494,0.2201244
3,87,0.840801,-0.26446182,2.2236958,0.84678125,0.034588113,0.22036506
3,88,0.8408811,-0.26434314,2.2233772,0.84658575,0.033174664,0.22060212
3,89,0.840853,-0.2643456,2.2233925,0.84664917,0.03176216,0.22083561
3,90,0.8408003,-0.2642541,2.2239208,0.8468232,0.030350614,0.2210655
3,91,0.84084153,-0.26416993,2.223486,0.8468156,0.028940037,0.22129181
3,92,0.8409629,-0.2639776,2.223896,0.8470917,0.027530441,0.22151452
3,93,0.8409002,-0.26394737,2.223751,0.8470917,0.026121838,0.22173364
3,94,0.8409517,-0.2639268,2.2240295,0.84714174,0.024714243,0.22194918
3,95,0.8409877,-0.26387924,2.2247486,0.8471098,0.023307666,0.22216111
3,96,0.8409443,-0.26381493,2.2259026,0.84727526,0.02190212,0.22236945
3,97,0.84106183,-0.26382297,2.2253914,0.8468332,0.020497616,0.22257419
3,98,0.8410599,-0.2636903,2.2254982,0.847456,0.019094171,0.22277534
3,99,0.8410928,-0.2636155,2.2256908,0.847106,0.017691793,0.22297288
3,100,0.84112906,-0.26362187,2.2249985,0.84757376,0.016290493,0.22316682
3,101,0.84125733,-0.263403,2.2252083,0.846848,0.014890289,0.22335717
3,102,0.84106994,-0.26342684,2.224615,0.8473673,0.013491188,0.22354391
3,103,0.8411238,-0.26321542,2.2252445,0.84719753,0.012093205,0.22372706
3,104,0.8411844,-0.26323593,2.2251396,0.8476081,0.0106963515,0.2239066
3,105,0.84111714,-0.26311177,2.2252884,0.84761,0.00930064,0.22408254
3,106,0.8412094,-0.2630595,2.2253513,0.8472252,0.007906082,0.22425489
3,107,0.84137917,-0.26300192,2.2252254,0.8476801,0.00651269,0.22442362
3,108,0.84122014,-0.26291394,2.2257843,0.8472562,0.0051204762,0.22458875
3,109,0.84119964,-0.2628616,2.2217731,0.8477092,0.003729453,0.22475027
3,110,0.8412516,-0.26278836,2.2256413,0.84752464,0.0023396325,0.22490819
3,111,0.8411977,-0.26269656,2.2247124,0.8478093,0.0009510266,0.2250625
3,112,0.8413303,-0.26270384,2.2252464,0.8476796,-0.00043635254,0.22521321
3,113,0.84130263,-0.26260144,2.2236156,0.8478656,-0.0018224928,0.2253603
3,114,0.8413403,-0.26259333,2.2251186,0.8476939,-0.0032073823,0.2255038
3,115,0.84138274,-0.2624507,2.2268314,0.84802675,-0.0045910086,0.2256437
3,116,0.8413708,-0.26242828,2.2251606,0.8476529,-0.00597336,0.22577997
3,117,0.8413513,-0.2622223,2.2259884,0.8483629,-0.007354425,0.22591263
3,118,0.8414304,-0.26214558,2.2249851,0.8476162,-0.00873419,0.2260417
3,119,0.84129596,-0.26204836,2.2254677,0.8483043,-0.010112645,0.22616716
3,120,0.84146476,-0.26203924,2.225109,0.8478217,-0.011489776,0.226289
3,121,0.84137034,-0.2619704,2.2258053,0.8481827,-0.012865573,0.22640723
3,122,0.84151316,-0.26192272,2.225254,0.84805393,-0.014240023,0.22652186
3,123,0.84151244,-0.2618943,2.225996,0.8486099,-0.015613114,0.22663288
3,124,0.8415024,-0.26175326,2.2247448,0.8480706,-0.016984835,0.22674029
3,125,0.8415837,-0.26177263,2.225788,0.8484583,-0.018355174,0.22684409
3,126,0.84153056,-0.26155925,2.2246094,0.8481188,-0.019724118,0.22694427
3,127,0.8415663,-0.26162857,2.2256393,0.8483391,-0.021091657,0.22704086
3,128,0.84162736,-0.26156193,2.2246609,0.84838724,-0.022457777,0.22713383
3,129,0.84155726,-0.26139522,2.2253227,0.84887075,-0.023822468,0.22722319
3,130,0.84150434,-0.261307,2.2247448,0.8487797,-0.025185717,0.22730894
3,131,0.84164906,-0.26129812,2.2247448,0.84907484,-0.026547514,0.2273911
3,132,0.8414209,-0.26121795,2.2246284,0.8489404,-0.027907845,0.22746962
3,133,0.8416617,-0.26116186,2.2236729,0.8490882,-0.0292667,0.22754455
3,134,0.8415339,-0.2610346,2.2250633,0.84871817,-0.030624066,0.22761588
3,135,0.84167933,-0.26098806,2.2241802,0.8490658,-0.031979933,0.22768359
3,136,0.84157777,-0.26099408,2.2236881,0.84891987,-0.03333429,0.2277477
3,137,0.8417468,-0.26095712,2.2246742,0.8490987,-0.03468712,0.22780818
3,138,0.84169054,-0.2608956,2.2257671,0.8492584,-0.036038417,0.22786507
3,139,0.8418262,-0.26080662,2.2255764,0.8491001,-0.03738817,0.22791836
3,140,0.8417094,-0.26070166,2.2261658,0.84939814,-0.038736362,0.22796804
3,141,0.84173965,-0.2605896,2.225935,0.8494005,-0.040082984,0.22801411
3,142,0.8415892,-0.26061893,2.2258072,0.84935,-0.041428026,0.22805658
3,143,0.84172916,-0.26044583,2.2260113,0.84923124,-0.042771477,0.22809543
3,144,0.841696,-0.26045632,2.224987,0.8492942,-0.044113323,0.2281307
3,145,0.8417642,-0.26034963,2.2262402,0.84925604,-0.045453552,0.22816235
3,146,0.8417535,-0.26028293,2.2244434,0.8494339,-0.046792157,0.22819039
3,147,0.8417995,-0.26019704,2.2262497,0.84951115,-0.048129123,0.22821485
3,148,0.8418262,-0.2602551,2.2252293,0.8496461,-0.049464438,0.22823569
3,149,0.8418548,-0.26013625,2.2255306,0.84963083,-0.050798092,0.22825293
3,150,0.8418493,-0.26007402,2.2259712,0.8496809,-0.052130077,0.22826658
3,151,0.84188247,-0.25996202,2.225748,0.84979963,-0.053460374,0.22827663
3,152,0.84189606,-0.25984073,2.2259998,0.8495841,-0.054788977,0.22828308
3,153,0.84185743,-0.25978315,2.2251453,0.8500266,-0.056115873,0.22828592
3,154,0.8420212,-0.25974327,2.226183,0.8500624,-0.057441056,0.22828518
3,155,0.84197927,-0.25966108,2.225317,0.85016966,-0.058764506,0.22828084
3,156,0.842041,-0.25964117,2.2268467,0.84998417,-0.060086217,0.2282729
3,157,0.8420074,-0.2595908,2.2253075,0.850235,-0.061406177,0.22826137
3,158,0.8420646,-0.25946033,2.2275867,0.8501735,-0.062724374,0.22824624
3,159,0.84201336,-0.25935692,2.2259483,0.8506465,-0.064040795,0.22822753
3,160,0.8420179,-0.2593292,2.2285995,0.85039425,-0.065355435,0.2282052
3,161,0.8419914,-0.25917757,2.2260838,0.85056925,-0.06666828,0.2281793
3,162,0.8420577,-0.25916505,2.2245522,0.85070753,-0.06797931,0.22814982
3,163,0.8420093,-0.25911486,2.224804,0.8505192,-0.06928853,0.22811675
3,164,0.84207463,-0.25908273,2.2237015,0.85090065,-0.07059592,0.22808008
3,165,0.8420484,-0.25898272,2.2249756,0.85051775,-0.07190146,0.22803983
3,166,0.8420465,-0.25880057,2.2234154,0.8507552,-0.073205166,0.22799599
3,167,0.8419969,-0.2588095,2.2252064,0.8505583,-0.074507,0.22794858
3,168,0.8420179,-0.2587254,2.2253513,0.85056925,-0.07580696,0.22789758
3,169,0.8420644,-0.25862455,2.2254887,0.85074186,-0.07710504,0.227843
3,170,0.8421011,-0.25859106,2.2260857,0.85091734,-0.07840122,0.22778484
3,171,0.84214973,-0.25856215,2.225851,0.85070515,-0.0796955,0.2277231
3,172,0.8422005,-0.2584231,2.2262306,0.8506293,-0.08098786,0.2276578
3,173,0.84215903,-0.2583021,2.2255058,0.85075426,-0.0822783,0.2275889
3,174,0.8422427,-0.25823873,2.2265759,0.85086966,-0.08356679,0.22751644
3,175,0.84216666,-0.25819486,2.2256756,0.85109806,-0.084853336,0.2274404
3,176,0.84219146,-0.2580521,2.2271214,0.85100794,-0.08613792,0.2273608
3,177,0.8422079,-0.258053,2.2252808,0.8510742,-0.08742054,0.22727762
3,178,0.84224725,-0.25800192,2.2272778,0.8508458,-0.08870117,0.22719088
3,179,0.8423002,-0.2578709,2.2251606,0.85136986,-0.08997981,0.22710058
3,180,0.84225583,-0.25785893,2.2270088,0.8509741,-0.091256455,0.2270067
3,181,0.84217334,-0.25774527,2.2255974,0.8512764,-0.09253108,0.22690926
3,182,0.8422413,-0.2576782,2.2267933,0.85148525,-0.09380368,0.22680828
3,183,0.8421285,-0.25769937,2.2261353,0.85160923,-0.09507425,0.22670372
3,184,0.84235406,-0.25753772,2.226553,0.85142374,-0.09634277,0.22659561
3,185,0.84225607,-0.25750434,2.2268848,0.85123587,-0.09760924,0.22648394
3,186,0.84235144,-0.2574296,2.2274685,0.8517213,-0.09887364,0.22636873
3,187,0.84232306,-0.25741088,2.2272263,0.85081816,-0.10013596,0.22624995
3,188,0.8423219,-0.2572335,2.2284966,0.85147905,-0.101396196,0.22612762
3,189,0.8423524,-0.25725245,2.2251892,0.85100317,-0.10265434,0.22600175
3,190,0.8423674,-0.2571591,2.2287388,0.85161924,-0.103910364,0.22587234
3,191,0.8423376,-0.25706553,2.2259827,0.8514137,-0.105164275,0.22573937
3,192,0.8424313,-0.25706434,2.227707,0.85181665,-0.10641606,0.22560287
3,193,0.8423183,-0.25690413,2.2258682,0.85191107,-0.1076657,0.22546282
3,194,0.8424721,-0.2569024,2.227806,0.8523798,-0.1089132,0.22531924
3,195,0.8423321,-0.2568295,2.2261772,0.8521447,-0.11015853,0.22517212
3,196,0.8424406,-0.25669384,2.2278519,0.852561,-0.11140169,0.22502147
3,197,0.84239674,-0.25671148,2.2268276,0.8521328,-0.112642676,0.22486728
3,198,0.84243584,-0.2566409,2.2267208,0.8525667,-0.11388147,0.22470957
3,199,0.8425524,-0.25653315,2.226183,0.8519993,-0.115118064,0.22454832
3,200,0.8425729,-0.25641954,2.226736,0.85261106,-0.11635244,0.22438356
3,201,0.84249425,-0.25642347,2.2258854,0.8519592,-0.1175846,0.22421527
3,202,0.8425729,-0.25632763,2.2271957,0.8526335,-0.11881453,0.22404347
3,203,0.8425269,-0.2561788,2.2261162,0.85200214,-0.12004221,0.22386813
3,204,0.84251165,-0.25618476,2.2272434,0.8524785,-0.12126765,0.22368929
3,205,0.8426089,-0.25607443,2.226389,0.852128,-0.12249082,0.22350694
3,206,0.84259033,-0.255962,2.2273598,0.8522897,-0.12371172,0.22332107
3,207,0.842644,-0.25591373,2.2263718,0.85230255,-0.124930345,0.22313169
3,208,0.8426645,-0.25586975,2.2274551,0.8523121,-0.12614667,0.2229388
3,209,0.842607,-0.25584376,2.2261276,0.8525853,-0.1273607,0.22274242
3,210,0.84264135,-0.2556578,2.2270794,0.8523154,-0.1285724,0.22254254
3,211,0.8426702,-0.25566328,2.2250881,0.8525419,-0.1297818,0.22233915
3,212,0.8426788,-0.2555939,2.2271729,0.852304,-0.13098887,0.22213227
3,213,0.8426397,-0.25546265,2.2278728,0.8524666,-0.13219358,0.22192189
3,214,0.8427031,-0.2553993,2.2272606,0.852983,-0.13339595,0.22170801
3,215,0.8426564,-0.25537246,2.224247,0.852849,-0.13459596,0.22149067
3,216,0.8426213,-0.25528216,2.2268085,0.8529177,-0.1357936,0.22126983
3,217,0.8426497,-0.25526226,2.224556,0.853467,-0.13698886,0.22104551
3,218,0.8427243,-0.25514776,2.2263298,0.8531108,-0.13818173,0.2208177
3,219,0.8427949,-0.2551595,2.2253876,0.8533783,-0.1393722,0.22058642
3,220,0.8427861,-0.25505072,2.2259064,0.85336447,-0.14056025,0.22035167
3,221,0.84277177,-0.255027,2.226204,0.8536582,-0.1417459,0.22011344
3,222,0.84284234,-0.25492752,2.2260437,0.8531108,-0.1429291,0.21987176
3,223,0.84274745,-0.25487244,2.2271576,0.8533468,-0.14410987,0.21962659
3,224,0.8428602,-0.25475484,2.226097,0.85331964,-0.1452882,0.21937798
3,225,0.8427572,-0.25470567,2.2270756,0.85332537,-0.14646406,0.2191259
3,226,0.84289765,-0.2545669,2.2260418,0.8532181,-0.14763747,0.21887036
3,227,0.842818,-0.25464708,2.2270565,0.8535166,-0.14880839,0.21861136
3,228,0.8429148,-0.25450826,2.226345,0.85307455,-0.14997683,0.21834892
3,229,0.84287906,-0.25440776,2.2272892,0.85363674,-0.15114278,0.21808304
3,230,0.84292793,-0.25437212,2.2264538,0.85320807,-0.15230621,0.2178137
3,231,0.8428631,-0.2542951,2.2272968,0.8537998,-0.15346713,0.21754093
3,232,0.8429346,-0.25426078,2.2266026,0.8535366,-0.15462554,0.21726471
3,233,0.842875,-0.25421178,2.2263985,0.85392046,-0.1557814,0.21698508
3,234,0.8430586,-0.25415915,2.2267876,0.8535876,-0.15693474,0.216702
3,235,0.8430667,-0.25400084,2.2255554,0.8536401,-0.15808551,0.2164155
3,236,0.8430505,-0.25398552,2.2270775,0.8536296,-0.15923373,0.21612556
3,237,0.84300256,-0.25390464,2.2253742,0.85389614,-0.16037938,0.2158322
3,238,0.84307384,-0.25380683,2.2275524,0.85385704,-0.16152245,0.21553543
3,239,0.84306216,-0.25377494,2.2254467,0.8538537,-0.16266292,0.21523525
3,240,0.8430896,-0.253716,2.2280464,0.85423994,-0.1638008,0.21493165
3,241,0.8431361,-0.25362885,2.22546,0.85431576,-0.16493608,0.21462466
3,242,0.8430226,-0.25349176,2.2279568,0.8541341,-0.16606875,0.21431424
3,243,0.8431108,-0.2534712,2.2245045,0.85416746,-0.16719878,0.21400043
3,244,0.843066,-0.25333446,2.227499,0.8540435,-0.16832618,0.21368323
3,245,0.8431835,-0.2533257,2.2245655,0.854198,-0.16945095,0.21336262
3,246,0.8431792,-0.25318444,2.2273045,0.8543844,-0.17057306,0.21303864
3,247,0.8432386,-0.25318164,2.2249374,0.8538823,-0.17169252,0.21271126
3,248,0.84315324,-0.25311553,2.226759,0.8548126,-0.1728093,0.2123805
3,249,0.8433151,-0.25304192,2.22538,0.8542328,-0.1739234,0.21204636
3,250,0.84307337,-0.25301784,2.2257938,0.85499954,-0.17503482,0.21170883
3,251,0.8433707,-0.25288838,2.225647,0.8546672,-0.17614354,0.21136795
3,252,0.84319997,-0.25276065,2.2255936,0.8550949,-0.17724957,0.21102369
3,253,0.8433075,-0.25271893,2.2255306,0.8546777,-0.17835286,0.21067607
3,254,0.84321666,-0.2525463,2.2251396,0.8551297,-0.17945345,0.21032509
3,255,0.8433106,-0.25262713,2.2252254,0.85513926,-0.1805513,0.20997074
3,256,0.8433106,-0.25246203,2.225401,0.8552213,-0.18164642,0.20961305
3,257,0.84335494,-0.25245315,2.2271366,0.85503435,-0.1827388,0.20925201
3,258,0.8433106,-0.25239736,2.2252426,0.8555865,-0.1838284,0.20888764
3,259,0.84335685,-0.25226504,2.2267895,0.85504484,-0.18491524,0.2085199
3,260,0.84328675,-0.2521907,2.224638,0.85562086,-0.18599932,0.20814884
3,261,0.8434439,-0.25218272,2.226305,0.8550701,-0.18708062,0.20777445
3,262,0.84344935,-0.2520126,2.226677,0.85538006,-0.18815912,0.20739672
3,263,0.8435073,-0.2520122,2.2262383,0.85502005,-0.18923482,0.20701566
3,264,0.84336925,-0.25186342,2.226715,0.85499144,-0.19030772,0.20663129
3,265,0.8434756,-0.2518413,2.2262554,0.8550248,-0.1913778,0.2062436
3,266,0.84338784,-0.25175726,2.2268505,0.85506773,-0.19244505,0.2058526
3,267,0.84343505,-0.25173753,2.2261982,0.85491276,-0.19350947,0.20545828
3,268,0.843508,-0.2516464,2.2269096,0.85512304,-0.19457106,0.20506068
3,269,0.8434293,-0.25157213,2.2264538,0.85502815,-0.19562979,0.20465976
3,270,0.84348893,-0.25153738,2.2274113,0.8551941,-0.19668567,0.20425555
3,271,0.84349155,-0.251391,2.2272396,0.8552537,-0.19773869,0.20384805
3,272,0.84361434,-0.2513281,2.2281818,0.85497,-0.19878882,0.20343725
3,273,0.8436079,-0.25123549,2.2272854,0.855391,-0.19983609,0.20302318
3,274,0.8436644,-0.25125456,2.227747,0.8553362,-0.20088045,0.20260583
3,275,0.8435755,-0.25110936,2.2272243,0.85539436,-0.20192192,0.20218521
3,276,0.84361815,-0.25111967,2.2271996,0.85573626,-0.20296049,0.2017613
3,277,0.8436496,-0.2508958,2.2269287,0.85540295,-0.20399614,0.20133415
3,278,0.8436868,-0.25088698,2.2267113,0.85611296,-0.20502886,0.20090373
3,279,0.8437333,-0.2508629,2.2266426,0.85570717,-0.20605867,0.20047005
3,280,0.8436713,-0.2507714,2.226675,0.8557987,-0.20708552,0.20003313
3,281,0.8437462,-0.2507155,2.2275429,0.8558016,-0.20810944,0.19959295
3,282,0.8436744,-0.25062084,2.22649,0.85572004,-0.2091304,0.19914952
3,283,0.8436582,-0.25057948,2.224638,0.855422,-0.2101484,0.19870287
3,284,0.84370327,-0.25051802,2.226429,0.8552537,-0.21116343,0.19825298
3,285,0.8435197,-0.2503429,2.2258167,0.85546255,-0.21217549,0.19779986
3,286,0.84388924,-0.25038946,2.2264957,0.85523415,-0.21318455,0.19734351
3,287,0.84351563,-0.2502324,2.227047,0.8556819,-0.21419063,0.19688395
3,288,0.84384584,-0.25017023,2.2263546,0.855175,-0.2151937,0.19642118
3,289,0.8438089,-0.24999738,2.2274818,0.85573006,-0.21619377,0.19595519
3,290,0.8438883,-0.25001216,2.2260094,0.85551405,-0.21719082,0.195486
3,291,0.8437257,-0.24986845,2.226307,0.8557334,-0.21818484,0.1950136
3,292,0.84392524,-0.24987555,2.225727,0.8559623,-0.21917585,0.19453801
3,293,0.8436091,-0.24981701,2.225254,0.85575676,-0.2201638,0.19405924
3,294,0.84397316,-0.24971467,2.2254658,0.8560982,-0.22114871,0.19357727
3,295,0.84374785,-0.2496103,2.225336,0.8562794,-0.22213058,0.19309212
3,296,0.84395146,-0.249547,2.225195,0.85595226,-0.22310938,0.19260381
3,297,0.84387445,-0.2495259,2.2243233,0.85606813,-0.2240851,0.19211231
3,298,0.8438957,-0.24946713,2.2245655,0.8560095,-0.22505777,0.19161765
3,299,0.8439162,-0.24941617,2.2241879,0.8560705,-0.22602734,0.19111985
3,300,0.8440275,-0.24924439,2.2247677,0.8560672,-0.22699381,0.19061887
3,301,0.8440294,-0.24921209,2.2240295,0.8560934,-0.2279572,0.19011475
3,302,0.8440616,-0.24914235,2.2252083,0.8561301,-0.22891748,0.18960749
3,303,0.84412336,-0.24907553,2.2245464,0.856092,-0.22987466,0.18909708
3,304,0.8439894,-0.24900895,2.2258396,0.8561945,-0.2308287,0.18858352
3,305,0.8440614,-0.24890494,2.225397,0.8558965,-0.23177962,0.18806686
3,306,0.84403133,-0.24880171,2.2257404,0.85643196,-0.23272741,0.18754706
3,307,0.8441293,-0.24884623,2.2244225,0.8559718,-0.23367205,0.18702413
3,308,0.84409213,-0.24869514,2.2255955,0.85655785,-0.23461355,0.1864981
3,309,0.8442044,-0.24873453,2.2275543,0.8562665,-0.2355519,0.18596897
3,310,0.8440831,-0.24851108,2.2262459,0.85655975,-0.23648708,0.18543673
3,311,0.84417915,-0.2485627,2.2230988,0.8567052,-0.2374191,0.18490139
3,312,0.8442128,-0.24841076,2.2265034,0.8565812,-0.23834793,0.18436295
3,313,0.84407496,-0.24838465,2.2243462,0.85686016,-0.23927358,0.18382142
3,314,0.8442478,-0.24831063,2.2263374,0.85665274,-0.24019605,0.18327682
3,315,0.84416294,-0.24826366,2.2253017,0.85705566,-0.24111532,0.18272914
3,316,0.8442359,-0.24806285,2.226471,0.85689974,-0.24203138,0.1821784
3,317,0.8441863,-0.24815577,2.2262764,0.8571415,-0.24294424,0.18162458
3,318,0.84428287,-0.24799019,2.225996,0.8569021,-0.24385388,0.1810677
3,319,0.8441081,-0.248061,2.2261734,0.85706663,-0.24476029,0.18050776
3,320,0.844311,-0.24777079,2.2248955,0.8570571,-0.24566348,0.1799448
3,321,0.84419584,-0.247809,2.2258415,0.8572502,-0.24656342,0.17937876
3,322,0.8442838,-0.24772078,2.2243843,0.85696983,-0.24746013,0.17880972
3,323,0.8441491,-0.24773419,2.2253494,0.8568101,-0.24835359,0.17823762
3,324,0.84428406,-0.24758303,2.2248383,0.85698414,-0.24924378,0.1776625
3,325,0.84429526,-0.24755812,2.2244072,0.8569889,-0.2501307,0.17708436
3,326,0.8443401,-0.24740833,2.224659,0.85685205,-0.25101438,0.17650321
3,327,0.8442557,-0.24731475,2.2240868,0.85724163,-0.25189477,0.17591904
3,328,0.8444197,-0.24728137,2.2243748,0.8569865,-0.25277185,0.17533188
3,329,0.84421587,-0.24728072,2.2248478,0.8571758,-0.2536457,0.17474172
3,330,0.8445363,-0.24704683,2.2237206,0.85710955,-0.25451618,0.17414856
3,331,0.8443847,-0.24707049,2.2258873,0.85715723,-0.2553834,0.17355242
3,332,0.8445542,-0.2469495,2.2246609,0.8570566,-0.2562473,0.17295331
3,333,0.84441066,-0.24691927,2.2261925,0.85722256,-0.2571079,0.17235121
3,334,0.8445103,-0.24681085,2.2251167,0.85663605,-0.25796518,0.17174615
3,335,0.8444283,-0.24684626,2.2258606,0.8573017,-0.25881913,0.17113812
3,336,0.8445153,-0.24665731,2.2247753,0.8569317,-0.25966975,0.17052715
3,337,0.8444836,-0.24663436,2.225378,0.85736656,-0.26051703,0.16991322
3,338,0.84455276,-0.24656588,2.2238655,0.8569741,-0.26136094,0.16929635
3,339,0.8445289,-0.2464379,2.225834,0.8572793,-0.26220155,0.16867654
3,340,0.8445504,-0.24645305,2.2230816,0.8569584,-0.26303875,0.16805379
3,341,0.84453773,-0.24638134,2.2255116,0.8572583,-0.26387262,0.16742812
3,342,0.8445504,-0.24628425,2.2247581,0.85707283,-0.2647031,0.16679953
3,343,0.84457254,-0.24619311,2.224371,0.8573823,-0.2655302,0.16616803
3,344,0.8446171,-0.24607188,2.2251549,0.85731936,-0.26635394,0.16553362
3,345,0.8445952,-0.24605042,2.2232094,0.8575959,-0.26717427,0.16489631
3,346,0.8446896,-0.24594885,2.2246132,0.85750055,-0.26799124,0.16425611
3,347,0.84455395,-0.2459898,2.2228432,0.8576865,-0.2688048,0.16361302
3,348,0.84461474,-0.24577093,2.2242165,0.85747576,-0.26961493,0.16296704
3,349,0.84477687,-0.24573249,2.2235756,0.8574853,-0.27042165,0.16231818
3,350,0.844702,-0.24557936,2.2239952,0.85745287,-0.27122498,0.16166647
3,351,0.8448169,-0.24561095,2.2240715,0.8574662,-0.27202487,0.16101187
3,352,0.844723,-0.24542266,2.2244835,0.8574195,-0.27282137,0.16035444
3,353,0.8447211,-0.2454766,2.223793,0.8576479,-0.27361438,0.15969415
3,354,0.84467626,-0.24533528,2.2234879,0.8575878,-0.274404,0.159031
3,355,0.8446548,-0.24536264,2.226717,0.8575473,-0.27519014,0.15836503
3,356,0.8447101,-0.2452783,2.2220058,0.85748625,-0.27597284,0.15769623
3,357,0.8448596,-0.24523294,2.2255917,0.8574791,-0.27675208,0.15702459
3,358,0.8448727,-0.24504018,2.223177,0.8577118,-0.27752787,0.15635015
3,359,0.8447993,-0.24509186,2.22406,0.85781765,-0.2783002,0.15567288
3,360,0.8449497,-0.2449351,2.2252884,0.85788774,-0.27906907,0.15499282
3,361,0.8446481,-0.24491781,2.224146,0.8579111,-0.27983442,0.15430994
3,362,0.84500265,-0.24466187,2.225048,0.8579416,-0.28059632,0.1536243
3,363,0.8448281,-0.24484473,2.2241669,0.85804224,-0.28135473,0.15293585
3,364,0.84498525,-0.24460769,2.224123,0.8580022,-0.28210962,0.15224463
3,365,0.8448734,-0.24457443,2.2240143,0.8584089,-0.28286102,0.15155064
3,366,0.84496045,-0.24454033,2.2240143,0.858171,-0.28360894,0.15085387
3,367,0.8448024,-0.24445981,2.2231903,0.8587003,-0.28435335,0.15015435
3,368,0.84494233,-0.24441075,2.22328,0.8582735,-0.28509423,0.14945209
3,369,0.84477687,-0.24436724,2.2231445,0.8586097,-0.2858316,0.14874707
3,370,0.84501195,-0.244259,2.2233505,0.8582363,-0.28656545,0.14803931
3,371,0.84481645,-0.24414104,2.223503,0.85869694,-0.28729576,0.14732882
3,372,0.84507537,-0.24410242,2.2233372,0.8585954,-0.28802255,0.14661562
3,373,0.844893,-0.24407655,2.2236366,0.8587184,-0.2887458,0.1458997
3,374,0.84513044,-0.24397337,2.221939,0.8583746,-0.2894655,0.14518106
3,375,0.8449681,-0.24394852,2.2232018,0.85864687,-0.29018164,0.14445971
3,376,0.845207,-0.24373704,2.2235317,0.8581972,-0.29089424,0.14373566
3,377,0.8450928,-0.2437281,2.2228394,0.8584943,-0.29160327,0.14300893
3,378,0.84513927,-0.24368542,2.2243958,0.85826015,-0.29230875,0.14227952
3,379,0.84512067,-0.2434951,2.2226124,0.8583889,-0.29301065,0.14154743
3,380,0.84505916,-0.24355096,2.2239857,0.85837126,-0.29370898,0.14081267
3,381,0.8451061,-0.2434352,2.2232552,0.85826397,-0.29440373,0.14007525
3,382,0.84504414,-0.2433433,2.2234154,0.8585229,-0.2950949,0.13933517
3,383,0.84515166,-0.24325848,2.2234325,0.8581815,-0.2957825,0.13859244
3,384,0.8450577,-0.2432012,2.2228203,0.8584361,-0.2964665,0.13784707
3,385,0.84516835,-0.24314868,2.2234268,0.85832644,-0.29714692,0.13709907
3,386,0.84513164,-0.24299312,2.2224903,0.85824347,-0.29782373,0.13634844
3,387,0.84513354,-0.24296093,2.2223492,0.85847044,-0.2984969,0.13559519
3,388,0.84525967,-0.24286479,2.2231941,0.8582058,-0.2991665,0.13483933
3,389,0.8451321,-0.24287975,2.2220612,0.8582406,-0.2998325,0.13408086
3,390,0.8453047,-0.24276245,2.2218246,0.8583822,-0.30049485,0.1333198
3,391,0.84516144,-0.24270284,2.2224064,0.8587184,-0.30115357,0.13255614
3,392,0.8452344,-0.24260533,2.2213936,0.85864687,-0.30180869,0.1317899
3,393,0.84526277,-0.24258047,2.2229366,0.85866976,-0.30246016,0.13102108
3,394,0.8452265,-0.24247807,2.221304,0.85883045,-0.303108,0.1302497
3,395,0.84533477,-0.24241108,2.223257,0.8586049,-0.3037522,0.12947574
3,396,0.8452513,-0.24233752,2.2212353,0.85862637,-0.30439276,0.12869924
3,397,0.8452952,-0.2423901,2.2212906,0.8586426,-0.3050297,0.1279202
3,398,0.8453078,-0.24216819,2.2212658,0.8587966,-0.30566293,0.12713861
3,399,0.8453877,-0.24215949,2.220909,0.85869455,-0.30629256,0.12635449
3,400,0.84535146,-0.2420268,2.2213936,0.8588557,-0.3069185,0.12556784
3,401,0.8454437,-0.24195355,2.221634,0.85877657,-0.30754077,0.12477868
3,402,0.84542537,-0.24191546,2.2217426,0.85891294,-0.30815938,0.123987004
3,403,0.84543324,-0.24185729,2.2221909,0.8587365,-0.30877432,0.123192824
3,404,0.8454964,-0.24171054,2.2219849,0.85890627,-0.3093856,0.122396156
3,405,0.84542155,-0.24178803,2.2226524,0.85874796,-0.30999318,0.121597
3,406,0.84552455,-0.24155682,2.2221832,0.8589015,-0.3105971,0.12079536
3,407,0.84548306,-0.24168575,2.2228413,0.8584657,-0.3111973,0.11999125
3,408,0.84541965,-0.24144906,2.222458,0.8587923,-0.31179383,0.11918467
3,409,0.8455672,-0.24150193,2.2233467,0.8584132,-0.31238666,0.118375644
3,410,0.84544134,-0.24137628,2.222828,0.85860586,-0.3129758,0.11756416
3,411,0.84556055,-0.2413693,2.22262,0.8587599,-0.31356123,0.11675023
3,412,0.8455596,-0.2411694,2.2231941,0.8590369,-0.31414294,0.11593387
3,413,0.84553504,-0.241189,2.2211094,0.85909224,-0.31472096,0.11511509
3,414,0.84567165,-0.2411403,2.2232418,0.85871744,-0.31529525,0.11429389
3,415,0.8456216,-0.2410413,2.2218437,0.85941315,-0.31586584,0.11347027
3,416,0.8455932,-0.24091947,2.2233028,0.8586025,-0.3164327,0.112644255
3,417,0.8457074,-0.24088597,2.2218628,0.8593483,-0.31699583,0.11181584
3,418,0.84565115,-0.24071783,2.221283,0.85887146,-0.31755525,0.11098504
3,419,0.8456843,-0.24073678,2.2208862,0.8595462,-0.31811094,0.11015186
3,420,0.8456557,-0.24060881,2.2195854,0.85935163,-0.31866288,0.109316304
3,421,0.84561586,-0.24059582,2.2209816,0.8594656,-0.3192111,0.10847839
3,422,0.8456726,-0.24046075,2.2191715,0.85927534,-0.31975558,0.10763811
3,423,0.84570765,-0.24041408,2.221037,0.8591466,-0.32029632,0.10679549
3,424,0.8456428,-0.24028844,2.2190495,0.859056,-0.3208333,0.10595053
3,425,0.84566665,-0.24023688,2.2192783,0.8590417,-0.32136652,0.10510323
3,426,0.8456342,-0.2401632,2.219284,0.8588748,-0.321896,0.10425361
3,427,0.8457198,-0.24008667,2.2222176,0.8592062,-0.32242173,0.103401676
3,428,0.8457048,-0.24011028,2.2200394,0.85871744,-0.3229437,0.10254743
3,429,0.84582233,-0.2399528,2.2220745,0.85892105,-0.3234619,0.10169088
3,430,0.8457382,-0.23995566,2.2208252,0.8587332,-0.3239763,0.10083204
3,431,0.8458929,-0.23978877,2.2189598,0.85860395,-0.32448697,0.099970914
3,432,0.84575677,-0.23973471,2.2215385,0.8587017,-0.32499388,0.09910751
3,433,0.845829,-0.23955989,2.2201347,0.8587136,-0.325497,0.09824184
3,434,0.8457513,-0.23948592,2.2212524,0.85887337,-0.32599634,0.09737391
3,435,0.84577656,-0.23941267,2.221424,0.8588376,-0.3264919,0.09650373
3,436,0.845711,-0.23934138,2.220602,0.8592496,-0.3269837,0.0956313
3,437,0.845762,-0.23930693,2.2225513,0.8589306,-0.32747167,0.09475664
3,438,0.84583306,-0.2392543,2.2207947,0.85937786,-0.32795587,0.093879744
3,439,0.8457906,-0.23901713,2.2200165,0.8592334,-0.3284363,0.093000636
3,440,0.84587646,-0.23904234,2.2218704,0.85878086,-0.3289129,0.09211931
3,441,0.84586644,-0.23895335,2.2201748,0.8590355,-0.32938573,0.09123578
3,442,0.84587026,-0.23897284,2.222025,0.85889053,-0.32985476,0.09035006
3,443,0.84598017,-0.2387358,2.220995,0.8590393,-0.33031997,0.08946215
3,444,0.84580255,-0.23895466,2.220728,0.8592429,-0.3307814,0.08857206
3,445,0.8459408,-0.23855346,2.2204285,0.85881615,-0.331239,0.0876798
3,446,0.84595037,-0.23864377,2.2202244,0.8598108,-0.3316928,0.08678538
3,447,0.8458543,-0.23844981,2.2204685,0.8592572,-0.3321428,0.08588881
3,448,0.8460767,-0.23853761,2.2207985,0.8598485,-0.33258897,0.084990084
3,449,0.8458278,-0.2382558,2.2199554,0.8588238,-0.33303133,0.08408923
3,450,0.8462846,-0.23837948,2.221201,0.8596115,-0.33346987,0.08318625
3,451,0.8459847,-0.23816276,2.22077,0.8587713,-0.3339046,0.082281135
3,452,0.84627175,-0.23828751,2.2225933,0.85925007,-0.33433548,0.081373915
3,453,0.846189,-0.23809046,2.2176762,0.85821867,-0.33476254,0.080464594
3,454,0.8462007,-0.2381339,2.2195644,0.85905075,-0.3351858,0.07955318
3,455,0.846205,-0.23796612,2.2198944,0.8585963,-0.3356052,0.07863967
3,456,0.8461449,-0.23780346,2.2156582,0.85867405,-0.33602077,0.07772409
3,457,0.84627223,-0.23778808,2.221058,0.85888386,-0.33643252,0.07680644
3,458,0.8462286,-0.23782259,2.219818,0.8583374,-0.33684042,0.07588673
3,459,0.8463156,-0.23759747,2.2205544,0.85828495,-0.3372445,0.07496496
3,460,0.84623647,-0.23759592,2.2187767,0.8583722,-0.33764473,0.07404115
3,461,0.84636307,-0.23750782,2.2200127,0.8584275,-0.3380411,0.073115304
3,462,0.8462517,-0.2374106,2.2190323,0.8585048,-0.33843365,0.07218743
3,463,0.8463228,-0.23725891,2.2192554,0.85920477,-0.33882234,0.07125754
3,464,0.8463099,-0.2372368,2.2196045,0.859045,-0.3392072,0.070325635
3,465,0.8463476,-0.23716593,2.218605,0.8596978,-0.3395882,0.069391735
3,466,0.84638095,-0.23695129,2.2176933,0.8594799,-0.33996534,0.06845584
3,467,0.84641147,-0.23708415,2.2178764,0.86040497,-0.34033862,0.06751796
3,468,0.84641623,-0.23688823,2.2180424,0.85966253,-0.34070805,0.066578105
3,469,0.8463445,-0.23698854,2.2131233,0.86105824,-0.34107363,0.065636285
3,470,0.84630466,-0.236835,2.218029,0.8591714,-0.34143534,0.064692505
3,471,0.84638333,-0.23684484,2.2154808,0.8597212,-0.3417932,0.06374678
3,472,0.8462744,-0.23674285,2.217085,0.858624,-0.3421472,0.06279911
3,473,0.84637547,-0.23660588,2.2183647,0.859221,-0.34249735,0.06184951
3,474,0.84637904,-0.23668152,2.2186127,0.8584962,-0.34284362,0.060897984
3,475,0.84655046,-0.23656595,2.2163944,0.85924053,-0.34318602,0.059944548
3,476,0.8463874,-0.23648334,2.2179947,0.85829735,-0.34352455,0.0589892
3,477,0.846534,-0.23640531,2.21459,0.8588524,-0.34385923,0.05803196
3,478,0.8465619,-0.23627853,2.2172585,0.85873985,-0.34419,0.057072833
3,479,0.8464792,-0.23618966,2.2164917,0.8584418,-0.34451693,0.056111827
3,480,0.84649587,-0.23615956,2.2147827,0.85887,-0.34483996,0.055148948
3,481,0.84647274,-0.23600078,2.216442,0.85832787,-0.34515914,0.05418421
3,482,0.8466315,-0.23604137,2.215685,0.85884714,-0.34547445,0.05321762
3,483,0.84649324,-0.23587477,2.2168846,0.85856676,-0.34578586,0.052249186
3,484,0.84658456,-0.23590475,2.2162304,0.8590784,-0.3460934,0.051278915
3,485,0.84655404,-0.23586267,2.2212658,0.8587141,-0.34639707,0.05030682
3,486,0.8467331,-0.23576564,2.2164555,0.85940886,-0.34669682,0.04933291
3,487,0.84654737,-0.23578048,2.218729,0.8592658,-0.34699273,0.04835719
3,488,0.8466041,-0.23550797,2.21661,0.8588352,-0.34728476,0.04737967
3,489,0.8465693,-0.23562247,2.2163963,0.8586526,-0.3475729,0.04640036
3,490,0.8466852,-0.235448,2.2168522,0.8590226,-0.34785712,0.045419272
3,491,0.8465755,-0.23536152,2.2173347,0.85821486,-0.3481375,0.04443641
3,492,0.84678054,-0.23533124,2.2165413,0.85875654,-0.34841394,0.043451782
3,493,0.8466594,-0.23520905,2.2173042,0.8581867,-0.34868655,0.042465407
3,494,0.84683824,-0.23507935,2.2161179,0.8585963,-0.34895524,0.04147728
3,495,0.84676194,-0.23507553,2.2175846,0.8584628,-0.34922004,0.040487424
3,496,0.8467829,-0.23490214,2.2117386,0.8588543,-0.34948096,0.039495837
3,497,0.8466847,-0.23497713,2.21743,0.85831547,-0.34973797,0.038502533
3,498,0.8468237,-0.23482758,2.2154484,0.858541,-0.3499911,0.037507523
3,499,0.84661937,-0.23483187,2.216278,0.8587327,-0.35024035,0.03651081
3,500,0.8467295,-0.23460603,2.2168179,0.8588376,-0.3504857,0.035512406
3,501,0.8467958,-0.23458344,2.2151012,0.8592205,-0.35072717,0.034512326
3,502,0.84684014,-0.23449671,2.218851,0.8588481,-0.35096473,0.03351057
3,503,0.8468058,-0.23447913,2.215662,0.8593993,-0.35119838,0.03250715
3,504,0.8469012,-0.23441291,2.2173252,0.85876465,-0.35142815,0.03150208
3,505,0.8468213,-0.23426759,2.215847,0.8596797,-0.35165402,0.030495364
3,506,0.84687567,-0.23423624,2.2156982,0.8591094,-0.351876,0.029487012
3,507,0.8468127,-0.23419935,2.2153587,0.85919905,-0.35209408,0.028477034
3,508,0.84690356,-0.23401356,2.2155895,0.85860586,-0.35230827,0.02746544
3,509,0.8468013,-0.23396575,2.2156582,0.85881853,-0.35251856,0.026452238
3,510,0.8469193,-0.2339853,2.2161407,0.85825443,-0.35272494,0.025437437
3,511,0.8468201,-0.23369563,2.215088,0.8584261,-0.35292742,0.024421047
3,512,0.8468926,-0.23373985,2.2159023,0.858078,-0.35312602,0.023403076
3,513,0.84684825,-0.23359829,2.2150002,0.85843563,-0.35332072,0.022383537
3,514,0.84686065,-0.23365575,2.2148361,0.85820913,-0.3535115,0.021362435
3,515,0.84689116,-0.23353189,2.2148552,0.8584132,-0.3536984,0.020339781
3,516,0.84700036,-0.233387,2.213894,0.8584299,-0.3538814,0.019315585
3,517,0.8469417,-0.23333067,2.2148113,0.85842514,-0.3540605,0.018289857
3,518,0.84692264,-0.23321927,2.2140102,0.8585453,-0.35423568,0.017262602
3,519,0.8469627,-0.23314452,2.2144356,0.85875416,-0.35440698,0.016233835
3,520,0.84690976,-0.23319721,2.2141838,0.85883,-0.35457438,0.015203562
3,521,0.84703565,-0.2330848,2.2135792,0.8593259,-0.35473788,0.014171793
3,522,0.84685683,-0.23302698,2.2140636,0.8589506,-0.35489747,0.013138537
3,523,0.8469808,-0.23289406,2.2130814,0.85920715,-0.3550532,0.012103804
3,524,0.84696364,-0.23280549,2.2141685,0.8589425,-0.355205,0.011067605
3,525,0.8469527,-0.23269093,2.212717,0.8592191,-0.35535288,0.010029946
3,526,0.84695315,-0.23275602,2.2155132,0.8590903,-0.35549688,0.008990839
3,527,0.84705853,-0.23258317,2.2136211,0.85883856,-0.355637,0.007950292
3,528,0.84705186,-0.23248667,2.2139454,0.8589401,-0.3557732,0.0069083157
3,529,0.84714866,-0.23243636,2.2137356,0.85849905,-0.35590553,0.0058649187
3,530,0.8471012,-0.23235595,2.2147636,0.8587141,-0.35603392,0.0048201107
3,531,0.8471081,-0.2322678,2.2154922,0.85889816,-0.35615844,0.0037739016
3,532,0.8470738,-0.23227888,2.215229,0.85851336,-0.35627908,0.0027263004
3,533,0.84708,-0.23222369,2.2151413,0.85792065,-0.35639578,0.0016773167
3,534,0.84705806,-0.23208344,2.2160149,0.85832644,-0.3565086,0.00062696007
3,535,0.8471482,-0.23202407,2.2147045,0.8577843,-0.35661754,-0.0004247599
3,536,0.8470385,-0.23187506,2.2161522,0.8581958,-0.3567226,-0.0014778337
3,537,0.84723186,-0.2319535,2.212988,0.8580818,-0.35682374,-0.0025322519
3,538,0.84717655,-0.23184061,2.2157269,0.85820246,-0.356921,-0.0035880047
3,539,0.84729385,-0.2317903,2.2137012,0.8582072,-0.35701433,-0.0046450826
3,540,0.8471937,-0.23169446,2.2098427,0.8581686,-0.3571038,-0.0057034763
3,541,0.8473537,-0.23153102,2.2135925,0.85840416,-0.3571894,-0.006763176
3,542,0.8472507,-0.23156524,2.21274,0.85827255,-0.35727108,-0.007824172
3,543,0.84728646,-0.23147357,2.213852,0.8587556,-0.35734886,-0.008886455
3,544,0.8471885,-0.23144174,2.2134762,0.8584418,-0.35742277,-0.009950015
3,545,0.84730077,-0.23132765,2.2142353,0.8592491,-0.35749277,-0.0110148415
3,546,0.8472953,-0.23117518,2.2135544,0.8585992,-0.3575589,-0.012080927
3,547,0.8473511,-0.23112881,2.215828,0.8592129,-0.35762113,-0.013148261
3,548,0.847347,-0.23098552,2.2137089,0.8587012,-0.35767952,-0.014216833
3,549,0.8472798,-0.23093188,2.2136803,0.85942316,-0.35773396,-0.015286634
3,550,0.8473909,-0.23088819,2.2138824,0.8586507,-0.35778457,-0.016357655
3,551,0.8473065,-0.23081172,2.2134686,0.859107,-0.35783127,-0.017429885
3,552,0.84738946,-0.23076612,2.2133121,0.85838795,-0.3578741,-0.018503314
3,553,0.84735465,-0.23069912,2.2132988,0.85875225,-0.35791302,-0.019577933
3,554,0.84737206,-0.23061657,2.2126884,0.858438,-0.3579481,-0.020653734
3,555,0.84739184,-0.23034292,2.2131023,0.85867405,-0.35797927,-0.021730706
3,556,0.84741163,-0.23032409,2.2124958,0.85796595,-0.35800657,-0.022808837
3,557,0.84735036,-0.23026419,2.214035,0.8582554,-0.35803002,-0.02388812
3,558,0.8474691,-0.23015898,2.2141972,0.8578987,-0.35804957,-0.024968546
3,559,0.8473923,-0.230084,2.2153072,0.8577833,-0.35806525,-0.026050102
3,560,0.84757924,-0.2300281,2.2115173,0.8577261,-0.35807705,-0.027132781
3,561,0.8474653,-0.22999775,2.2136211,0.85794973,-0.358085,-0.028216572
3,562,0.84756494,-0.2297647,2.209198,0.85828066,-0.35808906,-0.029301466
3,563,0.84752893,-0.22978765,2.212778,0.85828876,-0.35808927,-0.030387452
3,564,0.8475275,-0.22973037,2.2111225,0.8581886,-0.3580856,-0.03147452
3,565,0.8475456,-0.22960413,2.212078,0.8589287,-0.35807806,-0.032562662
3,566,0.84753895,-0.22953689,2.210886,0.8579731,-0.35806668,-0.03365187
3,567,0.84749293,-0.22947925,2.2119083,0.85869646,-0.35805142,-0.034742128
3,568,0.84763,-0.2292496,2.212408,0.85834265,-0.35803232,-0.03583343
3,569,0.8475559,-0.22935355,2.2124424,0.8588352,-0.35800934,-0.036925767
3,570,0.8476651,-0.22908604,2.2122574,0.85848665,-0.35798252,-0.03801913
3,571,0.8477001,-0.22920614,2.213171,0.8588257,-0.35795182,-0.039113503
3,572,0.8476882,-0.22904879,2.2119522,0.8584428,-0.35791728,-0.04020888
3,573,0.84764075,-0.22912157,2.2105465,0.85849476,-0.35787886,-0.041305255
3,574,0.84774923,-0.22902584,2.211584,0.85818386,-0.35783663,-0.04240261
3,575,0.8477633,-0.22893327,2.2127724,0.8584471,-0.35779053,-0.043500945
3,576,0.8478112,-0.22902066,2.210949,0.8566022,-0.3577406,-0.04460024
3,577,0.8476646,-0.22872919,2.2129421,0.85852957,-0.35768682,-0.045700494
3,578,0.847842,-0.22881943,2.2114105,0.857543,-0.35762918,-0.04680169
3,579,0.847667,-0.22865057,2.210472,0.8586097,-0.3575677,-0.047903825
3,580,0.847873,-0.22849059,2.2123222,0.85854435,-0.3575024,-0.049006883
3,581,0.84772086,-0.22849911,2.2087135,0.85854673,-0.35743326,-0.050110854
3,582,0.84780097,-0.22831184,2.2133884,0.8586707,-0.35736027,-0.051215734
3,583,0.84772444,-0.22848588,2.2087765,0.85828876,-0.35728344,-0.05232151
3,584,0.8478577,-0.22816437,2.2131577,0.85788774,-0.3572028,-0.05342817
3,585,0.84774804,-0.22834551,2.2101002,0.85822344,-0.35711834,-0.054535702
3,586,0.8479037,-0.22809803,2.2135162,0.85755444,-0.35703003,-0.055644102
3,587,0.84782887,-0.22809738,2.2111397,0.8582101,-0.3569379,-0.05675336
3,588,0.8479278,-0.22803533,2.214325,0.85780096,-0.35684195,-0.057863463
3,589,0.84797025,-0.22781783,2.211361,0.8584132,-0.35674217,-0.0589744
3,590,0.8479867,-0.22781456,2.2103996,0.85781145,-0.35663858,-0.060086165
3,591,0.84787154,-0.2275626,2.211834,0.8579607,-0.35653117,-0.061198745
3,592,0.8479779,-0.22763753,2.2101364,0.85762453,-0.35641995,-0.062312134
3,593,0.84775734,-0.22748351,2.2101822,0.8581195,-0.3563049,-0.063426316
3,594,0.8479676,-0.22749692,2.2098846,0.85758924,-0.3561861,-0.06454128
3,595,0.84782887,-0.22740579,2.2075787,0.858315,-0.35606343,-0.06565703
3,596,0.8480463,-0.22731715,2.2094784,0.8575177,-0.35593697,-0.066773534
3,597,0.84793496,-0.22729242,2.208809,0.8582792,-0.35580674,-0.0678908
3,598,0.8480563,-0.22722924,2.2089996,0.8572302,-0.3556727,-0.06900881
3,599,0.84798837,-0.22703946,2.2088394,0.8576307,-0.35553482,-0.07012756
3,600,0.84788084,-0.22706527,2.2086163,0.8573203,-0.3553932,-0.071247034
3,601,0.84805274,-0.22678167,2.2092228,0.8569379,-0.35524777,-0.07236723
3,602,0.8480036,-0.2269795,2.208294,0.8571596,-0.35509852,-0.07348812
3,603,0.8480413,-0.22678638,2.2095165,0.8567357,-0.3549455,-0.07460971
3,604,0.8480432,-0.22686583,2.207117,0.85713196,-0.35478872,-0.07573199
3,605,0.84801793,-0.22659016,2.2097702,0.8569341,-0.35462815,-0.076854944
3,606,0.848135,-0.22671914,2.2095757,0.8568754,-0.3544638,-0.07797857
3,607,0.8479605,-0.2263987,2.209322,0.85709,-0.35429567,-0.07910284
3,608,0.8481307,-0.22653544,2.209116,0.8570461,-0.35412377,-0.08022776
3,609,0.8480034,-0.22625661,2.2093468,0.8572855,-0.3539481,-0.081353314
3,610,0.84806395,-0.22641706,2.2083378,0.85722685,-0.35376865,-0.0824795
3,611,0.8480933,-0.22611034,2.209322,0.8574891,-0.35358545,-0.083606295
3,612,0.84801173,-0.22629738,2.2081184,0.8576617,-0.3533985,-0.084733695
3,613,0.848223,-0.2259661,2.209198,0.85719633,-0.35320777,-0.0858617
3,614,0.84802985,-0.22605479,2.2097054,0.85781765,-0.35301328,-0.08699028
3,615,0.84814954,-0.22579086,2.2092934,0.8575649,-0.35281506,-0.08811944
3,616,0.84801626,-0.22585142,2.2091465,0.8576145,-0.3526131,-0.089249164
3,617,0.8482182,-0.22575748,2.2082787,0.8569546,-0.35240737,-0.09037944
3,618,0.84806395,-0.22571385,2.208168,0.8570075,-0.3521979,-0.091510266
3,619,0.848155,-0.22556233,2.209776,0.85697937,-0.35198468,-0.09264162
3,620,0.848171,-0.2255845,2.2073364,0.85627127,-0.35176775,-0.09377351
3,621,0.8482275,-0.22549856,2.2084026,0.8570175,-0.35154706,-0.094905905
3,622,0.8482449,-0.22545636,2.207779,0.8565383,-0.35132265,-0.09603881
3,623,0.84820867,-0.22532213,2.208084,0.8568673,-0.3510945,-0.09717221
3,624,0.8483069,-0.225232,2.2078953,0.8566804,-0.35086265,-0.09830609
3,625,0.84818673,-0.22525156,2.2078056,0.85665464,-0.35062706,-0.09944045
3,626,0.84829783,-0.2249198,2.2076988,0.85656214,-0.35038778,-0.10057527
3,627,0.8482015,-0.22517312,2.2068748,0.85674524,-0.35014474,-0.10171054
3,628,0.8482754,-0.22482455,2.2074776,0.8567529,-0.34989804,-0.102846265
3,629,0.84838057,-0.22502792,2.208376,0.85597515,-0.3496476,-0.10398241
3,630,0.84839463,-0.22477555,2.2074833,0.856688,-0.34939346,-0.10511899
3,631,0.848408,-0.224841,2.2078915,0.85565424,-0.34913564,-0.10625598
3,632,0.8484247,-0.22460914,2.2091465,0.8568754,-0.3488741,-0.10739338
3,633,0.848223,-0.22467291,2.2070599,0.85593987,-0.34860888,-0.10853116
3,634,0.84843206,-0.22451556,2.2088528,0.856338,-0.34833997,-0.109669335
3,635,0.8485222,-0.22457278,2.207367,0.8563237,-0.34806737,-0.11080788
3,636,0.8484645,-0.2244016,2.2090454,0.85642624,-0.34779108,-0.111946784
3,637,0.84845304,-0.22451437,2.208109,0.8563309,-0.3475111,-0.113086045
3,638,0.8485348,-0.2241075,2.2115593,0.8565421,-0.34722748,-0.11422565
3,639,0.8484187,-0.22435188,2.2090569,0.85623217,-0.34694016,-0.11536559
3,640,0.8484795,-0.22388208,2.2110806,0.8560648,-0.3466492,-0.11650585
3,641,0.84843564,-0.22414458,2.2088509,0.8556218,-0.34635454,-0.11764642
3,642,0.8485153,-0.22378552,2.2060013,0.85622835,-0.34605625,-0.11878729
3,643,0.84861994,-0.22378886,2.2060032,0.8556762,-0.3457543,-0.11992846
3,644,0.84854674,-0.22377682,2.2051334,0.855484,-0.34544867,-0.1210699
3,645,0.8486135,-0.22365081,2.206747,0.85626507,-0.3451394,-0.12221162
3,646,0.8485279,-0.2235272,2.2049122,0.855597,-0.34482652,-0.1233536
3,647,0.8485532,-0.22354865,2.2066689,0.8562412,-0.34450996,-0.124495834
3,648,0.84859776,-0.22339296,2.2037773,0.8550892,-0.3441898,-0.1256383
3,649,0.8486688,-0.22343028,2.2062473,0.8562093,-0.34386596,-0.12678102
3,650,0.8486564,-0.2233367,2.2053967,0.8552489,-0.34353852,-0.12792395
3,651,0.84868145,-0.22329593,2.2055473,0.85563326,-0.34320745,-0.12906708
3,652,0.8486128,-0.2232703,2.2069016,0.8558192,-0.34287277,-0.13021043
3,653,0.8486583,-0.22314918,2.2056122,0.85509634,-0.34253445,-0.13135396
3,654,0.8485584,-0.22301912,2.208084,0.8560004,-0.34219253,-0.13249767
3,655,0.8486769,-0.22299361,2.2061348,0.85523415,-0.341847,-0.13364154
3,656,0.84870744,-0.22280395,2.2106972,0.8553152,-0.34149787,-0.1347856
3,657,0.84870005,-0.22284615,2.205391,0.8554535,-0.34114516,-0.13592978
3,658,0.84860873,-0.22269738,2.2084637,0.85521984,-0.3407888,-0.13707411
3,659,0.84865236,-0.22264135,2.204565,0.85554934,-0.3404289,-0.13821858
3,660,0.8487065,-0.22257388,2.2073727,0.85475254,-0.3400654,-0.13936317
3,661,0.848691,-0.22243893,2.2095222,0.8553915,-0.3396983,-0.14050786
3,662,0.84871507,-0.22247088,2.2070122,0.85472584,-0.33932763,-0.14165264
3,663,0.8487549,-0.22233331,2.2056694,0.85513544,-0.33895338,-0.14279753
3,664,0.8487208,-0.22221375,2.206358,0.8547158,-0.33857557,-0.14394249
3,665,0.8487904,-0.22219563,2.2051716,0.85553265,-0.3381942,-0.14508753
3,666,0.84866023,-0.22194338,2.2055473,0.8550248,-0.33780926,-0.14623262
3,667,0.8487754,-0.22206748,2.205986,0.8553419,-0.33742076,-0.14737776
3,668,0.84865737,-0.22175682,2.2055473,0.8548894,-0.3370287,-0.14852293
3,669,0.848881,-0.22193134,2.2064457,0.8555441,-0.33663312,-0.14966814
3,670,0.8487222,-0.22166097,2.2052574,0.8550925,-0.33623397,-0.15081337
3,671,0.84884024,-0.22168267,2.2058315,0.85505486,-0.33583128,-0.1519586
3,672,0.8487456,-0.2215985,2.2054539,0.85532284,-0.33542508,-0.15310383
3,673,0.8488095,-0.22154093,2.2048683,0.8548603,-0.33501533,-0.15424906
3,674,0.8487375,-0.22143137,2.2061043,0.8548064,-0.33460206,-0.15539426
3,675,0.84886026,-0.22144604,2.2035942,0.8544307,-0.33418527,-0.15653943
3,676,0.8487437,-0.22134793,2.2036343,0.85481787,-0.33376497,-0.15768455
3,677,0.8489611,-0.22125733,2.2034054,0.85395527,-0.33334115,-0.15882961
3,678,0.84886813,-0.22109151,2.2030067,0.85484695,-0.33291385,-0.15997463
3,679,0.8489516,-0.22107673,2.2041588,0.85398674,-0.33248302,-0.16111957
3,680,0.84876084,-0.22100341,2.2030373,0.8546791,-0.3320487,-0.16226442
3,681,0.84899735,-0.22088552,2.205061,0.85436296,-0.3316109,-0.16340919
3,682,0.84880424,-0.22084141,2.2032852,0.854228,-0.3311696,-0.16455385
3,683,0.8490448,-0.22077048,2.2048512,0.85471153,-0.33072484,-0.1656984
3,684,0.84886336,-0.22066998,2.2046986,0.85384655,-0.33027658,-0.16684283
3,685,0.84904575,-0.22065723,2.2044964,0.85460806,-0.32982484,-0.16798712
3,686,0.8489649,-0.22049618,2.2038078,0.85322285,-0.32936966,-0.16913126
3,687,0.8490479,-0.22049963,2.204193,0.85476017,-0.328911,-0.17027527
3,688,0.84903455,-0.22034967,2.203596,0.8530617,-0.3284489,-0.1714191
3,689,0.8491442,-0.22035408,2.2035847,0.85429144,-0.32798332,-0.17256276
3,690,0.8490758,-0.22015369,2.204031,0.853436,-0.32751432,-0.17370625
3,691,0.84915686,-0.22013283,2.2032204,0.8538742,-0.32704186,-0.17484953
3,692,0.8490505,-0.21989822,2.2041817,0.8532319,-0.32656598,-0.17599261
3,693,0.8491626,-0.22006643,2.2003517,0.8541579,-0.32608667,-0.17713548
3,694,0.84899926,-0.21960437,2.2033615,0.8532109,-0.32560393,-0.17827812
3,695,0.84918237,-0.2199601,2.200945,0.8544736,-0.32511777,-0.17942053
3,696,0.8491609,-0.21957958,2.201641,0.85340834,-0.3246282,-0.1805627
3,697,0.8491292,-0.21973407,2.2019234,0.85408354,-0.3241352,-0.18170461
3,698,0.84905076,-0.2196238,2.1986294,0.8537035,-0.3236388,-0.18284626
3,699,0.8492863,-0.21952105,2.2018776,0.85356283,-0.323139,-0.18398763
3,700,0.8491268,-0.21942747,2.2009487,0.85344076,-0.32263583,-0.18512873
3,701,0.84925246,-0.21937263,2.2009087,0.8531704,-0.32212925,-0.18626954
3,702,0.8492527,-0.21916163,2.2028656,0.8531656,-0.3216193,-0.18741003
3,703,0.8491924,-0.2192105,2.2012253,0.85280037,-0.32110596,-0.1885502
3,704,0.84934664,-0.21918774,2.203661,0.8533797,-0.32058924,-0.18969007
3,705,0.8492944,-0.21911776,2.2046127,0.8531871,-0.32006916,-0.19082959
3,706,0.8493147,-0.21917772,2.2030907,0.8527303,-0.31954572,-0.19196877
3,707,0.8493264,-0.21905732,2.2043362,0.8534756,-0.31901893,-0.19310759
3,708,0.84928703,-0.21911895,2.2025986,0.85194635,-0.31848878,-0.19424605
3,709,0.84929276,-0.21879363,2.2036762,0.8535352,-0.3179553,-0.19538414
3,710,0.8494892,-0.21891224,2.202711,0.8519654,-0.31741843,-0.19652185
3,711,0.84934235,-0.2186259,2.2046452,0.85320187,-0.31687826,-0.19765916
3,712,0.84945035,-0.21860349,2.2037392,0.852407,-0.31633478,-0.19879606
3,713,0.84931946,-0.21844685,2.205246,0.85285664,-0.31578794,-0.19993256
3,714,0.84952354,-0.21831894,2.2037125,0.85279703,-0.31523782,-0.20106862
3,715,0.8492305,-0.21831739,2.2047977,0.85265493,-0.31468436,-0.20220426
3,716,0.8495183,-0.21821153,2.2026463,0.85279465,-0.31412762,-0.20333946
3,717,0.84937835,-0.21826231,2.20463,0.85251427,-0.31356755,-0.2044742
3,718,0.84945726,-0.21822691,2.203333,0.85277605,-0.31300423,-0.20560847
3,719,0.84930944,-0.21830142,2.2048302,0.8524499,-0.31243756,-0.20674227
3,720,0.8493874,-0.21798468,2.2049236,0.85265636,-0.31186765,-0.2078756
3,721,0.8493588,-0.21818006,2.2001057,0.852366,-0.31129447,-0.20900841
3,722,0.8494909,-0.21779644,2.2042027,0.85225534,-0.310718,-0.21014073
3,723,0.8493743,-0.21789503,2.201559,0.8535781,-0.31013826,-0.21127254
3,724,0.8494575,-0.21770656,2.2030869,0.8521867,-0.30955526,-0.21240383
3,725,0.84942126,-0.21771502,2.2031994,0.85276175,-0.30896902,-0.21353458
3,726,0.849478,-0.21760678,2.2030125,0.85211325,-0.30837953,-0.21466479
3,727,0.84940386,-0.21771753,2.2019901,0.85185957,-0.3077868,-0.21579444
3,728,0.8495362,-0.21741343,2.2020168,0.85175467,-0.30719084,-0.21692353
3,729,0.8494518,-0.21762896,2.2004223,0.851213,-0.30659163,-0.21805206
3,730,0.84952855,-0.21721089,2.2011375,0.851686,-0.3059892,-0.21918
3,731,0.8494947,-0.21739185,2.200962,0.8512764,-0.30538356,-0.22030735
3,732,0.84948874,-0.2169671,2.2011757,0.85200644,-0.3047747,-0.22143409
3,733,0.8496456,-0.21716511,2.2013607,0.85143614,-0.30416265,-0.22256023
3,734,0.84947085,-0.21673703,2.2012768,0.8517561,-0.3035474,-0.22368574
3,735,0.84968114,-0.21704233,2.2015705,0.8519764,-0.30292895,-0.22481062
3,736,0.8496139,-0.21664119,2.2032604,0.8498106,-0.3023073,-0.22593485
3,737,0.84967613,-0.21696854,2.2013607,0.8518133,-0.3016825,-0.22705844
3,738,0.8496797,-0.21668589,2.2020836,0.85083294,-0.3010545,-0.22818136
3,739,0.8497312,-0.21682155,2.2003632,0.85104513,-0.30042335,-0.22930363
3,740,0.8496208,-0.21657264,2.2025242,0.85131073,-0.29978904,-0.2304252
3,741,0.84979916,-0.21666074,2.2003899,0.85038567,-0.29915157,-0.23154607
3,742,0.84969497,-0.21631646,2.2020283,0.85101175,-0.29851094,-0.23266627
3,743,0.8498714,-0.21644175,2.2024994,0.85098314,-0.29786718,-0.23378573
3,744,0.8496108,-0.21613455,2.2038994,0.8508735,-0.2972203,-0.23490448
3,745,0.84983826,-0.21637285,2.1997662,0.8506408,-0.29657027,-0.23602252
3,746,0.8498273,-0.21587563,2.2029762,0.85086393,-0.2959171,-0.23713979
3,747,0.84979224,-0.21612716,2.20216,0.85029984,-0.29526085,-0.23825634
3,748,0.8497379,-0.21579349,2.2022934,0.85029745,-0.29460144,-0.2393721
3,749,0.8499527,-0.21597004,2.2003307,0.8500333,-0.29393896,-0.24048711
3,750,0.84969974,-0.21584141,2.2017498,0.85042477,-0.2932734,-0.24160135
3,751,0.8499608,-0.21588576,2.1986904,0.85007954,-0.2926047,-0.24271479
3,752,0.8494892,-0.21586049,2.2012253,0.8507457,-0.29193294,-0.24382743
3,753,0.8500066,-0.21557581,2.198597,0.84991693,-0.29125813,-0.24493927
3,754,0.84947944,-0.21576607,2.2009468,0.8501363,-0.2905802,-0.2460503
3,755,0.8501117,-0.2154268,2.2015438,0.8499241,-0.28989923,-0.2471605
3,756,0.8497441,-0.2155106,2.1993484,0.84994555,-0.2892152,-0.24826984
3,757,0.84996176,-0.21527326,2.204441,0.8503175,-0.2885281,-0.24937835
3,758,0.8495538,-0.21521449,2.197359,0.8498273,-0.28783798,-0.25048602
3,759,0.849962,-0.21516609,2.202982,0.8501873,-0.28714484,-0.25159281
3,760,0.84963226,-0.2152549,2.1986275,0.84980917,-0.28644863,-0.25269872
3,761,0.8500545,-0.21505713,2.2028008,0.84997654,-0.2857494,-0.25380376
3,762,0.84978414,-0.21507645,2.2000256,0.84965324,-0.28504717,-0.25490788
3,763,0.85013413,-0.21487892,2.200777,0.8500552,-0.28434193,-0.25601113
3,764,0.84993243,-0.21475947,2.1972198,0.8495364,-0.28363368,-0.25711343
3,765,0.8501916,-0.2146833,2.2018108,0.85026026,-0.28292242,-0.25821483
3,766,0.8500197,-0.21457934,2.2030907,0.8496189,-0.28220817,-0.2593153
3,767,0.8501656,-0.21454418,2.2026443,0.8502221,-0.28149095,-0.2604148
3,768,0.8500922,-0.2144537,2.20084,0.8500457,-0.28077075,-0.26151338
3,769,0.84998727,-0.21447265,2.2030296,0.8496628,-0.28004757,-0.262611
3,770,0.8501017,-0.21446705,2.1981888,0.84962034,-0.27932143,-0.26370764
3,771,0.8500955,-0.21439075,2.2026634,0.84817743,-0.27859232,-0.2648033
3,772,0.850091,-0.21419299,2.1967697,0.8483362,-0.27786028,-0.26589796
3,773,0.8501649,-0.21414042,2.201765,0.8495183,-0.2771253,-0.26699165
3,774,0.8502736,-0.21408665,2.1976948,0.84791374,-0.2763874,-0.2680843
3,775,0.8501315,-0.21402371,2.2009773,0.8485012,-0.27564654,-0.26917595
3,776,0.85023713,-0.21405447,2.198389,0.84772015,-0.27490276,-0.27026656
3,777,0.8503344,-0.21385872,2.2048988,0.84757185,-0.27415606,-0.27135614
3,778,0.8502104,-0.21383882,2.198429,0.8482866,-0.27340648,-0.27244467
3,779,0.8503964,-0.21373999,2.2001038,0.8473263,-0.272654,-0.27353215
3,780,0.8502934,-0.21366,2.1984558,0.84815025,-0.2718986,-0.27461857
3,781,0.85032845,-0.21358705,2.2008686,0.8473959,-0.27114034,-0.27570388
3,782,0.8503485,-0.21358037,2.1990185,0.8485718,-0.2703792,-0.27678815
3,783,0.8503094,-0.21337879,2.2025776,0.8472333,-0.26961517,-0.2778713
3,784,0.8503618,-0.21343446,2.199707,0.84823465,-0.26884827,-0.27895334
3,785,0.850338,-0.21332014,2.1995716,0.8470988,-0.26807854,-0.2800343
3,786,0.85029364,-0.21318316,2.2001972,0.8481803,-0.26730594,-0.2811141
3,787,0.85041547,-0.21305096,2.196783,0.8470812,-0.2665305,-0.2821928
3,788,0.8504379,-0.21301472,2.2003517,0.84760857,-0.26575226,-0.28327036
3,789,0.8505657,-0.21295011,2.2007065,0.8470726,-0.26497114,-0.28434676
3,790,0.85048604,-0.21305716,2.200264,0.84766626,-0.26418722,-0.285422
3,791,0.8504617,-0.21281052,2.2000542,0.84686804,-0.2634005,-0.28649607
3,792,0.85041595,-0.21273947,2.2002983,0.84748316,-0.26261094,-0.28756896
3,793,0.8504076,-0.21265674,2.19948,0.84682417,-0.26181862,-0.28864068
3,794,0.850513,-0.21254194,2.2005749,0.8470726,-0.2610235,-0.28971118
3,795,0.8504772,-0.21253061,2.198845,0.84624004,-0.26022556,-0.29078048
3,796,0.85037065,-0.2124064,2.1998215,0.84705925,-0.2594249,-0.29184857
3,797,0.85050726,-0.2125423,2.198555,0.84599304,-0.25862142,-0.29291543
3,798,0.8503535,-0.21230972,2.197647,0.84705067,-0.2578152,-0.29398108
3,799,0.8504646,-0.21244788,2.1986542,0.8461757,-0.25700623,-0.29504547
3,800,0.8505125,-0.21224964,2.1954079,0.8466406,-0.2561945,-0.2961086
3,801,0.85053015,-0.21221292,2.197792,0.84650946,-0.25538006,-0.2971705
3,802,0.8505516,-0.21204805,2.1947937,0.84677935,-0.25456285,-0.2982311
3,803,0.85051656,-0.21204317,2.197281,0.8471942,-0.25374296,-0.29929042
3,804,0.85066557,-0.21186268,2.1950493,0.8462753,-0.25292033,-0.30034846
3,805,0.85059714,-0.21184826,2.200859,0.84624815,-0.25209498,-0.30140522
3,806,0.8505709,-0.21179771,2.195547,0.84626484,-0.25126693,-0.30246064
3,807,0.8506491,-0.2118479,2.2001667,0.8458657,-0.2504362,-0.30351478
3,808,0.85057855,-0.21157086,2.1963615,0.84619474,-0.24960278,-0.30456758
3,809,0.85061216,-0.21167457,2.1989307,0.84584427,-0.24876668,-0.30561903
3,810,0.8505218,-0.2115866,2.196516,0.8453193,-0.2479279,-0.30666915
3,811,0.85067487,-0.21140265,2.1979637,0.84597635,-0.24708648,-0.30771792
3,812,0.85076046,-0.21147287,2.196024,0.8448887,-0.24624239,-0.30876532
3,813,0.8506267,-0.21122396,2.197321,0.8450222,-0.24539565,-0.30981138
3,814,0.85077834,-0.21128154,2.2001534,0.8447385,-0.24454628,-0.31085604
3,815,0.8505385,-0.21105564,2.1978836,0.8444905,-0.24369426,-0.3118993
3,816,0.8507352,-0.21103585,2.1953068,0.8452792,-0.24283963,-0.3129412
3,817,0.8506017,-0.21091366,2.1981583,0.8439455,-0.24198239,-0.31398165
3,818,0.85076404,-0.21100163,2.198574,0.84571886,-0.24112253,-0.3150207
3,819,0.8507602,-0.2107966,2.1974792,0.8449521,-0.24026006,-0.31605834
3,820,0.8506038,-0.21081758,2.1964378,0.84560156,-0.23939501,-0.31709453
3,821,0.8507459,-0.21058059,2.19738,0.8449817,-0.23852737,-0.3181293
3,822,0.8507843,-0.21058238,2.193203,0.84497356,-0.23765716,-0.3191626
3,823,0.8508754,-0.2104001,2.1998768,0.84455824,-0.23678438,-0.32019445
3,824,0.8508904,-0.2106297,2.1980782,0.8439131,-0.23590903,-0.32122484
3,825,0.85078645,-0.21040595,2.1967545,0.8442111,-0.23503113,-0.32225373
3,826,0.8509431,-0.21054685,2.1957932,0.8433132,-0.2341507,-0.32328114
3,827,0.85074115,-0.21039724,2.1967335,0.8443675,-0.23326771,-0.32430705
3,828,0.85074234,-0.2102853,2.1939125,0.84339476,-0.2323822,-0.32533148
3,829,0.8507695,-0.21026123,2.1962585,0.8445215,-0.23149416,-0.32635438
3,830,0.85076904,-0.2099961,2.1994667,0.84371233,-0.2306036,-0.32737577
3,831,0.8508642,-0.2100439,2.197445,0.84462404,-0.22971056,-0.32839563
3,832,0.8509517,-0.20994782,2.1978607,0.8435397,-0.228815,-0.32941395
3,833,0.85090804,-0.20983887,2.198227,0.84457254,-0.22791697,-0.33043072
3,834,0.8509724,-0.20997071,2.1970367,0.8435755,-0.22701645,-0.3314459
3,835,0.8509357,-0.20968652,2.1911106,0.8444772,-0.22611345,-0.33245957
3,836,0.85090613,-0.2099173,2.1971054,0.843256,-0.22520798,-0.33347163
3,837,0.85101485,-0.20954537,2.193758,0.844254,-0.22430007,-0.33448213
3,838,0.8509364,-0.2097472,2.19705,0.8433995,-0.2233897,-0.33549103
3,839,0.8510163,-0.20927298,2.1961708,0.84405994,-0.22247688,-0.33649832
3,840,0.8510015,-0.20945728,2.197075,0.8437309,-0.22156166,-0.33750403
3,841,0.8511498,-0.20924377,2.1965504,0.8435445,-0.22064398,-0.3385081
3,842,0.8510251,-0.20932114,2.197277,0.84322405,-0.2197239,-0.33951056
3,843,0.85124826,-0.20912302,2.196371,0.84248686,-0.21880141,-0.34051135
3,844,0.85099673,-0.20922399,2.196394,0.84250593,-0.21787652,-0.34151053
3,845,0.8511753,-0.20894516,2.1970387,0.84233284,-0.21694924,-0.34250805
3,846,0.8509588,-0.20918918,2.1953316,0.84238195,-0.21601957,-0.34350392
3,847,0.8511298,-0.20877993,2.197113,0.84242964,-0.21508753,-0.34449813
3,848,0.85103345,-0.20892787,2.1954594,0.84190845,-0.21415313,-0.34549063
3,849,0.8511386,-0.20863688,2.1963043,0.8419514,-0.21321635,-0.34648147
3,850,0.85121226,-0.20870078,2.1955433,0.84163713,-0.21227723,-0.3474706
3,851,0.8511903,-0.20866132,2.1938744,0.8414602,-0.21133578,-0.34845805
3,852,0.8511882,-0.20851052,2.1956806,0.8411226,-0.21039198,-0.34944376
3,853,0.85130143,-0.20845377,2.1951962,0.84184027,-0.20944586,-0.35042778
3,854,0.8511677,-0.20839953,2.195406,0.8400121,-0.20849743,-0.35141006
3,855,0.85131335,-0.20819795,2.196228,0.8422351,-0.20754668,-0.3523906
3,856,0.8511746,-0.20827115,2.1950054,0.84000397,-0.20659363,-0.3533694
3,857,0.8512559,-0.20802724,2.1951656,0.84151983,-0.2056383,-0.35434645
3,858,0.8511722,-0.20800817,2.1977901,0.84040546,-0.20468068,-0.35532174
3,859,0.85121536,-0.20798695,2.193964,0.8406315,-0.2037208,-0.35629526
3,860,0.85114765,-0.20780492,2.1958942,0.84062195,-0.20275863,-0.357267
3,861,0.85124755,-0.20786941,2.1931648,0.84003735,-0.2017942,-0.35823694
3,862,0.8511617,-0.20766675,2.1946735,0.8398514,-0.20082754,-0.3592051
3,863,0.8514321,-0.20766783,2.1971874,0.83959484,-0.19985864,-0.36017147
3,864,0.85137177,-0.20758271,2.194851,0.839046,-0.19888748,-0.36113602
3,865,0.8513477,-0.20747077,2.1947212,0.8399191,-0.19791412,-0.36209875
3,866,0.8513849,-0.20740855,2.1954498,0.8384876,-0.19693854,-0.36305964
3,867,0.85131764,-0.20717251,2.193821,0.83960676,-0.19596075,-0.3640187
3,868,0.8514812,-0.20729613,2.195692,0.83862495,-0.19498076,-0.36497593
3,869,0.8513558,-0.207142,2.1923122,0.83977795,-0.19399859,-0.3659313
3,870,0.85142374,-0.20717013,2.1954803,0.8382721,-0.19301422,-0.36688483
3,871,0.85137796,-0.20714295,2.1927643,0.83993244,-0.19202769,-0.36783648
3,872,0.8513992,-0.20706546,2.1951828,0.83852386,-0.191039,-0.36878622
3,873,0.8514488,-0.20694876,2.1930885,0.84003544,-0.19004814,-0.3697341
3,874,0.85160804,-0.20690596,2.1945,0.83869267,-0.18905514,-0.3706801
3,875,0.85139394,-0.206833,2.19339,0.8387089,-0.18806002,-0.3716242
3,876,0.8516576,-0.20675671,2.1907158,0.83872175,-0.18706276,-0.37256637
3,877,0.85141397,-0.20670271,2.1948547,0.83865786,-0.18606336,-0.37350667
3,878,0.8517668,-0.20662785,2.1934395,0.8388171,-0.18506187,-0.374445
3,879,0.8514583,-0.20649862,2.1963158,0.8386121,-0.18405826,-0.3753814
3,880,0.8517873,-0.20649183,2.195095,0.83853817,-0.18305257,-0.3763159
3,881,0.85148525,-0.20642614,2.1943874,0.8387575,-0.18204479,-0.3772484
3,882,0.8517606,-0.20636427,2.1955528,0.8380828,-0.18103492,-0.37817898
3,883,0.8515353,-0.20632386,2.1934338,0.8383937,-0.180023,-0.37910756
3,884,0.8517399,-0.20624483,2.1926174,0.83777475,-0.179009,-0.3800342
3,885,0.8516195,-0.20617473,2.1929245,0.8379655,-0.17799297,-0.38095886
3,886,0.8516836,-0.20600915,2.1909924,0.8375459,-0.1769749,-0.38188154
3,887,0.8515885,-0.20608377,2.1926403,0.8375983,-0.17595477,-0.3828022
3,888,0.85168266,-0.2059046,2.1933784,0.8374505,-0.17493264,-0.38372087
3,889,0.85155606,-0.20593357,2.1924915,0.83763933,-0.17390849,-0.38463753
3,890,0.8517246,-0.20595324,2.193079,0.83692884,-0.17288232,-0.38555217
3,891,0.8517463,-0.20572674,2.1932468,0.837801,-0.17185417,-0.38646477
3,892,0.851815,-0.20581079,2.1925697,0.83643436,-0.170824,-0.38737535
3,893,0.85176706,-0.2056452,2.1913185,0.8379445,-0.16979188,-0.38828388
3,894,0.85178614,-0.20556629,2.1930637,0.83623934,-0.16875778,-0.38919038
3,895,0.8518052,-0.2054261,2.1924362,0.83786774,-0.16772172,-0.3900948
3,896,0.8519323,-0.20537055,2.1931477,0.8358197,-0.1666837,-0.39099717
3,897,0.8518779,-0.20525658,2.194847,0.8364744,-0.16564374,-0.39189747
3,898,0.85192513,-0.20513737,2.1923885,0.83616257,-0.16460183,-0.39279565
3,899,0.85191226,-0.20508397,2.1906376,0.83597517,-0.16355802,-0.39369178
3,900,0.85186434,-0.2050153,2.1917648,0.8359957,-0.16251227,-0.39458582
3,901,0.8518717,-0.20495605,2.191824,0.8357706,-0.16146462,-0.39547774
3,902,0.8518305,-0.20489502,2.1912289,0.8355756,-0.16041507,-0.39636755
3,903,0.85191274,-0.2048744,2.1918411,0.83576584,-0.15936363,-0.39725527
3,904,0.85178804,-0.20471132,2.1909313,0.8352332,-0.1583103,-0.39814082
3,905,0.85189915,-0.20477808,2.191658,0.8355508,-0.1572551,-0.39902428
3,906,0.8519347,-0.20454764,2.1906357,0.83475876,-0.15619802,-0.39990556
3,907,0.8519349,-0.20450246,2.190794,0.83526087,-0.15513912,-0.40078473
3,908,0.8520615,-0.20431328,2.1915722,0.8346524,-0.15407835,-0.40166172
3,909,0.85200477,-0.20437539,2.190508,0.8354068,-0.15301575,-0.40253654
3,910,0.8520272,-0.20427787,2.193161,0.83435917,-0.15195131,-0.4034092
3,911,0.85213923,-0.20425165,2.1912003,0.83504725,-0.15088506,-0.4042797
3,912,0.8519261,-0.20410836,2.190588,0.83414936,-0.149817,-0.405148
3,913,0.85226464,-0.20406067,2.1908417,0.8352542,-0.14874715,-0.4060141
3,914,0.8519578,-0.2039522,2.1906548,0.8339448,-0.1476755,-0.40687802
3,915,0.8522115,-0.20396066,2.1890163,0.8355446,-0.14660206,-0.40773973
3,916,0.8520224,-0.20384061,2.1932907,0.83385897,-0.14552686,-0.40859923
3,917,0.8520913,-0.20383954,2.1898403,0.83627796,-0.14444987,-0.4094565
3,918,0.8520591,-0.20380723,2.1906376,0.83376646,-0.14337115,-0.41031152
3,919,0.8519633,-0.2036314,2.190071,0.8352003,-0.14229068,-0.4111643
3,920,0.8519194,-0.20375764,2.1876278,0.8337569,-0.14120847,-0.4120149
3,921,0.852108,-0.20338655,2.1894646,0.83396673,-0.14012453,-0.4128632
3,922,0.8521712,-0.20369685,2.1894016,0.83374405,-0.13903886,-0.41370925
3,923,0.85220647,-0.20340931,2.191265,0.83363295,-0.1379515,-0.41455305
3,924,0.8522804,-0.20350647,2.1983547,0.83379173,-0.13686243,-0.41539457
3,925,0.85229707,-0.20331383,2.1884537,0.83300257,-0.13577166,-0.4162338
3,926,0.8520775,-0.20328653,2.1957645,0.83380127,-0.13467923,-0.41707078
3,927,0.85224605,-0.20314991,2.1944103,0.83289623,-0.13358511,-0.41790542
3,928,0.85226655,-0.20319748,2.1940002,0.8336067,-0.13248932,-0.4187378
3,929,0.8521321,-0.20300114,2.1934547,0.8329072,-0.1313919,-0.41956785
3,930,0.8524828,-0.20304525,2.1927795,0.8329592,-0.13029282,-0.42039558
3,931,0.8520751,-0.2028166,2.1903343,0.8332739,-0.1291921,-0.42122102
3,932,0.8524227,-0.20291626,2.1925201,0.83222914,-0.12808976,-0.42204413
3,933,0.85219,-0.20270216,2.1918087,0.83287525,-0.1269858,-0.42286488
3,934,0.85234475,-0.20285201,2.193737,0.83240557,-0.12588023,-0.42368332
3,935,0.8522825,-0.20273113,2.1931534,0.83281136,-0.12477306,-0.4244994
3,936,0.8523631,-0.2027024,2.1907692,0.8321519,-0.12366431,-0.4253131
3,937,0.8522947,-0.20257103,2.1932182,0.8323865,-0.122553974,-0.42612445
3,938,0.8524139,-0.20234442,2.1914902,0.83186054,-0.121442065,-0.42693344
3,939,0.8523562,-0.2024225,2.1921215,0.8319459,-0.12032859,-0.42774007
3,940,0.85250354,-0.20226276,2.1923542,0.83189774,-0.119213566,-0.42854428
3,941,0.8525007,-0.20228672,2.190813,0.8304701,-0.118097,-0.42934614
3,942,0.8526459,-0.20212924,2.1901894,0.83158827,-0.116978906,-0.4301456
3,943,0.852216,-0.20212448,2.191101,0.8314576,-0.11585928,-0.43094262
3,944,0.85254073,-0.20200217,2.189127,0.8312626,-0.11473814,-0.43173727
3,945,0.85234475,-0.20184064,2.1913471,0.8323293,-0.11361549,-0.4325295
3,946,0.8525307,-0.20184827,2.1922112,0.83068943,-0.11249135,-0.4333193
3,947,0.8524773,-0.20159805,2.1911888,0.83179665,-0.11136572,-0.43410668
3,948,0.8524475,-0.2016455,2.1902504,0.8302207,-0.11023861,-0.4348916
3,949,0.85245514,-0.2013681,2.1868153,0.830451,-0.109110035,-0.4356741
3,950,0.8525002,-0.20131719,2.1885738,0.83049965,-0.10798,-0.43645415
3,951,0.8523817,-0.20147586,2.190691,0.8300228,-0.106848516,-0.43723175
3,952,0.85270715,-0.20113897,2.19215,0.8307586,-0.10571559,-0.43800688
3,953,0.8523412,-0.2012062,2.191101,0.82927465,-0.10458123,-0.43877956
3,954,0.8527696,-0.20113492,2.1931667,0.83043575,-0.103445455,-0.43954974
3,955,0.8524673,-0.20091689,2.1914139,0.82848644,-0.10230826,-0.44031745
3,956,0.8527224,-0.20092368,2.193697,0.8299408,-0.10116967,-0.4410827
3,957,0.8525598,-0.20073783,2.1914158,0.8285608,-0.100029685,-0.44184542
3,958,0.85272384,-0.20080876,2.1936264,0.8290858,-0.09888831,-0.44260564
3,959,0.85233974,-0.20072901,2.1954784,0.8291936,-0.09774557,-0.44336337
3,960,0.852684,-0.20069063,2.1902542,0.82892084,-0.09660146,-0.4441186
3,961,0.85267353,-0.20072389,2.1943893,0.82931185,-0.09545599,-0.44487128
3,962,0.8525448,-0.20061207,2.1870365,0.82859325,-0.09430918,-0.44562143
3,963,0.8524761,-0.20049167,2.1942043,0.8286042,-0.09316103,-0.44636908
3,964,0.8528297,-0.20049345,2.1883297,0.82812643,-0.092011556,-0.4471142
3,965,0.8526485,-0.2002182,2.194336,0.82772255,-0.09086076,-0.44785675
3,966,0.8525107,-0.20026481,2.1895294,0.82773924,-0.089708656,-0.44859675
3,967,0.85271,-0.1999985,2.193695,0.82741356,-0.08855526,-0.4493342
3,968,0.8526714,-0.20011067,2.1894226,0.82780933,-0.08740057,-0.4500691
3,969,0.85278344,-0.20005608,2.1930084,0.8270173,-0.0862446,-0.45080143
3,970,0.85289216,-0.19999635,2.1891193,0.82741594,-0.08508736,-0.45153117
3,971,0.8529043,-0.19998527,2.1924953,0.8270421,-0.08392886,-0.45225835
3,972,0.85276127,-0.19990706,2.1902905,0.8279004,-0.08276911,-0.45298293
3,973,0.85284877,-0.19981503,2.1943188,0.8270116,-0.08160812,-0.45370492
3,974,0.8526747,-0.19970739,2.1915836,0.82855225,-0.08044589,-0.45442432
3,975,0.8526714,-0.19976187,2.1938343,0.8267851,-0.07928244,-0.4551411
3,976,0.8527448,-0.19948924,2.1959076,0.8285594,-0.07811778,-0.45585528
3,977,0.8525474,-0.1995635,2.192112,0.82644176,-0.07695191,-0.45656684
3,978,0.85276866,-0.19935393,2.1916866,0.82752085,-0.075784855,-0.45727578
3,979,0.8529184,-0.19940412,2.1908703,0.8258939,-0.07461661,-0.4579821
3,980,0.852798,-0.19915855,2.194025,0.8248477,-0.07344719,-0.4586858
3,981,0.85263824,-0.19950163,2.1904602,0.8257966,-0.07227661,-0.45938683
3,982,0.8526883,-0.1988548,2.1923199,0.8255124,-0.07110487,-0.4600852
3,983,0.8528662,-0.19917929,2.193882,0.8253088,-0.069931984,-0.46078098
3,984,0.8527467,-0.19862092,2.190527,0.8245654,-0.06875796,-0.46147406
3,985,0.8531523,-0.19890344,2.1972847,0.8251152,-0.06758281,-0.4621645
3,986,0.8528142,-0.19861329,2.1897926,0.82494926,-0.06640654,-0.46285224
3,987,0.85305333,-0.1988759,2.1941452,0.82532454,-0.06522917,-0.46353734
3,988,0.8527787,-0.1990155,2.189867,0.8257537,-0.06405069,-0.46421975
3,989,0.8529186,-0.19891202,2.1940746,0.8245554,-0.06287113,-0.46489948
3,990,0.85284877,-0.19870853,2.1912842,0.82619333,-0.061690487,-0.4655765
3,991,0.8529501,-0.19848263,2.1916733,0.82380104,-0.060508776,-0.46625084
3,992,0.85303473,-0.19887912,2.1924953,0.82629967,-0.059326004,-0.46692246
3,993,0.8529556,-0.1987077,2.1958675,0.82523584,-0.05814218,-0.4675914
3,994,0.85316277,-0.19872081,2.1914978,0.8256674,-0.05695732,-0.4682576
3,995,0.8530748,-0.1983056,2.1938248,0.82619333,-0.055771425,-0.4689211
3,996,0.8531859,-0.19854724,2.1990032,0.82489586,-0.054584507,-0.46958187
3,997,0.8533337,-0.19841969,2.197256,0.8267503,-0.05339658,-0.47023994
3,998,0.85319686,-0.19833171,2.1871872,0.82406473,-0.05220765,-0.47089523
3,999,0.85329604,-0.19832647,2.1902122,0.825603,-0.051017724,-0.4715478
4,0,-0.9185395,0.23321581,-6.9544983,-2.4551895,-0.56806004,0.35665607
4,1,-0.91854185,0.2331326,-6.9358654,-2.4548874,-0.5672097,0.3574793
4,2,-0.9186411,0.23276722,-6.933777,-2.4555743,-0.5663577,0.3583028
4,3,-0.91875225,0.23292077,-6.9358387,-2.4548342,-0.56550395,0.35912657
4,4,-0.9187646,0.23232722,-6.934784,-2.4554708,-0.5646485,0.35995057
4,5,-0.9188405,0.23252761,-6.9357815,-2.45506,-0.56379133,0.36077484
4,6,-0.91891724,0.23201358,-6.9353294,-2.4552517,-0.5629325,0.3615994
4,7,-0.91905344,0.23205161,-6.9361353,-2.4550726,-0.562072,0.36242417
4,8,-0.91914445,0.23176515,-6.935857,-2.4551413,-0.56120974,0.3632492
4,9,-0.9191855,0.2317673,-6.93639,-2.4549367,-0.5603459,0.36407453
4,10,-0.9192376,0.23164809,-6.9363785,-2.455071,-0.5594803,0.36490008
4,11,-0.91937864,0.23144424,-6.937003,-2.4548008,-0.55861306,0.36572587
4,12,-0.91942513,0.23137307,-6.936719,-2.4551275,-0.5577442,0.36655194
4,13,-0.9195353,0.23125839,-6.9378815,-2.4547591,-0.5568736,0.36737823
4,14,-0.9196128,0.23113358,-6.936989,-2.4552214,-0.5560014,0.36820477
4,15,-0.9196306,0.23097074,-6.9388113,-2.4549265,-0.5551275,0.36903155
4,16,-0.9197109,0.230901,-6.937191,-2.4549541,-0.554252,0.36985856
4,17,-0.9198513,0.2307812,-6.9383535,-2.455065,-0.5533748,0.37068585
4,18,-0.9198986,0.23061514,-6.937525,-2.4550042,-0.552496,0.37151337
4,19,-0.9199383,0.23050487,-6.9378614,-2.454991,-0.5516156,0.3723411
4,20,-0.91999066,0.23036063,-6.938175,-2.4550626,-0.5507335,0.3731691
4,21,-0.9200834,0.23015463,-6.938401,-2.454986,-0.5498498,0.3739973
4,22,-0.9201199,0.23018599,-6.938734,-2.4551437,-0.5489645,0.37482575
4,23,-0.92029214,0.22998166,-6.938236,-2.4548917,-0.5480775,0.37565443
4,24,-0.9203359,0.22994554,-6.938759,-2.4552078,-0.547189,0.37648332
4,25,-0.9204279,0.22973824,-6.938772,-2.4549148,-0.54629886,0.37731245
4,26,-0.9204389,0.22961187,-6.9391356,-2.4551084,-0.54540706,0.37814182
4,27,-0.92055553,0.2294215,-6.9391766,-2.4551632,-0.5445137,0.3789714
4,28,-0.92057043,0.22934842,-6.9395485,-2.4551933,-0.54361874,0.3798012
4,29,-0.92077905,0.22919357,-6.9390945,-2.455115,-0.54272217,0.38063124
4,30,-0.9207438,0.22916663,-6.939785,-2.4553638,-0.54182404,0.38146147
4,31,-0.92080903,0.228966,-6.939267,-2.455022,-0.5409243,0.38229194
4,32,-0.9209248,0.22893155,-6.939949,-2.455279,-0.54002297,0.38312262
4,33,-0.92098606,0.228647,-6.939974,-2.454929,-0.5391201,0.3839535
4,34,-0.9209804,0.22864318,-6.9401207,-2.4553792,-0.53821564,0.3847846
4,35,-0.9210906,0.2284782,-6.9399137,-2.4550674,-0.53730965,0.38561592
4,36,-0.92121506,0.2283938,-6.9402246,-2.4553607,-0.53640205,0.38644743
4,37,-0.92122006,0.22819293,-6.9402256,-2.455226,-0.5354929,0.38727915
4,38,-0.92128265,0.22818506,-6.9401608,-2.4553177,-0.53458226,0.38811108
4,39,-0.9214126,0.2279495,-6.9405546,-2.4553113,-0.53367,0.3889432
4,40,-0.9215122,0.2278316,-6.940407,-2.455238,-0.5327562,0.3897755
4,41,-0.92154485,0.22770989,-6.9407625,-2.455239,-0.5318409,0.39060804
4,42,-0.92167145,0.22754979,-6.940817,-2.455371,-0.5309241,0.39144078
4,43,-0.92171454,0.22741497,-6.940773,-2.455303,-0.5300057,0.3922737
4,44,-0.92177916,0.22730052,-6.941148,-2.455566,-0.52908576,0.3931068
4,45,-0.9218826,0.22713912,-6.940798,-2.4552197,-0.5281643,0.3939401
4,46,-0.9218954,0.22704375,-6.9412365,-2.4553614,-0.5272414,0.39477357
4,47,-0.92195666,0.22688568,-6.941119,-2.4550083,-0.52631694,0.39560723
4,48,-0.9220703,0.22687316,-6.941227,-2.4551384,-0.525391,0.39644107
4,49,-0.9221075,0.2267425,-6.941454,-2.455168,-0.52446353,0.39727512
4,50,-0.9221907,0.22657013,-6.941658,-2.4552157,-0.52353454,0.39810932
4,51,-0.92219615,0.22641397,-6.9413185,-2.4548492,-0.5226041,0.39894372
4,52,-0.9222523,0.22623193,-6.9416866,-2.4551957,-0.5216721,0.39977828
4,53,-0.92246354,0.22609997,-6.941681,-2.4549642,-0.5207387,0.40061304
4,54,-0.9224609,0.22600067,-6.941473,-2.4547937,-0.5198038,0.40144795
4,55,-0.92254573,0.22587347,-6.941986,-2.455065,-0.51886743,0.402283
4,56,-0.92261726,0.22579443,-6.9417973,-2.4548712,-0.51792955,0.40311828
4,57,-0.9226756,0.22563732,-6.9420013,-2.4547973,-0.51699024,0.40395367
4,58,-0.9227679,0.22542584,-6.9417057,-2.4548588,-0.51604944,0.40478927
4,59,-0.9228704,0.22527921,-6.9425287,-2.4549081,-0.5151072,0.405625
4,60,-0.92294014,0.22517538,-6.9424267,-2.4548194,-0.5141635,0.40646088
4,61,-0.9229533,0.2250942,-6.9430103,-2.454957,-0.51321834,0.40729693
4,62,-0.9231292,0.2249453,-6.943144,-2.4548206,-0.51227176,0.40813315
4,63,-0.9231616,0.22481084,-6.943527,-2.4548528,-0.5113237,0.4089695
4,64,-0.92322385,0.22469974,-6.9436398,-2.4546673,-0.51037425,0.409806
4,65,-0.9232384,0.22453892,-6.943983,-2.4547107,-0.5094233,0.41064265
4,66,-0.9233412,0.2243762,-6.944251,-2.4544601,-0.508471,0.41147944
4,67,-0.9234071,0.22428739,-6.9440804,-2.4545841,-0.5075172,0.4123164
4,68,-0.9234689,0.2241528,-6.9446077,-2.4547698,-0.50656205,0.41315347
4,69,-0.92357624,0.22404528,-6.944049,-2.4545436,-0.5056055,0.4139907
4,70,-0.923665,0.2239871,-6.944536,-2.4547,-0.5046475,0.41482806
4,71,-0.9236995,0.22369528,-6.94442,-2.4546142,-0.5036881,0.41566554
4,72,-0.92381597,0.22361767,-6.9443283,-2.4543386,-0.5027273,0.41650316
4,73,-0.92381763,0.2234894,-6.944021,-2.4545164,-0.50176513,0.4173409
4,74,-0.9239296,0.2234087,-6.94419,-2.4542832,-0.50080156,0.41817877
4,75,-0.9239371,0.22323072,-6.943981,-2.454524,-0.4998366,0.41901678
4,76,-0.924101,0.2231251,-6.944517,-2.4544811,-0.49887022,0.4198549
4,77,-0.92413235,0.22292602,-6.943716,-2.4545553,-0.4979025,0.42069313
4,78,-0.92423487,0.22288096,-6.9447155,-2.4544115,-0.49693343,0.4215315
4,79,-0.92419183,0.22271109,-6.9441967,-2.454631,-0.49596295,0.42236996
4,80,-0.924313,0.22255766,-6.9448357,-2.4543083,-0.49499112,0.42320853
4,81,-0.92442065,0.22246003,-6.944541,-2.4546547,-0.49401796,0.42404723
4,82,-0.9244983,0.22240031,-6.945032,-2.45434,-0.49304342,0.42488602
4,83,-0.9245136,0.22217572,-6.944768,-2.45458,-0.49206755,0.42572492
4,84,-0.92471653,0.22208059,-6.9452477,-2.4542785,-0.4910903,0.42656392
4,85,-0.92459434,0.22190583,-6.944994,-2.4545224,-0.49011174,0.42740303
4,86,-0.92477083,0.22182429,-6.9454803,-2.4543018,-0.48913184,0.42824224
4,87,-0.9248103,0.22165847,-6.945215,-2.4546368,-0.4881506,0.42908153
4,88,-0.9249607,0.22160828,-6.945691,-2.4544334,-0.48716804,0.4299209
4,89,-0.92499924,0.22144163,-6.945405,-2.4547079,-0.48618415,0.43076038
4,90,-0.92511356,0.22127664,-6.9458256,-2.454632,-0.48519894,0.43159994
4,91,-0.925116,0.22115362,-6.9460382,-2.4546475,-0.48421243,0.43243957
4,92,-0.9251915,0.2210145,-6.945966,-2.4547894,-0.48322463,0.4332793
4,93,-0.9252751,0.2209357,-6.9462585,-2.4544048,-0.4822355,0.4341191
4,94,-0.9253986,0.22080481,-6.946047,-2.454452,-0.48124507,0.434959
4,95,-0.9254136,0.22065032,-6.9468155,-2.4542181,-0.48025337,0.43579894
4,96,-0.9255624,0.22057521,-6.9461327,-2.4545875,-0.47926036,0.43663895
4,97,-0.92554224,0.2203244,-6.946725,-2.4542165,-0.47826606,0.43747905
4,98,-0.9256421,0.22018492,-6.946209,-2.4543483,-0.47727048,0.4383192
4,99,-0.9256863,0.2201283,-6.946347,-2.4541702,-0.47627366,0.43915942
4,100,-0.9258338,0.21994245,-6.946454,-2.4540615,-0.47527552,0.4399997
4,101,-0.9258833,0.21987069,-6.945942,-2.454195,-0.47427616,0.44084004
4,102,-0.9260549,0.21971059,-6.9468384,-2.454226,-0.4732755,0.4416804
4,103,-0.925984,0.21956658,-6.9468193,-2.454307,-0.4722736,0.44252086
4,104,-0.92614925,0.21942067,-6.947049,-2.4542499,-0.47127044,0.44336134
4,105,-0.9262257,0.21934295,-6.9477415,-2.4543924,-0.47026604,0.4442019
4,106,-0.926283,0.21922445,-6.9478874,-2.4540255,-0.4692604,0.44504246
4,107,-0.9262866,0.2191099,-6.948847,-2.4542277,-0.4682535,0.44588307
4,108,-0.9263986,0.21890318,-6.948303,-2.4543035,-0.4672454,0.44672373
4,109,-0.92651147,0.21881533,-6.948494,-2.454081,-0.46623603,0.4475644
4,110,-0.9265852,0.21867406,-6.9483604,-2.4540255,-0.46522546,0.44840512
4,111,-0.9266274,0.21851122,-6.948065,-2.4541366,-0.46421367,0.44924587
4,112,-0.9267623,0.2184267,-6.9485855,-2.453851,-0.46320066,0.45008665
4,113,-0.9267635,0.21826196,-6.9484673,-2.4543107,-0.46218646,0.45092744
4,114,-0.9268596,0.21806097,-6.948765,-2.4538722,-0.46117103,0.45176825
4,115,-0.926957,0.21803355,-6.948292,-2.4541695,-0.46015438,0.4526091
4,116,-0.9270617,0.21788502,-6.9489975,-2.4539127,-0.45913658,0.45344993
4,117,-0.92705464,0.21775174,-6.949005,-2.4539828,-0.45811754,0.45429078
4,118,-0.92717004,0.21757245,-6.949251,-2.4539826,-0.45709735,0.45513165
4,119,-0.92724967,0.21743643,-6.9490557,-2.4540465,-0.45607597,0.45597252
4,120,-0.92737037,0.21733677,-6.949238,-2.4539003,-0.4550534,0.4568134
4,121,-0.9273361,0.21722543,-6.9498043,-2.4539242,-0.45402965,0.45765427
4,122,-0.9275056,0.21706247,-6.9497957,-2.4538438,-0.45300475,0.45849514
4,123,-0.9275645,0.21693206,-6.94987,-2.453931,-0.45197868,0.45933598
4,124,-0.9276068,0.21686685,-6.9499454,-2.4539669,-0.45095146,0.46017686
4,125,-0.92764384,0.21678507,-6.9498243,-2.4538462,-0.44992307,0.46101767
4,126,-0.9278284,0.21662748,-6.9502563,-2.4537752,-0.44889352,0.4618585
4,127,-0.92780876,0.21647942,-6.949936,-2.4537132,-0.44786283,0.4626993
4,128,-0.9278888,0.21631134,-6.9504824,-2.4536355,-0.44683102,0.46354008
4,129,-0.9279251,0.21617746,-6.94973,-2.4536707,-0.44579804,0.46438083
4,130,-0.92809075,0.21615553,-6.9499245,-2.453563,-0.44476396,0.46522155
4,131,-0.928039,0.21595848,-6.9496098,-2.4536798,-0.44372874,0.46606225
4,132,-0.92815655,0.21576059,-6.9501324,-2.453727,-0.4426924,0.4669029
4,133,-0.9282639,0.21563911,-6.9495354,-2.4536667,-0.44165495,0.46774352
4,134,-0.92840767,0.21557915,-6.950144,-2.4538717,-0.44061637,0.4685841
4,135,-0.9284102,0.21540892,-6.9500484,-2.4537315,-0.4395767,0.46942464
4,136,-0.9284903,0.2153008,-6.950346,-2.4536333,-0.4385359,0.47026512
4,137,-0.92850757,0.2152232,-6.9506054,-2.4537168,-0.437494,0.47110555
4,138,-0.92867076,0.2150904,-6.9516106,-2.453492,-0.43645105,0.47194594
4,139,-0.9286971,0.21492171,-6.9509277,-2.4536068,-0.43540698,0.47278625
4,140,-0.9287957,0.2148093,-6.951972,-2.4535599,-0.43436182,0.47362652
4,141,-0.92880565,0.21461558,-6.95117,-2.4533823,-0.43331558,0.4744667
4,142,-0.9289633,0.21453822,-6.952217,-2.453625,-0.4322683,0.47530684
4,143,-0.92898846,0.21433353,-6.9514446,-2.4535115,-0.4312199,0.47614688
4,144,-0.92901564,0.21430755,-6.9520273,-2.453486,-0.43017045,0.47698689
4,145,-0.9290669,0.21414888,-6.951742,-2.4535677,-0.42911994,0.47782677
4,146,-0.92926127,0.21397328,-6.951893,-2.4533505,-0.42806837,0.4786666
4,147,-0.9292507,0.21389997,-6.9519653,-2.4532733,-0.42701578,0.47950634
4,148,-0.9294268,0.21376836,-6.9522686,-2.4532835,-0.4259621,0.480346
4,149,-0.92938644,0.21358585,-6.952198,-2.4532409,-0.4249074,0.48118556
4,150,-0.9295056,0.2135849,-6.952757,-2.45314,-0.42385164,0.48202503
4,151,-0.9295479,0.21336365,-6.95216,-2.4531288,-0.42279488,0.48286438
4,152,-0.92965066,0.21327066,-6.9531155,-2.4530852,-0.42173707,0.48370367
4,153,-0.92973614,0.21306574,-6.952174,-2.4531162,-0.42067823,0.48454282
4,154,-0.9298519,0.21296835,-6.952956,-2.4530828,-0.41961837,0.48538187
4,155,-0.92983127,0.2128861,-6.952179,-2.4530437,-0.41855752,0.4862208
4,156,-0.9299048,0.2127688,-6.953291,-2.4530308,-0.41749564,0.48705965
4,157,-0.9300378,0.2125448,-6.9523897,-2.4530268,-0.41643277,0.48789835
4,158,-0.93015254,0.21248817,-6.953349,-2.4528623,-0.41536888,0.48873693
4,159,-0.930185,0.21238184,-6.952587,-2.4529912,-0.414304,0.4895754
4,160,-0.930243,0.21228015,-6.953436,-2.452884,-0.41323814,0.49041373
4,161,-0.9302597,0.21209681,-6.95306,-2.4529297,-0.41217127,0.49125192
4,162,-0.9304683,0.21201336,-6.9536858,-2.4527633,-0.41110343,0.49209
4,163,-0.93040955,0.21187425,-6.9535055,-2.452824,-0.41003463,0.4929279
4,164,-0.9305493,0.2118069,-6.9539566,-2.452944,-0.40896484,0.49376568
4,165,-0.93065083,0.21165228,-6.9541817,-2.4532118,-0.40789407,0.4946033
4,166,-0.9307513,0.21150827,-6.954032,-2.452935,-0.40682235,0.4954408
4,167,-0.93070704,0.21136045,-6.9544573,-2.4528515,-0.40574968,0.49627814
4,168,-0.9308787,0.21127176,-6.954342,-2.452602,-0.40467605,0.49711528
4,169,-0.9309334,0.21117783,-6.9545326,-2.452625,-0.4036015,0.49795228
4,170,-0.9309378,0.21108961,-6.953993,-2.4526334,-0.40252596,0.49878913
4,171,-0.93103355,0.21084428,-6.9545345,-2.452772,-0.4014495,0.4996258
4,172,-0.9311631,0.2107445,-6.954298,-2.4526608,-0.40037212,0.5004623
4,173,-0.93119067,0.21063387,-6.954254,-2.452411,-0.39929378,0.5012986
4,174,-0.9313576,0.21052921,-6.9544573,-2.452446,-0.39821452,0.50213474
4,175,-0.93130374,0.21034348,-6.954111,-2.452247,-0.39713436,0.5029707
4,176,-0.93144536,0.21022832,-6.954612,-2.4522119,-0.39605325,0.5038065
4,177,-0.93154776,0.21015012,-6.954344,-2.452235,-0.39497125,0.50464207
4,178,-0.93166894,0.20999074,-6.9547186,-2.452257,-0.39388835,0.5054774
4,179,-0.9316155,0.20982432,-6.954835,-2.4521806,-0.39280453,0.5063126
4,180,-0.9317731,0.20976877,-6.95475,-2.4522653,-0.39171985,0.5071476
4,181,-0.9318012,0.2095815,-6.955267,-2.4521766,-0.39063424,0.5079824
4,182,-0.93182755,0.20948565,-6.9557877,-2.4521663,-0.38954777,0.5088169
4,183,-0.93196297,0.2094109,-6.9554825,-2.4521403,-0.3884604,0.50965124
4,184,-0.93197465,0.20929575,-6.9559546,-2.4521074,-0.38737214,0.5104854
4,185,-0.9320818,0.2091167,-6.956378,-2.4521568,-0.386283,0.5113193
4,186,-0.9321947,0.20896184,-6.9564095,-2.4520667,-0.38519302,0.51215297
4,187,-0.9321842,0.20885718,-6.9569273,-2.4520347,-0.38410217,0.5129864
4,188,-0.9323533,0.20874679,-6.9562263,-2.4520662,-0.38301045,0.51381963
4,189,-0.9323653,0.20865142,-6.9569654,-2.4519827,-0.3819179,0.5146526
4,190,-0.93245316,0.2085284,-6.9565563,-2.4521196,-0.38082448,0.51548535
4,191,-0.9325613,0.20838344,-6.9573793,-2.4520261,-0.3797302,0.51631784
4,192,-0.93268174,0.20816338,-6.9569244,-2.45196,-0.3786351,0.5171501
4,193,-0.9326317,0.20808506,-6.9576187,-2.4520447,-0.37753916,0.51798207
4,194,-0.9327626,0.20798981,-6.9570932,-2.451866,-0.37644237,0.5188138
4,195,-0.93287265,0.2079103,-6.9577303,-2.452077,-0.37534478,0.5196453
4,196,-0.93297863,0.20767343,-6.957467,-2.451856,-0.37424636,0.52047646
4,197,-0.93299866,0.2075851,-6.957556,-2.4520643,-0.37314713,0.5213074
4,198,-0.93310237,0.20745361,-6.9575634,-2.4518764,-0.37204707,0.52213806
4,199,-0.9330596,0.20739245,-6.9578495,-2.4519243,-0.37094623,0.5229684
4,200,-0.9331666,0.207219,-6.957594,-2.4519331,-0.36984456,0.5237985
4,201,-0.9332781,0.20714569,-6.958046,-2.4517095,-0.3687421,0.52462834
4,202,-0.9333958,0.2070347,-6.9576883,-2.4516706,-0.36763886,0.52545786
4,203,-0.9334295,0.20695102,-6.9577246,-2.4516745,-0.3665348,0.5262871
4,204,-0.93346643,0.20675647,-6.9575863,-2.4516628,-0.36542997,0.527116
4,205,-0.9335567,0.20663702,-6.9578,-2.4516826,-0.3643244,0.5279446
4,206,-0.93372047,0.20658314,-6.957445,-2.45157,-0.363218,0.52877295
4,207,-0.9337599,0.20645869,-6.9580765,-2.4516094,-0.36211085,0.529601
4,208,-0.9338305,0.2062912,-6.9575996,-2.4514973,-0.36100292,0.53042865
4,209,-0.9339161,0.20616233,-6.958123,-2.451462,-0.35989425,0.531256
4,210,-0.93400973,0.2059716,-6.957966,-2.4515653,-0.35878482,0.5320831
4,211,-0.93403906,0.20587456,-6.9580154,-2.4514506,-0.35767463,0.5329098
4,212,-0.9341557,0.20583415,-6.9583664,-2.4514787,-0.35656372,0.53373617
4,213,-0.93413293,0.20569646,-6.958576,-2.4514372,-0.35545203,0.53456223
4,214,-0.934265,0.2055192,-6.9587975,-2.4514031,-0.35433963,0.535388
4,215,-0.93439674,0.20539176,-6.9587517,-2.4513452,-0.35322648,0.53621334
4,216,-0.9344113,0.20536864,-6.9589176,-2.4513736,-0.35211262,0.5370384
4,217,-0.9344833,0.20523894,-6.9590416,-2.4513142,-0.350998,0.537863
4,218,-0.934639,0.20504642,-6.959323,-2.4511757,-0.34988272,0.53868735
4,219,-0.93467295,0.20495069,-6.9597225,-2.4511433,-0.34876668,0.5395113
4,220,-0.9347786,0.20486176,-6.9595776,-2.4510715,-0.34764996,0.5403349
4,221,-0.9348317,0.20470202,-6.959694,-2.4511998,-0.34653252,0.5411581
4,222,-0.9348594,0.20464194,-6.9597473,-2.4510272,-0.34541437,0.5419809
4,223,-0.9349686,0.20451844,-6.959673,-2.4512076,-0.34429556,0.5428034
4,224,-0.93506736,0.20431936,-6.9599323,-2.4510937,-0.34317604,0.5436255
4,225,-0.93517244,0.20420337,-6.9598885,-2.4510024,-0.34205583,0.5444472
4,226,-0.93519104,0.20411575,-6.959692,-2.4508402,-0.34093493,0.5452685
4,227,-0.93524754,0.20389187,-6.9600525,-2.4509726,-0.33981338,0.54608935
4,228,-0.9353888,0.20384073,-6.959673,-2.45074,-0.33869115,0.54690987
4,229,-0.93542284,0.20368993,-6.9602404,-2.4508855,-0.33756822,0.54772997
4,230,-0.93547237,0.20355451,-6.9595547,-2.4507444,-0.33644468,0.54854965
4,231,-0.9356159,0.20338416,-6.96047,-2.4508288,-0.33532044,0.5493689
4,232,-0.9356979,0.20333385,-6.9605064,-2.450501,-0.33419558,0.55018777
4,233,-0.93574375,0.20316792,-6.960745,-2.450631,-0.33307004,0.5510062
4,234,-0.9357321,0.20308125,-6.9607487,-2.4503138,-0.3319439,0.5518242
4,235,-0.9358816,0.20296156,-6.9615345,-2.4504108,-0.33081707,0.5526418
4,236,-0.9358938,0.202842,-6.961668,-2.450329,-0.32968965,0.5534589
4,237,-0.93604696,0.20265484,-6.961893,-2.4504821,-0.32856157,0.55427563
4,238,-0.9360956,0.20261729,-6.961584,-2.4503238,-0.3274329,0.55509186
4,239,-0.9361866,0.20244408,-6.962144,-2.4504192,-0.32630357,0.55590767
4,240,-0.9362544,0.20238268,-6.962015,-2.4502075,-0.32517365,0.556723
4,241,-0.93635863,0.20210576,-6.9623184,-2.4502964,-0.32404312,0.5575379
4,242,-0.9363512,0.20211816,-6.9617443,-2.4501753,-0.32291198,0.55835235
4,243,-0.93649036,0.20190132,-6.9621315,-2.4501817,-0.32178023,0.5591663
4,244,-0.93653464,0.20184743,-6.9620667,-2.4500895,-0.3206479,0.5599798
4,245,-0.93661714,0.20170069,-6.962389,-2.4500978,-0.31951496,0.5607928
4,246,-0.93668276,0.2015835,-6.962446,-2.4501398,-0.31838146,0.5616053
4,247,-0.93668187,0.20142579,-6.962451,-2.4500196,-0.31724733,0.5624173
4,248,-0.93681127,0.20134974,-6.9624615,-2.450215,-0.31611267,0.5632289
4,249,-0.93690497,0.2011168,-6.962448,-2.4500065,-0.3149774,0.56403995
4,250,-0.9369595,0.20109105,-6.962326,-2.450006,-0.3138416,0.56485045
4,251,-0.93701184,0.20091426,-6.962448,-2.4498909,-0.31270522,0.56566054
4,252,-0.9370823,0.20077622,-6.9626503,-2.4499357,-0.31156826,0.56647
4,253,-0.93716276,0.20067179,-6.9624567,-2.449776,-0.31043077,0.56727904
4,254,-0.9372666,0.20052063,-6.9629908,-2.449948,-0.30929273,0.5680876
4,255,-0.93732834,0.20036411,-6.963106,-2.4498186,-0.30815414,0.5688955
4,256,-0.93743265,0.2003293,-6.9632835,-2.4499588,-0.307015,0.569703
4,257,-0.9374249,0.20017266,-6.9632416,-2.449778,-0.30587533,0.5705099
4,258,-0.9375577,0.20011425,-6.9633226,-2.449818,-0.30473515,0.5713163
4,259,-0.93763196,0.19989121,-6.9636,-2.4495764,-0.3035944,0.5721221
4,260,-0.937677,0.1998272,-6.9634886,-2.4496558,-0.3024532,0.5729274
4,261,-0.93769985,0.19965744,-6.96379,-2.4493768,-0.3013114,0.57373214
4,262,-0.9378363,0.19952703,-6.963684,-2.4494138,-0.30016914,0.5745363
4,263,-0.9378995,0.19943845,-6.9638367,-2.4492865,-0.29902637,0.5753399
4,264,-0.93801147,0.19931066,-6.9638824,-2.449387,-0.29788306,0.57614297
4,265,-0.93809795,0.19912565,-6.9639835,-2.4492152,-0.29673928,0.5769454
4,266,-0.9380676,0.19906843,-6.9640026,-2.4492166,-0.29559502,0.57774734
4,267,-0.9381772,0.19894171,-6.964514,-2.4491935,-0.29445025,0.57854867
4,268,-0.9382262,0.19872868,-6.964031,-2.4491735,-0.293305,0.5793494
4,269,-0.93835616,0.19867575,-6.9649277,-2.44903,-0.29215926,0.58014953
4,270,-0.93842924,0.1985147,-6.9641495,-2.44908,-0.29101306,0.58094907
4,271,-0.9385345,0.19840097,-6.964699,-2.4487734,-0.2898664,0.581748
4,272,-0.9385771,0.19831336,-6.964428,-2.4489129,-0.28871924,0.58254635
4,273,-0.93867385,0.19812214,-6.9644194,-2.448666,-0.28757164,0.58334404
4,274,-0.93868184,0.19800043,-6.9646273,-2.4487875,-0.2864236,0.58414114
4,275,-0.9387667,0.19792938,-6.964197,-2.4485898,-0.28527507,0.58493763
4,276,-0.9388433,0.19783783,-6.9646015,-2.4485414,-0.28412613,0.58573353
4,277,-0.93891513,0.1976645,-6.9643326,-2.4485445,-0.28297672,0.5865288
4,278,-0.93906903,0.19758284,-6.965128,-2.4484682,-0.28182688,0.58732337
4,279,-0.9391165,0.19741213,-6.964567,-2.448471,-0.2806766,0.5881173
4,280,-0.9391595,0.19728124,-6.9653378,-2.4484758,-0.2795259,0.58891064
4,281,-0.93923265,0.19722176,-6.9648705,-2.4484525,-0.2783748,0.58970326
4,282,-0.93925405,0.1970619,-6.965868,-2.4483004,-0.27722323,0.5904953
4,283,-0.93938947,0.19688392,-6.9651003,-2.4483633,-0.27607128,0.59128666
4,284,-0.93950105,0.196818,-6.9656143,-2.4483242,-0.2749189,0.5920773
4,285,-0.939594,0.1966331,-6.965253,-2.44818,-0.27376613,0.5928673
4,286,-0.9395838,0.19652784,-6.9654713,-2.4482648,-0.27261296,0.59365666
4,287,-0.9397434,0.19640183,-6.965521,-2.4480884,-0.2714594,0.5944453
4,288,-0.93983734,0.19625139,-6.965192,-2.448102,-0.27030542,0.59523326
4,289,-0.9398066,0.19619465,-6.9658976,-2.4481175,-0.26915106,0.5960206
4,290,-0.93993866,0.19606912,-6.9654064,-2.4480271,-0.26799634,0.5968071
4,291,-0.9400667,0.19592488,-6.965934,-2.448129,-0.26684123,0.597593
4,292,-0.9401311,0.19574928,-6.9657784,-2.4478674,-0.26568574,0.5983782
4,293,-0.9401492,0.19563162,-6.9659758,-2.448039,-0.26452988,0.5991627
4,294,-0.94031906,0.19557464,-6.9661684,-2.4477046,-0.26337367,0.59994644
4,295,-0.940368,0.19540846,-6.9660206,-2.4478374,-0.2622171,0.60072947
4,296,-0.94036174,0.19535136,-6.966095,-2.4477425,-0.26106015,0.6015118
4,297,-0.9404938,0.19522107,-6.9662647,-2.4476027,-0.2599029,0.6022933
4,298,-0.9405167,0.19502723,-6.9659824,-2.4477801,-0.25874525,0.6030742
4,299,-0.94070995,0.1949023,-6.966425,-2.4473732,-0.25758728,0.60385424
4,300,-0.9407125,0.19485867,-6.966284,-2.44765,-0.256429,0.6046336
4,301,-0.9407849,0.19471097,-6.9663296,-2.4474704,-0.25527033,0.6054122
4,302,-0.9408297,0.19452798,-6.9661217,-2.4473982,-0.25411138,0.60619
4,303,-0.94101685,0.19443071,-6.9663944,-2.447399,-0.2529521,0.6069671
4,304,-0.9410298,0.19435537,-6.965947,-2.4473798,-0.2517925,0.60774344
4,305,-0.94120103,0.194224,-6.966509,-2.44722,-0.25063255,0.60851896
4,306,-0.941214,0.19401383,-6.9663124,-2.4473214,-0.24947233,0.6092937
4,307,-0.94127965,0.19391298,-6.966856,-2.4469898,-0.2483118,0.61006767
4,308,-0.94133127,0.19382596,-6.966604,-2.446997,-0.24715097,0.61084086
4,309,-0.94138515,0.19373643,-6.966919,-2.4468393,-0.24598984,0.6116133
4,310,-0.94145405,0.19360054,-6.966608,-2.4468532,-0.24482843,0.61238486
4,311,-0.94158113,0.19341469,-6.9670143,-2.4467442,-0.24366672,0.61315566
4,312,-0.9416373,0.19330072,-6.9666233,-2.4468277,-0.24250473,0.61392564
4,313,-0.9417488,0.19322157,-6.9671574,-2.446691,-0.24134247,0.6146948
4,314,-0.9417305,0.19311488,-6.9674683,-2.4467297,-0.24017994,0.61546314
4,315,-0.9418558,0.1928891,-6.967432,-2.4466624,-0.23901713,0.61623067
4,316,-0.94193214,0.19284987,-6.967701,-2.4466207,-0.23785406,0.61699736
4,317,-0.9420315,0.19272172,-6.9674797,-2.4466004,-0.23669074,0.6177632
4,318,-0.9421149,0.19253683,-6.967968,-2.4464033,-0.23552716,0.61852825
4,319,-0.94220877,0.19238198,-6.967658,-2.4463577,-0.23436333,0.6192924
4,320,-0.9421834,0.19227397,-6.968075,-2.446449,-0.23319925,0.6200557
4,321,-0.9422789,0.19220245,-6.967825,-2.4462826,-0.23203494,0.62081814
4,322,-0.9424081,0.19210887,-6.967886,-2.446393,-0.2308704,0.62157977
4,323,-0.9424671,0.19191527,-6.967742,-2.446251,-0.22970562,0.6223405
4,324,-0.9425618,0.19178641,-6.967661,-2.4461672,-0.2285406,0.62310034
4,325,-0.9426055,0.19168448,-6.968235,-2.446141,-0.22737537,0.6238593
4,326,-0.9426466,0.19156611,-6.9679995,-2.4459386,-0.22620992,0.6246174
4,327,-0.942679,0.19144976,-6.9682045,-2.4460733,-0.22504425,0.6253746
4,328,-0.9428718,0.1914072,-6.9679966,-2.4458592,-0.22387838,0.6261309
4,329,-0.9428116,0.19114721,-6.968525,-2.446072,-0.22271231,0.6268863
4,330,-0.94290376,0.19115388,-6.9680004,-2.4458294,-0.22154602,0.6276408
4,331,-0.94304144,0.1909182,-6.96883,-2.4459844,-0.22037956,0.62839437
4,332,-0.9431281,0.19083083,-6.9681625,-2.4456532,-0.21921289,0.62914705
4,333,-0.9431703,0.1907494,-6.9684505,-2.445833,-0.21804605,0.6298988
4,334,-0.9432088,0.19064176,-6.9684896,-2.4455743,-0.21687901,0.6306496
4,335,-0.94336736,0.19051003,-6.968603,-2.4456117,-0.2157118,0.6313995
4,336,-0.94342494,0.19037378,-6.9689274,-2.445526,-0.21454443,0.63214844
4,337,-0.9434488,0.19020557,-6.9687805,-2.445518,-0.21337688,0.6328965
4,338,-0.9435946,0.1901412,-6.968873,-2.4454389,-0.21220917,0.6336435
4,339,-0.94369125,0.18993163,-6.9690065,-2.445506,-0.2110413,0.63438964
4,340,-0.9437169,0.1898408,-6.968853,-2.4452522,-0.20987327,0.63513476
4,341,-0.9437398,0.18975675,-6.9687214,-2.4453094,-0.2087051,0.635879
4,342,-0.943881,0.1896894,-6.969221,-2.445183,-0.20753677,0.63662213
4,343,-0.94391894,0.18953526,-6.969199,-2.4451509,-0.20636831,0.6373644
4,344,-0.9439615,0.18939781,-6.9693174,-2.445053,-0.2051997,0.63810563
4,345,-0.9440844,0.18925929,-6.9692726,-2.444972,-0.20403098,0.63884586
4,346,-0.94408214,0.18920696,-6.9690714,-2.444867,-0.20286211,0.63958514
4,347,-0.944167,0.18905103,-6.9692383,-2.444882,-0.20169313,0.6403234
4,348,-0.9443228,0.18889058,-6.969515,-2.444706,-0.20052403,0.64106065
4,349,-0.9443883,0.18875206,-6.969242,-2.4448545,-0.19935481,0.64179695
4,350,-0.9444115,0.18864667,-6.9694586,-2.4445848,-0.19818547,0.64253217
4,351,-0.9445758,0.18854415,-6.969364,-2.4447126,-0.19701605,0.6432664
4,352,-0.944589,0.18846107,-6.969427,-2.4445438,-0.19584651,0.6439996
4,353,-0.94465566,0.1883372,-6.9697323,-2.4444776,-0.19467688,0.6447317
4,354,-0.94483507,0.18813026,-6.9694023,-2.444332,-0.19350716,0.6454629
4,355,-0.9448673,0.18807006,-6.9698544,-2.444331,-0.19233735,0.6461929
4,356,-0.9448869,0.18797886,-6.969637,-2.444269,-0.19116746,0.64692193
4,357,-0.94497895,0.18788147,-6.9696913,-2.4442272,-0.18999748,0.6476499
4,358,-0.9450826,0.1876787,-6.9696627,-2.4441133,-0.18882744,0.6483768
4,359,-0.94511634,0.18757355,-6.969821,-2.4440577,-0.18765733,0.6491027
4,360,-0.9451644,0.1874919,-6.9699726,-2.444059,-0.18648714,0.6498274
4,361,-0.94529605,0.18729818,-6.969446,-2.4440992,-0.18531689,0.65055114
4,362,-0.9454099,0.1871593,-6.9701242,-2.4439921,-0.1841466,0.6512737
4,363,-0.94540954,0.18707955,-6.969116,-2.4441237,-0.18297625,0.65199524
4,364,-0.9456046,0.18697524,-6.9699936,-2.4437847,-0.18180585,0.6527157
4,365,-0.94564784,0.18686533,-6.9692717,-2.4439902,-0.1806354,0.65343505
4,366,-0.94568455,0.18676233,-6.97044,-2.4437027,-0.17946492,0.6541532
4,367,-0.94572985,0.18657589,-6.9695454,-2.4435644,-0.1782944,0.6548704
4,368,-0.9458228,0.18646169,-6.970603,-2.4436433,-0.17712386,0.65558636
4,369,-0.94589525,0.18636739,-6.969842,-2.4437375,-0.17595328,0.65630126
4,370,-0.9459934,0.18625462,-6.9706116,-2.443523,-0.1747827,0.65701497
4,371,-0.94598186,0.1860882,-6.970008,-2.4435003,-0.17361207,0.6577276
4,372,-0.94608295,0.1860131,-6.9703894,-2.4434295,-0.17244145,0.6584391
4,373,-0.9462129,0.18589377,-6.9701395,-2.4432867,-0.17127082,0.6591494
4,374,-0.9462507,0.18575609,-6.9704056,-2.443282,-0.17010018,0.6598586
4,375,-0.9463143,0.18572843,-6.9699097,-2.4431229,-0.16892955,0.66056657
4,376,-0.94639456,0.18558693,-6.9704,-2.4432766,-0.16775893,0.6612735
4,377,-0.94645745,0.18551517,-6.97048,-2.4429893,-0.1665883,0.66197914
4,378,-0.9465847,0.1853298,-6.9702797,-2.4430933,-0.1654177,0.66268367
4,379,-0.94669116,0.18520415,-6.971202,-2.4427986,-0.16424711,0.663387
4,380,-0.9467124,0.18510139,-6.9703693,-2.4429212,-0.16307655,0.66408914
4,381,-0.9467808,0.18490016,-6.971655,-2.4425986,-0.161906,0.6647901
4,382,-0.9469545,0.1848098,-6.97052,-2.442744,-0.1607355,0.66548985
4,383,-0.9469476,0.18468714,-6.971492,-2.4424405,-0.15956503,0.6661884
4,384,-0.94699264,0.18459177,-6.970709,-2.4426112,-0.15839459,0.6668858
4,385,-0.9471178,0.18446267,-6.971218,-2.442383,-0.15722421,0.6675819
4,386,-0.94720984,0.18436253,-6.97122,-2.442535,-0.15605387,0.66827685
4,387,-0.9472631,0.18429947,-6.97079,-2.4423053,-0.15488358,0.6689705
4,388,-0.9473343,0.18422616,-6.971781,-2.4423745,-0.15371336,0.669663
4,389,-0.94740343,0.18408477,-6.9709816,-2.442118,-0.15254319,0.67035425
4,390,-0.94746464,0.18400252,-6.971814,-2.442109,-0.15137309,0.67104423
4,391,-0.9476205,0.18379116,-6.971181,-2.4418452,-0.15020306,0.67173296
4,392,-0.9476468,0.18367541,-6.9715376,-2.4419549,-0.1490331,0.67242044
4,393,-0.9477196,0.18359566,-6.9711857,-2.441672,-0.14786322,0.6731067
4,394,-0.94785255,0.18352294,-6.971327,-2.4418316,-0.14669344,0.6737916
4,395,-0.94789433,0.18340194,-6.9713726,-2.4416704,-0.14552373,0.6744753
4,396,-0.9479792,0.18317997,-6.9716206,-2.4417667,-0.14435412,0.6751577
4,397,-0.94804657,0.1831522,-6.9716797,-2.4415164,-0.1431846,0.6758388
4,398,-0.94820225,0.18298161,-6.9718285,-2.4416077,-0.14201517,0.6765187
4,399,-0.94813645,0.18286943,-6.971653,-2.4413123,-0.14084587,0.6771972
4,400,-0.94828296,0.18276203,-6.971779,-2.4413826,-0.13967666,0.67787445
4,401,-0.94832253,0.18259811,-6.972233,-2.4411502,-0.13850757,0.67855036
4,402,-0.9484488,0.18249094,-6.97217,-2.4412122,-0.13733861,0.67922497
4,403,-0.94849825,0.18246055,-6.972187,-2.441066,-0.13616976,0.67989826
4,404,-0.94854057,0.18232524,-6.972557,-2.440983,-0.13500103,0.68057024
4,405,-0.94863373,0.18219233,-6.9722786,-2.4410427,-0.13383244,0.6812409
4,406,-0.948768,0.18204069,-6.972576,-2.4408553,-0.132664,0.6819102
4,407,-0.9487969,0.18191075,-6.9726048,-2.4408748,-0.13149567,0.6825782
4,408,-0.94885504,0.1818521,-6.9726524,-2.4408221,-0.1303275,0.6832448
4,409,-0.94902277,0.18171072,-6.972884,-2.4406195,-0.12915947,0.6839101
4,410,-0.9490806,0.18161154,-6.9730186,-2.440604,-0.1279916,0.684574
4,411,-0.94914526,0.18146288,-6.9729834,-2.4406376,-0.12682387,0.6852365
4,412,-0.9492024,0.18130338,-6.973152,-2.440617,-0.12565632,0.6858977
4,413,-0.9492129,0.1812694,-6.972973,-2.4404685,-0.12448893,0.68655753
4,414,-0.94933146,0.18109453,-6.973112,-2.4403315,-0.123321705,0.6872159
4,415,-0.9494074,0.18097508,-6.9728966,-2.4402988,-0.12215465,0.68787295
4,416,-0.9494709,0.18089056,-6.9731894,-2.4403286,-0.12098778,0.6885286
4,417,-0.94950026,0.1808294,-6.9730844,-2.44011,-0.11982109,0.6891828
4,418,-0.9495702,0.18063247,-6.9731255,-2.4402514,-0.11865458,0.68983567
4,419,-0.9496906,0.18052411,-6.9734573,-2.4401073,-0.117488265,0.690487
4,420,-0.9498168,0.18045735,-6.9732513,-2.440143,-0.116322145,0.6911371
4,421,-0.9498511,0.18024623,-6.9733906,-2.4400764,-0.115156226,0.69178563
4,422,-0.949883,0.18012738,-6.973274,-2.4400418,-0.11399051,0.69243276
4,423,-0.94994736,0.180112,-6.973195,-2.4397848,-0.11282499,0.69307846
4,424,-0.95001113,0.1799761,-6.9733086,-2.4398503,-0.11165969,0.6937227
4,425,-0.9501332,0.1798569,-6.973319,-2.4395068,-0.110494606,0.69436556
4,426,-0.950245,0.1796993,-6.973236,-2.4395766,-0.10932974,0.6950069
4,427,-0.95035076,0.17963755,-6.973178,-2.4396977,-0.1081651,0.6956468
4,428,-0.95040745,0.17952192,-6.9732866,-2.4394069,-0.107000686,0.69628525
4,429,-0.95039773,0.17936838,-6.97316,-2.4392707,-0.1058365,0.69692224
4,430,-0.9505261,0.17925322,-6.973732,-2.4394262,-0.10467256,0.69755775
4,431,-0.9506123,0.17923427,-6.9733257,-2.439115,-0.10350885,0.69819176
4,432,-0.9506788,0.17907608,-6.9735537,-2.4394622,-0.10234539,0.6988243
4,433,-0.9507577,0.17897415,-6.9736414,-2.4391615,-0.101182185,0.6994553
4,434,-0.95084125,0.17875123,-6.9737167,-2.43896,-0.100019224,0.70008487
4,435,-0.9509315,0.17872047,-6.973935,-2.4388287,-0.09885652,0.70071286
4,436,-0.9510535,0.17859554,-6.973936,-2.4389906,-0.097694084,0.70133936
4,437,-0.9510058,0.17844772,-6.9738617,-2.4384234,-0.09653191,0.7019644
4,438,-0.9511999,0.1783272,-6.9737625,-2.4390035,-0.09537001,0.70258784
4,439,-0.95128435,0.17817378,-6.973669,-2.4381316,-0.09420838,0.70320976
4,440,-0.9512994,0.17807448,-6.9742775,-2.4387293,-0.09304703,0.7038302
4,441,-0.9513619,0.17798686,-6.973915,-2.4382286,-0.09188596,0.70444906
4,442,-0.9514377,0.17789614,-6.9742002,-2.43835,-0.090725176,0.7050664
4,443,-0.95148385,0.17776227,-6.9741573,-2.4381855,-0.08956468,0.7056821
4,444,-0.9516452,0.17765844,-6.974393,-2.4380684,-0.088404484,0.7062963
4,445,-0.951661,0.17754555,-6.9744606,-2.437973,-0.087244585,0.70690894
4,446,-0.95173264,0.17747152,-6.973817,-2.437964,-0.08608499,0.70752
4,447,-0.951851,0.17729557,-6.974349,-2.4378812,-0.0849257,0.7081295
4,448,-0.9519308,0.17715418,-6.973667,-2.437922,-0.08376672,0.70873743
4,449,-0.9520718,0.17701161,-6.9743814,-2.4378972,-0.08260806,0.70934373
4,450,-0.95205295,0.17694008,-6.973837,-2.4377434,-0.08144972,0.7099485
4,451,-0.9521471,0.17686927,-6.9738016,-2.4376087,-0.080291696,0.71055156
4,452,-0.9521959,0.17677653,-6.973401,-2.4373739,-0.079134,0.7111531
4,453,-0.9523814,0.17652035,-6.974124,-2.4373708,-0.07797664,0.711753
4,454,-0.95243764,0.17646909,-6.9738283,-2.437093,-0.07681961,0.71235126
4,455,-0.95252836,0.17635918,-6.974125,-2.4371216,-0.075662926,0.7129479
4,456,-0.95252836,0.17627978,-6.9736996,-2.4369278,-0.07450658,0.71354294
4,457,-0.95260525,0.17615187,-6.974312,-2.436909,-0.073350586,0.71413636
4,458,-0.95269907,0.1760186,-6.973999,-2.436789,-0.07219494,0.7147281
4,459,-0.9528105,0.175812,-6.9746428,-2.4366436,-0.071039654,0.7153182
4,460,-0.952855,0.17577803,-6.9745483,-2.4366224,-0.06988473,0.7159066
4,461,-0.95290434,0.17555511,-6.974745,-2.4367826,-0.06873017,0.7164934
4,462,-0.952965,0.17561889,-6.97468,-2.4363487,-0.067575976,0.71707857
4,463,-0.95315,0.17542028,-6.9746094,-2.436728,-0.06642215,0.71766204
4,464,-0.9531308,0.175331,-6.9746847,-2.4360662,-0.0652687,0.7182438
4,465,-0.9532461,0.17515671,-6.974489,-2.436548,-0.064115636,0.71882385
4,466,-0.95331883,0.17505908,-6.97493,-2.4361548,-0.06296296,0.71940225
4,467,-0.9533973,0.17500019,-6.9745197,-2.4362867,-0.06181066,0.719979
4,468,-0.9534963,0.17490196,-6.975029,-2.4358532,-0.06065876,0.720554
4,469,-0.9535032,0.17473376,-6.9747963,-2.4362059,-0.059507255,0.7211273
4,470,-0.95360947,0.17459345,-6.9748783,-2.4357107,-0.05835615,0.7216989
4,471,-0.95374167,0.1745243,-6.9749203,-2.4362018,-0.05720545,0.7222687
4,472,-0.9537239,0.17441785,-6.9751835,-2.4357393,-0.05605516,0.72283685
4,473,-0.9538657,0.17428482,-6.9746647,-2.4360366,-0.054905277,0.7234033
4,474,-0.95388186,0.1742357,-6.9747677,-2.4356568,-0.053755812,0.7239679
4,475,-0.95395195,0.17397344,-6.975069,-2.4356463,-0.05260677,0.7245309
4,476,-0.9540268,0.17393303,-6.9747686,-2.435551,-0.05145815,0.72509205
4,477,-0.9541898,0.17371738,-6.974966,-2.4353147,-0.05030996,0.72565144
4,478,-0.9541857,0.17370617,-6.975071,-2.4355376,-0.0491622,0.7262091
4,479,-0.9543017,0.1735915,-6.974865,-2.4351451,-0.04801488,0.72676504
4,480,-0.9543631,0.17351997,-6.974642,-2.4353106,-0.046867996,0.7273191
4,481,-0.95439494,0.17338479,-6.974881,-2.435038,-0.04572156,0.7278715
4,482,-0.9545566,0.17326033,-6.975048,-2.4350421,-0.044575572,0.72842205
4,483,-0.9545845,0.17314935,-6.975319,-2.4349003,-0.043430034,0.7289708
4,484,-0.95461476,0.17305684,-6.9749546,-2.4348013,-0.04228495,0.7295178
4,485,-0.95473635,0.17295873,-6.975115,-2.4347653,-0.04114033,0.73006296
4,486,-0.9548199,0.17281497,-6.9746847,-2.4348114,-0.039996173,0.7306064
4,487,-0.95489967,0.17274547,-6.9751167,-2.4346135,-0.038852483,0.7311479
4,488,-0.9549556,0.17260146,-6.9744177,-2.4341745,-0.037709266,0.73168766
4,489,-0.9550222,0.17243838,-6.9747696,-2.4343803,-0.036566522,0.73222554
4,490,-0.95516586,0.17240083,-6.9744816,-2.434306,-0.03542426,0.7327616
4,491,-0.95519936,0.17219007,-6.974888,-2.4341733,-0.03428248,0.73329586
4,492,-0.95531607,0.17212892,-6.975375,-2.4339576,-0.03314119,0.7338283
4,493,-0.9554,0.17207432,-6.974819,-2.4340646,-0.03200039,0.73435885
4,494,-0.95543545,0.17196786,-6.97624,-2.4339194,-0.030860083,0.73488754
4,495,-0.9555635,0.17179573,-6.974844,-2.4338233,-0.029720277,0.7354144
4,496,-0.95557165,0.1718055,-6.9746075,-2.4341228,-0.028580975,0.7359393
4,497,-0.9556221,0.17157972,-6.9750824,-2.433577,-0.027442178,0.7364624
4,498,-0.9557766,0.17147255,-6.975255,-2.4338956,-0.026303893,0.73698366
4,499,-0.9558757,0.17146933,-6.97558,-2.433436,-0.025166122,0.737503
4,500,-0.9558939,0.1712228,-6.975971,-2.4336553,-0.02402887,0.7380204
4,501,-0.9559236,0.1711775,-6.9768353,-2.4334154,-0.02289214,0.738536
4,502,-0.95607126,0.17107892,-6.9758854,-2.4334745,-0.021755937,0.7390496
4,503,-0.956154,0.17100644,-6.9778748,-2.433231,-0.020620264,0.7395614
4,504,-0.9562261,0.17090523,-6.975746,-2.4333851,-0.019485125,0.74007124
4,505,-0.9562778,0.17080688,-6.9763327,-2.4330094,-0.018350523,0.7405791
4,506,-0.9563465,0.1706152,-6.9755573,-2.4330158,-0.017216463,0.7410851
4,507,-0.95642674,0.17053282,-6.975295,-2.4328747,-0.01608295,0.7415892
4,508,-0.95658314,0.17046118,-6.975424,-2.4326868,-0.014949984,0.7420913
4,509,-0.95663464,0.17030919,-6.975075,-2.432671,-0.013817572,0.74259144
4,510,-0.9566461,0.1702416,-6.974909,-2.4325454,-0.012685718,0.7430897
4,511,-0.95675254,0.17011094,-6.9753513,-2.4325464,-0.011554424,0.74358594
4,512,-0.9568188,0.16999507,-6.9747505,-2.432386,-0.010423695,0.7440803
4,513,-0.95694464,0.16978765,-6.975712,-2.4323952,-0.009293534,0.74457264
4,514,-0.95705926,0.16975749,-6.974288,-2.4320347,-0.008163946,0.745063
4,515,-0.9571274,0.16961944,-6.9762745,-2.432118,-0.0070349327,0.7455514
4,516,-0.9572339,0.1694963,-6.9768867,-2.4318774,-0.0059065004,0.74603784
4,517,-0.9572561,0.16944158,-6.976181,-2.4319847,-0.004778651,0.7465223
4,518,-0.95736897,0.16928148,-6.9767113,-2.431647,-0.0036513894,0.7470047
4,519,-0.9574231,0.16918099,-6.975933,-2.4317703,-0.002524719,0.74748516
4,520,-0.9575759,0.1690793,-6.976369,-2.4313333,-0.0013986436,0.7479636
4,521,-0.9576144,0.16903245,-6.9758024,-2.4315264,-0.00027316686,0.74844
4,522,-0.95765513,0.16889632,-6.976139,-2.4312086,0.00085170736,0.7489144
4,523,-0.95777345,0.16875827,-6.9752626,-2.431388,0.0019759755,0.7493868
4,524,-0.9578421,0.16868949,-6.97608,-2.4308538,0.0030996334,0.7498571
4,525,-0.95791245,0.16843474,-6.9755154,-2.4311457,0.0042226776,0.75032544
4,526,-0.9579691,0.16846573,-6.975898,-2.4307208,0.0053451043,0.7507917
4,527,-0.9580729,0.16825175,-6.9758787,-2.4309092,0.00646691,0.751256
4,528,-0.9581584,0.16822135,-6.975642,-2.4305873,0.0075880904,0.75171816
4,529,-0.9582881,0.16809118,-6.9763813,-2.430715,0.008708642,0.75217825
4,530,-0.95839846,0.16793108,-6.9758854,-2.4304554,0.009828561,0.7526363
4,531,-0.9584638,0.16780865,-6.976742,-2.4305236,0.010947845,0.75309235
4,532,-0.95858383,0.16765273,-6.976053,-2.4303672,0.012066488,0.75354624
4,533,-0.9585618,0.16766584,-6.976408,-2.4304788,0.013184488,0.7539981
4,534,-0.95865804,0.16750765,-6.97587,-2.4300938,0.01430184,0.7544478
4,535,-0.95868814,0.1674223,-6.976033,-2.4303718,0.015418542,0.7548955
4,536,-0.95874166,0.16731799,-6.9756603,-2.429984,0.01653459,0.75534105
4,537,-0.958879,0.16717231,-6.976074,-2.4301817,0.017649977,0.7557845
4,538,-0.9588711,0.16707909,-6.9756393,-2.4298267,0.018764704,0.7562258
4,539,-0.9590788,0.16697085,-6.9760876,-2.4298496,0.019878764,0.7566651
4,540,-0.95915216,0.16684842,-6.975889,-2.429685,0.020992156,0.7571022
4,541,-0.9591699,0.16678917,-6.9756947,-2.4293745,0.022104874,0.7575372
4,542,-0.95933104,0.16660249,-6.975277,-2.4295304,0.023216916,0.75797004
4,543,-0.95926344,0.16658294,-6.9762974,-2.4291341,0.024328277,0.7584008
4,544,-0.9594619,0.16647041,-6.975334,-2.4294748,0.025438955,0.75882936
4,545,-0.9594892,0.16632223,-6.976619,-2.428983,0.026548944,0.75925577
4,546,-0.95963323,0.16626883,-6.976407,-2.4295447,0.027658243,0.75968003
4,547,-0.95963037,0.1661334,-6.97709,-2.4294286,0.028766846,0.76010215
4,548,-0.95970523,0.16598761,-6.9773026,-2.4293175,0.029874751,0.7605221
4,549,-0.9597621,0.1658603,-6.9764853,-2.4293618,0.030981952,0.7609399
4,550,-0.9598938,0.16578817,-6.976856,-2.429232,0.03208845,0.7613555
4,551,-0.9599681,0.16575563,-6.974613,-2.42889,0.033194236,0.76176894
4,552,-0.9601262,0.16565192,-6.97633,-2.4292254,0.03429931,0.76218015
4,553,-0.96008956,0.1654855,-6.9746494,-2.42848,0.03540367,0.7625892
4,554,-0.96033967,0.16534567,-6.976902,-2.4289522,0.03650731,0.7629961
4,555,-0.96022403,0.16525269,-6.9753895,-2.4280696,0.03761022,0.76340073
4,556,-0.96041894,0.16506147,-6.9775314,-2.4286468,0.038712405,0.7638031
4,557,-0.9603659,0.16505194,-6.9760284,-2.4278588,0.03981386,0.76420337
4,558,-0.9605166,0.16499484,-6.977461,-2.4284227,0.040914584,0.76460135
4,559,-0.9606583,0.1648978,-6.976699,-2.4277322,0.042014565,0.7649971
4,560,-0.9606782,0.16471934,-6.9768963,-2.4282176,0.043113805,0.76539063
4,561,-0.96074426,0.16462302,-6.975504,-2.4279068,0.0442123,0.76578194
4,562,-0.9607661,0.16452539,-6.976386,-2.4278824,0.045310047,0.76617104
4,563,-0.9609106,0.16444266,-6.9750786,-2.4275806,0.04640704,0.7665578
4,564,-0.96095204,0.16432011,-6.976198,-2.4276414,0.047503278,0.7669424
4,565,-0.9610931,0.16426253,-6.9752665,-2.427397,0.04859876,0.7673247
4,566,-0.96117556,0.16410768,-6.9759464,-2.4276187,0.049693473,0.7677047
4,567,-0.96121836,0.1640513,-6.9754276,-2.4276016,0.050787423,0.7680825
4,568,-0.96125555,0.163836,-6.976074,-2.4275675,0.0518806,0.76845795
4,569,-0.9613975,0.16374028,-6.9756556,-2.4274578,0.052973006,0.7688312
4,570,-0.96151483,0.16364074,-6.976465,-2.4273279,0.054064635,0.7692021
4,571,-0.9616184,0.16343522,-6.976143,-2.4270904,0.055155482,0.7695707
4,572,-0.96158975,0.16342366,-6.976856,-2.4270327,0.056245547,0.76993704
4,573,-0.96169156,0.16314423,-6.9766617,-2.4267523,0.05733482,0.7703011
4,574,-0.96180606,0.163203,-6.9763327,-2.4268744,0.058423307,0.7706628
4,575,-0.9619008,0.162956,-6.9767017,-2.426796,0.059511,0.7710222
4,576,-0.96192265,0.16307044,-6.9766636,-2.4267077,0.06059789,0.7713793
4,577,-0.96205556,0.16289568,-6.9764957,-2.426468,0.06168398,0.77173406
4,578,-0.9620393,0.16276813,-6.977133,-2.4264162,0.062769264,0.7720865
4,579,-0.9622483,0.16271281,-6.979164,-2.4261155,0.06385374,0.7724366
4,580,-0.96224797,0.1626041,-6.9768686,-2.4262807,0.064937405,0.77278435
4,581,-0.9623573,0.16248643,-6.9765015,-2.4261382,0.06602026,0.77312976
4,582,-0.9624765,0.16247213,-6.9756107,-2.4260118,0.06710229,0.77347285
4,583,-0.9624666,0.1622479,-6.975192,-2.4256318,0.0681835,0.77381355
4,584,-0.962629,0.16218853,-6.975086,-2.4261382,0.06926388,0.77415186
4,585,-0.96262777,0.16194654,-6.975048,-2.4254203,0.070343435,0.77448785
4,586,-0.9627334,0.16197288,-6.9765434,-2.4257503,0.07142215,0.77482146
4,587,-0.96284366,0.16185308,-6.9755516,-2.4253767,0.07250004,0.7751527
4,588,-0.9629798,0.16172516,-6.9762707,-2.4253132,0.07357708,0.7754815
4,589,-0.9630119,0.16173494,-6.9770126,-2.425438,0.07465329,0.775808
4,590,-0.9630803,0.16156554,-6.9755554,-2.4249403,0.07572865,0.77613205
4,591,-0.9632076,0.16153991,-6.9763603,-2.4255316,0.07680315,0.77645373
4,592,-0.9632566,0.16132247,-6.9744463,-2.424642,0.077876806,0.776773
4,593,-0.9634061,0.16119456,-6.975894,-2.4249232,0.0789496,0.77708983
4,594,-0.9634683,0.16110754,-6.9743347,-2.424421,0.08002154,0.7774043
4,595,-0.9635562,0.1610552,-6.975586,-2.4243953,0.08109261,0.7777163
4,596,-0.9636545,0.16094184,-6.976467,-2.4240553,0.08216282,0.7780259
4,597,-0.9636661,0.16078222,-6.976164,-2.4248192,0.08323216,0.77833307
4,598,-0.9637822,0.16073763,-6.978201,-2.4235945,0.08430062,0.7786378
4,599,-0.96375954,0.16059887,-6.9748974,-2.4244044,0.085368216,0.7789401
4,600,-0.96388876,0.16052604,-6.9745455,-2.4235938,0.08643492,0.77923995
4,601,-0.96400785,0.160406,-6.973695,-2.4244215,0.08750074,0.7795373
4,602,-0.96405745,0.16033578,-6.9746113,-2.4230368,0.088565685,0.77983224
4,603,-0.96421975,0.16015911,-6.974945,-2.4240332,0.08962973,0.7801247
4,604,-0.96421695,0.1600461,-6.976057,-2.4231675,0.090692885,0.78041476
4,605,-0.9644669,0.15994978,-6.9750156,-2.4236414,0.091755144,0.7807023
4,606,-0.9643662,0.15981746,-6.9769363,-2.4229934,0.0928165,0.7809874
4,607,-0.9645771,0.1596669,-6.974676,-2.4233713,0.09387696,0.78126997
4,608,-0.96452963,0.15972638,-6.973591,-2.422661,0.094936505,0.78155005
4,609,-0.96461236,0.15953863,-6.973768,-2.4234083,0.09599514,0.7818277
4,610,-0.9647273,0.15945971,-6.974971,-2.4226081,0.097052865,0.78210276
4,611,-0.96474564,0.15928912,-6.9738026,-2.423388,0.09810968,0.7823754
4,612,-0.9649466,0.15934765,-6.97633,-2.422601,0.099165566,0.7826455
4,613,-0.9649789,0.15909398,-6.9749413,-2.4227874,0.10022053,0.7829131
4,614,-0.9649654,0.15902579,-6.976391,-2.422488,0.10127457,0.7831782
4,615,-0.96513075,0.15893662,-6.9760914,-2.422505,0.10232768,0.78344077
4,616,-0.9650835,0.15883148,-6.975605,-2.4218483,0.10337985,0.78370076
4,617,-0.965337,0.15866947,-6.9762144,-2.4221783,0.1044311,0.78395826
4,618,-0.96529824,0.15864658,-6.97466,-2.4218323,0.1054814,0.78421324
4,619,-0.96550965,0.15842211,-6.9757967,-2.4215403,0.106530756,0.7844657
4,620,-0.9654646,0.1584419,-6.9755745,-2.4218042,0.10757917,0.78471553
4,621,-0.965639,0.15831661,-6.975378,-2.4214501,0.108626634,0.7849629
4,622,-0.965636,0.15823352,-6.976181,-2.4215102,0.10967315,0.7852076
4,623,-0.9657519,0.15812588,-6.975378,-2.421468,0.110718705,0.78544986
4,624,-0.9658303,0.15803373,-6.9760094,-2.421278,0.1117633,0.7856895
4,625,-0.9659078,0.15784049,-6.9752817,-2.421416,0.11280694,0.7859266
4,626,-0.9660487,0.15785396,-6.975588,-2.4213161,0.11384961,0.78616107
4,627,-0.9661395,0.15770137,-6.9751797,-2.4211168,0.11489131,0.786393
4,628,-0.96619,0.15766525,-6.975754,-2.4214296,0.11593204,0.78662235
4,629,-0.9663534,0.15744376,-6.9754753,-2.4208138,0.1169718,0.7868491
4,630,-0.9663419,0.15743697,-6.9774456,-2.4212472,0.11801057,0.78707325
4,631,-0.96643305,0.15731812,-6.9758854,-2.420597,0.11904837,0.7872948
4,632,-0.96650285,0.15710616,-6.9762516,-2.4209569,0.12008519,0.78751373
4,633,-0.9665929,0.1570822,-6.976406,-2.4204383,0.12112101,0.7877301
4,634,-0.9666678,0.15684783,-6.975959,-2.420683,0.122155845,0.78794384
4,635,-0.9666904,0.15691745,-6.9776173,-2.4204066,0.12318969,0.7881549
4,636,-0.9667578,0.15665317,-6.9751987,-2.4207463,0.12422253,0.7883634
4,637,-0.9669181,0.15665889,-6.9762278,-2.4204023,0.12525438,0.7885693
4,638,-0.96698606,0.15649474,-6.9744797,-2.4201977,0.12628523,0.7887725
4,639,-0.9669956,0.15648782,-6.975465,-2.4201102,0.12731506,0.7889731
4,640,-0.9671737,0.15635967,-6.974581,-2.4198442,0.12834388,0.78917104
4,641,-0.96724546,0.1563505,-6.9751434,-2.420214,0.12937169,0.78936636
4,642,-0.9672614,0.15615547,-6.9752636,-2.4200435,0.1303985,0.789559
4,643,-0.9674409,0.15618074,-6.974739,-2.4203188,0.13142428,0.789749
4,644,-0.9673474,0.15590858,-6.9766397,-2.4196665,0.13244903,0.78993636
4,645,-0.9675107,0.15595031,-6.974783,-2.4201066,0.13347276,0.790121
4,646,-0.96754384,0.15572298,-6.9751034,-2.4192338,0.13449547,0.790303
4,647,-0.96759903,0.15568638,-6.975934,-2.419527,0.13551714,0.79048234
4,648,-0.96778,0.15537083,-6.974863,-2.4192538,0.13653778,0.790659
4,649,-0.96784884,0.15549016,-6.9759064,-2.4194376,0.13755739,0.790833
4,650,-0.9679003,0.15525007,-6.9740734,-2.4192414,0.13857594,0.79100424
4,651,-0.967955,0.15522909,-6.974184,-2.4190981,0.13959347,0.79117286
4,652,-0.96808046,0.15513492,-6.974823,-2.4186292,0.14060993,0.79133874
4,653,-0.9680271,0.15505552,-6.973913,-2.418917,0.14162536,0.79150194
4,654,-0.9682978,0.15489006,-6.9740524,-2.4184327,0.14263973,0.7916624
4,655,-0.96823657,0.15494609,-6.975952,-2.418265,0.14365304,0.79182017
4,656,-0.9684211,0.15473306,-6.9734993,-2.4182708,0.1446653,0.79197526
4,657,-0.96847117,0.1547159,-6.975029,-2.4179919,0.1456765,0.7921276
4,658,-0.9685096,0.15455794,-6.9743137,-2.4182932,0.14668663,0.7922772
4,659,-0.9685849,0.1543976,-6.9745865,-2.41823,0.14769569,0.79242414
4,660,-0.96871734,0.15431774,-6.975134,-2.4180315,0.14870368,0.79256827
4,661,-0.96870625,0.15424383,-6.9773216,-2.4182312,0.1497106,0.7927097
4,662,-0.9688505,0.15402293,-6.9758387,-2.4174423,0.15071644,0.7928484
4,663,-0.9689281,0.15402019,-6.9766636,-2.4181485,0.1517212,0.79298437
4,664,-0.96910846,0.15387523,-6.975569,-2.4174333,0.15272488,0.7931175
4,665,-0.9690604,0.15383565,-6.975033,-2.4176898,0.15372747,0.793248
4,666,-0.9691547,0.15370429,-6.9747696,-2.4174035,0.15472898,0.7933757
4,667,-0.96919155,0.15357482,-6.9740305,-2.4174588,0.1557294,0.7935006
4,668,-0.9693191,0.15353215,-6.9740753,-2.4168599,0.15672871,0.79362273
4,669,-0.96933264,0.1534586,-6.9751987,-2.4170685,0.15772693,0.7937421
4,670,-0.96953595,0.15330386,-6.974059,-2.41679,0.15872405,0.7938587
4,671,-0.9695548,0.15318167,-6.976799,-2.4163487,0.15972008,0.79397255
4,672,-0.9696764,0.15315664,-6.9739475,-2.4166641,0.16071498,0.7940836
4,673,-0.96984446,0.15312517,-6.975134,-2.4161894,0.16170879,0.7941919
4,674,-0.96985066,0.1529063,-6.9742613,-2.416299,0.16270149,0.79429734
4,675,-0.96997476,0.15288019,-6.974964,-2.4161322,0.16369306,0.79440004
4,676,-0.97001266,0.15265763,-6.9746647,-2.415939,0.16468352,0.7944999
4,677,-0.9700168,0.15269852,-6.9753036,-2.415512,0.16567285,0.79459697
4,678,-0.970121,0.15256381,-6.974843,-2.4156742,0.16666107,0.7946912
4,679,-0.97021663,0.15248418,-6.974719,-2.4155912,0.16764815,0.7947827
4,680,-0.97035944,0.15231669,-6.974983,-2.4154334,0.16863412,0.79487133
4,681,-0.9704724,0.15219319,-6.9749384,-2.4150922,0.16961893,0.7949571
4,682,-0.97044015,0.15215027,-6.974802,-2.4151642,0.17060263,0.79504013
4,683,-0.9706503,0.15198803,-6.9745827,-2.414674,0.17158519,0.7951203
4,684,-0.97066087,0.15194416,-6.974764,-2.4148626,0.1725666,0.7951976
4,685,-0.9707325,0.15181148,-6.9743595,-2.4147403,0.17354687,0.7952721
4,686,-0.9708227,0.15167892,-6.9747715,-2.414564,0.17452598,0.79534376
4,687,-0.9709339,0.15163803,-6.9748096,-2.4142766,0.17550395,0.79541254
4,688,-0.97097486,0.15149713,-6.9746265,-2.4141817,0.17648077,0.7954785
4,689,-0.9710209,0.15145373,-6.9748173,-2.4140224,0.17745644,0.79554164
4,690,-0.9711673,0.15124989,-6.9743614,-2.414064,0.17843093,0.7956019
4,691,-0.97125685,0.15121865,-6.9752665,-2.41385,0.17940427,0.7956593
4,692,-0.9713743,0.15104818,-6.9738846,-2.4139676,0.18037646,0.79571384
4,693,-0.97143996,0.15094781,-6.9750443,-2.4135966,0.18134747,0.7957655
4,694,-0.9715409,0.1508894,-6.9739285,-2.4137168,0.18231732,0.7958143
4,695,-0.97156656,0.15080631,-6.974592,-2.4134047,0.183286,0.79586023
4,696,-0.9716982,0.15064526,-6.9749994,-2.4133646,0.18425348,0.79590327
4,697,-0.9717209,0.15052485,-6.9746466,-2.4130495,0.18521981,0.79594344
4,698,-0.97183347,0.15048921,-6.9751415,-2.4131143,0.18618494,0.7959807
4,699,-0.97192717,0.15032732,-6.9742947,-2.4130278,0.1871489,0.7960151
4,700,-0.9720092,0.15023553,-6.973093,-2.4130342,0.18811168,0.79604656
4,701,-0.97203445,0.15021074,-6.974016,-2.4129784,0.18907326,0.79607517
4,702,-0.9722345,0.15011346,-6.9735146,-2.4129856,0.19003364,0.79610085
4,703,-0.9722831,0.15006208,-6.9740868,-2.412827,0.19099285,0.7961236
4,704,-0.97239584,0.14977527,-6.9740076,-2.4126904,0.19195084,0.79614353
4,705,-0.9723517,0.1497879,-6.973833,-2.4126332,0.19290765,0.79616046
4,706,-0.9724854,0.14963317,-6.974595,-2.412463,0.19386324,0.7961745
4,707,-0.9725784,0.14948249,-6.973442,-2.4122102,0.19481763,0.7961857
4,708,-0.9726377,0.1494466,-6.974695,-2.41228,0.19577082,0.7961939
4,709,-0.9728701,0.14926648,-6.9733133,-2.412153,0.19672278,0.79619914
4,710,-0.972814,0.14921093,-6.974581,-2.4119632,0.19767354,0.7962015
4,711,-0.9730544,0.14910877,-6.972574,-2.4120252,0.19862309,0.79620093
4,712,-0.97302526,0.14903641,-6.973876,-2.4115229,0.1995714,0.7961974
4,713,-0.97318816,0.1489445,-6.972786,-2.4118967,0.2005185,0.796191
4,714,-0.9732616,0.1489017,-6.972807,-2.411372,0.20146438,0.79618156
4,715,-0.97331226,0.14871454,-6.97291,-2.411271,0.20240904,0.7961692
4,716,-0.9733045,0.14872468,-6.972747,-2.4112697,0.20335247,0.7961539
4,717,-0.9734589,0.14853656,-6.973238,-2.4112103,0.20429465,0.79613566
4,718,-0.973413,0.1484201,-6.9727345,-2.4111512,0.2052356,0.79611444
4,719,-0.973627,0.14825726,-6.9729004,-2.4111435,0.20617533,0.7960903
4,720,-0.9736384,0.14830065,-6.972389,-2.4105315,0.2071138,0.7960632
4,721,-0.9737966,0.14806807,-6.9735003,-2.410463,0.20805103,0.7960331
4,722,-0.9738066,0.14809215,-6.9723587,-2.4105663,0.20898703,0.796
4,723,-0.9739375,0.14788699,-6.9744606,-2.410585,0.20992176,0.79596394
4,724,-0.9739656,0.14782274,-6.973296,-2.4103124,0.21085525,0.79592496
4,725,-0.97407913,0.14764953,-6.975297,-2.410108,0.21178749,0.79588294
4,726,-0.97423846,0.1476934,-6.97478,-2.409812,0.21271847,0.79583794
4,727,-0.9743315,0.14752734,-6.973284,-2.4102907,0.21364819,0.79578996
4,728,-0.9743798,0.14753675,-6.9745035,-2.4094415,0.21457665,0.795739
4,729,-0.97450125,0.14738262,-6.9728184,-2.4100385,0.21550384,0.79568505
4,730,-0.97452533,0.14730096,-6.973523,-2.409463,0.21642978,0.7956281
4,731,-0.974591,0.14715958,-6.9728546,-2.4094105,0.21735445,0.79556817
4,732,-0.97467446,0.14712512,-6.9726334,-2.4090116,0.21827783,0.79550517
4,733,-0.97474205,0.14690316,-6.9724426,-2.4089503,0.21919994,0.79543924
4,734,-0.9748782,0.14694202,-6.972333,-2.4089253,0.22012079,0.7953703
4,735,-0.97495866,0.14672136,-6.972172,-2.4089158,0.22104034,0.7952983
4,736,-0.9750354,0.14670503,-6.9720154,-2.4088538,0.22195862,0.7952233
4,737,-0.97513294,0.14657497,-6.971485,-2.4085476,0.22287562,0.7951453
4,738,-0.9752133,0.14650488,-6.971472,-2.4086735,0.22379133,0.7950642
4,739,-0.9752904,0.1462723,-6.971632,-2.4082074,0.22470574,0.79498017
4,740,-0.9753722,0.14627779,-6.971287,-2.4083219,0.22561887,0.7948931
4,741,-0.97543037,0.14610684,-6.971575,-2.4079423,0.2265307,0.79480296
4,742,-0.9754986,0.14614964,-6.971362,-2.408033,0.22744124,0.7947098
4,743,-0.9755901,0.14597082,-6.973171,-2.4076676,0.22835048,0.79461366
4,744,-0.97565454,0.1459508,-6.971369,-2.4080093,0.2292584,0.7945144
4,745,-0.9758367,0.1457572,-6.9714184,-2.4076135,0.23016503,0.79441214
4,746,-0.97582394,0.14569974,-6.971182,-2.4076152,0.23107035,0.7943069
4,747,-0.9759994,0.14554787,-6.971342,-2.407425,0.23197436,0.7941985
4,748,-0.97601104,0.14557672,-6.9709997,-2.4072604,0.23287706,0.7940871
4,749,-0.976305,0.14534402,-6.9713573,-2.4070785,0.23377845,0.7939726
4,750,-0.9762504,0.14528942,-6.9710674,-2.4068763,0.23467852,0.79385513
4,751,-0.9763993,0.14515853,-6.9719276,-2.4064267,0.23557727,0.79373455
4,752,-0.9763317,0.14508379,-6.9728107,-2.406431,0.2364747,0.79361093
4,753,-0.97648954,0.14497626,-6.9721527,-2.406,0.23737079,0.7934842
4,754,-0.9764833,0.14490736,-6.9722576,-2.4062712,0.23826557,0.79335445
4,755,-0.97658,0.1447413,-6.9756775,-2.4059856,0.23915902,0.79322165
4,756,-0.97660816,0.1446867,-6.9711847,-2.4063563,0.24005114,0.79308575
4,757,-0.97674894,0.14453053,-6.971779,-2.405714,0.24094191,0.79294676
4,758,-0.9767785,0.14448988,-6.9702454,-2.4060156,0.24183136,0.7928047
4,759,-0.9769137,0.1444546,-6.971569,-2.4059987,0.24271947,0.7926596
4,760,-0.976948,0.14433157,-6.9708633,-2.4058447,0.24360622,0.79251134
4,761,-0.9771645,0.144122,-6.9721527,-2.4057882,0.24449165,0.79236007
4,762,-0.97718996,0.14408791,-6.9714756,-2.4055884,0.24537572,0.7922057
4,763,-0.97725415,0.14401829,-6.9744196,-2.4058807,0.24625845,0.7920482
4,764,-0.9773023,0.14386046,-6.9716053,-2.4051926,0.24713983,0.79188764
4,765,-0.97732425,0.14377785,-6.969137,-2.4050932,0.24801984,0.79172397
4,766,-0.977527,0.1437099,-6.970274,-2.4051328,0.24889852,0.79155725
4,767,-0.97748053,0.1436646,-6.9701633,-2.405002,0.24977583,0.7913874
4,768,-0.9776224,0.14355159,-6.968649,-2.404759,0.25065178,0.7912144
4,769,-0.9776802,0.14351594,-6.9699974,-2.4044423,0.25152636,0.7910384
4,770,-0.97777593,0.14332068,-6.968153,-2.4046538,0.2523996,0.7908592
4,771,-0.97786933,0.1432563,-6.9695396,-2.404376,0.25327143,0.79067695
4,772,-0.977888,0.14304972,-6.968564,-2.4048269,0.25414193,0.7904915
4,773,-0.9780804,0.14304674,-6.9687405,-2.4043963,0.25501102,0.79030305
4,774,-0.9781908,0.14293158,-6.968956,-2.4043345,0.25587878,0.7901114
4,775,-0.9782026,0.1428622,-6.9684296,-2.4040947,0.25674513,0.7899167
4,776,-0.9783255,0.14275467,-6.9692497,-2.4038658,0.2576101,0.78971887
4,777,-0.9783673,0.14269924,-6.968811,-2.4035096,0.2584737,0.7895179
4,778,-0.9785368,0.14248979,-6.9694633,-2.4035077,0.25933594,0.7893138
4,779,-0.97851086,0.14246893,-6.96904,-2.403292,0.26019675,0.7891066
4,780,-0.97870755,0.14244318,-6.9699926,-2.403385,0.26105618,0.78889626
4,781,-0.9787129,0.14234209,-6.968258,-2.4030535,0.26191425,0.78868276
4,782,-0.9788332,0.14212501,-6.970131,-2.402743,0.2627709,0.78846616
4,783,-0.9789025,0.14215863,-6.968418,-2.4027321,0.26362616,0.78824645
4,784,-0.9789536,0.14199853,-6.969303,-2.4024422,0.26448002,0.78802353
4,785,-0.9790968,0.14189792,-6.97126,-2.4028473,0.2653325,0.7877975
4,786,-0.979159,0.14180148,-6.968686,-2.4024255,0.26618356,0.7875684
4,787,-0.97924745,0.14174688,-6.9701443,-2.4029505,0.26703322,0.7873361
4,788,-0.9792923,0.14158463,-6.9683094,-2.4024613,0.26788148,0.7871007
4,789,-0.9793878,0.14162254,-6.9695415,-2.402178,0.26872832,0.7868621
4,790,-0.9794315,0.14139307,-6.9683523,-2.4023602,0.26957378,0.7866203
4,791,-0.979491,0.14135921,-6.9698486,-2.4018407,0.27041778,0.78637546
4,792,-0.9796164,0.14124572,-6.9681168,-2.4018734,0.27126038,0.7861274
4,793,-0.9797008,0.14110398,-6.969823,-2.4015229,0.27210158,0.7858762
4,794,-0.9798702,0.14109087,-6.9682264,-2.401607,0.27294135,0.7856219
4,795,-0.97983646,0.14097106,-6.9681454,-2.4012153,0.2737797,0.7853644
4,796,-0.97996604,0.14089453,-6.9683094,-2.4014351,0.27461663,0.78510374
4,797,-0.9800613,0.14076996,-6.9697084,-2.4014332,0.27545214,0.7848399
4,798,-0.98006797,0.14067805,-6.968048,-2.401244,0.27628618,0.7845729
4,799,-0.9802114,0.14055157,-6.968458,-2.4014452,0.27711883,0.7843028
4,800,-0.98029697,0.14050734,-6.96762,-2.4010923,0.27795005,0.7840295
4,801,-0.9804343,0.14037132,-6.968979,-2.4008267,0.2787798,0.783753
4,802,-0.9805125,0.14026403,-6.9675465,-2.400868,0.27960816,0.7834734
4,803,-0.9805647,0.14019585,-6.968604,-2.4008093,0.28043506,0.78319055
4,804,-0.9806694,0.1401105,-6.967122,-2.4005609,0.2812605,0.78290457
4,805,-0.98064816,0.14003885,-6.968401,-2.4000149,0.2820845,0.7826154
4,806,-0.98075116,0.1400162,-6.966589,-2.4002557,0.28290707,0.78232306
4,807,-0.9808363,0.1398263,-6.967451,-2.4001207,0.28372818,0.7820276
4,808,-0.9809296,0.13973844,-6.9667463,-2.4001443,0.28454787,0.78172886
4,809,-0.98101723,0.13957584,-6.967079,-2.3995128,0.2853661,0.781427
4,810,-0.98114336,0.13965726,-6.967634,-2.4000704,0.28618285,0.78112197
4,811,-0.98119557,0.1393565,-6.9669857,-2.3997576,0.28699815,0.78081375
4,812,-0.9812866,0.13938832,-6.9684725,-2.399961,0.287812,0.7805024
4,813,-0.9814832,0.13919508,-6.96747,-2.399168,0.28862438,0.7801878
4,814,-0.98140144,0.13917792,-6.967695,-2.3992205,0.2894353,0.77987
4,815,-0.9815426,0.13901174,-6.9678993,-2.3993242,0.29024476,0.779549
4,816,-0.9816941,0.13907099,-6.9671907,-2.3988376,0.29105276,0.7792249
4,817,-0.98173285,0.13880157,-6.9672422,-2.3989687,0.29185927,0.7788975
4,818,-0.9817977,0.1388756,-6.967349,-2.3980553,0.29266432,0.778567
4,819,-0.98186636,0.13855004,-6.967352,-2.3986013,0.2934679,0.7782333
4,820,-0.9819304,0.13865888,-6.9675503,-2.3980355,0.29427,0.77789634
4,821,-0.98196673,0.13844943,-6.9673777,-2.3983672,0.29507065,0.77755624
4,822,-0.9821602,0.13854122,-6.967705,-2.3980515,0.2958698,0.7772129
4,823,-0.9822161,0.13830388,-6.9673615,-2.3983307,0.29666746,0.77686644
4,824,-0.98241174,0.13825572,-6.966996,-2.398027,0.29746366,0.77651674
4,825,-0.982443,0.13801587,-6.9672728,-2.3983994,0.29825836,0.7761639
4,826,-0.98256534,0.13806021,-6.9644356,-2.3978465,0.29905158,0.77580774
4,827,-0.98247904,0.137864,-6.9667597,-2.3982751,0.2998433,0.77544844
4,828,-0.98273736,0.13787508,-6.968092,-2.3980122,0.30063355,0.775086
4,829,-0.98265934,0.13772476,-6.9664373,-2.3978834,0.30142227,0.77472025
4,830,-0.9828677,0.13771462,-6.967737,-2.3978734,0.30220953,0.77435136
4,831,-0.98286843,0.13749635,-6.967205,-2.397828,0.30299526,0.77397925
4,832,-0.9829399,0.13748956,-6.9653664,-2.3976586,0.3037795,0.7736039
4,833,-0.98292154,0.137429,-6.966589,-2.3972323,0.30456227,0.7732254
4,834,-0.9832673,0.1373533,-6.96583,-2.3975112,0.30534354,0.7728437
4,835,-0.98317945,0.13718903,-6.9661703,-2.397162,0.30612326,0.77245873
4,836,-0.983405,0.1371504,-6.9662037,-2.3971882,0.3069015,0.77207065
4,837,-0.98338103,0.13693047,-6.9664297,-2.3967192,0.30767822,0.7716793
4,838,-0.98355323,0.13697243,-6.966485,-2.3968775,0.30845344,0.7712847
4,839,-0.98346317,0.13677108,-6.9661093,-2.3961995,0.30922714,0.77088696
4,840,-0.98371375,0.13681245,-6.9650335,-2.39619,0.30999935,0.77048594
4,841,-0.98357344,0.13665617,-6.9650717,-2.3959563,0.31077,0.77008176
4,842,-0.98386264,0.13663208,-6.9653654,-2.3960505,0.31153917,0.76967436
4,843,-0.9838606,0.13648534,-6.967842,-2.3956878,0.31230682,0.76926374
4,844,-0.9839351,0.13643503,-6.965969,-2.3957903,0.31307292,0.7688499
4,845,-0.9839723,0.13638103,-6.966255,-2.3951373,0.3138375,0.76843286
4,846,-0.98407996,0.13622439,-6.9664087,-2.3955019,0.3146006,0.76801264
4,847,-0.9842,0.13608289,-6.9657145,-2.3951993,0.3153621,0.76758915
4,848,-0.9842508,0.13602173,-6.9666986,-2.3949275,0.3161221,0.76716244
4,849,-0.9843414,0.1358844,-6.9655466,-2.3951547,0.31688058,0.7667326
4,850,-0.9844786,0.13585174,-6.9661407,-2.3946903,0.31763753,0.7662994
4,851,-0.98441064,0.13569522,-6.9668026,-2.3948607,0.31839293,0.7658631
4,852,-0.9846772,0.13567996,-6.9660034,-2.3947933,0.3191468,0.76542354
4,853,-0.9845519,0.13561463,-6.966364,-2.3945227,0.31989914,0.7649808
4,854,-0.9847779,0.13552463,-6.9651337,-2.3940785,0.32064992,0.7645348
4,855,-0.9847979,0.13531482,-6.9656982,-2.3943336,0.32139915,0.7640856
4,856,-0.98500323,0.13533425,-6.96391,-2.3943439,0.32214686,0.76363313
4,857,-0.9851217,0.13521016,-6.9649506,-2.3942595,0.32289302,0.7631775
4,858,-0.9852105,0.13514006,-6.963064,-2.393958,0.32363763,0.7627187
4,859,-0.98528504,0.13500893,-6.96434,-2.394145,0.3243807,0.76225656
4,860,-0.98540723,0.13475513,-6.9637794,-2.3938074,0.3251222,0.7617913
4,861,-0.98539686,0.13477302,-6.9641514,-2.3937762,0.32586214,0.76132274
4,862,-0.9854326,0.13458788,-6.964159,-2.3931623,0.32660055,0.760851
4,863,-0.9855366,0.1346134,-6.964184,-2.393929,0.32733738,0.76037604
4,864,-0.9856348,0.13447618,-6.964238,-2.3929138,0.32807267,0.7598979
4,865,-0.98570967,0.13447249,-6.9634743,-2.3933752,0.32880637,0.75941646
4,866,-0.98571074,0.13435364,-6.964369,-2.3925345,0.32953855,0.7589319
4,867,-0.98583364,0.13414454,-6.964113,-2.393212,0.33026913,0.758444
4,868,-0.98602736,0.134076,-6.964424,-2.3921652,0.33099815,0.757953
4,869,-0.98599124,0.13405979,-6.9633837,-2.3929992,0.33172563,0.7574587
4,870,-0.9861508,0.13383245,-6.9651623,-2.3922677,0.33245152,0.7569612
4,871,-0.98627377,0.13382864,-6.9637165,-2.3925815,0.33317584,0.7564605
4,872,-0.986321,0.13371205,-6.9654083,-2.3923225,0.33389857,0.7559566
4,873,-0.9864019,0.13366818,-6.9640045,-2.3923378,0.33461976,0.7554494
4,874,-0.9864143,0.13357711,-6.965061,-2.3920634,0.33533934,0.754939
4,875,-0.98651975,0.13350022,-6.9641676,-2.3921876,0.33605736,0.75442547
4,876,-0.98649776,0.13340831,-6.964754,-2.3916123,0.3367738,0.75390863
4,877,-0.9866893,0.13330948,-6.9644012,-2.3920152,0.33748865,0.75338864
4,878,-0.9868002,0.1331588,-6.964758,-2.3915763,0.33820194,0.7528654
4,879,-0.98688185,0.13316226,-6.9644995,-2.391659,0.33891362,0.75233895
4,880,-0.9869194,0.13297868,-6.964432,-2.3915136,0.33962372,0.75180924
4,881,-0.9870868,0.13296998,-6.9640245,-2.3912854,0.34033224,0.7512764
4,882,-0.9871931,0.13282216,-6.9642124,-2.3912306,0.34103915,0.7507403
4,883,-0.987157,0.13276172,-6.96418,-2.3908994,0.34174448,0.7502009
4,884,-0.98728675,0.13266957,-6.964246,-2.390473,0.34244823,0.7496584
4,885,-0.98738074,0.1325463,-6.9640064,-2.3908458,0.34315038,0.74911267
4,886,-0.9874299,0.1324246,-6.9631386,-2.3900821,0.3438509,0.7485637
4,887,-0.9875436,0.1323775,-6.963441,-2.390284,0.34454986,0.7480115
4,888,-0.98755336,0.1322571,-6.962103,-2.3899848,0.3452472,0.74745613
4,889,-0.9876549,0.13220334,-6.9631615,-2.3897374,0.34594297,0.7468975
4,890,-0.9876906,0.1320945,-6.963211,-2.3898351,0.3466371,0.7463357
4,891,-0.9878405,0.13204002,-6.962963,-2.389451,0.34732965,0.7457707
4,892,-0.98784107,0.13192654,-6.964548,-2.3899126,0.34802058,0.7452024
4,893,-0.98807657,0.13182795,-6.963684,-2.3895617,0.3487099,0.744631
4,894,-0.9880243,0.13170803,-6.9640293,-2.389909,0.34939763,0.74405634
4,895,-0.9882195,0.13164628,-6.9641724,-2.3894083,0.35008374,0.7434785
4,896,-0.98823047,0.13147175,-6.9627857,-2.389606,0.3507682,0.7428974
4,897,-0.988372,0.13145041,-6.963564,-2.3888774,0.3514511,0.74231315
4,898,-0.9884241,0.13129914,-6.9626284,-2.389426,0.35213235,0.7417256
4,899,-0.9885062,0.13131344,-6.96369,-2.3889601,0.352812,0.74113494
4,900,-0.98854876,0.13121843,-6.962282,-2.3892365,0.35349002,0.74054104
4,901,-0.98868304,0.13113046,-6.964097,-2.3889382,0.35416642,0.739944
4,902,-0.98871374,0.13095641,-6.963007,-2.3889043,0.3548412,0.7393437
4,903,-0.98884666,0.13092268,-6.964411,-2.3889031,0.35551438,0.7387402
4,904,-0.988858,0.13084531,-6.963357,-2.3885357,0.3561859,0.7381335
4,905,-0.9889452,0.13067746,-6.963333,-2.388277,0.3568558,0.7375236
4,906,-0.9890747,0.13065183,-6.9636307,-2.3883061,0.3575241,0.7369105
4,907,-0.98918664,0.13051283,-6.9618616,-2.3881545,0.35819075,0.7362942
4,908,-0.9892334,0.13038182,-6.9627724,-2.388086,0.35885575,0.73567474
4,909,-0.98937917,0.13024914,-6.961521,-2.3881626,0.35951915,0.73505205
4,910,-0.9893718,0.1302334,-6.962137,-2.3880212,0.36018088,0.73442614
4,911,-0.98959994,0.1301043,-6.961997,-2.3879342,0.360841,0.7337971
4,912,-0.9896277,0.13000667,-6.96216,-2.3877113,0.3614995,0.73316485
4,913,-0.9897152,0.12997639,-6.962309,-2.3875792,0.36215633,0.7325294
4,914,-0.9897938,0.12985575,-6.962837,-2.3872364,0.3628115,0.73189074
4,915,-0.9899186,0.12972736,-6.962921,-2.387162,0.36346507,0.7312489
4,916,-0.98995674,0.12955558,-6.962905,-2.3869264,0.364117,0.73060393
4,917,-0.98997194,0.12959635,-6.963421,-2.3869867,0.36476725,0.72995573
4,918,-0.9900681,0.12938643,-6.9629498,-2.3869305,0.36541587,0.7293043
4,919,-0.99017406,0.12934053,-6.963377,-2.3867636,0.36606285,0.7286498
4,920,-0.99035275,0.12923634,-6.9650135,-2.3868728,0.3667082,0.72799206
4,921,-0.99037564,0.1291759,-6.9624033,-2.3865323,0.36735186,0.7273311
4,922,-0.9905515,0.12898576,-6.962679,-2.3866925,0.36799386,0.72666705
4,923,-0.9906097,0.12900126,-6.9621563,-2.3864021,0.36863425,0.7259998
4,924,-0.99069905,0.12874627,-6.962262,-2.3865082,0.36927295,0.7253293
4,925,-0.99083984,0.1287229,-6.9627514,-2.3860807,0.36991,0.7246557
4,926,-0.99085724,0.12867153,-6.9623747,-2.3862176,0.37054542,0.7239789
4,927,-0.99102306,0.12863088,-6.962528,-2.386016,0.37117916,0.7232989
4,928,-0.9910206,0.12848401,-6.96206,-2.3859887,0.37181124,0.7226158
4,929,-0.99116665,0.12845731,-6.961727,-2.3857217,0.37244165,0.7219295
4,930,-0.9911734,0.12827945,-6.9613667,-2.3854856,0.37307042,0.72124004
4,931,-0.99130094,0.12814486,-6.9610376,-2.3855524,0.3736975,0.72054744
4,932,-0.9913578,0.12811363,-6.961254,-2.3851357,0.37432292,0.7198516
4,933,-0.9914288,0.12798119,-6.960207,-2.3854206,0.37494668,0.7191527
4,934,-0.99150264,0.12790942,-6.9612637,-2.3849003,0.37556878,0.7184506
4,935,-0.9916314,0.12788212,-6.9610424,-2.3852806,0.3761892,0.71774536
4,936,-0.9916947,0.12776995,-6.9604626,-2.3848047,0.37680793,0.71703696
4,937,-0.9917691,0.12769401,-6.9616985,-2.384915,0.37742501,0.7163254
4,938,-0.9918622,0.12757099,-6.9598083,-2.3843307,0.3780404,0.7156107
4,939,-0.9919832,0.1274097,-6.9582424,-2.3846061,0.37865412,0.7148928
4,940,-0.99206275,0.12730491,-6.9595327,-2.3845015,0.37926617,0.7141718
4,941,-0.99217784,0.12728608,-6.959835,-2.3844218,0.37987655,0.71344763
4,942,-0.992259,0.12715578,-6.959465,-2.3846514,0.38048524,0.71272033
4,943,-0.9924006,0.12714827,-6.9588203,-2.3843312,0.38109225,0.71198994
4,944,-0.9924022,0.12701893,-6.9598494,-2.384311,0.38169757,0.7112564
4,945,-0.9925338,0.12695181,-6.9599543,-2.3842752,0.3823012,0.7105197
4,946,-0.9925407,0.12680233,-6.9599495,-2.3841417,0.3829032,0.7097798
4,947,-0.9925763,0.12670231,-6.961115,-2.3838236,0.38350344,0.7090368
4,948,-0.9926754,0.12669337,-6.9604454,-2.3841548,0.38410205,0.70829076
4,949,-0.9928254,0.12653673,-6.961379,-2.38358,0.38469893,0.7075415
4,950,-0.9929471,0.1265279,-6.960531,-2.3837707,0.38529414,0.7067892
4,951,-0.9929795,0.12643635,-6.960352,-2.3834946,0.38588765,0.7060337
4,952,-0.99307406,0.12616646,-6.960634,-2.3836117,0.38647947,0.7052751
4,953,-0.9930999,0.12616003,-6.9590607,-2.38333,0.3870696,0.70451343
4,954,-0.9934008,0.12605333,-6.9586716,-2.3831851,0.38765803,0.7037486
4,955,-0.99328613,0.1260202,-6.957987,-2.383072,0.38824478,0.70298064
4,956,-0.99343455,0.1258539,-6.9577274,-2.383091,0.38882983,0.7022096
4,957,-0.9934105,0.12583923,-6.9569626,-2.3825874,0.38941318,0.70143545
4,958,-0.9935192,0.12566769,-6.9578857,-2.3825293,0.3899948,0.7006582
4,959,-0.9936375,0.12561166,-6.957466,-2.3823247,0.39057475,0.6998778
4,960,-0.9937563,0.1255542,-6.9603367,-2.382625,0.39115298,0.69909436
4,961,-0.99374366,0.125404,-6.9576693,-2.3822937,0.39172953,0.6983078
4,962,-0.9940829,0.12542582,-6.9576244,-2.3820736,0.39230436,0.6975181
4,963,-0.99385786,0.12523568,-6.9579544,-2.3817647,0.3928775,0.69672537
4,964,-0.99426615,0.12516427,-6.957947,-2.3821685,0.3934489,0.6959295
4,965,-0.99418426,0.12510324,-6.9582405,-2.3819432,0.39401862,0.6951306
4,966,-0.99429166,0.12496221,-6.9582996,-2.3823164,0.39458662,0.6943286
4,967,-0.99433386,0.12493098,-6.9585133,-2.3820233,0.3951529,0.6935235
4,968,-0.99433446,0.124792695,-6.958598,-2.3820522,0.39571747,0.69271535
4,969,-0.994509,0.12468362,-6.9600687,-2.3815334,0.39628035,0.69190407
4,970,-0.99450827,0.124613404,-6.95879,-2.3817255,0.3968415,0.69108975
4,971,-0.99466634,0.12454569,-6.956629,-2.381769,0.39740095,0.69027233
4,972,-0.99477977,0.12447512,-6.958412,-2.381676,0.39795867,0.6894519
4,973,-0.99482906,0.12435949,-6.9564266,-2.3816323,0.39851466,0.6886284
4,974,-0.99491394,0.124447465,-6.958023,-2.3816156,0.39906895,0.6878018
4,975,-0.9950266,0.12412906,-6.957362,-2.381476,0.39962152,0.6869721
4,976,-0.9950892,0.12419331,-6.958441,-2.3814678,0.40017235,0.6861394
4,977,-0.99508846,0.12389326,-6.9583206,-2.3816714,0.40072146,0.6853036
4,978,-0.99533415,0.123939514,-6.9577475,-2.3812406,0.40126887,0.6844648
4,979,-0.9954257,0.12372255,-6.958967,-2.3814893,0.40181455,0.68362296
4,980,-0.99543756,0.12379849,-6.9571075,-2.3811314,0.4023585,0.68277806
4,981,-0.99548006,0.12357223,-6.9566793,-2.3816197,0.40290073,0.6819301
4,982,-0.9955529,0.12356281,-6.955883,-2.381222,0.40344122,0.68107915
4,983,-0.99567187,0.123456,-6.954241,-2.381151,0.40398,0.68022513
4,984,-0.99584913,0.123387694,-6.956416,-2.3812828,0.40451702,0.6793681
4,985,-0.9958497,0.12329781,-6.952238,-2.3811207,0.4050523,0.678508
4,986,-0.99592304,0.123333216,-6.957609,-2.380911,0.40558589,0.6776449
4,987,-0.9960143,0.12312615,-6.9510574,-2.3811338,0.40611774,0.6767788
4,988,-0.9961593,0.12315166,-6.9548798,-2.3807461,0.40664783,0.67590964
4,989,-0.9961833,0.12301135,-6.955681,-2.3810804,0.4071762,0.6750375
4,990,-0.99619496,0.122895956,-6.955347,-2.380271,0.40770283,0.6741623
4,991,-0.9963512,0.122739196,-6.9558697,-2.3803973,0.40822774,0.6732841
4,992,-0.9962538,0.12277639,-6.9557858,-2.3795757,0.4087509,0.672403
4,993,-0.9963378,0.122532845,-6.956358,-2.3800282,0.40927234,0.67151874
4,994,-0.9964304,0.12251437,-6.9555264,-2.3792322,0.409792,0.6706316
4,995,-0.9966474,0.12253797,-6.9564915,-2.3793538,0.41030994,0.6697414
4,996,-0.99660933,0.12236261,-6.9555635,-2.3792021,0.41082615,0.6688482
4,997,-0.99669075,0.12240744,-6.954401,-2.3794844,0.4113406,0.66795206
4,998,-0.9967059,0.12231684,-6.9554443,-2.379571,0.4118533,0.6670529
4,999,-0.99681437,0.12220895,-6.9561615,-2.3789728,0.41236427,0.6661508
5,0,0.3251475,0.028593063,-12.169904,-4.025197,-0.2454223,0.13769467
5,1,0.3250574,0.028626442,-12.160391,-4.025011,-0.24689475,0.13765818
5,2,0.3248695,0.027969599,-12.156015,-4.0247188,-0.24836287,0.13761988
5,3,0.32473278,0.02839303,-12.159468,-4.024648,-0.24982665,0.13757978
5,4,0.3245437,0.027627945,-12.159496,-4.0247855,-0.25128612,0.13753788
5,5,0.32434666,0.027971625,-12.158865,-4.024349,-0.25274122,0.13749416
5,6,0.32419765,0.027400017,-12.15987,-4.0244603,-0.25419196,0.13744862
5,7,0.3240322,0.027632594,-12.156794,-4.024194,-0.25563833,0.13740125
5,8,0.32389128,0.027326822,-12.159075,-4.02428,-0.25708035,0.13735206
5,9,0.3237486,0.027410507,-12.157734,-4.0243425,-0.25851792,0.13730104
5,10,0.32353735,0.027227879,-12.158841,-4.024164,-0.25995114,0.13724819
5,11,0.3234831,0.027180552,-12.159048,-4.024195,-0.2613799,0.13719349
5,12,0.32318807,0.027109623,-12.157982,-4.024338,-0.26280427,0.13713694
5,13,0.32310617,0.0270046,-12.158294,-4.024223,-0.2642242,0.13707854
5,14,0.3228544,0.026835084,-12.158007,-4.024319,-0.26563966,0.13701828
5,15,0.32266724,0.026938796,-12.157894,-4.0243692,-0.26705068,0.13695616
5,16,0.32263052,0.026748538,-12.158171,-4.0243645,-0.26845723,0.13689215
5,17,0.32224846,0.026745915,-12.157653,-4.0243406,-0.2698593,0.13682629
5,18,0.32222402,0.026498914,-12.158334,-4.0242896,-0.2712569,0.13675857
5,19,0.32193053,0.026494145,-12.158208,-4.024434,-0.27265,0.13668893
5,20,0.32205904,0.026388645,-12.158463,-4.024141,-0.27403858,0.13661744
5,21,0.32165062,0.026283622,-12.157986,-4.0246654,-0.27542263,0.13654403
5,22,0.3216282,0.026189685,-12.158953,-4.024039,-0.27680218,0.13646875
5,23,0.32141924,0.026124954,-12.15774,-4.0243177,-0.27817717,0.13639155
5,24,0.32125401,0.026069522,-12.15901,-4.0240273,-0.2795476,0.13631245
5,25,0.3210169,0.025935054,-12.157894,-4.024443,-0.2809135,0.13623145
5,26,0.32097793,0.02586937,-12.158603,-4.0240283,-0.2822748,0.13614854
5,27,0.32072413,0.025799274,-12.158447,-4.0240884,-0.28363153,0.13606371
5,28,0.32055163,0.025649428,-12.15807,-4.0240474,-0.2849837,0.13597696
5,29,0.32035112,0.025618672,-12.158529,-4.02398,-0.28633124,0.13588826
5,30,0.3203584,0.025508285,-12.157644,-4.023955,-0.28767416,0.13579765
5,31,0.3200066,0.025355816,-12.158131,-4.0239625,-0.2890125,0.1357051
5,32,0.31994438,0.025331736,-12.157687,-4.0241838,-0.29034618,0.13561061
5,33,0.31968486,0.025277138,-12.159577,-4.0242314,-0.2916752,0.13551418
5,34,0.31959844,0.025192618,-12.157732,-4.02418,-0.2929996,0.1354158
5,35,0.31946456,0.025069118,-12.1583,-4.024176,-0.29431933,0.13531548
5,36,0.3193022,0.024977565,-12.157627,-4.0239477,-0.2956344,0.1352132
5,37,0.31915355,0.024857998,-12.157512,-4.0238576,-0.2969448,0.13510895
5,38,0.31886768,0.024841428,-12.15794,-4.024002,-0.2982505,0.13500273
5,39,0.31889153,0.024734735,-12.155321,-4.0241437,-0.2995515,0.13489455
5,40,0.3186338,0.024654984,-12.158522,-4.02423,-0.30084777,0.1347844
5,41,0.3185022,0.024526238,-12.157266,-4.0239887,-0.30213934,0.13467227
5,42,0.31828523,0.024491906,-12.158524,-4.024034,-0.3034262,0.13455817
5,43,0.3181659,0.024401665,-12.157925,-4.023844,-0.3047083,0.13444208
5,44,0.31798244,0.024256945,-12.158459,-4.0242476,-0.30598566,0.134324
5,45,0.31784844,0.024143815,-12.158676,-4.0241947,-0.30725828,0.13420393
5,46,0.31765175,0.024071097,-12.158424,-4.024372,-0.30852613,0.13408186
5,47,0.31757355,0.02391982,-12.158863,-4.0242457,-0.30978918,0.1339578
5,48,0.31736183,0.023902178,-12.158147,-4.02442,-0.31104746,0.13383172
5,49,0.3171594,0.023813248,-12.158943,-4.0237484,-0.31230098,0.13370365
5,50,0.31695867,0.023724198,-12.158092,-4.0243473,-0.31354967,0.13357356
5,51,0.31684017,0.023622036,-12.159071,-4.0237436,-0.31479353,0.13344146
5,52,0.31657517,0.023536205,-12.15796,-4.0241566,-0.3160326,0.13330735
5,53,0.31656468,0.023457289,-12.159168,-4.0241013,-0.31726682,0.13317122
5,54,0.31633794,0.023391843,-12.159066,-4.0242033,-0.3184962,0.13303305
5,55,0.3162272,0.023265481,-12.159185,-4.0240235,-0.31972075,0.13289286
5,56,0.3160193,0.023198485,-12.159488,-4.0241756,-0.3209404,0.13275065
5,57,0.31576765,0.023073792,-12.159405,-4.023976,-0.32215524,0.13260639
5,58,0.31562495,0.023061514,-12.159353,-4.024248,-0.32336518,0.13246009
5,59,0.3154409,0.022912025,-12.1595125,-4.0238934,-0.3245702,0.13231175
5,60,0.31523025,0.022880912,-12.159115,-4.0243077,-0.32577038,0.13216136
5,61,0.31517005,0.022772789,-12.1595,-4.023794,-0.32696563,0.13200893
5,62,0.3149792,0.022649288,-12.158879,-4.024093,-0.328156,0.13185444
5,63,0.31485116,0.022461176,-12.159683,-4.0237494,-0.3293414,0.13169791
5,64,0.31467104,0.022462964,-12.158719,-4.0243483,-0.3305219,0.13153931
5,65,0.31444,0.022302747,-12.160099,-4.023793,-0.33169746,0.13137865
5,66,0.31428266,0.022237062,-12.159321,-4.024389,-0.3328681,0.13121593
5,67,0.314085,0.022187352,-12.160362,-4.0238566,-0.33403376,0.13105114
5,68,0.31396842,0.022148848,-12.160281,-4.02425,-0.33519444,0.13088427
5,69,0.3137715,0.021978378,-12.160864,-4.0238276,-0.33635017,0.13071534
5,70,0.3136834,0.02195263,-12.159719,-4.02402,-0.33750093,0.13054433
5,71,0.31343985,0.02177751,-12.160797,-4.0237536,-0.33864668,0.13037124
5,72,0.31335366,0.021721244,-12.159443,-4.024239,-0.33978742,0.13019606
5,73,0.31309533,0.021642923,-12.160023,-4.023444,-0.3409232,0.1300188
5,74,0.3129207,0.02158022,-12.159418,-4.0239677,-0.34205392,0.12983945
5,75,0.3126806,0.021501899,-12.159771,-4.023675,-0.34317964,0.12965801
5,76,0.31255245,0.021353722,-12.159256,-4.023705,-0.34430033,0.12947448
5,77,0.3123895,0.021238685,-12.16099,-4.0237,-0.34541598,0.12928885
5,78,0.3122071,0.021220326,-12.159899,-4.023535,-0.3465266,0.12910113
5,79,0.31209528,0.021016836,-12.160459,-4.023706,-0.34763214,0.12891129
5,80,0.31189346,0.020951748,-12.160279,-4.023799,-0.34873262,0.12871936
5,81,0.31176543,0.020883083,-12.1601715,-4.0237,-0.34982803,0.1285253
5,82,0.31152725,0.020847201,-12.160226,-4.023423,-0.35091835,0.12832916
5,83,0.31140113,0.020733953,-12.159924,-4.0235105,-0.3520036,0.12813088
5,84,0.311198,0.020578146,-12.160068,-4.0235443,-0.35308373,0.1279305
5,85,0.31103468,0.020467639,-12.1596775,-4.0236683,-0.3541588,0.127728
5,86,0.31088603,0.020401359,-12.159664,-4.023868,-0.35522872,0.12752339
5,87,0.3107053,0.020353675,-12.159694,-4.0235643,-0.35629353,0.12731665
5,88,0.3105209,0.020233512,-12.159707,-4.023563,-0.3573532,0.12710778
5,89,0.310395,0.020092249,-12.1602545,-4.023612,-0.35840777,0.12689678
5,90,0.31011677,0.020008683,-12.159707,-4.0235906,-0.35945717,0.12668367
5,91,0.31003332,0.019948244,-12.160025,-4.0236435,-0.36050144,0.1264684
5,92,0.3098067,0.019781947,-12.1600685,-4.023697,-0.36154053,0.12625103
5,93,0.3096,0.019688249,-12.160281,-4.023575,-0.36257446,0.12603149
5,94,0.3093791,0.019610405,-12.160681,-4.023786,-0.36360323,0.12580983
5,95,0.30931544,0.019601226,-12.160648,-4.023747,-0.3646268,0.12558603
5,96,0.30915904,0.019456983,-12.160879,-4.0234675,-0.3656452,0.12536009
5,97,0.30899715,0.019366026,-12.160303,-4.0239296,-0.3666584,0.125132
5,98,0.30874944,0.019246101,-12.160975,-4.023811,-0.36766636,0.12490176
5,99,0.3086288,0.019202113,-12.159331,-4.023907,-0.36866915,0.12466937
5,100,0.30846798,0.019037008,-12.160841,-4.0234537,-0.36966673,0.124434836
5,101,0.30831707,0.018951178,-12.161062,-4.0237904,-0.37065905,0.124198146
5,102,0.30814695,0.018895268,-12.160818,-4.0234666,-0.37164617,0.1239593
5,103,0.3080057,0.018805146,-12.160414,-4.0235586,-0.372628,0.12371831
5,104,0.3077898,0.018718004,-12.160421,-4.023662,-0.37360463,0.12347515
5,105,0.30760074,0.018571496,-12.160746,-4.0236325,-0.374576,0.12322983
5,106,0.30746937,0.01844716,-12.160774,-4.0237856,-0.3755421,0.12298235
5,107,0.3072052,0.018460512,-12.161123,-4.0231867,-0.37650293,0.12273271
5,108,0.3071028,0.01834023,-12.160892,-4.023828,-0.37745848,0.1224809
5,109,0.30689478,0.018254042,-12.161448,-4.0235233,-0.37840876,0.12222693
5,110,0.30678904,0.018087506,-12.160709,-4.0236325,-0.37935373,0.12197079
5,111,0.30655396,0.01807797,-12.161106,-4.023387,-0.38029343,0.121712476
5,112,0.306538,0.017950296,-12.161076,-4.0235205,-0.3812278,0.121451996
5,113,0.3062489,0.017815232,-12.160515,-4.023337,-0.38215688,0.12118934
5,114,0.30607283,0.017791033,-12.161498,-4.023571,-0.38308063,0.12092451
5,115,0.30595517,0.01769483,-12.160834,-4.0235796,-0.38399905,0.1206575
5,116,0.3057468,0.017552853,-12.161741,-4.0235915,-0.38491216,0.12038833
5,117,0.30554664,0.017535567,-12.161427,-4.0235534,-0.38581994,0.120116964
5,118,0.30543506,0.017410278,-12.161631,-4.023613,-0.38672236,0.11984342
5,119,0.30515707,0.017267346,-12.162243,-4.0235953,-0.3876194,0.11956771
5,120,0.30507767,0.01720345,-12.161675,-4.023448,-0.38851112,0.11928981
5,121,0.30482566,0.017056823,-12.163045,-4.023581,-0.38939747,0.11900972
5,122,0.30467975,0.016994119,-12.161539,-4.0233464,-0.39027846,0.118727446
5,123,0.30454838,0.016928077,-12.162283,-4.0235815,-0.39115405,0.11844299
5,124,0.3043245,0.016877055,-12.1616955,-4.02373,-0.39202428,0.11815635
5,125,0.30410755,0.016687155,-12.161441,-4.023506,-0.3928891,0.11786752
5,126,0.30402064,0.01663661,-12.162302,-4.023411,-0.39374855,0.1175765
5,127,0.3037989,0.016480684,-12.161297,-4.023558,-0.3946026,0.11728329
5,128,0.3036878,0.016394854,-12.162306,-4.023818,-0.39545122,0.11698789
5,129,0.30353832,0.016352296,-12.161732,-4.0236464,-0.39629441,0.1166903
5,130,0.3033551,0.016273022,-12.162392,-4.0234175,-0.39713222,0.11639052
5,131,0.30312514,0.016181469,-12.162056,-4.023735,-0.39796457,0.11608854
5,132,0.30298626,0.016133547,-12.1625,-4.0233774,-0.39879152,0.11578436
5,133,0.30274892,0.015894651,-12.162331,-4.0233965,-0.399613,0.115478
5,134,0.30259335,0.015924335,-12.162188,-4.0235777,-0.40042907,0.115169436
5,135,0.30250096,0.015713453,-12.16263,-4.023504,-0.40123966,0.11485868
5,136,0.30229497,0.015682936,-12.162214,-4.023495,-0.4020448,0.11454572
5,137,0.3021512,0.015574813,-12.162599,-4.023643,-0.4028445,0.114230566
5,138,0.30198073,0.015505552,-12.162434,-4.023201,-0.4036387,0.113913216
5,139,0.30175853,0.01542449,-12.1626835,-4.0238013,-0.40442744,0.11359366
5,140,0.30163968,0.015380383,-12.162497,-4.0233965,-0.4052107,0.113271914
5,141,0.30138993,0.015242457,-12.162834,-4.023874,-0.40598845,0.11294796
5,142,0.3013209,0.015120745,-12.162753,-4.023505,-0.40676075,0.11262181
5,143,0.30113673,0.015035152,-12.162956,-4.023796,-0.40752754,0.11229346
5,144,0.30097353,0.014953256,-12.163688,-4.0233965,-0.40828884,0.1119629
5,145,0.30084682,0.014804721,-12.162992,-4.023538,-0.4090446,0.11163015
5,146,0.30061233,0.0147019625,-12.1639805,-4.023168,-0.40979487,0.11129519
5,147,0.30042243,0.014700174,-12.163187,-4.0235715,-0.41053963,0.11095803
5,148,0.30031753,0.014552593,-12.163132,-4.0233383,-0.41127884,0.11061867
5,149,0.3000772,0.01443553,-12.163875,-4.0236588,-0.41201255,0.11027711
5,150,0.29993832,0.01435101,-12.162997,-4.023475,-0.4127407,0.10993334
5,151,0.29977214,0.014163852,-12.164068,-4.0233836,-0.41346332,0.10958737
5,152,0.2996583,0.014201403,-12.163441,-4.023374,-0.4141804,0.1092392
5,153,0.29945207,0.014024377,-12.164318,-4.0231724,-0.41489193,0.10888882
5,154,0.29927218,0.013938308,-12.16333,-4.023177,-0.4155979,0.10853624
5,155,0.29905438,0.013944745,-12.161976,-4.023107,-0.4162983,0.10818146
5,156,0.29892552,0.013776422,-12.16317,-4.023271,-0.41699314,0.10782448
5,157,0.2987405,0.013746619,-12.163832,-4.0231977,-0.4176824,0.10746529
5,158,0.2986071,0.013648987,-12.163742,-4.0233083,-0.41836613,0.1071039
5,159,0.29839504,0.013599277,-12.1657,-4.0232925,-0.41904426,0.10674031
5,160,0.29822612,0.013435245,-12.163826,-4.0233727,-0.41971678,0.10637451
5,161,0.29807377,0.013391852,-12.164965,-4.0232162,-0.42038372,0.10600652
5,162,0.29786313,0.013145924,-12.163935,-4.0233865,-0.42104506,0.10563631
5,163,0.2976246,0.013133287,-12.164125,-4.023096,-0.4217008,0.10526392
5,164,0.2975185,0.0130188465,-12.164076,-4.0231385,-0.42235097,0.10488931
5,165,0.29738152,0.012981176,-12.164266,-4.023344,-0.4229955,0.10451251
5,166,0.29716694,0.012874126,-12.164641,-4.023078,-0.4236344,0.10413351
5,167,0.29698384,0.012748003,-12.16442,-4.0230947,-0.42426774,0.10375231
5,168,0.2968657,0.012678146,-12.164609,-4.0230856,-0.4248954,0.1033689
5,169,0.29662466,0.012631297,-12.16428,-4.0232344,-0.42551747,0.102983296
5,170,0.29654634,0.012491822,-12.164081,-4.023229,-0.4261339,0.1025955
5,171,0.29633772,0.012418151,-12.164618,-4.0229425,-0.42674467,0.1022055
5,172,0.29616022,0.01226747,-12.164203,-4.023245,-0.42734984,0.10181331
5,173,0.2959702,0.012282848,-12.164618,-4.0232077,-0.42794934,0.10141891
5,174,0.29582703,0.012129545,-12.16456,-4.0229025,-0.42854318,0.101022325
5,175,0.29561818,0.012016177,-12.165192,-4.022916,-0.4291314,0.10062354
5,176,0.29551268,0.011969447,-12.1650915,-4.0228577,-0.42971393,0.100222565
5,177,0.29530013,0.011886954,-12.164961,-4.0227904,-0.43029082,0.09981939
5,178,0.2951765,0.011704922,-12.165285,-4.023034,-0.430862,0.09941403
5,179,0.29492033,0.011646032,-12.164727,-4.0228605,-0.43142757,0.099006474
5,180,0.29482675,0.011582017,-12.165171,-4.022913,-0.43198743,0.09859673
5,181,0.29464114,0.011468649,-12.164501,-4.0230846,-0.43254164,0.098184794
5,182,0.29446852,0.011418462,-12.165061,-4.0226808,-0.43309015,0.09777067
5,183,0.2942655,0.011342883,-12.164332,-4.0230517,-0.43363297,0.09735435
5,184,0.29416358,0.011186838,-12.165612,-4.0228605,-0.4341701,0.09693585
5,185,0.29403305,0.011089802,-12.164621,-4.0228963,-0.43470156,0.09651517
5,186,0.29385352,0.011082649,-12.165702,-4.022747,-0.4352273,0.0960923
5,187,0.29365408,0.010981321,-12.165344,-4.022809,-0.43574736,0.09566724
5,188,0.29347408,0.010884643,-12.1659355,-4.0226297,-0.43626168,0.095240004
5,189,0.29325032,0.010702372,-12.165821,-4.0228186,-0.43677032,0.09481059
5,190,0.29324317,0.010681033,-12.166138,-4.0227604,-0.43727323,0.09437899
5,191,0.2928748,0.010536313,-12.166615,-4.0232105,-0.43777046,0.09394522
5,192,0.29303098,0.010520339,-12.165997,-4.0228696,-0.43826196,0.093509264
5,193,0.29255354,0.010427594,-12.167373,-4.022805,-0.4387477,0.09307114
5,194,0.29271996,0.010331273,-12.165978,-4.022875,-0.43922776,0.09263083
5,195,0.29224277,0.0102107525,-12.167802,-4.023127,-0.43970206,0.09218836
5,196,0.29219913,0.010175586,-12.166416,-4.0227165,-0.44017065,0.091743715
5,197,0.29197168,0.010001898,-12.168117,-4.022965,-0.44063348,0.0912969
5,198,0.29197216,0.009978652,-12.166353,-4.0224586,-0.44109058,0.09084791
5,199,0.29168904,0.009806991,-12.167801,-4.0226493,-0.44154194,0.09039676
5,200,0.29169917,0.009752154,-12.165901,-4.022821,-0.44198757,0.089943446
5,201,0.2913078,0.009714723,-12.167843,-4.0224996,-0.44242743,0.08948796
5,202,0.29136026,0.0096389055,-12.165445,-4.0227137,-0.44286156,0.089030325
5,203,0.29096282,0.009483814,-12.167767,-4.022871,-0.4432899,0.08857052
5,204,0.2908554,0.009490967,-12.165958,-4.02269,-0.44371253,0.08810856
5,205,0.2905228,0.009251237,-12.167432,-4.022863,-0.44412938,0.08764445
5,206,0.29046214,0.009195209,-12.166487,-4.0229735,-0.44454044,0.08717818
5,207,0.2902013,0.009145856,-12.167089,-4.022939,-0.44494575,0.08670975
5,208,0.29007196,0.00909698,-12.167234,-4.023094,-0.4453453,0.08623918
5,209,0.28990614,0.008901596,-12.166887,-4.02301,-0.4457391,0.08576646
5,210,0.28977025,0.008840442,-12.167586,-4.0231466,-0.4461271,0.08529159
5,211,0.28963184,0.008746982,-12.167376,-4.022981,-0.4465093,0.08481458
5,212,0.28952515,0.008695602,-12.167859,-4.022972,-0.44688576,0.084335424
5,213,0.28929007,0.008497834,-12.167652,-4.0231333,-0.44725642,0.083854124
5,214,0.28908014,0.008424282,-12.167717,-4.0229235,-0.4476213,0.08337069
5,215,0.28895795,0.00834918,-12.167806,-4.023198,-0.4479804,0.08288512
5,216,0.28871858,0.008303165,-12.167861,-4.0230284,-0.44833368,0.082397416
5,217,0.28852522,0.008112192,-12.168014,-4.0231156,-0.4486812,0.08190758
5,218,0.2884096,0.008038163,-12.167662,-4.023074,-0.44902292,0.08141561
5,219,0.28820038,0.007977009,-12.168304,-4.0232806,-0.44935882,0.080921516
5,220,0.28804243,0.007873416,-12.168734,-4.0231104,-0.44968894,0.0804253
5,221,0.28790724,0.007828116,-12.168754,-4.0233655,-0.45001325,0.07992696
5,222,0.28770983,0.007682085,-12.169478,-4.023066,-0.45033178,0.0794265
5,223,0.2874316,0.0075491667,-12.169175,-4.0233116,-0.4506445,0.07892392
5,224,0.2873137,0.0074812174,-12.169418,-4.023126,-0.4509514,0.07841922
5,225,0.28716648,0.0073661804,-12.169047,-4.0232787,-0.4512525,0.07791242
5,226,0.28703892,0.0072700977,-12.169104,-4.02295,-0.45154774,0.0774035
5,227,0.28686488,0.0071612597,-12.16912,-4.0232058,-0.4518372,0.07689248
5,228,0.28675854,0.00716424,-12.168843,-4.0228558,-0.45212087,0.07637935
5,229,0.28648877,0.0069258213,-12.169079,-4.023287,-0.4523987,0.07586412
5,230,0.28630614,0.006895423,-12.168684,-4.0229077,-0.45267072,0.07534679
5,231,0.28615236,0.0068022013,-12.169041,-4.0233455,-0.4529369,0.074827366
5,232,0.28593397,0.006717205,-12.168892,-4.023263,-0.45319727,0.07430584
5,233,0.28575182,0.0066211224,-12.1692095,-4.0233545,-0.4534518,0.07378223
5,234,0.2856481,0.0066155195,-12.168867,-4.0229406,-0.4537005,0.07325653
5,235,0.2854271,0.006448865,-12.169362,-4.0230746,-0.4539434,0.072728746
5,236,0.2852757,0.0063961744,-12.169547,-4.0229907,-0.45418048,0.072198875
5,237,0.2850747,0.006209731,-12.169883,-4.0230904,-0.4544117,0.071666926
5,238,0.2850157,0.006202936,-12.1697445,-4.0230565,-0.45463708,0.071132906
5,239,0.28480697,0.006094575,-12.170406,-4.0230474,-0.45485666,0.07059681
5,240,0.28460193,0.005962372,-12.169813,-4.022974,-0.45507038,0.07005864
5,241,0.28440022,0.005855918,-12.170814,-4.0229945,-0.45527828,0.0695184
5,242,0.2843095,0.0058506727,-12.169839,-4.0227613,-0.45548034,0.068976104
5,243,0.2841928,0.0057137012,-12.17106,-4.0228257,-0.45567653,0.06843174
5,244,0.28403974,0.005654931,-12.1702175,-4.0229044,-0.4558669,0.06788532
5,245,0.28378344,0.005580306,-12.170832,-4.0227804,-0.45605144,0.06733684
5,246,0.2836138,0.005408287,-12.170568,-4.023098,-0.45623013,0.06678632
5,247,0.28340542,0.005359888,-12.171301,-4.022984,-0.45640296,0.06623375
5,248,0.28335583,0.0053082705,-12.170679,-4.023077,-0.45656997,0.065679125
5,249,0.28312814,0.005164504,-12.171157,-4.0230823,-0.4567311,0.06512246
5,250,0.28303778,0.005052805,-12.170683,-4.023261,-0.4568864,0.064563766
5,251,0.28273845,0.0050264597,-12.171354,-4.0228796,-0.45703587,0.06400303
5,252,0.282699,0.0049221516,-12.171692,-4.0227523,-0.4571795,0.06344026
5,253,0.28240895,0.0047727823,-12.171589,-4.02265,-0.45731726,0.06287547
5,254,0.28227973,0.004693508,-12.173202,-4.022228,-0.45744917,0.062308654
5,255,0.28209615,0.0046350956,-12.171165,-4.022784,-0.45757523,0.061739814
5,256,0.28199518,0.0045292377,-12.174382,-4.022301,-0.45769542,0.061168958
5,257,0.28180492,0.0044709444,-12.170818,-4.0226097,-0.45780978,0.06059609
5,258,0.28164005,0.0043154955,-12.170834,-4.0223136,-0.4579183,0.06002121
5,259,0.28139722,0.004210949,-12.1709795,-4.0227313,-0.45802093,0.059444327
5,260,0.2812934,0.0040962696,-12.170968,-4.022467,-0.45811772,0.05886544
5,261,0.28103864,0.004114628,-12.171336,-4.0230103,-0.45820868,0.05828455
5,262,0.28099644,0.0039925575,-12.171661,-4.022706,-0.45829377,0.05770167
5,263,0.28074992,0.003856182,-12.172268,-4.0228095,-0.45837298,0.057116795
5,264,0.28065717,0.0037409067,-12.1722145,-4.0229154,-0.45844635,0.056529935
5,265,0.28046274,0.003709197,-12.173202,-4.0228286,-0.4585139,0.055941094
5,266,0.28024173,0.0035306215,-12.172758,-4.022847,-0.45857555,0.05535027
5,267,0.28009176,0.0035027266,-12.173241,-4.02292,-0.45863137,0.054757472
5,268,0.2798488,0.0033756495,-12.172819,-4.022621,-0.45868132,0.054162703
5,269,0.2796949,0.003285408,-12.173052,-4.022564,-0.4587254,0.053565968
5,270,0.27957773,0.0032616854,-12.17283,-4.0227675,-0.45876363,0.05296727
5,271,0.27936494,0.0031784773,-12.172934,-4.0226207,-0.45879602,0.052366607
5,272,0.2791946,0.0030831099,-12.172864,-4.0225,-0.45882255,0.051763993
5,273,0.27905285,0.0029718876,-12.172648,-4.0230308,-0.45884323,0.05115943
5,274,0.27885056,0.0028170347,-12.172866,-4.022499,-0.45885804,0.050552916
5,275,0.27868247,0.0027315617,-12.172573,-4.022809,-0.45886698,0.04994446
5,276,0.27852476,0.002614379,-12.172657,-4.022367,-0.45887008,0.049334068
5,277,0.27838647,0.0026402473,-12.172377,-4.0225115,-0.45886734,0.048721742
5,278,0.2781477,0.0024812222,-12.172821,-4.0224724,-0.45885873,0.048107486
5,279,0.27804434,0.0023549795,-12.172329,-4.0230174,-0.45884427,0.047491305
5,280,0.27778935,0.0022428036,-12.172643,-4.0226164,-0.45882395,0.0468732
5,281,0.2776475,0.002210617,-12.172182,-4.0233593,-0.45879778,0.046253182
5,282,0.27745748,0.002113223,-12.172754,-4.022688,-0.45876575,0.045631252
5,283,0.27730596,0.0020958185,-12.172315,-4.0236874,-0.45872787,0.045007415
5,284,0.2771213,0.0018888712,-12.173068,-4.022717,-0.45868415,0.04438167
5,285,0.2768972,0.0018647909,-12.173049,-4.0235596,-0.45863456,0.043754034
5,286,0.27678108,0.0016752481,-12.17333,-4.0227585,-0.45857912,0.0431245
5,287,0.2765541,0.0016378164,-12.173285,-4.0235376,-0.45851785,0.042493075
5,288,0.27648473,0.0015410185,-12.173507,-4.0228295,-0.4584507,0.04185977
5,289,0.27627242,0.0014814138,-12.173526,-4.0235424,-0.45837772,0.04122458
5,290,0.27602053,0.0013707876,-12.17393,-4.0228953,-0.4582989,0.04058752
5,291,0.27591753,0.0012646914,-12.173656,-4.0232663,-0.4582142,0.039948586
5,292,0.27576184,0.0011048317,-12.174167,-4.0227933,-0.45812368,0.039307788
5,293,0.2755003,0.0010815859,-12.174085,-4.022973,-0.4580273,0.03866513
5,294,0.27534568,0.0009673834,-12.174654,-4.0226946,-0.45792508,0.038020615
5,295,0.27518487,0.00089752674,-12.174382,-4.0227957,-0.45781705,0.03737425
5,296,0.27499688,0.0007225275,-12.1751,-4.022665,-0.45770314,0.03672604
5,297,0.2748258,0.0006875992,-12.174789,-4.0227103,-0.4575834,0.036075983
5,298,0.27470398,0.0006046295,-12.1750145,-4.0222793,-0.4574578,0.035424095
5,299,0.2744131,0.00041151047,-12.175355,-4.022869,-0.45732638,0.034770373
5,300,0.27435005,0.00043416023,-12.175061,-4.022467,-0.45718914,0.03411483
5,301,0.27414405,0.00033521652,-12.175106,-4.0227094,-0.45704603,0.03345746
5,302,0.27395177,0.00025987625,-12.175034,-4.0222373,-0.4568971,0.032798275
5,303,0.27374816,9.691715e-05,-12.175018,-4.0227647,-0.45674235,0.032137282
5,304,0.27367878,5.865097e-05,-12.174835,-4.022362,-0.45658174,0.031474482
5,305,0.27343023,-6.246567e-05,-12.17461,-4.0228834,-0.45641533,0.030809881
5,306,0.2732371,-0.00014019012,-12.175255,-4.022653,-0.45624307,0.030143486
5,307,0.273113,-0.00027608871,-12.17547,-4.022581,-0.456065,0.0294753
5,308,0.2729776,-0.0003453493,-12.175662,-4.022665,-0.4558811,0.02880533
5,309,0.2727679,-0.00043725967,-12.175755,-4.022785,-0.45569137,0.02813358
5,310,0.27260447,-0.0005044937,-12.175457,-4.0225325,-0.4554958,0.027460057
5,311,0.27237177,-0.0007226467,-12.175642,-4.0223966,-0.45529443,0.026784765
5,312,0.27224445,-0.00073611736,-12.174907,-4.0227046,-0.45508724,0.026107708
5,313,0.27212214,-0.00083589554,-12.175457,-4.022228,-0.45487425,0.025428895
5,314,0.2719345,-0.0009262562,-12.175045,-4.0225925,-0.45465544,0.02474833
5,315,0.27179408,-0.0009602308,-12.175564,-4.0222616,-0.4544308,0.024066018
5,316,0.27159607,-0.0011081696,-12.175198,-4.0224466,-0.45420036,0.023381963
5,317,0.27141702,-0.0012239218,-12.176266,-4.0224757,-0.45396408,0.022696175
5,318,0.2711799,-0.0013674498,-12.17556,-4.0228677,-0.45372203,0.022008656
5,319,0.27106202,-0.0014195442,-12.17716,-4.0224442,-0.45347416,0.021319412
5,320,0.27095413,-0.0015565157,-12.176461,-4.0229487,-0.45322052,0.020628449
5,321,0.27080774,-0.0015791655,-12.176996,-4.022349,-0.45296103,0.019935772
5,322,0.27052522,-0.0017435551,-12.176489,-4.0231867,-0.4526958,0.019241389
5,323,0.27043378,-0.001765132,-12.176768,-4.022382,-0.4524247,0.018545305
5,324,0.27023625,-0.001855135,-12.176553,-4.022725,-0.45214787,0.017847525
5,325,0.27008998,-0.0019471645,-12.176822,-4.022401,-0.45186523,0.017148055
5,326,0.2699455,-0.0020878315,-12.176541,-4.022311,-0.45157677,0.0164469
5,327,0.26980555,-0.0021028519,-12.176949,-4.022398,-0.45128256,0.015744068
5,328,0.2695397,-0.0023071766,-12.176691,-4.022587,-0.45098257,0.015039561
5,329,0.26942647,-0.0023750067,-12.176407,-4.0222898,-0.45067677,0.01433339
5,330,0.26921082,-0.0023932457,-12.177179,-4.0222855,-0.45036522,0.013625558
5,331,0.26907456,-0.0024977922,-12.176181,-4.0222535,-0.45004788,0.01291607
5,332,0.26884413,-0.0026676655,-12.177341,-4.0224504,-0.44972476,0.012204936
5,333,0.26875496,-0.0026454926,-12.176515,-4.0222554,-0.4493959,0.011492158
5,334,0.26857042,-0.0027685165,-12.177346,-4.0225306,-0.44906124,0.0107777435
5,335,0.26837873,-0.0029133558,-12.176816,-4.0223494,-0.4487208,0.0100617
5,336,0.26813817,-0.0029978752,-12.177341,-4.0225544,-0.44837466,0.009344031
5,337,0.2680514,-0.003087163,-12.177107,-4.0224466,-0.44802272,0.008624745
5,338,0.26780117,-0.003202796,-12.177618,-4.0226183,-0.44766504,0.007903847
5,339,0.26773572,-0.0032593012,-12.177109,-4.0222297,-0.44730157,0.0071813427
5,340,0.26756167,-0.0032896996,-12.178415,-4.022752,-0.44693238,0.00645724
5,341,0.26735568,-0.0034630299,-12.177355,-4.0230446,-0.44655746,0.005731544
5,342,0.26716745,-0.00347507,-12.17873,-4.0229506,-0.44617677,0.005004261
5,343,0.26711237,-0.0036693811,-12.175854,-4.0233345,-0.44579035,0.0042753983
5,344,0.26689363,-0.0037304163,-12.179049,-4.022678,-0.44539818,0.0035449613
5,345,0.26670337,-0.003835082,-12.177479,-4.0233326,-0.4450003,0.002812957
5,346,0.2665609,-0.003919482,-12.179218,-4.0228486,-0.44459668,0.0020793912
5,347,0.2663293,-0.003992796,-12.177698,-4.0229545,-0.4441873,0.0013442708
5,348,0.26617956,-0.004101634,-12.1794405,-4.022482,-0.44377226,0.0006076022
5,349,0.26598382,-0.004214525,-12.178169,-4.0226293,-0.44335145,-0.00013060812
5,350,0.2658198,-0.0042322874,-12.179231,-4.0223536,-0.44292495,-0.0008703536
5,351,0.26566708,-0.0043848753,-12.178356,-4.0225234,-0.44249272,-0.0016116278
5,352,0.26552474,-0.004405141,-12.179048,-4.02234,-0.44205478,-0.0023544237
5,353,0.26528323,-0.004540205,-12.178913,-4.022476,-0.44161114,-0.0030987354
5,354,0.26516056,-0.0046629906,-12.179264,-4.0220532,-0.44116178,-0.0038445555
5,355,0.26500762,-0.0047546625,-12.179016,-4.022404,-0.44070676,-0.004591878
5,356,0.2647928,-0.004858136,-12.1790495,-4.022219,-0.44024602,-0.0053406954
5,357,0.26463342,-0.004994631,-12.178726,-4.022366,-0.43977958,-0.006091002
5,358,0.26448727,-0.0050030947,-12.179455,-4.022503,-0.43930745,-0.00684279
5,359,0.2643392,-0.0052336454,-12.178755,-4.022515,-0.43882966,-0.007596053
5,360,0.2641003,-0.005182624,-12.178992,-4.022806,-0.43834618,-0.008350785
5,361,0.2639879,-0.005382061,-12.1789055,-4.022504,-0.43785703,-0.009106978
5,362,0.2637409,-0.0053664446,-12.179573,-4.0224376,-0.4373622,-0.0098646255
5,363,0.2636472,-0.005489826,-12.179232,-4.022681,-0.4368617,-0.0106237205
5,364,0.26345408,-0.0055400133,-12.18082,-4.0221057,-0.43635553,-0.011384256
5,365,0.26332474,-0.005657077,-12.179503,-4.0226297,-0.43584374,-0.012146226
5,366,0.26310337,-0.005732894,-12.180826,-4.0218763,-0.43532625,-0.012909622
5,367,0.26288807,-0.0058584213,-12.179381,-4.0224767,-0.43480313,-0.013674439
5,368,0.26274586,-0.0058130026,-12.180381,-4.0220566,-0.43427435,-0.014440668
5,369,0.2626419,-0.006023526,-12.179593,-4.022543,-0.43373993,-0.015208302
5,370,0.26244414,-0.006051898,-12.1802,-4.022243,-0.43319988,-0.015977336
5,371,0.26222467,-0.0062794685,-12.180451,-4.022579,-0.4326542,-0.016747762
5,372,0.2621585,-0.0063049793,-12.180288,-4.0222054,-0.4321029,-0.01751957
5,373,0.26190913,-0.006525159,-12.180553,-4.0224733,-0.43154594,-0.018292757
5,374,0.26170838,-0.0063821077,-12.180411,-4.0220904,-0.4309834,-0.019067314
5,375,0.2615683,-0.0066218376,-12.180918,-4.022192,-0.4304152,-0.019843232
5,376,0.261384,-0.0066280365,-12.180971,-4.021969,-0.42984143,-0.020620508
5,377,0.2612052,-0.006721258,-12.180859,-4.022211,-0.42926204,-0.021399131
5,378,0.26105952,-0.0067480803,-12.181176,-4.022103,-0.42867705,-0.022179095
5,379,0.2608447,-0.006942868,-12.180818,-4.022456,-0.42808646,-0.022960393
5,380,0.26064742,-0.00696218,-12.181236,-4.022103,-0.42749026,-0.023743019
5,381,0.2605368,-0.007120967,-12.181145,-4.022424,-0.4268885,-0.024526961
5,382,0.26030278,-0.0071623325,-12.181143,-4.0220256,-0.42628115,-0.025312217
5,383,0.260126,-0.0072470903,-12.180964,-4.022256,-0.4256682,-0.026098777
5,384,0.2600249,-0.0073467493,-12.181059,-4.022033,-0.42504972,-0.026886633
5,385,0.25972438,-0.0074516535,-12.181178,-4.022049,-0.42442563,-0.027675778
5,386,0.2596215,-0.007571578,-12.181105,-4.0222573,-0.423796,-0.028466204
5,387,0.25949442,-0.007697344,-12.181513,-4.0224085,-0.42316082,-0.029257907
5,388,0.25934172,-0.007752776,-12.181902,-4.022462,-0.42252007,-0.030050874
5,389,0.2590853,-0.007822514,-12.181308,-4.022067,-0.42187378,-0.030845102
5,390,0.25887895,-0.007839799,-12.1826515,-4.0223446,-0.42122194,-0.03164058
5,391,0.25874496,-0.008050084,-12.181808,-4.022124,-0.4205646,-0.032437302
5,392,0.25861084,-0.008117557,-12.18306,-4.02221,-0.4199017,-0.033235263
5,393,0.25832033,-0.008209705,-12.181528,-4.022243,-0.41923326,-0.03403445
5,394,0.2581886,-0.008273125,-12.183411,-4.0219827,-0.4185593,-0.034834858
5,395,0.25792646,-0.008376002,-12.181544,-4.022316,-0.41787985,-0.03563648
5,396,0.25788593,-0.008493304,-12.182039,-4.022215,-0.41719487,-0.036439307
5,397,0.25765324,-0.008644462,-12.182029,-4.0221095,-0.41650438,-0.037243333
5,398,0.2575301,-0.008636475,-12.182341,-4.0218563,-0.4158084,-0.03804855
5,399,0.25733852,-0.008712769,-12.182614,-4.0225425,-0.41510695,-0.038854945
5,400,0.25723577,-0.008828998,-12.181902,-4.021935,-0.41439998,-0.039662518
5,401,0.2570207,-0.008951068,-12.182921,-4.022557,-0.41368756,-0.040471256
5,402,0.2568848,-0.009031773,-12.181761,-4.022092,-0.41296965,-0.041281153
5,403,0.25671744,-0.00909245,-12.182756,-4.0225735,-0.41224626,-0.0420922
5,404,0.2564757,-0.009191513,-12.182239,-4.022082,-0.4115174,-0.042904392
5,405,0.25633597,-0.0092612505,-12.182501,-4.0226183,-0.41078308,-0.043717716
5,406,0.256135,-0.00935173,-12.182779,-4.022134,-0.41004333,-0.04453217
5,407,0.25591588,-0.00949049,-12.182544,-4.022738,-0.40929812,-0.04534774
5,408,0.2558483,-0.009618878,-12.18326,-4.022352,-0.40854746,-0.04616442
5,409,0.2557373,-0.009618998,-12.183197,-4.0225277,-0.40779138,-0.046982203
5,410,0.25552118,-0.009816408,-12.183727,-4.022611,-0.40702987,-0.047801085
5,411,0.25544608,-0.009858966,-12.183603,-4.022277,-0.40626293,-0.048621047
5,412,0.25513482,-0.009898543,-12.183958,-4.0227246,-0.40549058,-0.049442094
5,413,0.25505674,-0.009990931,-12.184109,-4.0222697,-0.4047128,-0.050264206
5,414,0.254812,-0.01011765,-12.184126,-4.022645,-0.40392962,-0.051087383
5,415,0.25467122,-0.010156155,-12.184572,-4.022367,-0.40314105,-0.051911615
5,416,0.25445163,-0.010277748,-12.184509,-4.022484,-0.40234712,-0.052736893
5,417,0.25438368,-0.010300398,-12.185441,-4.0224686,-0.40154776,-0.053563207
5,418,0.25405622,-0.010452151,-12.184912,-4.022502,-0.40074304,-0.05439055
5,419,0.25406408,-0.010474682,-12.185477,-4.0223145,-0.39993295,-0.055218916
5,420,0.25375378,-0.010635257,-12.184332,-4.022545,-0.39911747,-0.056048293
5,421,0.25370407,-0.010664225,-12.185773,-4.0222235,-0.39829665,-0.056878675
5,422,0.25347197,-0.010832906,-12.184269,-4.0225067,-0.39747047,-0.057710055
5,423,0.25336003,-0.010899544,-12.185364,-4.022361,-0.39663893,-0.058542423
5,424,0.25312614,-0.010981202,-12.1841755,-4.02254,-0.39580208,-0.059375767
5,425,0.2530285,-0.011022568,-12.185564,-4.022401,-0.39495987,-0.060210083
5,426,0.252751,-0.011185527,-12.184326,-4.0224957,-0.39411235,-0.061045364
5,427,0.25263095,-0.011306047,-12.185529,-4.022103,-0.39325953,-0.061881598
5,428,0.25245357,-0.011323214,-12.184464,-4.022515,-0.39240137,-0.06271878
5,429,0.25230289,-0.011415005,-12.185481,-4.0223255,-0.39153787,-0.063556895
5,430,0.2519703,-0.0115891695,-12.184627,-4.022792,-0.39066914,-0.06439594
5,431,0.25194657,-0.011564255,-12.185707,-4.0225472,-0.38979506,-0.065235905
5,432,0.25172794,-0.011654854,-12.185247,-4.023244,-0.38891572,-0.066076785
5,433,0.25159156,-0.011752486,-12.186081,-4.0225015,-0.3880311,-0.06691857
5,434,0.25141215,-0.011896372,-12.185725,-4.023363,-0.3871412,-0.06776124
5,435,0.2512797,-0.011930227,-12.18602,-4.0223055,-0.38624606,-0.068604805
5,436,0.25107038,-0.012070298,-12.186314,-4.0230985,-0.38534564,-0.069449246
5,437,0.25090337,-0.012011409,-12.186726,-4.0223064,-0.38443998,-0.07029456
5,438,0.2507689,-0.012191653,-12.186043,-4.0232735,-0.38352907,-0.07114073
5,439,0.25056958,-0.01229763,-12.186418,-4.0225353,-0.3826129,-0.07198775
5,440,0.2503327,-0.012445092,-12.185795,-4.0230217,-0.38169155,-0.07283561
5,441,0.25027108,-0.012449384,-12.185915,-4.0226192,-0.38076496,-0.073684305
5,442,0.24993062,-0.012678504,-12.18647,-4.0225945,-0.37983313,-0.07453383
5,443,0.24983478,-0.012602329,-12.1848,-4.0222993,-0.37889612,-0.07538417
5,444,0.24972296,-0.0127590895,-12.186962,-4.0224133,-0.37795392,-0.07623532
5,445,0.24958563,-0.012855649,-12.186161,-4.0224066,-0.3770065,-0.07708726
5,446,0.24931729,-0.0129954815,-12.186304,-4.0224185,-0.37605393,-0.07794
5,447,0.24925065,-0.012963295,-12.1873045,-4.022436,-0.37509614,-0.07879352
5,448,0.24905372,-0.0131931305,-12.185968,-4.0224867,-0.37413323,-0.07964781
5,449,0.24881577,-0.013074875,-12.187245,-4.0225754,-0.37316513,-0.08050286
5,450,0.24869967,-0.01337862,-12.185703,-4.0222583,-0.37219188,-0.08135867
5,451,0.24849224,-0.013366342,-12.187092,-4.0225296,-0.37121347,-0.08221523
5,452,0.24843669,-0.013532996,-12.1853695,-4.022187,-0.37022993,-0.08307252
5,453,0.24811244,-0.013590097,-12.186893,-4.0221095,-0.36924127,-0.08393054
5,454,0.24809647,-0.013741255,-12.185314,-4.0223894,-0.36824748,-0.084789276
5,455,0.24778318,-0.013800025,-12.187292,-4.022297,-0.36724856,-0.08564873
5,456,0.24772596,-0.013939738,-12.185703,-4.0226283,-0.36624455,-0.08650888
5,457,0.24748206,-0.014013767,-12.187136,-4.0219646,-0.36523545,-0.087369725
5,458,0.24724507,-0.014103055,-12.186197,-4.0227146,-0.36422125,-0.08823125
5,459,0.2470491,-0.014246106,-12.186938,-4.0217905,-0.36320198,-0.08909345
5,460,0.24691105,-0.014297843,-12.186567,-4.0223684,-0.3621776,-0.08995631
5,461,0.24678051,-0.014277577,-12.185567,-4.021979,-0.36114818,-0.090819836
5,462,0.24661529,-0.014469266,-12.186951,-4.0223627,-0.3601137,-0.091684
5,463,0.24646771,-0.014542699,-12.1871395,-4.0222583,-0.35907418,-0.09254881
5,464,0.24632335,-0.014648557,-12.186853,-4.022706,-0.3580296,-0.09341424
5,465,0.24607563,-0.014773369,-12.187181,-4.023134,-0.35698,-0.094280295
5,466,0.2458539,-0.014881492,-12.188344,-4.02254,-0.35592535,-0.09514696
5,467,0.24565256,-0.014931083,-12.186981,-4.0230556,-0.3548657,-0.096014224
5,468,0.24554503,-0.015123963,-12.184279,-4.0222683,-0.35380104,-0.09688208
5,469,0.24541128,-0.015139818,-12.186338,-4.0232034,-0.35273138,-0.09775052
5,470,0.2452383,-0.015219808,-12.187819,-4.0225525,-0.3516567,-0.098619536
5,471,0.24500656,-0.0152926445,-12.185743,-4.02322,-0.35057706,-0.099489115
5,472,0.24488199,-0.015365243,-12.188181,-4.0225673,-0.34949246,-0.100359246
5,473,0.24461818,-0.015429258,-12.1875105,-4.0231924,-0.34840286,-0.10122993
5,474,0.24450207,-0.015543938,-12.188021,-4.0224695,-0.34730834,-0.10210114
5,475,0.24435806,-0.015555739,-12.18841,-4.023112,-0.34620884,-0.10297288
5,476,0.2441827,-0.015716434,-12.187724,-4.0223107,-0.3451044,-0.10384514
5,477,0.24397445,-0.015868306,-12.188137,-4.02258,-0.34399503,-0.10471791
5,478,0.2439146,-0.015808463,-12.187441,-4.0224814,-0.34288076,-0.10559118
5,479,0.24366844,-0.015985012,-12.188008,-4.022359,-0.34176156,-0.10646494
5,480,0.24356139,-0.016054392,-12.187466,-4.02205,-0.34063745,-0.10733917
5,481,0.24336672,-0.016130209,-12.187638,-4.0222793,-0.33950844,-0.10821389
5,482,0.24325454,-0.016324997,-12.187336,-4.0215387,-0.33837456,-0.109089054
5,483,0.2429409,-0.016318321,-12.187637,-4.022105,-0.33723578,-0.109964676
5,484,0.24289584,-0.016509295,-12.187549,-4.0216537,-0.33609214,-0.110840745
5,485,0.24260151,-0.016517758,-12.187687,-4.0221457,-0.33494365,-0.11171724
5,486,0.24257267,-0.016655207,-12.187704,-4.0215654,-0.3337903,-0.112594165
5,487,0.24229598,-0.016643286,-12.187628,-4.0225506,-0.3326321,-0.1134715
5,488,0.24210119,-0.016768098,-12.188182,-4.0223517,-0.3314691,-0.114349246
5,489,0.24199748,-0.016787529,-12.187948,-4.022871,-0.33030123,-0.11522738
5,490,0.24177718,-0.016899943,-12.187329,-4.022395,-0.32912856,-0.11610591
5,491,0.24158001,-0.017106414,-12.188629,-4.0224996,-0.32795107,-0.1169848
5,492,0.24145913,-0.017100573,-12.188744,-4.022444,-0.32676882,-0.11786407
5,493,0.241238,-0.017222762,-12.189038,-4.022438,-0.32558176,-0.118743695
5,494,0.24112344,-0.01734078,-12.189112,-4.022462,-0.3243899,-0.11962366
5,495,0.24097848,-0.017327905,-12.189598,-4.0222235,-0.3231933,-0.12050397
5,496,0.24069273,-0.017567873,-12.189669,-4.022535,-0.32199192,-0.121384606
5,497,0.24053001,-0.0174824,-12.189227,-4.0226736,-0.32078582,-0.12226556
5,498,0.2404437,-0.01779139,-12.189561,-4.0223227,-0.31957495,-0.12314683
5,499,0.2402705,-0.01778233,-12.189099,-4.0225706,-0.31835938,-0.12402839
5,500,0.23997009,-0.01790154,-12.18943,-4.022046,-0.31713906,-0.12491025
5,501,0.23998201,-0.017952919,-12.190744,-4.0228176,-0.31591403,-0.12579238
5,502,0.23972619,-0.018056154,-12.189377,-4.0218306,-0.31468433,-0.12667479
5,503,0.23958254,-0.018139482,-12.190435,-4.022478,-0.31344992,-0.12755746
5,504,0.23930061,-0.018317342,-12.189243,-4.0220146,-0.3122108,-0.12844038
5,505,0.23926485,-0.018338919,-12.189396,-4.0224967,-0.31096703,-0.12932353
5,506,0.23899281,-0.01843071,-12.190128,-4.022271,-0.3097186,-0.13020693
5,507,0.238886,-0.01851654,-12.188831,-4.022331,-0.3084655,-0.13109054
5,508,0.23863363,-0.018628836,-12.190387,-4.0221953,-0.3072078,-0.13197437
5,509,0.23858798,-0.018639803,-12.189184,-4.021981,-0.30594543,-0.1328584
5,510,0.23817265,-0.018793464,-12.190674,-4.0220456,-0.30467844,-0.13374262
5,511,0.23814058,-0.018777013,-12.189482,-4.02225,-0.30340683,-0.13462701
5,512,0.2379322,-0.018958688,-12.190863,-4.0226307,-0.3021306,-0.13551159
5,513,0.23784316,-0.018938184,-12.188062,-4.0222397,-0.30084983,-0.13639633
5,514,0.23757446,-0.019083023,-12.190861,-4.022876,-0.29956445,-0.13728122
5,515,0.23756146,-0.019209981,-12.19067,-4.0221996,-0.2982745,-0.13816626
5,516,0.23722982,-0.01935029,-12.190876,-4.022628,-0.29697996,-0.13905142
5,517,0.23718119,-0.019375086,-12.19261,-4.0220947,-0.29568088,-0.13993673
5,518,0.23699486,-0.019560814,-12.190847,-4.02277,-0.29437727,-0.14082213
5,519,0.2368207,-0.019499779,-12.191517,-4.022645,-0.29306912,-0.14170764
5,520,0.23657358,-0.019681811,-12.19088,-4.0228233,-0.29175645,-0.14259325
5,521,0.23649168,-0.019698262,-12.189502,-4.0223384,-0.29043928,-0.14347894
5,522,0.23618186,-0.019895792,-12.191315,-4.022583,-0.28911757,-0.14436471
5,523,0.23605633,-0.019973874,-12.189751,-4.0226665,-0.2877914,-0.14525054
5,524,0.235906,-0.020078063,-12.191966,-4.022242,-0.28646076,-0.14613643
5,525,0.2356875,-0.020083308,-12.190422,-4.022501,-0.2851256,-0.14702237
5,526,0.23557687,-0.020154595,-12.192215,-4.0220046,-0.28378603,-0.14790833
5,527,0.23536456,-0.020371556,-12.191141,-4.0229545,-0.282442,-0.14879432
5,528,0.2352004,-0.020296216,-12.191623,-4.022349,-0.2810935,-0.14968033
5,529,0.23499155,-0.020422816,-12.190937,-4.022821,-0.2797406,-0.15056634
5,530,0.23469865,-0.020521045,-12.19136,-4.0225663,-0.27838328,-0.15145235
5,531,0.23476028,-0.020632982,-12.191704,-4.022997,-0.27702156,-0.15233834
5,532,0.23420525,-0.020670176,-12.191214,-4.022435,-0.27565542,-0.1532243
5,533,0.23434329,-0.020838857,-12.192425,-4.022477,-0.27428493,-0.15411024
5,534,0.23392117,-0.02084279,-12.191004,-4.022703,-0.27291003,-0.15499613
5,535,0.2339549,-0.021003604,-12.192641,-4.0223503,-0.27153078,-0.15588196
5,536,0.23368537,-0.021044374,-12.190636,-4.0227766,-0.27014717,-0.15676773
5,537,0.23367083,-0.021198988,-12.19253,-4.0225334,-0.26875922,-0.15765342
5,538,0.2330792,-0.021255612,-12.190439,-4.022994,-0.26736695,-0.15853903
5,539,0.23322916,-0.021355629,-12.192528,-4.022577,-0.26597035,-0.15942454
5,540,0.23281658,-0.02135849,-12.191431,-4.0229225,-0.26456943,-0.16030994
5,541,0.2329632,-0.021520376,-12.192793,-4.0221825,-0.26316422,-0.16119523
5,542,0.23259747,-0.021539927,-12.19359,-4.022701,-0.26175472,-0.1620804
5,543,0.23253703,-0.021753669,-12.192902,-4.0223017,-0.26034096,-0.16296545
5,544,0.23234963,-0.021651864,-12.192949,-4.022434,-0.2589229,-0.16385032
5,545,0.23232043,-0.021820664,-12.193431,-4.0224657,-0.25750062,-0.16473506
5,546,0.23206997,-0.021872044,-12.1935215,-4.022599,-0.2560741,-0.16561963
5,547,0.23195922,-0.02193904,-12.193797,-4.0228,-0.25464332,-0.16650403
5,548,0.23173904,-0.022007704,-12.194158,-4.0222273,-0.25320834,-0.16738823
5,549,0.23161554,-0.022157192,-12.193626,-4.0228977,-0.25176913,-0.16827224
5,550,0.23134851,-0.022261977,-12.19044,-4.022281,-0.25032574,-0.16915604
5,551,0.23121369,-0.022353292,-12.193334,-4.0227475,-0.24887815,-0.17003962
5,552,0.23090923,-0.022408962,-12.192129,-4.0223613,-0.24742639,-0.170923
5,553,0.23092341,-0.022568583,-12.1931305,-4.0228386,-0.24597047,-0.17180611
5,554,0.23053873,-0.022614956,-12.193111,-4.0223536,-0.2445104,-0.17268899
5,555,0.2305038,-0.022704601,-12.192904,-4.022791,-0.24304618,-0.17357162
5,556,0.23033011,-0.022731423,-12.192961,-4.022324,-0.24157783,-0.17445397
5,557,0.23021364,-0.022841334,-12.193127,-4.0225854,-0.24010536,-0.17533606
5,558,0.2299223,-0.022979379,-12.192894,-4.0225134,-0.23862879,-0.17621785
5,559,0.22993493,-0.023084402,-12.192993,-4.0221906,-0.23714812,-0.17709935
5,560,0.22964883,-0.023098111,-12.19263,-4.0225434,-0.23566337,-0.17798053
5,561,0.22944915,-0.023233294,-12.1928005,-4.0225534,-0.23417455,-0.17886141
5,562,0.22924578,-0.023392439,-12.192573,-4.022466,-0.23268166,-0.17974195
5,563,0.22908282,-0.02332902,-12.192743,-4.0226717,-0.23118474,-0.18062215
5,564,0.22887468,-0.023538947,-12.193024,-4.022441,-0.22968377,-0.18150201
5,565,0.22881007,-0.023531318,-12.194159,-4.022781,-0.22817877,-0.18238151
5,566,0.22859943,-0.023651123,-12.194007,-4.022635,-0.22666977,-0.18326063
5,567,0.22848892,-0.02367568,-12.195076,-4.0226483,-0.22515675,-0.18413939
5,568,0.22820234,-0.023852944,-12.194183,-4.0225086,-0.22363976,-0.18501775
5,569,0.22809708,-0.0238806,-12.1947155,-4.0225816,-0.22211878,-0.18589573
5,570,0.22786462,-0.024006486,-12.194414,-4.022167,-0.22059384,-0.18677327
5,571,0.2276777,-0.024071455,-12.194034,-4.0226135,-0.21906495,-0.18765041
5,572,0.22751248,-0.024199724,-12.194117,-4.0222754,-0.21753211,-0.18852712
5,573,0.22731411,-0.024221778,-12.193063,-4.02251,-0.21599534,-0.18940338
5,574,0.22728968,-0.0244174,-12.193907,-4.0216575,-0.21445467,-0.1902792
5,575,0.22699046,-0.024352431,-12.193098,-4.0224953,-0.21291007,-0.19115455
5,576,0.22705734,-0.024639487,-12.190943,-4.0218606,-0.21136159,-0.19202945
5,577,0.2266661,-0.024448514,-12.192619,-4.022988,-0.20980923,-0.19290385
5,578,0.22664404,-0.024774909,-12.191445,-4.0213065,-0.208253,-0.19377775
5,579,0.22634995,-0.02471292,-12.192554,-4.02244,-0.2066929,-0.19465117
5,580,0.22622156,-0.02490294,-12.188871,-4.0213714,-0.20512897,-0.19552407
5,581,0.22603619,-0.024906158,-12.192991,-4.022399,-0.2035612,-0.19639646
5,582,0.22585106,-0.025105357,-12.190586,-4.0215197,-0.2019896,-0.19726829
5,583,0.22553837,-0.025103927,-12.195202,-4.0223703,-0.20041421,-0.19813961
5,584,0.22552645,-0.025202155,-12.193022,-4.0220585,-0.19883502,-0.19901036
5,585,0.2251805,-0.025335073,-12.195335,-4.022375,-0.19725205,-0.19988054
5,586,0.2251426,-0.025457978,-12.195763,-4.022834,-0.1956653,-0.20075016
5,587,0.22483444,-0.0254215,-12.19532,-4.022227,-0.1940748,-0.2016192
5,588,0.2247603,-0.025598645,-12.197383,-4.0235143,-0.19248055,-0.20248763
5,589,0.22446942,-0.025471926,-12.196154,-4.0216627,-0.19088256,-0.20335546
5,590,0.2244972,-0.025702596,-12.190627,-4.024625,-0.18928087,-0.2042227
5,591,0.22412431,-0.025693059,-12.196062,-4.021476,-0.18767545,-0.20508929
5,592,0.22397041,-0.025957584,-12.196306,-4.0235143,-0.18606634,-0.20595525
5,593,0.22389197,-0.025977135,-12.196075,-4.0221934,-0.18445355,-0.20682056
5,594,0.22349155,-0.02611506,-12.197496,-4.023489,-0.18283708,-0.20768523
5,595,0.22344792,-0.02621615,-12.195629,-4.0220833,-0.18121697,-0.20854923
5,596,0.2232647,-0.026221871,-12.196534,-4.023207,-0.1795932,-0.20941256
5,597,0.223158,-0.026339293,-12.195285,-4.0221896,-0.1779658,-0.21027519
5,598,0.22305858,-0.02634406,-12.195272,-4.022989,-0.1763348,-0.21113713
5,599,0.22268641,-0.026358128,-12.195411,-4.0222826,-0.17470017,-0.21199837
5,600,0.22271729,-0.026516795,-12.195181,-4.022528,-0.17306195,-0.21285889
5,601,0.22243321,-0.026576996,-12.195594,-4.0232325,-0.17142016,-0.21371867
5,602,0.22228074,-0.02680099,-12.195208,-4.022621,-0.16977479,-0.21457773
5,603,0.22216201,-0.026766658,-12.195626,-4.0231237,-0.16812587,-0.21543604
5,604,0.22196066,-0.027082205,-12.1952915,-4.0225077,-0.1664734,-0.21629359
5,605,0.22173226,-0.027017236,-12.195238,-4.022585,-0.16481741,-0.21715036
5,606,0.22161937,-0.027217984,-12.194778,-4.021983,-0.1631579,-0.21800637
5,607,0.22149837,-0.02719605,-12.194967,-4.0222554,-0.16149488,-0.21886158
5,608,0.22131813,-0.027303338,-12.193966,-4.022273,-0.15982838,-0.219716
5,609,0.22106433,-0.02740705,-12.195106,-4.02265,-0.15815839,-0.22056961
5,610,0.22102392,-0.027418613,-12.194587,-4.0225625,-0.15648495,-0.2214224
5,611,0.22065115,-0.027544498,-12.195242,-4.022644,-0.15480804,-0.22227436
5,612,0.22069335,-0.027593136,-12.196722,-4.02261,-0.15312771,-0.22312547
5,613,0.22037292,-0.027787805,-12.194738,-4.0236826,-0.15144394,-0.22397575
5,614,0.22037649,-0.027849793,-12.196453,-4.022601,-0.14975677,-0.22482516
5,615,0.22012806,-0.027855158,-12.1944,-4.0245647,-0.14806621,-0.22567369
5,616,0.22002304,-0.028067231,-12.196137,-4.0226555,-0.14637224,-0.22652136
5,617,0.21971333,-0.027976274,-12.195802,-4.023654,-0.14467493,-0.22736812
5,618,0.21962786,-0.028264046,-12.195655,-4.0229883,-0.14297423,-0.228214
5,619,0.21938896,-0.02814138,-12.197157,-4.022625,-0.1412702,-0.22905895
5,620,0.21925795,-0.028406024,-12.198695,-4.022897,-0.13956283,-0.22990298
5,621,0.21907496,-0.028456807,-12.196697,-4.0224566,-0.13785215,-0.23074609
5,622,0.21891093,-0.028486371,-12.201387,-4.0226383,-0.13613816,-0.23158824
5,623,0.21876955,-0.028614283,-12.196469,-4.022398,-0.13442089,-0.23242946
5,624,0.21860957,-0.028595924,-12.198481,-4.0224504,-0.13270032,-0.2332697
5,625,0.21836686,-0.028767109,-12.1961355,-4.02213,-0.1309765,-0.23410897
5,626,0.21826124,-0.028788447,-12.195478,-4.0228157,-0.12924942,-0.23494726
5,627,0.21819556,-0.029009223,-12.196593,-4.0222893,-0.12751912,-0.23578456
5,628,0.21779132,-0.029131532,-12.195799,-4.0226393,-0.12578557,-0.23662086
5,629,0.21773887,-0.029093146,-12.196964,-4.0229163,-0.12404883,-0.23745614
5,630,0.21743894,-0.029331207,-12.196683,-4.0224886,-0.12230888,-0.2382904
5,631,0.21738577,-0.029215813,-12.197475,-4.02357,-0.12056575,-0.23912363
5,632,0.21708286,-0.02935791,-12.195688,-4.02253,-0.11881945,-0.23995581
5,633,0.21711826,-0.029442072,-12.196846,-4.0238333,-0.117070004,-0.24078694
5,634,0.21673846,-0.029597163,-12.194921,-4.022666,-0.115317404,-0.24161701
5,635,0.21669233,-0.02968502,-12.196215,-4.0235415,-0.11356168,-0.24244599
5,636,0.21626663,-0.02969718,-12.1950035,-4.022558,-0.11180284,-0.2432739
5,637,0.21623003,-0.029846907,-12.19531,-4.02342,-0.110040896,-0.24410072
5,638,0.21572113,-0.029822826,-12.194576,-4.0226974,-0.10827587,-0.24492642
5,639,0.21592832,-0.029985666,-12.194821,-4.022883,-0.10650776,-0.24575101
5,640,0.21540606,-0.030015111,-12.197483,-4.0230107,-0.104736604,-0.24657448
5,641,0.2157079,-0.030121922,-12.194403,-4.0229597,-0.1029624,-0.24739681
5,642,0.21521425,-0.030219555,-12.196697,-4.02332,-0.10118516,-0.248218
5,643,0.21526337,-0.030296564,-12.195218,-4.0230036,-0.0994049,-0.24903803
5,644,0.21480381,-0.03040576,-12.196723,-4.0231524,-0.09762164,-0.24985689
5,645,0.21501386,-0.030575037,-12.198652,-4.0227947,-0.09583539,-0.25067458
5,646,0.2144351,-0.030534506,-12.195541,-4.023003,-0.09404616,-0.2514911
5,647,0.21451986,-0.030661345,-12.1978245,-4.022518,-0.092253976,-0.2523064
5,648,0.21422017,-0.03070867,-12.198956,-4.0223436,-0.09045884,-0.2531205
5,649,0.21430123,-0.030934215,-12.196878,-4.0226245,-0.08866077,-0.2539334
5,650,0.21403599,-0.030898213,-12.196527,-4.0226135,-0.08685978,-0.25474504
5,651,0.21385491,-0.031110644,-12.196743,-4.0227647,-0.08505588,-0.25555548
5,652,0.21364772,-0.031110287,-12.196796,-4.022419,-0.0832491,-0.25636464
5,653,0.21348596,-0.031170368,-12.196632,-4.022959,-0.081439435,-0.25717258
5,654,0.21326089,-0.03128457,-12.197067,-4.022915,-0.0796269,-0.25797924
5,655,0.21316612,-0.03139031,-12.196634,-4.0230393,-0.07781153,-0.25878462
5,656,0.21297956,-0.03139627,-12.196839,-4.023201,-0.07599332,-0.25958872
5,657,0.21286952,-0.031627297,-12.196636,-4.022851,-0.07417229,-0.2603915
5,658,0.21263039,-0.031582713,-12.195104,-4.023163,-0.07234845,-0.261193
5,659,0.21249449,-0.03167498,-12.19714,-4.0227613,-0.070521824,-0.26199317
5,660,0.2123239,-0.03173101,-12.19594,-4.0227833,-0.068692416,-0.26279202
5,661,0.2121352,-0.031868458,-12.197262,-4.0227113,-0.06686024,-0.26358953
5,662,0.21191251,-0.031947374,-12.196543,-4.0230284,-0.06502533,-0.2643857
5,663,0.2118386,-0.03207898,-12.1981945,-4.023284,-0.06318767,-0.26518053
5,664,0.21162558,-0.032193303,-12.197405,-4.0229044,-0.061347302,-0.26597396
5,665,0.21142018,-0.03227544,-12.199112,-4.0232134,-0.059504222,-0.26676604
5,666,0.21119034,-0.03231418,-12.197163,-4.0227427,-0.057658456,-0.26755673
5,667,0.21110606,-0.03243065,-12.199465,-4.023597,-0.05581001,-0.268346
5,668,0.21090317,-0.032545924,-12.198763,-4.022918,-0.0539589,-0.2691339
5,669,0.21069062,-0.03260815,-12.198758,-4.02317,-0.052105144,-0.26992035
5,670,0.21049666,-0.032647252,-12.198392,-4.0231447,-0.050248757,-0.2707054
5,671,0.21031344,-0.032838702,-12.197649,-4.023391,-0.048389748,-0.271489
5,672,0.21018636,-0.032904744,-12.197617,-4.0232034,-0.04652814,-0.27227116
5,673,0.21006513,-0.033016324,-12.19713,-4.023411,-0.04466394,-0.27305186
5,674,0.20986354,-0.033021092,-12.197759,-4.023336,-0.042797163,-0.2738311
5,675,0.20971346,-0.033162832,-12.197719,-4.0232415,-0.040927827,-0.27460888
5,676,0.20947838,-0.033212304,-12.197625,-4.023114,-0.039055947,-0.27538514
5,677,0.20928252,-0.033343196,-12.198884,-4.023301,-0.037181538,-0.27615994
5,678,0.20913851,-0.033501506,-12.198003,-4.0231247,-0.03530461,-0.27693322
5,679,0.20898473,-0.033504963,-12.1985855,-4.0234427,-0.033425182,-0.27770498
5,680,0.20874405,-0.033569813,-12.198666,-4.023179,-0.031543266,-0.27847522
5,681,0.20856214,-0.03369057,-12.198182,-4.023678,-0.02965888,-0.27924392
5,682,0.20842779,-0.033816814,-12.19946,-4.02309,-0.027772037,-0.2800111
5,683,0.20822299,-0.033925653,-12.198929,-4.02353,-0.02588275,-0.2807767
5,684,0.20800757,-0.033985376,-12.199891,-4.0232577,-0.023991037,-0.28154075
5,685,0.2079475,-0.03405261,-12.198168,-4.023777,-0.022096911,-0.28230324
5,686,0.20773268,-0.03417051,-12.199456,-4.0230594,-0.020200389,-0.28306413
5,687,0.20752311,-0.034308553,-12.197635,-4.023567,-0.018301483,-0.28382343
5,688,0.20733666,-0.03432262,-12.198329,-4.0231237,-0.016400209,-0.28458112
5,689,0.20716941,-0.034490705,-12.198185,-4.0233364,-0.014496583,-0.2853372
5,690,0.20701802,-0.034500957,-12.19805,-4.023135,-0.012590618,-0.2860917
5,691,0.20682228,-0.03467381,-12.19841,-4.022833,-0.0106823305,-0.28684452
5,692,0.20672786,-0.034748435,-12.19781,-4.02306,-0.008771734,-0.28759572
5,693,0.20636475,-0.034802675,-12.19806,-4.0232105,-0.0068588457,-0.28834525
5,694,0.20628273,-0.034845233,-12.198158,-4.0230336,-0.0049436786,-0.28909314
5,695,0.20605302,-0.03496182,-12.197645,-4.0234222,-0.0030262487,-0.28983936
5,696,0.2059393,-0.03511715,-12.198523,-4.023062,-0.0011065708,-0.29058388
5,697,0.20571339,-0.035171032,-12.197609,-4.0233274,0.00081533997,-0.29132673
5,698,0.20548606,-0.035223603,-12.198453,-4.0229235,0.0027394686,-0.2920679
5,699,0.20534325,-0.03538704,-12.19782,-4.0233235,0.0046658,-0.2928073
5,700,0.20508337,-0.03540647,-12.198099,-4.023168,0.006594319,-0.29354504
5,701,0.20498514,-0.03567779,-12.197212,-4.023299,0.00852501,-0.29428104
5,702,0.20467198,-0.035551548,-12.198137,-4.0235434,0.010457858,-0.2950153
5,703,0.20470858,-0.03569746,-12.196913,-4.0236053,0.01239285,-0.29574782
5,704,0.20436525,-0.035697103,-12.198176,-4.0238323,0.014329967,-0.29647857
5,705,0.20429468,-0.035837173,-12.196998,-4.0235515,0.016269196,-0.29720756
5,706,0.20410275,-0.03588438,-12.198257,-4.0239854,0.018210523,-0.29793477
5,707,0.20387495,-0.036125064,-12.197078,-4.0235987,0.020153929,-0.29866022
5,708,0.20365441,-0.03610325,-12.1980915,-4.0238805,0.022099402,-0.29938385
5,709,0.20358706,-0.036334276,-12.196703,-4.023973,0.024046926,-0.3001057
5,710,0.20335197,-0.036251426,-12.195795,-4.023811,0.025996484,-0.30082572
5,711,0.2032752,-0.03645146,-12.197247,-4.02394,0.027948063,-0.30154392
5,712,0.2030294,-0.036430836,-12.195936,-4.023923,0.029901648,-0.3022603
5,713,0.2028681,-0.036562204,-12.196789,-4.0237284,0.031857222,-0.30297482
5,714,0.20259047,-0.03666818,-12.196459,-4.0240617,0.03381477,-0.3036875
5,715,0.20267153,-0.036684394,-12.196285,-4.023507,0.035774276,-0.30439833
5,716,0.20217097,-0.036780953,-12.195307,-4.0239635,0.037735723,-0.3051073
5,717,0.20225215,-0.036824226,-12.198524,-4.0234723,0.0396991,-0.3058144
5,718,0.20202446,-0.036928654,-12.196554,-4.0238523,0.041664388,-0.30651957
5,719,0.20192146,-0.0370785,-12.199444,-4.0234556,0.043631576,-0.30722287
5,720,0.20163906,-0.037099957,-12.197987,-4.0237956,0.045600645,-0.30792424
5,721,0.20166981,-0.037311077,-12.197153,-4.023339,0.047571577,-0.30862373
5,722,0.20137501,-0.037233353,-12.198652,-4.02383,0.049544364,-0.30932128
5,723,0.20121384,-0.03733039,-12.198406,-4.0232434,0.051518984,-0.3100169
5,724,0.20101905,-0.037382126,-12.198553,-4.023531,0.053495422,-0.31071058
5,725,0.20091152,-0.037534714,-12.199283,-4.023287,0.055473667,-0.3114023
5,726,0.20058012,-0.037602186,-12.196995,-4.023245,0.057453696,-0.31209207
5,727,0.20059896,-0.037783265,-12.196163,-4.023472,0.0594355,-0.31277984
5,728,0.20027053,-0.03780389,-12.195576,-4.0231066,0.061419062,-0.31346568
5,729,0.20019698,-0.037900448,-12.1965,-4.0231524,0.06340437,-0.3141495
5,730,0.19998157,-0.03801453,-12.196638,-4.023129,0.0653914,-0.31483132
5,731,0.19978023,-0.038182855,-12.196644,-4.023239,0.06738014,-0.31551114
5,732,0.19957983,-0.0380975,-12.196418,-4.02313,0.069370575,-0.31618896
5,733,0.19943583,-0.038342595,-12.197031,-4.0236216,0.07136269,-0.31686476
5,734,0.19922602,-0.03839183,-12.196263,-4.02306,0.073356465,-0.3175385
5,735,0.19916391,-0.038457274,-12.197439,-4.0236444,0.07535189,-0.3182102
5,736,0.19891989,-0.038560033,-12.196202,-4.0227547,0.07734895,-0.31887987
5,737,0.19869184,-0.038599372,-12.1975975,-4.023696,0.079347625,-0.31954744
5,738,0.19860339,-0.038687825,-12.196992,-4.0231957,0.0813479,-0.320213
5,739,0.19844627,-0.038748503,-12.197546,-4.0241942,0.08334976,-0.32087645
5,740,0.19818437,-0.038902402,-12.197165,-4.023067,0.08535319,-0.3215378
5,741,0.19801033,-0.03895092,-12.197853,-4.024281,0.08735817,-0.32219708
5,742,0.19780838,-0.039030075,-12.196995,-4.023402,0.08936469,-0.32285422
5,743,0.19771361,-0.03913951,-12.198219,-4.023936,0.091372736,-0.32350928
5,744,0.19756281,-0.039297342,-12.198322,-4.0238285,0.093382284,-0.32416221
5,745,0.19736445,-0.039308667,-12.197956,-4.023925,0.09539332,-0.324813
5,746,0.19716227,-0.039490223,-12.197744,-4.0238457,0.097405836,-0.32546166
5,747,0.19697487,-0.039463043,-12.197647,-4.0236135,0.09941981,-0.32610816
5,748,0.19680345,-0.03980577,-12.19776,-4.0238857,0.10143522,-0.3267525
5,749,0.19659019,-0.03971541,-12.197437,-4.0239835,0.103452064,-0.3273947
5,750,0.19655263,-0.03993666,-12.198123,-4.023877,0.105470315,-0.3280347
5,751,0.19623923,-0.039949656,-12.19632,-4.024124,0.107489966,-0.32867253
5,752,0.19624281,-0.03999269,-12.196548,-4.0240307,0.109510995,-0.32930815
5,753,0.19595301,-0.04001689,-12.196241,-4.0242386,0.11153338,-0.32994157
5,754,0.19591725,-0.040096283,-12.194746,-4.0237074,0.11355712,-0.3305728
5,755,0.1956315,-0.040228724,-12.196895,-4.0242286,0.11558219,-0.3312018
5,756,0.19553065,-0.0404824,-12.195171,-4.0233984,0.11760858,-0.33182856
5,757,0.19521916,-0.040419936,-12.196636,-4.024276,0.11963626,-0.3324531
5,758,0.19516182,-0.040696263,-12.196023,-4.023535,0.12166523,-0.3330754
5,759,0.19485617,-0.04054892,-12.196157,-4.024412,0.12369547,-0.33369544
5,760,0.19487023,-0.040727973,-12.196685,-4.0229816,0.12572695,-0.33431324
5,761,0.19450593,-0.040749192,-12.199007,-4.024553,0.12775968,-0.33492875
5,762,0.19450104,-0.04078257,-12.19708,-4.0234222,0.12979363,-0.33554196
5,763,0.1940937,-0.040881395,-12.198198,-4.0240216,0.13182877,-0.3361529
5,764,0.1942352,-0.040956497,-12.194648,-4.0232177,0.1338651,-0.33676156
5,765,0.19378674,-0.04106784,-12.197169,-4.0240507,0.13590261,-0.33736792
5,766,0.19368482,-0.041229963,-12.196049,-4.0234137,0.13794127,-0.33797196
5,767,0.19341946,-0.04136598,-12.196028,-4.0239973,0.13998108,-0.33857366
5,768,0.19332767,-0.04140246,-12.194125,-4.023754,0.142022,-0.33917305
5,769,0.19307113,-0.04145491,-12.195177,-4.0234814,0.14406404,-0.3397701
5,770,0.19305122,-0.041604757,-12.192297,-4.023767,0.14610715,-0.3403648
5,771,0.1926533,-0.041669846,-12.194769,-4.023711,0.14815135,-0.34095716
5,772,0.19262397,-0.04180944,-12.196787,-4.0237637,0.15019661,-0.34154716
5,773,0.1924349,-0.04186833,-12.196072,-4.0240536,0.15224291,-0.34213477
5,774,0.19228375,-0.041940212,-12.197111,-4.023964,0.15429024,-0.34272003
5,775,0.19210362,-0.04198301,-12.197439,-4.024771,0.15633859,-0.34330288
5,776,0.19201124,-0.04210198,-12.197568,-4.024253,0.15838791,-0.34388334
5,777,0.19168115,-0.04218006,-12.196346,-4.025093,0.16043822,-0.34446138
5,778,0.19162154,-0.04225993,-12.196426,-4.023811,0.1624895,-0.34503704
5,779,0.19126332,-0.04236555,-12.19598,-4.024579,0.16454172,-0.34561026
5,780,0.1911813,-0.04241872,-12.196396,-4.0233727,0.16659486,-0.34618106
5,781,0.19093072,-0.042502522,-12.195658,-4.024185,0.16864893,-0.34674942
5,782,0.1909815,-0.042630315,-12.196394,-4.0233746,0.17070389,-0.34731534
5,783,0.19059432,-0.042652607,-12.195578,-4.0240736,0.17275973,-0.3478788
5,784,0.19059062,-0.042761087,-12.196133,-4.023453,0.17481643,-0.34843984
5,785,0.19027078,-0.042910337,-12.195204,-4.0241733,0.17687398,-0.3489984
5,786,0.19021297,-0.043030262,-12.194889,-4.0233297,0.17893238,-0.34955445
5,787,0.18995845,-0.043106556,-12.194865,-4.024249,0.18099158,-0.35010806
5,788,0.18988097,-0.043174505,-12.192772,-4.023761,0.18305159,-0.35065913
5,789,0.1896609,-0.043230057,-12.194174,-4.024204,0.18511237,-0.35120773
5,790,0.18954241,-0.043358684,-12.189527,-4.023701,0.18717392,-0.35175383
5,791,0.18940103,-0.04333961,-12.1940975,-4.024274,0.18923622,-0.3522974
5,792,0.18921769,-0.04355991,-12.196154,-4.0240946,0.19129927,-0.35283846
5,793,0.18887281,-0.043557286,-12.195236,-4.0245275,0.19336303,-0.35337698
5,794,0.18883634,-0.043753266,-12.196426,-4.0239515,0.19542749,-0.35391298
5,795,0.18858516,-0.0437783,-12.194335,-4.0250235,0.19749264,-0.3544464
5,796,0.18857896,-0.043919444,-12.195503,-4.024143,0.19955845,-0.3549773
5,797,0.18823445,-0.04393089,-12.193311,-4.0247936,0.20162493,-0.35550565
5,798,0.18813181,-0.04404044,-12.193974,-4.0243263,0.20369203,-0.3560314
5,799,0.18791175,-0.044142127,-12.193119,-4.0245557,0.20575976,-0.35655457
5,800,0.18778658,-0.044214606,-12.191797,-4.02437,0.20782809,-0.35707518
5,801,0.18763947,-0.04431033,-12.191824,-4.02441,0.20989701,-0.35759318
5,802,0.1873616,-0.044498682,-12.192813,-4.0242333,0.21196651,-0.35810858
5,803,0.18727934,-0.044497848,-12.192003,-4.023988,0.21403655,-0.3586214
5,804,0.18714237,-0.04475367,-12.19396,-4.0237875,0.21610714,-0.35913157
5,805,0.18690658,-0.044682026,-12.1926,-4.023699,0.21817826,-0.35963917
5,806,0.18694437,-0.044888616,-12.194624,-4.023963,0.22024988,-0.3601441
5,807,0.18650293,-0.044876456,-12.192461,-4.023715,0.22232197,-0.3606464
5,808,0.18661773,-0.045027852,-12.194852,-4.023792,0.22439456,-0.36114606
5,809,0.18621242,-0.04504299,-12.19231,-4.023728,0.2264676,-0.36164308
5,810,0.18611729,-0.04528284,-12.19393,-4.0241275,0.22854108,-0.3621374
5,811,0.18585181,-0.045165062,-12.192223,-4.023567,0.23061498,-0.36262912
5,812,0.18564665,-0.045458674,-12.19268,-4.024632,0.23268929,-0.3631181
5,813,0.18548489,-0.04532647,-12.191634,-4.0243745,0.234764,-0.36360446
5,814,0.18534815,-0.04554212,-12.1971245,-4.0252976,0.23683907,-0.3640881
5,815,0.18515801,-0.045586944,-12.191169,-4.024802,0.2389145,-0.36456904
5,816,0.18512714,-0.04577601,-12.192175,-4.0254984,0.24099028,-0.3650473
5,817,0.18481958,-0.04575038,-12.191565,-4.025053,0.24306639,-0.36552283
5,818,0.18475711,-0.045933366,-12.194335,-4.0254154,0.2451428,-0.36599565
5,819,0.18449306,-0.046040297,-12.194099,-4.0247545,0.2472195,-0.36646575
5,820,0.18430984,-0.046153665,-12.194425,-4.024901,0.24929649,-0.36693314
5,821,0.18418646,-0.046162724,-12.194166,-4.02458,0.25137374,-0.36739776
5,822,0.18389201,-0.046384215,-12.19327,-4.024384,0.25345123,-0.36785966
5,823,0.18381429,-0.04626608,-12.193036,-4.0243783,0.25552893,-0.3683188
5,824,0.1834532,-0.046489954,-12.191875,-4.0240655,0.25760686,-0.36877516
5,825,0.18337822,-0.04638505,-12.192011,-4.02431,0.25968498,-0.36922878
5,826,0.18309474,-0.04666078,-12.190467,-4.0241046,0.26176327,-0.36967963
5,827,0.1829685,-0.04669547,-12.191138,-4.0243063,0.26384172,-0.3701277
5,828,0.18280911,-0.046869397,-12.190189,-4.0243144,0.26592034,-0.37057298
5,829,0.18264091,-0.046906948,-12.192048,-4.0241547,0.26799905,-0.37101546
5,830,0.18253517,-0.047064662,-12.190892,-4.024544,0.2700779,-0.37145513
5,831,0.18232787,-0.04707694,-12.190907,-4.024434,0.27215686,-0.37189204
5,832,0.18213117,-0.047229767,-12.191323,-4.0242333,0.27423587,-0.37232608
5,833,0.18194282,-0.04724419,-12.189058,-4.024439,0.27631494,-0.37275735
5,834,0.18168187,-0.047369957,-12.192093,-4.024244,0.27839407,-0.37318575
5,835,0.18159974,-0.04743564,-12.191881,-4.024236,0.28047323,-0.37361136
5,836,0.18131709,-0.04750228,-12.192495,-4.024231,0.28255242,-0.3740341
5,837,0.18107235,-0.047503233,-12.19018,-4.0249977,0.28463158,-0.374454
5,838,0.18092597,-0.047713995,-12.190652,-4.0244465,0.28671074,-0.37487105
5,839,0.18076074,-0.047853827,-12.188643,-4.0253243,0.28878984,-0.37528524
5,840,0.18058491,-0.047852993,-12.186644,-4.0248704,0.2908689,-0.37569657
5,841,0.18050742,-0.04800129,-12.189964,-4.0254803,0.2929479,-0.376105
5,842,0.1802696,-0.048173666,-12.187243,-4.024863,0.29502678,-0.3765106
5,843,0.18015492,-0.048119783,-12.189551,-4.025252,0.29710558,-0.37691328
5,844,0.18004441,-0.048265457,-12.188831,-4.0246506,0.2991843,-0.37731308
5,845,0.17976391,-0.048386693,-12.18882,-4.0249014,0.30126283,-0.37770998
5,846,0.1797831,-0.048486352,-12.189787,-4.02487,0.3033412,-0.37810397
5,847,0.17931604,-0.048570156,-12.188871,-4.0248055,0.30541945,-0.37849504
5,848,0.17924571,-0.048713088,-12.190699,-4.0253515,0.3074975,-0.3788832
5,849,0.17904377,-0.04870069,-12.192736,-4.0250034,0.30957535,-0.37926847
5,850,0.17892385,-0.04883337,-12.190716,-4.025202,0.31165296,-0.37965077
5,851,0.17887092,-0.048939943,-12.191128,-4.025257,0.31373036,-0.38003016
5,852,0.17861605,-0.049016237,-12.190356,-4.024873,0.3158075,-0.3804066
5,853,0.17847121,-0.049108863,-12.190042,-4.0249777,0.3178844,-0.38078007
5,854,0.17830896,-0.049185753,-12.192467,-4.0248623,0.31996095,-0.3811506
5,855,0.1780684,-0.049310327,-12.190241,-4.024733,0.32203725,-0.3815182
5,856,0.17802393,-0.04939592,-12.192329,-4.0247784,0.32411322,-0.38188282
5,857,0.17772841,-0.049515843,-12.191946,-4.0243306,0.32618886,-0.38224444
5,858,0.17765701,-0.04959488,-12.189443,-4.02451,0.32826415,-0.3826031
5,859,0.17733872,-0.04962468,-12.193247,-4.024162,0.33033907,-0.38295877
5,860,0.177284,-0.049799442,-12.184238,-4.0242605,0.3324136,-0.38331145
5,861,0.17702055,-0.049902797,-12.189566,-4.024453,0.33448777,-0.38366115
5,862,0.17692971,-0.050040364,-12.1888,-4.0245247,0.3365615,-0.38400784
5,863,0.17661619,-0.05017984,-12.189262,-4.024681,0.3386348,-0.38435152
5,864,0.17651355,-0.050164938,-12.188088,-4.024288,0.34070763,-0.3846922
5,865,0.17632008,-0.050317287,-12.187386,-4.024782,0.34278002,-0.38502985
5,866,0.1761477,-0.05032623,-12.190232,-4.024546,0.3448519,-0.38536447
5,867,0.17595172,-0.05041516,-12.187307,-4.0246105,0.34692332,-0.38569605
5,868,0.17584729,-0.05053568,-12.190302,-4.0245986,0.3489942,-0.38602462
5,869,0.17560959,-0.050602674,-12.187931,-4.0244675,0.35106456,-0.38635013
5,870,0.1755495,-0.05063355,-12.190067,-4.0246296,0.35313436,-0.38667262
5,871,0.17516208,-0.050858617,-12.188749,-4.024771,0.35520363,-0.38699204
5,872,0.17514408,-0.05089724,-12.191298,-4.0245275,0.3572723,-0.3873084
5,873,0.17493045,-0.051065207,-12.18876,-4.024666,0.35934037,-0.38762167
5,874,0.17468989,-0.05108571,-12.18926,-4.0245366,0.36140782,-0.3879319
5,875,0.17455602,-0.051250935,-12.18857,-4.024458,0.36347464,-0.38823906
5,876,0.17442608,-0.05128169,-12.188604,-4.024661,0.36554083,-0.38854313
5,877,0.17415011,-0.051476717,-12.188313,-4.0248036,0.36760634,-0.3888441
5,878,0.17398834,-0.051392317,-12.187939,-4.024768,0.36967117,-0.389142
5,879,0.17381322,-0.05161488,-12.18783,-4.024498,0.37173533,-0.3894368
5,880,0.17365634,-0.05168581,-12.187355,-4.024861,0.37379876,-0.38972852
5,881,0.17347455,-0.051773906,-12.186853,-4.024627,0.37586147,-0.3900171
5,882,0.17332876,-0.05190885,-12.187205,-4.0249777,0.3779234,-0.39030257
5,883,0.17306614,-0.051965,-12.186633,-4.024705,0.37998462,-0.39058495
5,884,0.17301011,-0.052173734,-12.18717,-4.025168,0.38204503,-0.39086416
5,885,0.17274356,-0.05219233,-12.187299,-4.0246487,0.38410464,-0.39114028
5,886,0.1726681,-0.05229926,-12.1880665,-4.025566,0.38616347,-0.39141327
5,887,0.17245269,-0.052285314,-12.188015,-4.0246496,0.38822144,-0.3916831
5,888,0.17232418,-0.05243218,-12.18794,-4.0260253,0.3902786,-0.3919498
5,889,0.17201924,-0.052490115,-12.188257,-4.024801,0.39233488,-0.39221337
5,890,0.17196512,-0.052656054,-12.185847,-4.0263,0.39439029,-0.39247376
5,891,0.17178166,-0.052678823,-12.188999,-4.0250845,0.3964448,-0.392731
5,892,0.17160249,-0.052820206,-12.186456,-4.026141,0.39849842,-0.39298508
5,893,0.17139077,-0.052858114,-12.190588,-4.0248537,0.40055108,-0.393236
5,894,0.17125928,-0.05298531,-12.186592,-4.0257473,0.40260282,-0.39348373
5,895,0.17099476,-0.052982807,-12.188837,-4.0252824,0.4046536,-0.39372832
5,896,0.1708262,-0.053162932,-12.18643,-4.0253696,0.4067034,-0.39396968
5,897,0.17066705,-0.05319786,-12.187905,-4.025016,0.40875223,-0.3942079
5,898,0.17052758,-0.05337882,-12.1863365,-4.0249863,0.41080004,-0.3944429
5,899,0.17022252,-0.053518653,-12.187297,-4.0252757,0.41284683,-0.39467472
5,900,0.17021441,-0.05358517,-12.186204,-4.025132,0.41489255,-0.39490333
5,901,0.16980362,-0.053609133,-12.186985,-4.0256767,0.41693726,-0.39512873
5,902,0.16990519,-0.05368042,-12.186075,-4.0252438,0.41898087,-0.39535093
5,903,0.16952837,-0.053803325,-12.186897,-4.026101,0.4210234,-0.39556992
5,904,0.16952968,-0.053889513,-12.18619,-4.025119,0.42306483,-0.39578566
5,905,0.16924083,-0.05403614,-12.187274,-4.0263443,0.42510512,-0.3959982
5,906,0.16915643,-0.054103374,-12.186098,-4.0249557,0.4271443,-0.39620754
5,907,0.16888177,-0.054298043,-12.187276,-4.0262127,0.4291823,-0.39641362
5,908,0.16870987,-0.05423534,-12.185797,-4.0253234,0.43121913,-0.39661646
5,909,0.16856384,-0.05452621,-12.187172,-4.026042,0.43325478,-0.39681607
5,910,0.16833508,-0.05445695,-12.185926,-4.0252967,0.43528923,-0.39701244
5,911,0.16804886,-0.054634213,-12.186167,-4.025556,0.43732244,-0.39720556
5,912,0.16803718,-0.054682374,-12.186576,-4.0253263,0.43935445,-0.39739543
5,913,0.16780388,-0.054848194,-12.183264,-4.025208,0.44138518,-0.39758202
5,914,0.16755092,-0.054822683,-12.1860485,-4.0253973,0.44341466,-0.39776537
5,915,0.16739702,-0.05496192,-12.186025,-4.0250854,0.44544283,-0.39794546
5,916,0.16729903,-0.05496657,-12.185371,-4.025574,0.4474697,-0.39812228
5,917,0.16718638,-0.055110097,-12.185844,-4.025201,0.4494953,-0.39829582
5,918,0.16693234,-0.055223703,-12.185414,-4.025774,0.45151952,-0.39846608
5,919,0.16679049,-0.05532646,-12.185145,-4.0254393,0.4535424,-0.39863306
5,920,0.16648936,-0.05536282,-12.185436,-4.0255733,0.45556393,-0.39879674
5,921,0.16634607,-0.05555141,-12.184373,-4.0253277,0.45758408,-0.39895716
5,922,0.16614985,-0.055521846,-12.1848755,-4.0255084,0.4596028,-0.39911428
5,923,0.16596413,-0.055770516,-12.183851,-4.0258102,0.46162015,-0.3992681
5,924,0.1657908,-0.05577433,-12.183901,-4.0256524,0.46363604,-0.3994186
5,925,0.16559994,-0.055999756,-12.18339,-4.0256786,0.4656505,-0.39956582
5,926,0.16541612,-0.055902958,-12.183355,-4.025669,0.46766347,-0.39970973
5,927,0.1652931,-0.056087255,-12.182798,-4.0254593,0.46967497,-0.3998503
5,928,0.16498947,-0.056167126,-12.183817,-4.0254574,0.471685,-0.3999876
5,929,0.1648966,-0.05622387,-12.182804,-4.0257387,0.4736935,-0.40012157
5,930,0.16452873,-0.056282282,-12.184095,-4.0252986,0.47570047,-0.4002522
5,931,0.1645149,-0.056460857,-12.182568,-4.02571,0.4777059,-0.4003795
5,932,0.16412032,-0.056551814,-12.182647,-4.0258756,0.47970977,-0.4005035
5,933,0.16418302,-0.056655884,-12.181722,-4.025588,0.48171207,-0.40062413
5,934,0.16377378,-0.0567019,-12.181402,-4.0257072,0.4837128,-0.40074146
5,935,0.16389859,-0.05686128,-12.180798,-4.025445,0.48571187,-0.40085542
5,936,0.1635946,-0.05685246,-12.180502,-4.026408,0.48770934,-0.40096605
5,937,0.16347504,-0.05697131,-12.18054,-4.0256443,0.4897052,-0.40107334
5,938,0.1632694,-0.057047606,-12.179731,-4.02684,0.49169937,-0.4011773
5,939,0.16311598,-0.057224154,-12.180597,-4.0257244,0.49369186,-0.40127787
5,940,0.16292608,-0.057238936,-12.179811,-4.0263886,0.4956827,-0.4013751
5,941,0.16286087,-0.057468176,-12.179145,-4.0257998,0.4976718,-0.40146896
5,942,0.16253042,-0.05743122,-12.180401,-4.0258656,0.4996592,-0.40155947
5,943,0.16248131,-0.057539344,-12.178071,-4.025859,0.50164485,-0.4016466
5,944,0.16217995,-0.05760455,-12.180494,-4.026081,0.5036288,-0.4017304
5,945,0.16206622,-0.057758212,-12.180014,-4.0258837,0.5056109,-0.40181077
5,946,0.1618284,-0.05782199,-12.180019,-4.0263724,0.50759125,-0.4018878
5,947,0.16178107,-0.057976246,-12.179775,-4.0260477,0.5095698,-0.40196145
5,948,0.16143417,-0.058048964,-12.179653,-4.0261436,0.51154655,-0.40203172
5,949,0.16149127,-0.05819118,-12.179142,-4.026328,0.51352143,-0.4020986
5,950,0.16112757,-0.058227897,-12.179561,-4.0263476,0.5154945,-0.4021621
5,951,0.16112411,-0.058321595,-12.178572,-4.0263224,0.5174657,-0.40222222
5,952,0.16086805,-0.058366776,-12.179516,-4.026453,0.51943505,-0.40227893
5,953,0.1607405,-0.058497667,-12.177759,-4.0264063,0.5214025,-0.40233228
5,954,0.16052663,-0.05848515,-12.178268,-4.0263796,0.52336794,-0.4023822
5,955,0.16034055,-0.05881858,-12.176788,-4.0262113,0.52533156,-0.40242872
5,956,0.16020429,-0.05879724,-12.17698,-4.026283,0.5272932,-0.40247187
5,957,0.16002917,-0.059047937,-12.175876,-4.0263925,0.5292529,-0.40251157
5,958,0.15989888,-0.05892372,-12.177735,-4.026271,0.5312106,-0.4025479
5,959,0.15975428,-0.059202075,-12.176014,-4.026525,0.5331663,-0.4025808
5,960,0.15943217,-0.05905342,-12.178593,-4.026306,0.53512,-0.4026103
5,961,0.15938938,-0.059264302,-12.176059,-4.0267377,0.5370717,-0.40263638
5,962,0.15909493,-0.05927992,-12.178364,-4.0263743,0.5390214,-0.40265903
5,963,0.15897453,-0.05951357,-12.176187,-4.0264864,0.54096895,-0.40267828
5,964,0.15880501,-0.05948162,-12.178383,-4.026606,0.5429145,-0.4026941
5,965,0.15864372,-0.05966544,-12.176391,-4.0267997,0.5448579,-0.4027065
5,966,0.15838432,-0.059615135,-12.17777,-4.0266333,0.5467993,-0.40271547
5,967,0.15829527,-0.05982721,-12.177288,-4.0273056,0.54873854,-0.40272102
5,968,0.15808237,-0.059806466,-12.176851,-4.0264444,0.55067563,-0.40272313
5,969,0.1578939,-0.060020328,-12.178148,-4.027407,0.5526106,-0.4027218
5,970,0.1577779,-0.060076237,-12.176357,-4.0263505,0.5545434,-0.40271705
5,971,0.15761185,-0.06019211,-12.177332,-4.027399,0.556474,-0.40270886
5,972,0.1575036,-0.06018305,-12.176138,-4.0265694,0.55840236,-0.40269724
5,973,0.15705407,-0.06025946,-12.175567,-4.0267515,0.5603286,-0.40268216
5,974,0.15718341,-0.06028378,-12.1761,-4.0269,0.5622526,-0.40266365
5,975,0.15675473,-0.060371518,-12.174539,-4.027211,0.5641743,-0.40264168
5,976,0.1568985,-0.060498714,-12.174179,-4.027072,0.56609374,-0.4026163
5,977,0.15661418,-0.06069827,-12.174761,-4.0277805,0.568011,-0.40258744
5,978,0.15654385,-0.060724616,-12.17192,-4.026919,0.5699259,-0.40255514
5,979,0.15613735,-0.060855508,-12.174935,-4.0276074,0.5718385,-0.40251938
5,980,0.15616417,-0.060811996,-12.173889,-4.026819,0.5737488,-0.40248016
5,981,0.15566885,-0.060943007,-12.172155,-4.027198,0.5756568,-0.4024375
5,982,0.15577269,-0.061114073,-12.174472,-4.027141,0.5775624,-0.40239137
5,983,0.1553235,-0.06108761,-12.173505,-4.0269585,0.5794656,-0.4023418
5,984,0.15534472,-0.061276317,-12.175095,-4.0275664,0.58136654,-0.40228876
5,985,0.15512514,-0.061220765,-12.174913,-4.026955,0.583265,-0.40223226
5,986,0.15497911,-0.06142223,-12.175583,-4.0282054,0.58516103,-0.4021723
5,987,0.15488446,-0.061364055,-12.168274,-4.027701,0.58705467,-0.40210888
5,988,0.15478039,-0.06150055,-12.17177,-4.028792,0.58894587,-0.402042
5,989,0.15459287,-0.06157708,-12.173145,-4.028276,0.5908346,-0.40197164
5,990,0.15437067,-0.061749578,-12.170518,-4.02814,0.59272087,-0.4018978
5,991,0.15410793,-0.0618248,-12.174738,-4.028345,0.5946047,-0.4018205
5,992,0.15389824,-0.061937332,-12.172262,-4.0272074,0.5964859,-0.40173975
5,993,0.15374196,-0.061863422,-12.173324,-4.0272675,0.59836465,-0.4016555
5,994,0.15351558,-0.06211245,-12.170132,-4.0270624,0.6002409,-0.4015678
5,995,0.15341532,-0.062110186,-12.169739,-4.027273,0.60211456,-0.4014766
5,996,0.1532762,-0.06223011,-12.168385,-4.02742,0.60398567,-0.40138194
5,997,0.15323555,-0.062347054,-12.172943,-4.0273714,0.60585415,-0.4012838
5,998,0.15306163,-0.062417746,-12.172588,-4.0275254,0.6077201,-0.40118217
5,999,0.15285683,-0.06246209,-12.172329,-4.0276575,0.60958344,-0.4010771
6,0,0.4571712,-0.35265023,-3.7385378,-1.4722953,-0.74033105,-0.10264146
6,1,0.45716512,-0.3528942,-3.7289658,-1.470954,-0.7416286,-0.10171025
6,2,0.45719004,-0.35431975,-3.725192,-1.4692721,-0.74292254,-0.10077825
6,3,0.4570948,-0.3533842,-3.7275486,-1.4704032,-0.7442129,-0.09984546
6,4,0.45707893,-0.35445392,-3.726595,-1.4698133,-0.7454996,-0.09891189
6,5,0.45713603,-0.35385406,-3.7280712,-1.4698987,-0.7467828,-0.09797754
6,6,0.45694065,-0.3544594,-3.727108,-1.469944,-0.74806225,-0.097042404
6,7,0.45699573,-0.3541999,-3.7284946,-1.4698377,-0.74933815,-0.0961065
6,8,0.45695817,-0.35446894,-3.727374,-1.4696074,-0.75061035,-0.09516981
6,9,0.4569974,-0.35450816,-3.7284641,-1.4698968,-0.751879,-0.094232365
6,10,0.45685434,-0.35451478,-3.727497,-1.4697104,-0.75314397,-0.09329414
6,11,0.4568919,-0.35473794,-3.7285595,-1.4696302,-0.75440526,-0.092355154
6,12,0.45688248,-0.354784,-3.727682,-1.4696388,-0.7556629,-0.09141541
6,13,0.4568709,-0.3549081,-3.7286873,-1.4693508,-0.7569169,-0.0904749
6,14,0.45687032,-0.3549955,-3.727911,-1.4694905,-0.75816727,-0.089533634
6,15,0.45685112,-0.35505795,-3.7287836,-1.4696217,-0.7594139,-0.08859161
6,16,0.45670724,-0.35525775,-3.7281504,-1.4694223,-0.7606569,-0.08764884
6,17,0.45673585,-0.35528696,-3.729125,-1.4695067,-0.7618962,-0.08670532
6,18,0.45668995,-0.35546798,-3.7294855,-1.4696078,-0.76313186,-0.085761055
6,19,0.4567567,-0.355613,-3.7295456,-1.4692736,-0.76436377,-0.08481604
6,20,0.45672774,-0.35570788,-3.7306023,-1.4694667,-0.76559204,-0.08387029
6,21,0.45674658,-0.35581142,-3.7300606,-1.469285,-0.76681656,-0.0829238
6,22,0.45662713,-0.3559423,-3.7302647,-1.4692798,-0.7680374,-0.08197657
6,23,0.45660877,-0.355978,-3.7311134,-1.4694524,-0.7692545,-0.08102861
6,24,0.45654058,-0.35618645,-3.7301607,-1.4691844,-0.77046794,-0.08007993
6,25,0.45656908,-0.35621208,-3.7324238,-1.4694929,-0.7716776,-0.07913051
6,26,0.4564854,-0.35638922,-3.7300682,-1.4692473,-0.77288353,-0.078180365
6,27,0.45650172,-0.35658574,-3.733264,-1.4694023,-0.77408576,-0.07722951
6,28,0.45647693,-0.35665053,-3.730237,-1.4690642,-0.7752843,-0.07627793
6,29,0.4564129,-0.3567971,-3.733326,-1.4689517,-0.776479,-0.07532563
6,30,0.4564687,-0.35696918,-3.7305698,-1.4691682,-0.77767,-0.07437262
6,31,0.45645714,-0.35703564,-3.732317,-1.4685698,-0.7788573,-0.07341889
6,32,0.4564104,-0.3571564,-3.7311068,-1.4688873,-0.78004074,-0.072464466
6,33,0.4564178,-0.3572592,-3.7309456,-1.468368,-0.7812205,-0.07150933
6,34,0.45629537,-0.3575372,-3.7317219,-1.4689269,-0.7823965,-0.07055349
6,35,0.4563743,-0.35742402,-3.7282104,-1.4684134,-0.7835687,-0.06959695
6,36,0.4563018,-0.35767853,-3.7321377,-1.4690008,-0.7847371,-0.06863972
6,37,0.45638382,-0.3576718,-3.731062,-1.4681926,-0.7859017,-0.0676818
6,38,0.45618308,-0.3580625,-3.7322197,-1.4690461,-0.7870626,-0.066723175
6,39,0.45630908,-0.35813993,-3.7332315,-1.4682565,-0.78821963,-0.06576387
6,40,0.45617473,-0.3582204,-3.7331467,-1.4689989,-0.7893729,-0.064803876
6,41,0.45623493,-0.35832512,-3.733839,-1.4683509,-0.7905224,-0.0638432
6,42,0.45604432,-0.35854733,-3.7332964,-1.4689054,-0.79166806,-0.06288184
6,43,0.4561175,-0.35857928,-3.7339354,-1.4679723,-0.7928099,-0.061919812
6,44,0.4561218,-0.35873443,-3.734005,-1.4687324,-0.79394794,-0.060957104
6,45,0.4560666,-0.35873413,-3.733759,-1.468358,-0.79508215,-0.059993725
6,46,0.45605195,-0.3590765,-3.7344189,-1.4684739,-0.79621255,-0.059029676
6,47,0.45606494,-0.35900176,-3.7340508,-1.4679222,-0.79733914,-0.058064964
6,48,0.45597696,-0.35940868,-3.7349272,-1.4682713,-0.7984619,-0.057099584
6,49,0.45611405,-0.35944694,-3.7345047,-1.4677596,-0.7995808,-0.05613355
6,50,0.4559492,-0.3596962,-3.7353659,-1.4685073,-0.8006959,-0.055166855
6,51,0.45600915,-0.35969466,-3.735032,-1.4676161,-0.8018071,-0.054199506
6,52,0.45593214,-0.3598975,-3.7356138,-1.46809,-0.80291444,-0.053231504
6,53,0.45587313,-0.3599341,-3.735817,-1.4674835,-0.80401796,-0.052262854
6,54,0.45590198,-0.3600734,-3.73625,-1.4685869,-0.8051176,-0.05129356
6,55,0.45577943,-0.3601578,-3.7364054,-1.4676623,-0.8062134,-0.05032362
6,56,0.45578063,-0.36036986,-3.7359543,-1.4687691,-0.80730534,-0.04935304
6,57,0.45580566,-0.360448,-3.7369585,-1.4676027,-0.80839336,-0.048381824
6,58,0.4558072,-0.36065865,-3.736044,-1.4686165,-0.80947757,-0.047409974
6,59,0.45572424,-0.3607751,-3.7372227,-1.4680033,-0.81055784,-0.04643749
6,60,0.45585918,-0.360924,-3.7367659,-1.4688067,-0.81163424,-0.045464378
6,61,0.45571208,-0.3611443,-3.738122,-1.4681888,-0.81270677,-0.04449064
6,62,0.45578802,-0.36126417,-3.737092,-1.4685955,-0.81377536,-0.04351628
6,63,0.45571578,-0.36123574,-3.7382126,-1.4681187,-0.8148401,-0.042541295
6,64,0.45565867,-0.36145812,-3.7365808,-1.4683099,-0.8159009,-0.041565698
6,65,0.45571327,-0.3616191,-3.7383995,-1.4684458,-0.81695783,-0.040589485
6,66,0.45568466,-0.36179394,-3.736784,-1.4680519,-0.8180108,-0.03961266
6,67,0.45556045,-0.36188704,-3.7376966,-1.4681506,-0.8190599,-0.038635224
6,68,0.4556166,-0.36206716,-3.7373304,-1.4681125,-0.8201051,-0.037657186
6,69,0.45561826,-0.36216992,-3.7370605,-1.4683981,-0.8211463,-0.03667854
6,70,0.45559764,-0.36223304,-3.7377787,-1.4678864,-0.8221836,-0.0356993
6,71,0.45551074,-0.36251032,-3.7378016,-1.4682693,-0.823217,-0.03471946
6,72,0.4555968,-0.36250776,-3.7381134,-1.4675813,-0.82424647,-0.033739027
6,73,0.45555425,-0.36263418,-3.7387285,-1.4679775,-0.82527196,-0.032758
6,74,0.4555633,-0.36276084,-3.738512,-1.4674473,-0.8262935,-0.031776387
6,75,0.45547366,-0.36293322,-3.7385063,-1.4676495,-0.8273111,-0.030794187
6,76,0.45549822,-0.3629471,-3.7392216,-1.467278,-0.8283248,-0.029811405
6,77,0.45534563,-0.36316884,-3.7393408,-1.4675717,-0.8293345,-0.028828042
6,78,0.4553405,-0.36333615,-3.7400799,-1.4670596,-0.8303402,-0.027844103
6,79,0.4552858,-0.3634112,-3.7398539,-1.4674768,-0.831342,-0.02685959
6,80,0.45535076,-0.3634898,-3.7411375,-1.4669733,-0.8323398,-0.025874509
6,81,0.4552809,-0.36375618,-3.7406645,-1.4673643,-0.8333336,-0.024888856
6,82,0.45532048,-0.36378825,-3.7412481,-1.4664645,-0.83432347,-0.02390264
6,83,0.45514357,-0.3639645,-3.74123,-1.4670658,-0.8353094,-0.022915863
6,84,0.45529318,-0.3639844,-3.7418165,-1.466672,-0.83629125,-0.021928525
6,85,0.4551971,-0.36422014,-3.7414188,-1.4671483,-0.8372692,-0.02094063
6,86,0.45517838,-0.36421072,-3.74234,-1.4663234,-0.83824307,-0.019952182
6,87,0.45505285,-0.3644899,-3.7408009,-1.4669857,-0.839213,-0.018963184
6,88,0.45520592,-0.36460555,-3.7425432,-1.4664588,-0.84017897,-0.017973641
6,89,0.45511436,-0.36467957,-3.741292,-1.4667697,-0.84114087,-0.01698355
6,90,0.45504916,-0.36481833,-3.7419739,-1.466567,-0.8420988,-0.015992919
6,91,0.45496082,-0.36496603,-3.741519,-1.4665494,-0.8430527,-0.015001751
6,92,0.45503116,-0.36504996,-3.7418232,-1.4666333,-0.84400254,-0.014010046
6,93,0.4549502,-0.36514622,-3.7420921,-1.4667048,-0.8449485,-0.013017808
6,94,0.45489275,-0.3653761,-3.7426453,-1.4666047,-0.8458903,-0.012025041
6,95,0.4548583,-0.3654495,-3.7430334,-1.4661713,-0.8468281,-0.011031747
6,96,0.45489419,-0.36556917,-3.7430687,-1.4666753,-0.8477619,-0.010037929
6,97,0.4547274,-0.36578786,-3.7433672,-1.4664445,-0.8486917,-0.009043591
6,98,0.45487595,-0.36585295,-3.742443,-1.4669032,-0.8496174,-0.008048735
6,99,0.45472586,-0.36587775,-3.743146,-1.4662476,-0.8505391,-0.0070533645
6,100,0.4547987,-0.3660698,-3.7432613,-1.4664521,-0.85145676,-0.0060574817
6,101,0.4547547,-0.3661672,-3.7439327,-1.466342,-0.8523704,-0.005061091
6,102,0.4547094,-0.36630905,-3.7441378,-1.4664836,-0.85327995,-0.004064194
6,103,0.45469558,-0.36645818,-3.745018,-1.4663038,-0.85418546,-0.003066794
6,104,0.45469868,-0.3666004,-3.745184,-1.4660773,-0.85508686,-0.0020688944
6,105,0.4546113,-0.3667016,-3.7470226,-1.4663286,-0.8559843,-0.001070498
6,106,0.45454645,-0.3668645,-3.7457523,-1.465878,-0.8568776,-7.160782e-05
6,107,0.45455575,-0.36686838,-3.7458763,-1.4658313,-0.85776687,0.00092777313
6,108,0.4545058,-0.36713982,-3.7457676,-1.4659085,-0.85865206,0.0019276419
6,109,0.45451713,-0.36712456,-3.7450647,-1.4659448,-0.8595332,0.0029279955
6,110,0.45453238,-0.36742455,-3.745741,-1.4660063,-0.8604102,0.003928831
6,111,0.45443773,-0.3675257,-3.7453537,-1.4660039,-0.8612832,0.0049301446
6,112,0.45453453,-0.36765277,-3.7463875,-1.4660335,-0.86215204,0.005931935
6,113,0.45433378,-0.3677897,-3.746047,-1.4658923,-0.86301684,0.006934197
6,114,0.4545759,-0.36783117,-3.7463818,-1.4657922,-0.86387753,0.007936929
6,115,0.45430064,-0.36788654,-3.746832,-1.4657764,-0.8647342,0.008940129
6,116,0.45445478,-0.36817235,-3.7469559,-1.4657269,-0.8655867,0.009943791
6,117,0.45426273,-0.36820173,-3.7472095,-1.4655437,-0.8664351,0.010947914
6,118,0.45433962,-0.36838412,-3.7483807,-1.4654746,-0.8672794,0.011952495
6,119,0.45424187,-0.36848974,-3.7478037,-1.4654284,-0.86811966,0.01295753
6,120,0.45430934,-0.3686694,-3.7505093,-1.4653502,-0.8689558,0.013963018
6,121,0.4541819,-0.36873114,-3.7484245,-1.4655704,-0.86978775,0.014968953
6,122,0.4542011,-0.36890483,-3.7490234,-1.4654908,-0.87061566,0.015975334
6,123,0.45411265,-0.36894572,-3.749013,-1.4653587,-0.8714394,0.016982157
6,124,0.45423532,-0.36924583,-3.7487783,-1.4650893,-0.8722591,0.01798942
6,125,0.45418406,-0.36930984,-3.748559,-1.465076,-0.8730746,0.018997118
6,126,0.45420325,-0.36945283,-3.7488718,-1.4648466,-0.873886,0.02000525
6,127,0.45403528,-0.3694839,-3.7487803,-1.4649863,-0.8746933,0.021013813
6,128,0.4540434,-0.3696592,-3.7497158,-1.4646597,-0.8754964,0.022022802
6,129,0.45400095,-0.36979687,-3.7483664,-1.4651189,-0.8762954,0.023032216
6,130,0.45396113,-0.3698777,-3.7504053,-1.4643869,-0.8770903,0.024042051
6,131,0.45396793,-0.3700273,-3.7487717,-1.4649882,-0.877881,0.025052303
6,132,0.45394588,-0.37012303,-3.7487946,-1.4643292,-0.8786676,0.026062973
6,133,0.45390534,-0.37022173,-3.7493534,-1.464479,-0.87945,0.027074052
6,134,0.4538052,-0.37041312,-3.750124,-1.4639688,-0.88022834,0.028085541
6,135,0.4538362,-0.37049675,-3.750718,-1.4644051,-0.8810025,0.029097434
6,136,0.45384884,-0.37054396,-3.7509766,-1.4639659,-0.88177246,0.030109731
6,137,0.45378268,-0.37070405,-3.7506104,-1.4643703,-0.8825383,0.031122427
6,138,0.45377564,-0.3709414,-3.7514343,-1.4636254,-0.88329995,0.03213552
6,139,0.45375395,-0.37100822,-3.750804,-1.4643164,-0.88405746,0.033149008
6,140,0.45372832,-0.37108815,-3.7513218,-1.4635143,-0.8848108,0.034162883
6,141,0.45377088,-0.37124223,-3.7510958,-1.4641051,-0.88556004,0.03517715
6,142,0.4536339,-0.37134838,-3.7515764,-1.4636021,-0.88630503,0.036191795
6,143,0.45365858,-0.37136716,-3.751523,-1.4637914,-0.88704586,0.037206825
6,144,0.4537003,-0.37159216,-3.7518473,-1.4636626,-0.8877825,0.03822223
6,145,0.45357144,-0.37172192,-3.7521925,-1.4636717,-0.88851506,0.039238013
6,146,0.45355344,-0.371799,-3.752472,-1.463645,-0.88924336,0.04025417
6,147,0.45359385,-0.37201452,-3.7528954,-1.4636283,-0.88996744,0.041270692
6,148,0.4535731,-0.37198257,-3.7531567,-1.4632697,-0.8906874,0.04228758
6,149,0.45346522,-0.37217516,-3.7559052,-1.4636331,-0.8914032,0.04330483
6,150,0.45347023,-0.37233353,-3.7531776,-1.4633803,-0.89211476,0.044322442
6,151,0.45338523,-0.37247467,-3.7541084,-1.4636278,-0.8928221,0.045340408
6,152,0.4533981,-0.37260914,-3.753437,-1.4634376,-0.8935253,0.046358727
6,153,0.4533645,-0.3726377,-3.753623,-1.4635973,-0.8942243,0.047377396
6,154,0.45335925,-0.37284148,-3.753787,-1.463409,-0.8949191,0.048396416
6,155,0.45333052,-0.37289375,-3.7543812,-1.4633317,-0.8956097,0.049415775
6,156,0.4533211,-0.373129,-3.7542114,-1.4631624,-0.896296,0.05043548
6,157,0.45322585,-0.37330317,-3.755949,-1.4633384,-0.8969782,0.051455516
6,158,0.45329452,-0.37339592,-3.7546864,-1.4630632,-0.8976562,0.052475892
6,159,0.45315468,-0.37353432,-3.7561722,-1.4632797,-0.89833,0.0534966
6,160,0.45319593,-0.37356305,-3.755415,-1.4625793,-0.8989995,0.05451763
6,161,0.4530468,-0.3737421,-3.7562485,-1.4632254,-0.8996649,0.05553899
6,162,0.45316434,-0.3736878,-3.7559204,-1.4626427,-0.90032595,0.056560673
6,163,0.45301366,-0.3739915,-3.75605,-1.4630232,-0.90098286,0.057582673
6,164,0.45312977,-0.373946,-3.7562656,-1.4621482,-0.9016355,0.05860499
6,165,0.452888,-0.3743472,-3.75661,-1.4627318,-0.902284,0.059627615
6,166,0.4529506,-0.37425268,-3.756774,-1.461793,-0.90292823,0.060650554
6,167,0.45291626,-0.37446678,-3.7571793,-1.462429,-0.90356827,0.0616738
6,168,0.45300782,-0.37458795,-3.758088,-1.4619813,-0.904204,0.06269735
6,169,0.45291626,-0.37480313,-3.757391,-1.462398,-0.9048356,0.063721195
6,170,0.45284367,-0.37478507,-3.7596416,-1.4625945,-0.9054629,0.064745344
6,171,0.45276833,-0.37495112,-3.7577553,-1.4624724,-0.90608597,0.065769784
6,172,0.45283186,-0.3749863,-3.7594328,-1.4627862,-0.90670484,0.06679451
6,173,0.4527533,-0.37524503,-3.758151,-1.4623723,-0.9073194,0.06781953
6,174,0.452816,-0.37512916,-3.7593355,-1.4624715,-0.9079298,0.06884483
6,175,0.45275176,-0.3754446,-3.758192,-1.4621515,-0.9085359,0.06987041
6,176,0.45276785,-0.37558514,-3.759472,-1.462347,-0.9091378,0.070896275
6,177,0.4526261,-0.37562978,-3.7576962,-1.4619489,-0.90973544,0.071922414
6,178,0.45255888,-0.37578094,-3.7591686,-1.4619904,-0.9103288,0.07294882
6,179,0.45268798,-0.375772,-3.7600546,-1.4617643,-0.91091794,0.073975496
6,180,0.45261443,-0.37596035,-3.7592573,-1.4618053,-0.91150284,0.07500244
6,181,0.45257437,-0.37601173,-3.7605457,-1.4615254,-0.91208345,0.07602964
6,182,0.4526193,-0.3761993,-3.7598429,-1.4612837,-0.9126598,0.07705711
6,183,0.45251203,-0.37632656,-3.760826,-1.4613228,-0.91323197,0.078084834
6,184,0.45257378,-0.3764482,-3.7603855,-1.4611602,-0.9137998,0.079112805
6,185,0.45249045,-0.37649494,-3.7610435,-1.461061,-0.91436344,0.08014103
6,186,0.4524486,-0.37671,-3.7606316,-1.4613676,-0.9149228,0.0811695
6,187,0.45245147,-0.37676895,-3.760951,-1.4609728,-0.9154779,0.08219821
6,188,0.45240843,-0.37689036,-3.7609978,-1.4613442,-0.9160287,0.083227165
6,189,0.45232582,-0.37697613,-3.7608013,-1.4607654,-0.91657525,0.08425636
6,190,0.4524126,-0.37721288,-3.7612066,-1.4610434,-0.91711754,0.08528578
6,191,0.4522841,-0.37716413,-3.7615433,-1.460422,-0.9176555,0.08631544
6,192,0.45234275,-0.37737322,-3.7602196,-1.4606748,-0.9181893,0.08734532
6,193,0.4522555,-0.37737405,-3.7623396,-1.4603767,-0.91871876,0.08837543
6,194,0.45222223,-0.3776129,-3.7624407,-1.4606824,-0.91924393,0.08940575
6,195,0.45215297,-0.37777096,-3.762785,-1.4606471,-0.9197649,0.0904363
6,196,0.45213985,-0.3779378,-3.763914,-1.460011,-0.9202815,0.09146707
6,197,0.45214975,-0.37785465,-3.7632637,-1.4608388,-0.9207939,0.09249804
6,198,0.45219624,-0.3781544,-3.7643423,-1.4598622,-0.92130196,0.093529224
6,199,0.45204532,-0.37810534,-3.7641582,-1.4601331,-0.9218058,0.09456061
6,200,0.45213807,-0.3784176,-3.7643013,-1.4599681,-0.92230535,0.0955922
6,201,0.45195496,-0.37844408,-3.7652864,-1.4600039,-0.9228006,0.09662399
6,202,0.45204532,-0.3786255,-3.7640018,-1.4597068,-0.92329156,0.097655974
6,203,0.45189166,-0.3786441,-3.766367,-1.4598479,-0.92377824,0.09868815
6,204,0.45200586,-0.3788491,-3.7646675,-1.4593587,-0.9242606,0.099720515
6,205,0.45195198,-0.37897247,-3.7655048,-1.4595103,-0.9247387,0.10075307
6,206,0.45195568,-0.3789596,-3.764597,-1.4597368,-0.9252125,0.10178581
6,207,0.45196414,-0.37914658,-3.7655964,-1.4592681,-0.92568207,0.10281872
6,208,0.45186532,-0.3792951,-3.7653713,-1.4595485,-0.9261473,0.10385182
6,209,0.45185792,-0.37941206,-3.7655325,-1.4590611,-0.9266082,0.10488508
6,210,0.45174885,-0.37954164,-3.765895,-1.4591193,-0.9270649,0.10591852
6,211,0.4517429,-0.37966824,-3.7661266,-1.4591889,-0.92751724,0.10695212
6,212,0.4516406,-0.37983274,-3.7663727,-1.4587402,-0.9279653,0.10798589
6,213,0.451666,-0.3798871,-3.7669334,-1.4589982,-0.92840904,0.109019816
6,214,0.45168114,-0.3800466,-3.7668304,-1.4587402,-0.9288485,0.110053904
6,215,0.45164073,-0.38026154,-3.7688751,-1.4588575,-0.9292837,0.11108815
6,216,0.45159864,-0.38022172,-3.7674885,-1.4589472,-0.92971456,0.112122536
6,217,0.45155954,-0.38044882,-3.7680817,-1.459022,-0.9301411,0.11315708
6,218,0.45158327,-0.38041735,-3.7684479,-1.4589362,-0.9305634,0.11419176
6,219,0.45147038,-0.38069725,-3.7682571,-1.4586725,-0.93098134,0.11522659
6,220,0.45147777,-0.38069397,-3.7691984,-1.4587188,-0.931395,0.11626155
6,221,0.45143163,-0.38098288,-3.7688732,-1.4589553,-0.93180436,0.11729665
6,222,0.45137405,-0.38100064,-3.7696,-1.458303,-0.93220943,0.11833188
6,223,0.45141983,-0.3812226,-3.7693634,-1.4585991,-0.93261015,0.11936724
6,224,0.45128322,-0.38122702,-3.7697716,-1.4579439,-0.9330066,0.12040272
6,225,0.45129597,-0.3813616,-3.7693672,-1.4588728,-0.9333987,0.12143833
6,226,0.45123553,-0.38137937,-3.7671576,-1.4576325,-0.9337866,0.12247406
6,227,0.4512297,-0.38163042,-3.7699356,-1.4586444,-0.93417007,0.123509906
6,228,0.45118654,-0.38162297,-3.7687502,-1.4575849,-0.9345493,0.12454586
6,229,0.45125294,-0.38182718,-3.7704477,-1.4581208,-0.9349242,0.12558192
6,230,0.45117784,-0.3818941,-3.769187,-1.4575701,-0.93529475,0.1266181
6,231,0.4511546,-0.38200337,-3.7709808,-1.4577756,-0.935661,0.12765437
6,232,0.45117998,-0.38209754,-3.769619,-1.4573517,-0.936023,0.12869075
6,233,0.45105922,-0.38232177,-3.772191,-1.4577041,-0.9363806,0.12972721
6,234,0.45109272,-0.38234335,-3.7699442,-1.4573598,-0.93673396,0.13076378
6,235,0.45097697,-0.38254213,-3.77254,-1.457088,-0.937083,0.13180043
6,236,0.45098925,-0.3826226,-3.770608,-1.4568362,-0.9374277,0.13283718
6,237,0.450938,-0.38277882,-3.7728586,-1.4574008,-0.9377681,0.133874
6,238,0.45088685,-0.38282216,-3.770853,-1.4573436,-0.9381042,0.1349109
6,239,0.45096612,-0.38295293,-3.7733812,-1.4573231,-0.938436,0.13594788
6,240,0.45087254,-0.38291895,-3.7725945,-1.4572659,-0.9387634,0.13698494
6,241,0.45087433,-0.38314414,-3.774066,-1.456799,-0.93908656,0.13802207
6,242,0.45077133,-0.38318253,-3.772643,-1.4572864,-0.9394053,0.13905926
6,243,0.45093894,-0.38332886,-3.7744884,-1.456862,-0.93971986,0.14009653
6,244,0.45078325,-0.38347054,-3.772622,-1.456984,-0.94003004,0.14113384
6,245,0.4508196,-0.38355947,-3.772688,-1.4569416,-0.94033587,0.14217122
6,246,0.4507463,-0.38366234,-3.7740822,-1.456789,-0.9406374,0.14320865
6,247,0.450799,-0.3838377,-3.7742414,-1.456779,-0.94093466,0.14424615
6,248,0.45050013,-0.38390326,-3.7764006,-1.4565525,-0.94122756,0.14528367
6,249,0.45075154,-0.3839844,-3.7754068,-1.4564595,-0.94151616,0.14632125
6,250,0.4505056,-0.3841781,-3.7743511,-1.4561362,-0.9418004,0.14735888
6,251,0.45064473,-0.38429278,-3.7743864,-1.4562984,-0.9420804,0.14839654
6,252,0.45050216,-0.38439178,-3.7702456,-1.4556785,-0.942356,0.14943422
6,253,0.4505366,-0.38452864,-3.77458,-1.4560943,-0.9426273,0.15047196
6,254,0.4504043,-0.38459516,-3.774537,-1.4551663,-0.9428943,0.1515097
6,255,0.4505812,-0.3846712,-3.7747908,-1.4558182,-0.94315696,0.1525475
6,256,0.4503349,-0.3849303,-3.7779655,-1.4549518,-0.9434153,0.15358528
6,257,0.45055735,-0.38480872,-3.7758121,-1.4555883,-0.9436693,0.1546231
6,258,0.45038164,-0.38514197,-3.7781239,-1.4553833,-0.943919,0.15566096
6,259,0.45056617,-0.38515753,-3.776945,-1.4553657,-0.9441644,0.15669881
6,260,0.45028996,-0.38542205,-3.7777748,-1.4549928,-0.9444055,0.15773666
6,261,0.4504608,-0.38542467,-3.7780752,-1.4550519,-0.94464225,0.15877452
6,262,0.45029616,-0.38558793,-3.7770252,-1.4549875,-0.94487464,0.1598124
6,263,0.4503541,-0.3856355,-3.7793102,-1.4551945,-0.94510275,0.16085027
6,264,0.45032716,-0.38586056,-3.7770138,-1.4551945,-0.9453265,0.16188814
6,265,0.45027375,-0.3858717,-3.7770042,-1.4549656,-0.945546,0.16292599
6,266,0.4501859,-0.38608062,-3.7776022,-1.45509,-0.94576114,0.16396384
6,267,0.45017505,-0.38597178,-3.7774143,-1.4552274,-0.94597197,0.16500168
6,268,0.4501561,-0.38637888,-3.7783365,-1.4548311,-0.9461785,0.1660395
6,269,0.4501822,-0.38620716,-3.7781973,-1.4552045,-0.9463807,0.1670773
6,270,0.4499792,-0.3865208,-3.7787113,-1.454946,-0.9465785,0.16811508
6,271,0.4501438,-0.38645416,-3.779211,-1.4551592,-0.94677204,0.16915283
6,272,0.45004296,-0.38687712,-3.7791119,-1.4549527,-0.9469613,0.17019056
6,273,0.45006895,-0.3867044,-3.7805653,-1.4551916,-0.9471462,0.17122824
6,274,0.44998598,-0.38703066,-3.7815523,-1.4546275,-0.9473268,0.1722659
6,275,0.4499942,-0.38709152,-3.784481,-1.4549117,-0.94750303,0.17330351
6,276,0.44994247,-0.38722807,-3.781042,-1.4546075,-0.947675,0.17434108
6,277,0.4499402,-0.38727075,-3.7807274,-1.4549494,-0.94784266,0.17537862
6,278,0.4498347,-0.3875183,-3.7812614,-1.454227,-0.948006,0.1764161
6,279,0.44987285,-0.3875358,-3.7820187,-1.4545965,-0.94816494,0.17745352
6,280,0.44975615,-0.38773715,-3.7818756,-1.4539237,-0.9483197,0.17849089
6,281,0.4497757,-0.3878036,-3.7813587,-1.4542198,-0.94847,0.1795282
6,282,0.4497124,-0.3879466,-3.7828789,-1.453722,-0.9486161,0.18056546
6,283,0.44971204,-0.38802433,-3.7815628,-1.4536004,-0.9487578,0.18160264
6,284,0.4495976,-0.38821113,-3.7831726,-1.4536242,-0.9488952,0.18263976
6,285,0.44951868,-0.3881296,-3.7819996,-1.4535851,-0.9490284,0.18367681
6,286,0.4495908,-0.3884645,-3.782917,-1.4535522,-0.9491572,0.18471378
6,287,0.44947326,-0.38839316,-3.7824993,-1.453373,-0.94928163,0.18575068
6,288,0.44955766,-0.3887034,-3.7824306,-1.4532762,-0.9494018,0.1867875
6,289,0.4494804,-0.3887062,-3.7828712,-1.4530082,-0.94951767,0.18782422
6,290,0.44945073,-0.38883638,-3.7830715,-1.4529238,-0.94962925,0.18886086
6,291,0.44945073,-0.3889858,-3.7828999,-1.4527807,-0.9497365,0.18989742
6,292,0.44933343,-0.3892131,-3.7841501,-1.4530606,-0.9498394,0.19093387
6,293,0.4493662,-0.38919783,-3.7831144,-1.4525619,-0.949938,0.19197023
6,294,0.44932437,-0.3893863,-3.7851067,-1.4527583,-0.95003235,0.1930065
6,295,0.44927347,-0.3894471,-3.7833157,-1.4521699,-0.95012236,0.19404265
6,296,0.44918656,-0.3896479,-3.7850933,-1.4524345,-0.950208,0.1950787
6,297,0.44906247,-0.38970536,-3.7836657,-1.4518476,-0.9502894,0.19611464
6,298,0.44922507,-0.38988423,-3.7853498,-1.4525299,-0.9503665,0.19715047
6,299,0.44919062,-0.3899138,-3.7846384,-1.4517217,-0.9504393,0.19818617
6,300,0.44917822,-0.3900597,-3.7853184,-1.4521575,-0.95050776,0.19922176
6,301,0.44907236,-0.39014053,-3.785307,-1.4518504,-0.95057195,0.20025723
6,302,0.44900382,-0.39023674,-3.7857428,-1.4520445,-0.9506318,0.20129256
6,303,0.44906545,-0.3903314,-3.7862206,-1.4514337,-0.9506874,0.20232777
6,304,0.4490205,-0.39046478,-3.7862148,-1.4518628,-0.95073867,0.20336285
6,305,0.44904637,-0.39060318,-3.7870808,-1.4513688,-0.95078564,0.20439778
6,306,0.44894254,-0.39072633,-3.786499,-1.4513617,-0.9508283,0.2054326
6,307,0.44890785,-0.3908341,-3.7875957,-1.4513922,-0.9508667,0.20646726
6,308,0.44890547,-0.39098173,-3.7870884,-1.4510055,-0.95090073,0.20750177
6,309,0.44877815,-0.39106667,-3.7874393,-1.4512348,-0.95093054,0.20853612
6,310,0.44889235,-0.39118648,-3.7877502,-1.450819,-0.95095605,0.20957033
6,311,0.44873333,-0.39123893,-3.787096,-1.4509978,-0.9509772,0.2106044
6,312,0.44870186,-0.39132822,-3.7882862,-1.4508128,-0.95099413,0.21163829
6,313,0.4487294,-0.39152688,-3.78784,-1.4507523,-0.95100677,0.21267202
6,314,0.44869256,-0.39154887,-3.7889423,-1.4505773,-0.95101506,0.2137056
6,315,0.44860196,-0.39176977,-3.78862,-1.4505444,-0.9510191,0.214739
6,316,0.44870234,-0.3917991,-3.7890701,-1.4501357,-0.95101887,0.21577223
6,317,0.44850397,-0.39195955,-3.7884254,-1.4503493,-0.9510143,0.21680528
6,318,0.44862485,-0.39206767,-3.788085,-1.4506612,-0.95100546,0.21783815
6,319,0.44855356,-0.39209515,-3.7885609,-1.450335,-0.95099235,0.21887085
6,320,0.44850802,-0.39219052,-3.7881956,-1.4508171,-0.950975,0.21990336
6,321,0.44843483,-0.3923223,-3.7887764,-1.4503708,-0.9509533,0.22093569
6,322,0.4485358,-0.3923974,-3.7881947,-1.4505711,-0.9509274,0.22196782
6,323,0.44848323,-0.39253289,-3.7902164,-1.4498425,-0.9508971,0.22299975
6,324,0.4483819,-0.39269245,-3.7882442,-1.450489,-0.9508626,0.2240315
6,325,0.44839013,-0.39281154,-3.7904606,-1.4497466,-0.95082384,0.22506304
6,326,0.44831896,-0.39284426,-3.7889032,-1.4497476,-0.95078075,0.22609437
6,327,0.44831216,-0.39297402,-3.788334,-1.4496989,-0.9507334,0.2271255
6,328,0.4483453,-0.3930595,-3.7901382,-1.4495406,-0.9506818,0.22815642
6,329,0.44826853,-0.39331758,-3.7907982,-1.449698,-0.95062596,0.22918712
6,330,0.4482664,-0.39336407,-3.7910452,-1.4488168,-0.95056576,0.2302176
6,331,0.448223,-0.39346784,-3.7912016,-1.4496746,-0.9505014,0.23124787
6,332,0.44821906,-0.39354354,-3.7900505,-1.448482,-0.95043266,0.23227791
6,333,0.4481777,-0.3936659,-3.7914562,-1.4497147,-0.9503597,0.23330773
6,334,0.44813848,-0.3937478,-3.7914114,-1.4484239,-0.9502825,0.23433733
6,335,0.4481827,-0.39395374,-3.791812,-1.4494486,-0.95020103,0.23536667
6,336,0.44806623,-0.39398205,-3.792076,-1.4481559,-0.9501153,0.23639579
6,337,0.44812965,-0.3941481,-3.7927122,-1.4490876,-0.9500253,0.23742467
6,338,0.44798565,-0.39420068,-3.7923346,-1.4477801,-0.9499311,0.23845331
6,339,0.4480052,-0.39434767,-3.7931128,-1.4484215,-0.94983256,0.2394817
6,340,0.44794786,-0.39442593,-3.7924614,-1.4474797,-0.9497298,0.24050984
6,341,0.4479766,-0.3945583,-3.79395,-1.4482636,-0.94962275,0.24153773
6,342,0.44790483,-0.3946309,-3.7933722,-1.4474735,-0.9495115,0.24256536
6,343,0.44797158,-0.39477515,-3.794056,-1.448256,-0.949396,0.24359274
6,344,0.44784832,-0.39488786,-3.794362,-1.4477873,-0.9492762,0.24461985
6,345,0.4478594,-0.3950522,-3.7951365,-1.4478984,-0.94915223,0.2456467
6,346,0.44773817,-0.39507043,-3.795354,-1.4474225,-0.94902396,0.24667327
6,347,0.44774306,-0.39526248,-3.7958813,-1.4477086,-0.94889146,0.24769959
6,348,0.44770837,-0.3953266,-3.796197,-1.4470768,-0.9487548,0.24872562
6,349,0.44768512,-0.39552432,-3.7965336,-1.447545,-0.94861376,0.24975137
6,350,0.44765186,-0.39554143,-3.7957058,-1.4471812,-0.94846857,0.25077686
6,351,0.44772327,-0.39574158,-3.7955513,-1.4474454,-0.94831914,0.25180203
6,352,0.44759977,-0.39565086,-3.7952604,-1.4466891,-0.9481655,0.25282693
6,353,0.44763052,-0.39589995,-3.7958384,-1.4472337,-0.9480076,0.25385153
6,354,0.44753456,-0.39592737,-3.7951994,-1.4469504,-0.9478454,0.25487587
6,355,0.44753313,-0.39609754,-3.7958317,-1.4468999,-0.94767904,0.25589988
6,356,0.44746244,-0.39620233,-3.7956772,-1.4466081,-0.94750845,0.2569236
6,357,0.4473964,-0.39639378,-3.7959251,-1.4464111,-0.9473337,0.257947
6,358,0.44742823,-0.39651072,-3.7960653,-1.4463377,-0.94715464,0.2589701
6,359,0.447438,-0.3965479,-3.7960262,-1.4461293,-0.9469714,0.25999293
6,360,0.4474913,-0.3966962,-3.7964725,-1.446363,-0.9467839,0.26101542
6,361,0.44736075,-0.39670205,-3.796978,-1.4458585,-0.9465922,0.26203758
6,362,0.44749832,-0.39684743,-3.7970266,-1.4462128,-0.94639635,0.2630594
6,363,0.44736826,-0.39696646,-3.797039,-1.445579,-0.94619626,0.26408094
6,364,0.44745255,-0.39714706,-3.7967796,-1.4459453,-0.94599193,0.26510215
6,365,0.44725013,-0.39720798,-3.7966938,-1.4455223,-0.9457834,0.26612303
6,366,0.44730508,-0.39724517,-3.7976265,-1.4457045,-0.94557065,0.26714355
6,367,0.44721377,-0.39737064,-3.7994251,-1.4453306,-0.94535375,0.26816374
6,368,0.4471346,-0.3975004,-3.7986403,-1.4455557,-0.9451326,0.2691836
6,369,0.44706273,-0.3976503,-3.8005095,-1.4448981,-0.9449073,0.27020314
6,370,0.44709647,-0.397704,-3.8000145,-1.4454846,-0.94467777,0.27122232
6,371,0.44693124,-0.3977722,-3.7990055,-1.4450068,-0.94444406,0.27224115
6,372,0.44708467,-0.3979131,-3.8003292,-1.4448848,-0.9442062,0.2732596
6,373,0.44688106,-0.3979084,-3.7996187,-1.44491,-0.94396406,0.27427775
6,374,0.4470538,-0.39816946,-3.800787,-1.4449453,-0.9437178,0.2752955
6,375,0.44688165,-0.3982522,-3.8003263,-1.4446592,-0.9434673,0.2763129
6,376,0.44693172,-0.398331,-3.8011866,-1.4444184,-0.9432126,0.27732992
6,377,0.4468676,-0.39838964,-3.8003483,-1.4443231,-0.9429538,0.2783466
6,378,0.44674468,-0.39856958,-3.801632,-1.4444418,-0.94269085,0.27936292
6,379,0.44679976,-0.39864707,-3.8008003,-1.4443159,-0.94242364,0.28037882
6,380,0.44662535,-0.39874572,-3.8019142,-1.4445434,-0.94215226,0.28139436
6,381,0.44663668,-0.39888716,-3.802743,-1.4440932,-0.94187677,0.28240955
6,382,0.44667792,-0.39901978,-3.8025665,-1.4439807,-0.9415971,0.28342432
6,383,0.446527,-0.3991269,-3.8028831,-1.4438396,-0.9413132,0.28443873
6,384,0.4465518,-0.3991558,-3.803195,-1.4440074,-0.9410252,0.28545272
6,385,0.44645488,-0.39935613,-3.8030186,-1.4434571,-0.940733,0.28646636
6,386,0.44655502,-0.39940858,-3.803712,-1.4437332,-0.94043666,0.28747958
6,387,0.44645572,-0.39948183,-3.802783,-1.4431949,-0.9401362,0.28849238
6,388,0.44655943,-0.39965975,-3.8039246,-1.4432063,-0.93983155,0.2895048
6,389,0.4463203,-0.39978492,-3.8032618,-1.443109,-0.93952274,0.29051682
6,390,0.44653344,-0.3998897,-3.8040762,-1.4430041,-0.9392098,0.2915284
6,391,0.44635713,-0.3999303,-3.8036842,-1.4431195,-0.9388927,0.2925396
6,392,0.44639766,-0.40004736,-3.8041782,-1.4430332,-0.9385715,0.29355037
6,393,0.44629467,-0.40010464,-3.8042374,-1.4430375,-0.93824613,0.29456073
6,394,0.4462731,-0.40021968,-3.8042068,-1.4430804,-0.93791664,0.29557067
6,395,0.44616973,-0.40037966,-3.8046799,-1.4426799,-0.937583,0.2965802
6,396,0.44625556,-0.4005034,-3.8028698,-1.4426303,-0.93724525,0.29758927
6,397,0.44611096,-0.40066123,-3.8052654,-1.4425244,-0.93690336,0.29859793
6,398,0.44612265,-0.40071607,-3.80406,-1.4425573,-0.9365573,0.29960614
6,399,0.44606483,-0.4008736,-3.8056812,-1.4425435,-0.9362072,0.3006139
6,400,0.4462,-0.40090293,-3.8059683,-1.4426632,-0.9358529,0.30162126
6,401,0.4460101,-0.40105814,-3.8061342,-1.4423871,-0.93549454,0.30262816
6,402,0.4461007,-0.40112412,-3.8066978,-1.4423051,-0.935132,0.3036346
6,403,0.44595528,-0.40123582,-3.8064957,-1.4419556,-0.9347654,0.3046406
6,404,0.44591844,-0.40138447,-3.8068733,-1.4419432,-0.9343947,0.30564615
6,405,0.4458413,-0.40147585,-3.8068762,-1.4415822,-0.93401986,0.30665123
6,406,0.44590342,-0.40162545,-3.8067284,-1.4415579,-0.93364096,0.30765587
6,407,0.44589317,-0.40167367,-3.8071785,-1.4412751,-0.93325794,0.30866003
6,408,0.4458468,-0.4018364,-3.8065681,-1.4414654,-0.9328708,0.30966374
6,409,0.44578004,-0.40184307,-3.8074799,-1.4410162,-0.93247956,0.31066698
6,410,0.4457848,-0.4019884,-3.807022,-1.441381,-0.93208426,0.31166974
6,411,0.44569802,-0.40201354,-3.8078632,-1.4407015,-0.93168485,0.31267205
6,412,0.44570196,-0.4022014,-3.807537,-1.4411507,-0.9312814,0.31367385
6,413,0.4457307,-0.40229833,-3.8081455,-1.4406638,-0.9308738,0.31467518
6,414,0.445621,-0.40242922,-3.808776,-1.4407883,-0.9304622,0.31567603
6,415,0.44566703,-0.40247464,-3.8079996,-1.4402523,-0.93004644,0.31667638
6,416,0.4455166,-0.40268588,-3.8101444,-1.440382,-0.92962664,0.31767625
6,417,0.44551706,-0.40257353,-3.8087444,-1.4398613,-0.9292028,0.3186756
6,418,0.44555962,-0.40279663,-3.8100376,-1.4404039,-0.9287749,0.3196745
6,419,0.44548,-0.40291697,-3.8087435,-1.4396639,-0.9283429,0.32067287
6,420,0.44543374,-0.40308088,-3.8098602,-1.440352,-0.9279068,0.32167074
6,421,0.44543636,-0.403031,-3.80904,-1.4395466,-0.9274667,0.3226681
6,422,0.4453187,-0.40330237,-3.809823,-1.4396329,-0.9270226,0.32366496
6,423,0.4453789,-0.40329725,-3.809227,-1.439033,-0.92657435,0.3246613
6,424,0.4452722,-0.40348852,-3.8106728,-1.4397774,-0.92612207,0.32565716
6,425,0.44532573,-0.40350997,-3.8096848,-1.4389067,-0.92566574,0.32665247
6,426,0.44531703,-0.4036733,-3.8114815,-1.4393964,-0.9252054,0.32764724
6,427,0.44525385,-0.4036882,-3.8105392,-1.4390187,-0.924741,0.3286415
6,428,0.44513917,-0.4039002,-3.8120747,-1.438827,-0.9242726,0.32963526
6,429,0.4451387,-0.40386295,-3.811284,-1.4389453,-0.9238001,0.33062845
6,430,0.4451418,-0.4041401,-3.8104658,-1.4388251,-0.92332363,0.33162114
6,431,0.44511163,-0.40408164,-3.8115273,-1.4384727,-0.92284316,0.33261326
6,432,0.44505107,-0.40431815,-3.810814,-1.4383564,-0.92235863,0.33360484
6,433,0.4451226,-0.4043193,-3.8117657,-1.4382796,-0.92187005,0.33459592
6,434,0.4450177,-0.40445143,-3.8117065,-1.4379377,-0.92137754,0.3355864
6,435,0.44495702,-0.4046501,-3.8119822,-1.4382758,-0.9208809,0.33657637
6,436,0.44497633,-0.40473533,-3.813016,-1.4376025,-0.92038035,0.33756578
6,437,0.4448744,-0.4048351,-3.8121614,-1.4379058,-0.9198758,0.33855462
6,438,0.4449128,-0.4048788,-3.8136234,-1.437388,-0.9193672,0.3395429
6,439,0.44491053,-0.40506768,-3.8128853,-1.4375606,-0.9188546,0.34053063
6,440,0.44485605,-0.40517014,-3.8142014,-1.4374256,-0.918338,0.34151778
6,441,0.44486415,-0.4053517,-3.8134842,-1.4374471,-0.9178175,0.34250438
6,442,0.44483447,-0.40541476,-3.8146782,-1.4369092,-0.9172929,0.3434904
6,443,0.4447825,-0.40546417,-3.8137856,-1.4374604,-0.9167644,0.34447584
6,444,0.44472933,-0.40552437,-3.814991,-1.4369664,-0.9162319,0.3454607
6,445,0.44469118,-0.40567005,-3.813838,-1.4373198,-0.91569537,0.34644502
6,446,0.4446144,-0.40571845,-3.8149157,-1.4366565,-0.9151549,0.3474287
6,447,0.4447198,-0.40586257,-3.8142233,-1.4367957,-0.91461045,0.34841183
6,448,0.44453633,-0.40582234,-3.814867,-1.4363246,-0.9140621,0.34939435
6,449,0.44472194,-0.40602028,-3.8145485,-1.4363542,-0.9135097,0.3503763
6,450,0.44455397,-0.40608132,-3.8157043,-1.4360623,-0.9129534,0.35135764
6,451,0.44465268,-0.40620607,-3.8157053,-1.4361386,-0.9123931,0.3523384
6,452,0.44443572,-0.4063325,-3.8161879,-1.4361506,-0.9118289,0.35331854
6,453,0.44453943,-0.4065237,-3.8168125,-1.435647,-0.9112607,0.35429806
6,454,0.44436872,-0.4065467,-3.8169746,-1.4356294,-0.9106886,0.355277
6,455,0.44443917,-0.4066494,-3.8179398,-1.4355521,-0.91011256,0.35625532
6,456,0.44436014,-0.40684235,-3.8166647,-1.4354987,-0.90953255,0.35723302
6,457,0.44440162,-0.4068454,-3.8183384,-1.4354973,-0.90894866,0.35821012
6,458,0.4441601,-0.4070258,-3.816638,-1.4354057,-0.9083608,0.35918656
6,459,0.4443004,-0.40705138,-3.8179932,-1.4353404,-0.907769,0.3601624
6,460,0.4441514,-0.40712798,-3.8165436,-1.4352679,-0.90717334,0.36113763
6,461,0.44426835,-0.40721607,-3.8173923,-1.4351363,-0.9065737,0.36211222
6,462,0.44408107,-0.40735143,-3.8182487,-1.435091,-0.9059702,0.3630862
6,463,0.4440931,-0.4073794,-3.816578,-1.4349036,-0.9053628,0.3640595
6,464,0.44400132,-0.40763736,-3.8185692,-1.4345355,-0.9047515,0.3650322
6,465,0.44398475,-0.40764922,-3.8157082,-1.4345284,-0.90413624,0.36600423
6,466,0.44398642,-0.4077754,-3.8182564,-1.4340982,-0.90351707,0.36697564
6,467,0.4439268,-0.40791726,-3.818698,-1.4342122,-0.9028941,0.3679464
6,468,0.44397283,-0.40800035,-3.818637,-1.4341698,-0.90226716,0.36891648
6,469,0.44384527,-0.4081179,-3.8188257,-1.4340272,-0.90163636,0.36988592
6,470,0.44379973,-0.40824813,-3.8188992,-1.4337935,-0.9010017,0.3708547
6,471,0.44367826,-0.4082775,-3.8188858,-1.4338646,-0.90036315,0.37182283
6,472,0.44370723,-0.40839428,-3.819952,-1.4334245,-0.89972067,0.3727903
6,473,0.44373512,-0.40848094,-3.8195171,-1.4334617,-0.8990744,0.37375712
6,474,0.44371486,-0.40853834,-3.8200216,-1.433516,-0.8984242,0.37472326
6,475,0.44360173,-0.4086877,-3.8202305,-1.4331951,-0.8977702,0.3756887
6,476,0.4436257,-0.4087963,-3.8204823,-1.4334321,-0.8971123,0.3766535
6,477,0.44353795,-0.40888995,-3.8212662,-1.4330215,-0.8964506,0.37761763
6,478,0.44353032,-0.40893245,-3.8200378,-1.4330497,-0.89578503,0.37858105
6,479,0.44349802,-0.40914422,-3.8209362,-1.432755,-0.8951156,0.37954378
6,480,0.44347262,-0.40918517,-3.8204956,-1.4327025,-0.8944423,0.38050586
6,481,0.44342542,-0.40937257,-3.8206444,-1.4322872,-0.8937653,0.38146722
6,482,0.44341242,-0.40943277,-3.8228893,-1.4326282,-0.8930843,0.3824279
6,483,0.44338822,-0.40950465,-3.8204956,-1.4321489,-0.89239955,0.3833879
6,484,0.4433638,-0.4095652,-3.8218393,-1.4325829,-0.891711,0.38434717
6,485,0.4433763,-0.40971804,-3.821185,-1.4320374,-0.89101857,0.38530576
6,486,0.44330192,-0.40978658,-3.8221416,-1.4324126,-0.8903224,0.38626364
6,487,0.44338942,-0.40993947,-3.8217344,-1.4318976,-0.88962233,0.38722083
6,488,0.44326258,-0.41003454,-3.822815,-1.4321675,-0.8889185,0.3881773
6,489,0.44323468,-0.4101379,-3.8222294,-1.4317007,-0.8882109,0.38913304
6,490,0.44319093,-0.41018873,-3.823536,-1.4319296,-0.88749945,0.39008808
6,491,0.44314933,-0.41024548,-3.8230543,-1.4317927,-0.88678426,0.3910424
6,492,0.4431032,-0.41032016,-3.8241234,-1.431704,-0.88606524,0.391996
6,493,0.44310188,-0.41053224,-3.8231363,-1.4314828,-0.8853424,0.39294887
6,494,0.44301236,-0.41058034,-3.823576,-1.4314666,-0.88461584,0.393901
6,495,0.44309175,-0.41069478,-3.8239393,-1.4311619,-0.8838855,0.39485243
6,496,0.44294512,-0.41072637,-3.8236713,-1.4310784,-0.88315135,0.3958031
6,497,0.4429345,-0.41090405,-3.8249207,-1.4308171,-0.8824135,0.39675304
6,498,0.4428891,-0.41094744,-3.8238955,-1.4307027,-0.88167185,0.39770225
6,499,0.44294953,-0.41110003,-3.8257513,-1.4305348,-0.88092643,0.3986507
6,500,0.44281268,-0.41121268,-3.8242502,-1.4306788,-0.88017726,0.39959842
6,501,0.44298553,-0.41125214,-3.824976,-1.43016,-0.8794244,0.4005454
6,502,0.4427564,-0.41138083,-3.824586,-1.430304,-0.8786677,0.40149158
6,503,0.44285083,-0.41147506,-3.8260832,-1.4298358,-0.87790734,0.40243706
6,504,0.4426992,-0.41155356,-3.82448,-1.4299598,-0.8771432,0.40338176
6,505,0.4426732,-0.41163552,-3.8271618,-1.4295726,-0.8763753,0.4043257
6,506,0.44258654,-0.41174328,-3.8253593,-1.4295297,-0.87560374,0.40526888
6,507,0.44261444,-0.41188163,-3.8261871,-1.4295497,-0.87482846,0.4062113
6,508,0.44247496,-0.41192555,-3.826768,-1.4292531,-0.8740494,0.40715292
6,509,0.44250667,-0.4121135,-3.826086,-1.4295282,-0.8732667,0.4080938
6,510,0.44237924,-0.41215873,-3.8258839,-1.4294162,-0.8724802,0.4090339
6,511,0.442397,-0.41229653,-3.82693,-1.4291806,-0.8716901,0.40997323
6,512,0.44234288,-0.4123206,-3.8268661,-1.4292502,-0.8708962,0.41091177
6,513,0.44233453,-0.41240925,-3.8277283,-1.4288526,-0.8700987,0.41184953
6,514,0.44232213,-0.41251385,-3.8277416,-1.4287143,-0.8692975,0.41278648
6,515,0.44233644,-0.41263342,-3.82823,-1.4285312,-0.86849254,0.41372266
6,516,0.44223928,-0.41273135,-3.8285828,-1.4285097,-0.86768395,0.41465807
6,517,0.44219255,-0.41285378,-3.8288755,-1.4284282,-0.8668717,0.41559267
6,518,0.44211555,-0.4130391,-3.8284044,-1.4284654,-0.8660558,0.41652647
6,519,0.44211578,-0.41307247,-3.829628,-1.4282489,-0.86523616,0.41745946
6,520,0.44208014,-0.41320395,-3.8284197,-1.4282126,-0.8644129,0.41839164
6,521,0.4419346,-0.41328728,-3.8297157,-1.4278545,-0.863586,0.41932303
6,522,0.4419943,-0.41332698,-3.827654,-1.4278722,-0.8627554,0.4202536
6,523,0.4419241,-0.41346705,-3.8296528,-1.4274087,-0.8619212,0.42118338
6,524,0.441926,-0.41350794,-3.828249,-1.4272642,-0.8610833,0.42211235
6,525,0.44176328,-0.41371584,-3.829835,-1.4272203,-0.86024183,0.42304048
6,526,0.44188392,-0.41377938,-3.8293276,-1.4271522,-0.85939676,0.42396778
6,527,0.44170392,-0.41393477,-3.8298225,-1.4271536,-0.858548,0.42489427
6,528,0.4418124,-0.41393065,-3.8299856,-1.4270635,-0.8576956,0.42581993
6,529,0.44172835,-0.41406447,-3.8302708,-1.4269557,-0.8568396,0.42674476
6,530,0.4417411,-0.41417468,-3.830863,-1.4264407,-0.85598004,0.42766878
6,531,0.44162858,-0.4142003,-3.8312292,-1.426341,-0.8551168,0.42859194
6,532,0.44164693,-0.4143145,-3.83142,-1.4261088,-0.85425,0.42951426
6,533,0.4415524,-0.41447055,-3.832059,-1.426405,-0.8533796,0.43043575
6,534,0.4415959,-0.41451508,-3.831997,-1.4258752,-0.85250556,0.4313564
6,535,0.44150233,-0.41461623,-3.8319883,-1.4254994,-0.851628,0.4322762
6,536,0.44160175,-0.41471612,-3.8324976,-1.4256945,-0.8507468,0.43319514
6,537,0.44143128,-0.41481465,-3.8307714,-1.4253545,-0.8498621,0.43411323
6,538,0.44143474,-0.4149654,-3.831811,-1.4254265,-0.84897375,0.4350305
6,539,0.44136083,-0.41509402,-3.831459,-1.4247842,-0.8480819,0.43594688
6,540,0.44131505,-0.4150976,-3.8321104,-1.4252234,-0.84718645,0.4368624
6,541,0.44145775,-0.41532642,-3.8319187,-1.4246697,-0.8462874,0.43777707
6,542,0.44127822,-0.4152102,-3.8324947,-1.4249067,-0.8453849,0.43869084
6,543,0.4413271,-0.41536665,-3.832387,-1.4247046,-0.8444788,0.43960378
6,544,0.4412371,-0.41537833,-3.8330193,-1.4246488,-0.8435691,0.44051585
6,545,0.44125545,-0.41555417,-3.8322792,-1.4246187,-0.84265596,0.44142702
6,546,0.44119394,-0.415604,-3.833291,-1.4243922,-0.84173924,0.44233733
6,547,0.44122756,-0.4157704,-3.8325052,-1.4244075,-0.840819,0.44324675
6,548,0.4411136,-0.41585422,-3.8337746,-1.4241934,-0.83989525,0.4441553
6,549,0.44112897,-0.4159841,-3.833024,-1.4242291,-0.838968,0.44506294
6,550,0.4409864,-0.41606462,-3.8340425,-1.4238358,-0.8380372,0.44596973
6,551,0.44095564,-0.41616648,-3.8343334,-1.4241362,-0.8371029,0.4468756
6,552,0.44090486,-0.4161967,-3.8330355,-1.4238372,-0.8361651,0.44778058
6,553,0.4409542,-0.4164443,-3.8346481,-1.4242086,-0.8352238,0.44868466
6,554,0.440732,-0.4163835,-3.8343258,-1.4232488,-0.83427906,0.44958785
6,555,0.44084346,-0.4166873,-3.8345757,-1.424005,-0.83333075,0.45049015
6,556,0.4407326,-0.41639745,-3.8348494,-1.4230599,-0.83237904,0.45139152
6,557,0.44075,-0.41683793,-3.834731,-1.423677,-0.8314238,0.452292
6,558,0.4407289,-0.41657943,-3.8350668,-1.4228654,-0.83046514,0.45319155
6,559,0.44074106,-0.41697186,-3.834714,-1.4233675,-0.829503,0.4540902
6,560,0.44058466,-0.41693652,-3.8360138,-1.4226465,-0.8285374,0.45498794
6,561,0.4406916,-0.41715062,-3.8353958,-1.4226813,-0.82756835,0.45588475
6,562,0.4406414,-0.41714215,-3.8364544,-1.4224386,-0.82659584,0.45678064
6,563,0.440529,-0.41725683,-3.835414,-1.4219179,-0.8256199,0.45767564
6,564,0.4406439,-0.4172989,-3.8359118,-1.4218993,-0.8246405,0.45856968
6,565,0.4403876,-0.41752076,-3.8357553,-1.4219971,-0.8236577,0.4594628
6,566,0.44056535,-0.417472,-3.8355389,-1.4219794,-0.8226715,0.46035495
6,567,0.4403484,-0.41764003,-3.836998,-1.4212947,-0.8216818,0.46124622
6,568,0.44045258,-0.4176721,-3.836585,-1.4216213,-0.8206887,0.4621365
6,569,0.44030738,-0.41784322,-3.8381424,-1.4214802,-0.81969225,0.4630259
6,570,0.44032633,-0.41796327,-3.83708,-1.4215174,-0.8186923,0.4639143
6,571,0.44014132,-0.41808784,-3.8377495,-1.4210877,-0.81768906,0.4648018
6,572,0.4402901,-0.41820538,-3.8357887,-1.4216285,-0.8166824,0.46568832
6,573,0.4401648,-0.41832793,-3.837328,-1.4207282,-0.81567234,0.4665739
6,574,0.44028258,-0.41829902,-3.8362494,-1.4210544,-0.8146589,0.46745855
6,575,0.44008136,-0.41843796,-3.8364992,-1.4210181,-0.8136421,0.4683422
6,576,0.44033802,-0.41836935,-3.8374014,-1.4209199,-0.81262183,0.46922493
6,577,0.43997097,-0.41854435,-3.8384247,-1.4207773,-0.8115983,0.47010666
6,578,0.44014907,-0.41858083,-3.8378277,-1.4204097,-0.8105714,0.47098744
6,579,0.4398806,-0.41882735,-3.836916,-1.4204717,-0.8095411,0.47186726
6,580,0.43995905,-0.4189049,-3.8382082,-1.4200978,-0.8085075,0.4727461
6,581,0.439816,-0.41897523,-3.8368874,-1.4203496,-0.8074705,0.473624
6,582,0.43988168,-0.4190693,-3.8391705,-1.419693,-0.8064302,0.4745009
6,583,0.4397123,-0.4191264,-3.838088,-1.4204445,-0.8053866,0.4753768
6,584,0.43983078,-0.41929197,-3.8399134,-1.4192739,-0.80433965,0.47625175
6,585,0.4396547,-0.41937524,-3.8391933,-1.4203625,-0.80328935,0.4771257
6,586,0.439749,-0.41949707,-3.8407555,-1.4191623,-0.8022357,0.47799867
6,587,0.4396565,-0.41963136,-3.840353,-1.4203238,-0.8011788,0.47887066
6,588,0.43974113,-0.41963094,-3.8413239,-1.418859,-0.8001186,0.47974166
6,589,0.43960238,-0.41967684,-3.8402596,-1.4202785,-0.7990551,0.48061165
6,590,0.43956423,-0.41972488,-3.8406353,-1.4187131,-0.7979883,0.48148066
6,591,0.43950772,-0.41981316,-3.8408155,-1.4198852,-0.7969182,0.48234865
6,592,0.43948936,-0.41999888,-3.8426285,-1.4187007,-0.79584485,0.48321566
6,593,0.43944478,-0.42006403,-3.8409739,-1.4187026,-0.7947682,0.48408166
6,594,0.43940175,-0.4201119,-3.844573,-1.4181356,-0.7936883,0.48494664
6,595,0.43934155,-0.4203173,-3.8398838,-1.4177322,-0.79260516,0.4858106
6,596,0.43932295,-0.42039132,-3.8432264,-1.4179411,-0.7915187,0.4866736
6,597,0.43926823,-0.42044425,-3.8412046,-1.4175458,-0.790429,0.48753554
6,598,0.43923938,-0.42054945,-3.8420076,-1.4171515,-0.7893361,0.48839647
6,599,0.43920672,-0.42071974,-3.84157,-1.4170909,-0.7882399,0.48925638
6,600,0.43917954,-0.42065388,-3.8429756,-1.4169374,-0.7871405,0.49011528
6,601,0.43921018,-0.42087555,-3.842166,-1.416615,-0.78603786,0.49097314
6,602,0.4391725,-0.4207579,-3.8441715,-1.4167962,-0.784932,0.49183
6,603,0.43917596,-0.42100263,-3.8434305,-1.4163451,-0.78382295,0.4926858
6,604,0.4389851,-0.42084718,-3.846486,-1.416286,-0.7827107,0.49354059
6,605,0.43900812,-0.42119497,-3.8441143,-1.4161282,-0.7815952,0.4943943
6,606,0.438936,-0.4210202,-3.8446178,-1.4157739,-0.7804765,0.495247
6,607,0.4389274,-0.42135012,-3.844428,-1.4156909,-0.77935463,0.49609867
6,608,0.43881822,-0.42124617,-3.8427181,-1.4154515,-0.77822953,0.4969493
6,609,0.43888223,-0.42149103,-3.8441029,-1.4156051,-0.7771013,0.49779886
6,610,0.4388013,-0.42143083,-3.8416195,-1.415585,-0.77596986,0.4986474
6,611,0.4387802,-0.42165095,-3.843896,-1.4153919,-0.7748352,0.49949488
6,612,0.4386474,-0.42164606,-3.8436995,-1.4158626,-0.7736975,0.5003413
6,613,0.4386332,-0.42195618,-3.844285,-1.415184,-0.7725566,0.50118667
6,614,0.43867874,-0.42185235,-3.8458347,-1.4158993,-0.7714125,0.50203097
6,615,0.4386165,-0.4220742,-3.8444986,-1.4149814,-0.7702653,0.5028742
6,616,0.43850243,-0.42197263,-3.8456097,-1.4153547,-0.7691149,0.5037164
6,617,0.438509,-0.42219698,-3.845008,-1.4147797,-0.76796144,0.5045575
6,618,0.4385363,-0.42219543,-3.8454952,-1.4145651,-0.7668048,0.50539756
6,619,0.43847978,-0.42241788,-3.845621,-1.4145536,-0.7656451,0.5062365
6,620,0.43847072,-0.4224099,-3.8454018,-1.4136848,-0.76448226,0.5070744
6,621,0.43841696,-0.4226743,-3.846612,-1.4140177,-0.7633163,0.50791126
6,622,0.43830633,-0.42264485,-3.8431683,-1.4134216,-0.7621472,0.508747
6,623,0.43830287,-0.42283672,-3.8466406,-1.4137158,-0.760975,0.5095816
6,624,0.43822086,-0.42288667,-3.8463888,-1.4134207,-0.7597998,0.51041526
6,625,0.43826425,-0.4229613,-3.847477,-1.4134526,-0.75862145,0.51124775
6,626,0.43816912,-0.42303514,-3.8470087,-1.4135551,-0.75744003,0.5120791
6,627,0.4380976,-0.4230411,-3.847331,-1.4131742,-0.7562555,0.5129095
6,628,0.43814886,-0.42324996,-3.8467684,-1.4131579,-0.75506794,0.5137387
6,629,0.43811297,-0.4233055,-3.8469276,-1.4129958,-0.75387734,0.5145668
6,630,0.43797767,-0.42345297,-3.8481808,-1.4126058,-0.75268364,0.5153938
6,631,0.43799424,-0.4234504,-3.8468342,-1.412744,-0.7514869,0.51621974
6,632,0.4380207,-0.42359734,-3.8478708,-1.4122772,-0.7502872,0.51704454
6,633,0.43790174,-0.42361408,-3.8470764,-1.4124589,-0.74908435,0.5178683
6,634,0.43786,-0.42373413,-3.8475733,-1.4120021,-0.7478785,0.5186909
6,635,0.43783236,-0.42382193,-3.8470335,-1.412014,-0.74666965,0.51951236
6,636,0.4377669,-0.42380816,-3.8473701,-1.4118342,-0.74545777,0.52033275
6,637,0.43779755,-0.42385006,-3.8478365,-1.4117851,-0.7442429,0.521152
6,638,0.43765318,-0.42404306,-3.847807,-1.4117017,-0.743025,0.52197015
6,639,0.4377433,-0.42406195,-3.849063,-1.4115863,-0.7418041,0.5227872
6,640,0.4375924,-0.4242882,-3.8490372,-1.4113235,-0.7405802,0.5236031
6,641,0.4375584,-0.42429256,-3.849434,-1.411293,-0.73935336,0.5244179
6,642,0.43755805,-0.42438924,-3.8497334,-1.4111147,-0.7381235,0.52523154
6,643,0.43751347,-0.42450023,-3.8493958,-1.4109836,-0.7368907,0.526044
6,644,0.43743968,-0.4246173,-3.8500614,-1.4109101,-0.7356549,0.5268554
6,645,0.4373691,-0.42470306,-3.8496046,-1.4110098,-0.7344161,0.5276657
6,646,0.4373132,-0.42471611,-3.8506117,-1.4106479,-0.7331744,0.5284748
6,647,0.43733048,-0.42484665,-3.8496017,-1.410542,-0.7319297,0.52928275
6,648,0.4372325,-0.4248724,-3.8501787,-1.41045,-0.73068213,0.5300896
6,649,0.4372847,-0.4250791,-3.8495264,-1.410522,-0.7294316,0.5308953
6,650,0.43720686,-0.42506516,-3.8499603,-1.4102435,-0.72817814,0.53169984
6,651,0.437101,-0.42516196,-3.8497143,-1.4102421,-0.72692174,0.5325032
6,652,0.43711996,-0.42530757,-3.8497047,-1.4100747,-0.72566247,0.5333054
6,653,0.4371153,-0.42529058,-3.8502274,-1.4098964,-0.7244002,0.5341065
6,654,0.43692458,-0.4254951,-3.8495693,-1.409503,-0.7231351,0.53490645
6,655,0.4370358,-0.42552483,-3.850727,-1.4093828,-0.7218671,0.5357052
6,656,0.43697548,-0.42560697,-3.8496723,-1.4094367,-0.7205962,0.5365028
6,657,0.43691385,-0.4257766,-3.851202,-1.4089589,-0.7193224,0.5372992
6,658,0.43683362,-0.42582774,-3.850255,-1.4089828,-0.7180457,0.5380945
6,659,0.4368558,-0.42588353,-3.8516226,-1.40875,-0.7167662,0.53888863
6,660,0.43680775,-0.42595518,-3.850997,-1.4085321,-0.7154837,0.53968155
6,661,0.43675578,-0.42603362,-3.852211,-1.4085879,-0.71419847,0.5404733
6,662,0.43676746,-0.4260391,-3.8517551,-1.4083786,-0.71291035,0.5412639
6,663,0.43660367,-0.42624116,-3.8523512,-1.4082046,-0.7116194,0.5420533
6,664,0.4365449,-0.42622888,-3.8520145,-1.4081054,-0.71032554,0.5428415
6,665,0.43657613,-0.42641217,-3.8524113,-1.4077878,-0.7090289,0.5436286
6,666,0.43653798,-0.42651695,-3.852271,-1.4078097,-0.70772946,0.5444144
6,667,0.4365232,-0.42662662,-3.8522568,-1.4075732,-0.70642716,0.5451991
6,668,0.43645382,-0.42663556,-3.8527298,-1.4075389,-0.70512205,0.54598254
6,669,0.4363811,-0.42672604,-3.8521595,-1.4075694,-0.70381415,0.54676485
6,670,0.4364072,-0.42694396,-3.852869,-1.4072742,-0.70250344,0.54754597
6,671,0.43636584,-0.42692524,-3.8522682,-1.4071164,-0.7011899,0.54832584
6,672,0.43627608,-0.42707336,-3.853465,-1.4069595,-0.6998736,0.5491045
6,673,0.43627524,-0.42708445,-3.853239,-1.4066148,-0.6985545,0.54988205
6,674,0.43628418,-0.42717922,-3.8538923,-1.4067159,-0.69723266,0.55065835
6,675,0.436157,-0.4273659,-3.854498,-1.406589,-0.69590807,0.55143344
6,676,0.4361472,-0.4273607,-3.8544798,-1.4064841,-0.6945807,0.5522073
6,677,0.43612337,-0.42753112,-3.8551235,-1.4062057,-0.69325054,0.55297995
6,678,0.4360621,-0.42759383,-3.8546534,-1.4060469,-0.69191766,0.5537514
6,679,0.43595135,-0.42766094,-3.8552074,-1.4057789,-0.69058204,0.5545217
6,680,0.43592,-0.42778724,-3.855052,-1.4057598,-0.6892437,0.5552907
6,681,0.43589938,-0.4278456,-3.8553581,-1.4056563,-0.68790257,0.55605847
6,682,0.4358958,-0.42798764,-3.855626,-1.4056277,-0.6865588,0.55682504
6,683,0.43580842,-0.4280902,-3.8557978,-1.4055018,-0.68521225,0.5575904
6,684,0.43576026,-0.4281584,-3.8561726,-1.4054871,-0.683863,0.55835456
6,685,0.4356997,-0.42824167,-3.8562508,-1.4051576,-0.68251103,0.55911744
6,686,0.43574774,-0.42844117,-3.8566847,-1.4049735,-0.6811564,0.5598791
6,687,0.43570268,-0.42846644,-3.8566122,-1.4047513,-0.6797991,0.56063956
6,688,0.43573177,-0.4285698,-3.8569984,-1.4045854,-0.6784391,0.5613988
6,689,0.43553495,-0.42859405,-3.8569326,-1.4043798,-0.6770764,0.56215674
6,690,0.43558645,-0.42872667,-3.8574276,-1.4043326,-0.67571104,0.5629135
6,691,0.435493,-0.428778,-3.8573685,-1.4041076,-0.67434305,0.56366897
6,692,0.4354453,-0.42889965,-3.857954,-1.4040923,-0.6729724,0.5644232
6,693,0.43535602,-0.42903137,-3.8573685,-1.4039063,-0.6715991,0.5651762
6,694,0.4354099,-0.42905998,-3.8581657,-1.4038324,-0.6702231,0.565928
6,695,0.4352926,-0.4291581,-3.8574963,-1.4036503,-0.6688445,0.56667846
6,696,0.43535697,-0.42929047,-3.8579826,-1.4033437,-0.6674633,0.5674277
6,697,0.4352746,-0.42932355,-3.8576584,-1.403245,-0.66607946,0.5681757
6,698,0.43527186,-0.42947006,-3.8583183,-1.4030375,-0.664693,0.5689224
6,699,0.43508434,-0.4294501,-3.8582335,-1.4029136,-0.663304,0.5696679
6,700,0.4351864,-0.42957652,-3.8587475,-1.402791,-0.66191226,0.5704121
6,701,0.43506718,-0.429677,-3.8587456,-1.4028182,-0.66051805,0.5711551
6,702,0.435094,-0.42966908,-3.8588772,-1.4024844,-0.65912116,0.57189673
6,703,0.4350226,-0.42979777,-3.8591843,-1.4024243,-0.65772176,0.57263714
6,704,0.43506455,-0.42994207,-3.858882,-1.40206,-0.65631974,0.5733763
6,705,0.43492424,-0.4299711,-3.859007,-1.401969,-0.65491515,0.57411414
6,706,0.43487966,-0.4299941,-3.8586073,-1.4017124,-0.65350807,0.57485074
6,707,0.43493652,-0.43017685,-3.8588924,-1.4018626,-0.65209836,0.5755861
6,708,0.43485034,-0.43021607,-3.858014,-1.4013782,-0.65068614,0.5763201
6,709,0.43484592,-0.43024385,-3.8588562,-1.4014044,-0.64927137,0.5770529
6,710,0.43482435,-0.43037897,-3.8580542,-1.4011459,-0.6478541,0.57778436
6,711,0.4347303,-0.43044865,-3.8596992,-1.4009213,-0.64643425,0.5785146
6,712,0.4347515,-0.43056136,-3.858962,-1.4008231,-0.6450119,0.5792435
6,713,0.43466747,-0.4306507,-3.8598604,-1.4006543,-0.64358705,0.5799711
6,714,0.43471718,-0.43059158,-3.8591871,-1.4004421,-0.64215964,0.5806974
6,715,0.4346516,-0.43067098,-3.8600636,-1.4004331,-0.6407298,0.58142245
6,716,0.43456972,-0.4308654,-3.8593273,-1.4000864,-0.6392974,0.58214617
6,717,0.43466246,-0.4308949,-3.8600407,-1.400207,-0.63786256,0.58286864
6,718,0.43442225,-0.43101037,-3.8595915,-1.3997684,-0.63642526,0.5835898
6,719,0.4345609,-0.43108726,-3.8605232,-1.4001226,-0.63498545,0.5843096
6,720,0.4343711,-0.4311726,-3.8600836,-1.3995638,-0.6335432,0.5850281
6,721,0.4343524,-0.43121493,-3.8608837,-1.3997607,-0.6320985,0.5857454
6,722,0.43430924,-0.4312837,-3.861496,-1.3992515,-0.63065135,0.5864613
6,723,0.43434083,-0.4313842,-3.8610678,-1.3992062,-0.6292017,0.5871759
6,724,0.43422556,-0.431449,-3.861166,-1.3987594,-0.6277497,0.5878892
6,725,0.43426263,-0.4315251,-3.8610954,-1.3989768,-0.6262952,0.5886012
6,726,0.4341408,-0.43162227,-3.8618479,-1.3982792,-0.6248383,0.58931184
6,727,0.43428302,-0.43168575,-3.861394,-1.3981996,-0.623379,0.5900212
6,728,0.434039,-0.43179697,-3.8626137,-1.3980594,-0.62191725,0.59072924
6,729,0.43409872,-0.43191206,-3.8616571,-1.3981056,-0.6204532,0.59143597
6,730,0.4339819,-0.43189853,-3.8626842,-1.3978562,-0.6189866,0.59214133
6,731,0.43390417,-0.43198657,-3.8620758,-1.3980036,-0.6175177,0.5928454
6,732,0.433962,-0.43214667,-3.8630724,-1.3975935,-0.6160464,0.5935481
6,733,0.4337808,-0.43214852,-3.862689,-1.3977876,-0.61457276,0.5942495
6,734,0.4338565,-0.43232572,-3.8628569,-1.3969798,-0.6130968,0.59494954
6,735,0.43370497,-0.43234456,-3.8623924,-1.3972116,-0.61161834,0.5956483
6,736,0.43368196,-0.43248343,-3.8625402,-1.3967719,-0.61013764,0.5963457
6,737,0.4336797,-0.43256855,-3.8630247,-1.3967218,-0.60865456,0.5970417
6,738,0.43367147,-0.43256146,-3.8627434,-1.3968406,-0.6071691,0.5977365
6,739,0.43365407,-0.4327563,-3.863531,-1.3965888,-0.60568136,0.59842986
6,740,0.43354595,-0.43273914,-3.863266,-1.3965635,-0.60419124,0.59912187
6,741,0.43355286,-0.43289757,-3.8643866,-1.396482,-0.60269886,0.59981257
6,742,0.43349564,-0.43295407,-3.8635302,-1.3960519,-0.60120416,0.6005019
6,743,0.43337774,-0.4330927,-3.8651066,-1.3959556,-0.5997071,0.60118985
6,744,0.4333781,-0.43316942,-3.8639488,-1.3956094,-0.59820783,0.6018765
6,745,0.43338192,-0.4333098,-3.8653193,-1.3955083,-0.5967062,0.6025618
6,746,0.433375,-0.43322825,-3.8641834,-1.395185,-0.5952023,0.60324574
6,747,0.43319213,-0.43337613,-3.8653374,-1.395206,-0.5936962,0.60392827
6,748,0.43313432,-0.43350136,-3.8643389,-1.3949332,-0.59218776,0.6046095
6,749,0.43321562,-0.43347335,-3.8653708,-1.3949704,-0.5906771,0.60528934
6,750,0.43311334,-0.4335963,-3.8645039,-1.3947334,-0.58916414,0.6059678
6,751,0.43312395,-0.43375224,-3.8659735,-1.3945594,-0.5876489,0.6066449
6,752,0.43308294,-0.43369114,-3.864684,-1.3944016,-0.5861315,0.60732067
6,753,0.4330536,-0.4338839,-3.8659706,-1.3940887,-0.58461183,0.60799503
6,754,0.43296504,-0.4339127,-3.8650703,-1.3937454,-0.58308995,0.608668
6,755,0.43297267,-0.4340011,-3.8667126,-1.3937511,-0.58156586,0.60933965
6,756,0.4328922,-0.43415475,-3.8655958,-1.3936543,-0.5800395,0.6100099
6,757,0.4329641,-0.4342543,-3.866393,-1.3935304,-0.578511,0.6106788
6,758,0.43283737,-0.43434304,-3.8661852,-1.3933716,-0.5769803,0.6113463
6,759,0.43278122,-0.43439972,-3.8663836,-1.3932152,-0.5754474,0.6120124
6,760,0.4326296,-0.43441254,-3.866643,-1.3930049,-0.57391226,0.61267716
6,761,0.43275678,-0.43448532,-3.866087,-1.3927088,-0.572375,0.6133405
6,762,0.43262184,-0.43460256,-3.8652706,-1.3926525,-0.5708356,0.61400247
6,763,0.43267953,-0.43462497,-3.8663464,-1.3922877,-0.569294,0.61466306
6,764,0.4326222,-0.43473417,-3.8654203,-1.3921866,-0.5677502,0.61532223
6,765,0.4326737,-0.4347651,-3.8664513,-1.3920174,-0.5662043,0.61598
6,766,0.43248737,-0.43483013,-3.865652,-1.3916755,-0.56465626,0.6166364
6,767,0.43250728,-0.43497264,-3.8663502,-1.3916574,-0.5631061,0.6172914
6,768,0.43237352,-0.4350326,-3.866168,-1.3912768,-0.5615538,0.617945
6,769,0.4324242,-0.43508196,-3.8663006,-1.391315,-0.5599994,0.6185972
6,770,0.432392,-0.43518752,-3.8662252,-1.391046,-0.55844283,0.61924803
6,771,0.43239832,-0.43518972,-3.8663216,-1.3909497,-0.5568842,0.6198974
6,772,0.43229842,-0.435394,-3.8664455,-1.3908229,-0.5553235,0.62054545
6,773,0.43226588,-0.43547678,-3.866455,-1.3905864,-0.55376065,0.62119204
6,774,0.43214738,-0.43555015,-3.8670158,-1.39047,-0.5521958,0.6218372
6,775,0.43217373,-0.4355775,-3.8669195,-1.3902512,-0.5506288,0.622481
6,776,0.4321581,-0.4357146,-3.867527,-1.3900766,-0.54905975,0.62312335
6,777,0.43215287,-0.43566442,-3.867505,-1.3897805,-0.54748863,0.6237643
6,778,0.43205988,-0.4358346,-3.8675127,-1.3896527,-0.5459155,0.6244038
6,779,0.43198562,-0.43585426,-3.867653,-1.3893852,-0.54434025,0.6250419
6,780,0.43187296,-0.435948,-3.8677998,-1.3893557,-0.54276305,0.6256786
6,781,0.43191957,-0.43604606,-3.8681774,-1.3892417,-0.54118377,0.62631387
6,782,0.43188453,-0.4361804,-3.868043,-1.3891072,-0.53960246,0.6269477
6,783,0.43184388,-0.43617827,-3.868619,-1.3891044,-0.5380191,0.62758017
6,784,0.4317268,-0.4362424,-3.868311,-1.3888655,-0.5364338,0.62821114
6,785,0.43174732,-0.43631357,-3.8684235,-1.3888135,-0.5348465,0.6288407
6,786,0.43171132,-0.43650156,-3.8685675,-1.3885198,-0.5332572,0.62946886
6,787,0.43165195,-0.4364434,-3.8686953,-1.3881745,-0.53166586,0.63009554
6,788,0.43165934,-0.4366169,-3.8689651,-1.3881254,-0.53007257,0.6307208
6,789,0.4316287,-0.43660134,-3.8683987,-1.3882585,-0.52847725,0.6313447
6,790,0.4315809,-0.43673325,-3.8696404,-1.3877397,-0.52688,0.63196707
6,791,0.4315573,-0.43685973,-3.8683271,-1.3878598,-0.52528083,0.632588
6,792,0.43143106,-0.436956,-3.8705797,-1.3874393,-0.52367973,0.63320756
6,793,0.4314294,-0.43699157,-3.868946,-1.3873501,-0.5220766,0.6338256
6,794,0.4313457,-0.4371009,-3.8711185,-1.3870816,-0.5204716,0.63444227
6,795,0.43131077,-0.43716562,-3.8695831,-1.3868189,-0.51886463,0.63505745
6,796,0.43130183,-0.43718302,-3.8706284,-1.3866472,-0.5172557,0.6356712
6,797,0.43125904,-0.43723267,-3.8702936,-1.3865943,-0.51564497,0.63628346
6,798,0.4311812,-0.437414,-3.869913,-1.3863311,-0.51403224,0.63689435
6,799,0.43118048,-0.43733233,-3.870102,-1.3864064,-0.5124176,0.63750374
6,800,0.4311005,-0.43761957,-3.8706713,-1.3860178,-0.51080114,0.63811165
6,801,0.4310994,-0.43757963,-3.870204,-1.3859353,-0.50918275,0.6387181
6,802,0.43103456,-0.43770146,-3.8707123,-1.3856359,-0.5075625,0.6393232
6,803,0.43102646,-0.4378482,-3.869936,-1.3854165,-0.5059404,0.63992673
6,804,0.43098938,-0.4378929,-3.8705492,-1.3853059,-0.50431633,0.64052886
6,805,0.43091357,-0.43796778,-3.8698044,-1.3852382,-0.5026905,0.6411295
6,806,0.4308114,-0.43805814,-3.870267,-1.3850675,-0.5010628,0.64172864
6,807,0.43087995,-0.4381051,-3.8696203,-1.3849974,-0.49943325,0.64232635
6,808,0.43081927,-0.4382503,-3.8710327,-1.3846478,-0.49780187,0.64292264
6,809,0.43071878,-0.43833017,-3.8697157,-1.3846512,-0.49616867,0.64351743
6,810,0.4306786,-0.4383039,-3.8714666,-1.3842964,-0.49453363,0.64411074
6,811,0.43058884,-0.43843633,-3.8703432,-1.3842788,-0.4928968,0.64470255
6,812,0.43061173,-0.43857408,-3.8716621,-1.3840966,-0.49125814,0.64529294
6,813,0.4305339,-0.43852162,-3.8708858,-1.3838534,-0.4896177,0.64588183
6,814,0.4304942,-0.43862903,-3.8725843,-1.3838243,-0.48797545,0.64646924
6,815,0.43048406,-0.43868363,-3.8716784,-1.383532,-0.48633143,0.64705515
6,816,0.43046665,-0.4388556,-3.8729134,-1.38342,-0.48468563,0.64763963
6,817,0.43040252,-0.43890697,-3.87253,-1.3832245,-0.48303807,0.64822257
6,818,0.43030047,-0.43899834,-3.873105,-1.3829546,-0.48138875,0.64880407
6,819,0.43030155,-0.43900466,-3.8730764,-1.3828678,-0.47973767,0.6493841
6,820,0.43028045,-0.43916166,-3.8733664,-1.3825836,-0.47808483,0.6499626
6,821,0.4302225,-0.43922198,-3.873335,-1.3825502,-0.47643027,0.65053964
6,822,0.43022442,-0.43925065,-3.8727531,-1.3822837,-0.47477397,0.6511152
6,823,0.43016744,-0.43931645,-3.873602,-1.3821578,-0.47311595,0.65168923
6,824,0.43008196,-0.43951297,-3.8731117,-1.3819828,-0.47145623,0.6522618
6,825,0.42999852,-0.43945605,-3.8734808,-1.381815,-0.46979478,0.6528328
6,826,0.43004358,-0.43959177,-3.873003,-1.3816628,-0.46813163,0.6534024
6,827,0.42999136,-0.43964183,-3.8734255,-1.3814697,-0.46646678,0.6539705
6,828,0.4299029,-0.43967587,-3.873598,-1.3812118,-0.46480027,0.654537
6,829,0.42983162,-0.43985206,-3.8740501,-1.3810949,-0.46313205,0.65510213
6,830,0.4298128,-0.43987173,-3.8734741,-1.3807583,-0.46146217,0.6556657
6,831,0.42979848,-0.43995178,-3.8739386,-1.3807015,-0.45979062,0.65622777
6,832,0.42979217,-0.44005257,-3.8737717,-1.3804932,-0.4581174,0.65678835
6,833,0.42968893,-0.4401207,-3.8744993,-1.3803134,-0.45644253,0.6573474
6,834,0.4296353,-0.44016552,-3.8741646,-1.3802776,-0.45476604,0.6579049
6,835,0.42961752,-0.44029802,-3.8742266,-1.3799195,-0.45308793,0.658461
6,836,0.42962492,-0.4403113,-3.8743925,-1.3798375,-0.45140815,0.6590155
6,837,0.42946017,-0.44041127,-3.874405,-1.3796577,-0.44972676,0.6595685
6,838,0.42948496,-0.44046336,-3.8742218,-1.3793545,-0.44804376,0.66012
6,839,0.429415,-0.44052452,-3.8746681,-1.3794518,-0.44635916,0.66067
6,840,0.42944384,-0.44066894,-3.8746338,-1.3788791,-0.44467297,0.66121846
6,841,0.4294126,-0.44075638,-3.8751106,-1.3790793,-0.44298518,0.66176546
6,842,0.4293748,-0.4408388,-3.8752813,-1.3787398,-0.4412958,0.6623109
6,843,0.4292667,-0.44093966,-3.8754158,-1.3786597,-0.43960485,0.6628548
6,844,0.42931187,-0.44092906,-3.8754206,-1.3781261,-0.43791232,0.6633972
6,845,0.42922306,-0.44101924,-3.8759089,-1.378376,-0.43621826,0.66393805
6,846,0.42922628,-0.44115633,-3.8762083,-1.3778272,-0.4345226,0.6644774
6,847,0.42908072,-0.44121486,-3.8762999,-1.3779249,-0.43282545,0.6650152
6,848,0.42909348,-0.44123632,-3.8769217,-1.377645,-0.4311267,0.6655515
6,849,0.42904615,-0.44135463,-3.8760939,-1.3777494,-0.42942646,0.66608626
6,850,0.4290421,-0.44138455,-3.8768406,-1.377481,-0.4277247,0.6666195
6,851,0.42891085,-0.4415632,-3.8768215,-1.3774343,-0.4260214,0.66715115
6,852,0.42891777,-0.44160444,-3.8769732,-1.3770571,-0.42431659,0.66768134
6,853,0.4288597,-0.44162995,-3.8768635,-1.3770175,-0.42261028,0.66820997
6,854,0.42888486,-0.44177055,-3.8771925,-1.3768058,-0.4209025,0.66873705
6,855,0.42875874,-0.44185406,-3.876875,-1.3766756,-0.4191932,0.6692626
6,856,0.42876327,-0.44187516,-3.8774385,-1.3765111,-0.41748244,0.66978663
6,857,0.4287219,-0.44199193,-3.876954,-1.3763471,-0.4157702,0.6703091
6,858,0.4286301,-0.44203877,-3.8774347,-1.376092,-0.4140565,0.67083
6,859,0.4285438,-0.4421084,-3.8774805,-1.3759551,-0.41234136,0.6713494
6,860,0.42867196,-0.4422667,-3.8774633,-1.3757496,-0.41062474,0.67186725
6,861,0.4285152,-0.4422934,-3.8782835,-1.3756909,-0.4089067,0.67238355
6,862,0.42859173,-0.44237107,-3.8775568,-1.3755884,-0.40718722,0.6728983
6,863,0.42848754,-0.4423995,-3.8783178,-1.3756323,-0.40546632,0.6734115
6,864,0.4284022,-0.44252324,-3.8780327,-1.3753285,-0.40374398,0.6739232
6,865,0.42836583,-0.4426676,-3.8783503,-1.375381,-0.40202025,0.6744333
6,866,0.4283558,-0.4427232,-3.8785706,-1.3750501,-0.4002951,0.67494184
6,867,0.42831504,-0.44279128,-3.8789024,-1.37497,-0.39856857,0.67544883
6,868,0.42821598,-0.44278562,-3.8786554,-1.3747745,-0.39684063,0.6759542
6,869,0.42822433,-0.44284368,-3.8788662,-1.3745046,-0.39511132,0.6764581
6,870,0.42814612,-0.4429958,-3.8790874,-1.3742847,-0.3933806,0.67696047
6,871,0.42809868,-0.44297814,-3.879096,-1.3741488,-0.39164856,0.6774612
6,872,0.4279927,-0.44308335,-3.8792868,-1.3740454,-0.38991514,0.67796046
6,873,0.42800105,-0.44323605,-3.8794556,-1.373817,-0.38818038,0.6784581
6,874,0.4280405,-0.4433384,-3.879569,-1.373775,-0.38644427,0.6789541
6,875,0.4279498,-0.443318,-3.879654,-1.3734889,-0.38470683,0.67944866
6,876,0.42787325,-0.44346428,-3.8795557,-1.3734851,-0.38296804,0.6799416
6,877,0.42793226,-0.44352144,-3.8798456,-1.3732104,-0.38122794,0.680433
6,878,0.42777264,-0.44362777,-3.879816,-1.3731828,-0.3794865,0.6809228
6,879,0.42776823,-0.44371563,-3.879818,-1.3729329,-0.37774378,0.6814111
6,880,0.42775083,-0.44369316,-3.8798351,-1.3726945,-0.37599975,0.68189776
6,881,0.42773688,-0.44387633,-3.8802166,-1.3725238,-0.37425444,0.6823828
6,882,0.42758965,-0.44384128,-3.8805342,-1.3722091,-0.37250784,0.6828664
6,883,0.42766845,-0.44401103,-3.8806248,-1.3720517,-0.37075996,0.6833483
6,884,0.42753434,-0.44401848,-3.8806715,-1.3718543,-0.3690108,0.6838287
6,885,0.42750752,-0.44403768,-3.881092,-1.3716073,-0.3672604,0.6843075
6,886,0.427418,-0.44412452,-3.8809853,-1.3714862,-0.3655087,0.6847847
6,887,0.42746735,-0.44420618,-3.8812275,-1.3711953,-0.3637558,0.68526036
6,888,0.4273486,-0.44433635,-3.881466,-1.3709207,-0.36200163,0.68573445
6,889,0.4273082,-0.44437695,-3.881504,-1.3708005,-0.36024624,0.68620694
6,890,0.42724276,-0.44439834,-3.8814678,-1.3704967,-0.35848963,0.6866778
6,891,0.42722237,-0.44455743,-3.8817587,-1.3704014,-0.3567318,0.68714714
6,892,0.42724192,-0.44463038,-3.88165,-1.3701644,-0.35497275,0.68761486
6,893,0.42719746,-0.44469678,-3.8818989,-1.3700213,-0.3532125,0.688081
6,894,0.4270563,-0.4447502,-3.881917,-1.3698039,-0.35145107,0.6885456
6,895,0.42702794,-0.4448232,-3.8817978,-1.3695836,-0.34968844,0.68900853
6,896,0.42706585,-0.4448223,-3.882351,-1.3693671,-0.34792462,0.68946993
6,897,0.42702496,-0.44504136,-3.8815851,-1.3689313,-0.34615964,0.6899297
6,898,0.4269637,-0.44501263,-3.8821793,-1.3689928,-0.3443935,0.6903879
6,899,0.4268713,-0.44508064,-3.8818455,-1.3685107,-0.34262618,0.69084454
6,900,0.4268607,-0.4451869,-3.8827286,-1.3687382,-0.34085774,0.69129956
6,901,0.4268378,-0.44526023,-3.8821764,-1.3684006,-0.33908814,0.691753
6,902,0.42678952,-0.44523644,-3.8829489,-1.3684998,-0.3373174,0.6922048
6,903,0.42669082,-0.44544244,-3.8825474,-1.3679724,-0.33554554,0.69265497
6,904,0.42666864,-0.44545013,-3.8830566,-1.3681188,-0.33377254,0.6931036
6,905,0.42662394,-0.44555056,-3.8834953,-1.3677087,-0.33199847,0.69355065
6,906,0.42653847,-0.44558382,-3.8832464,-1.3676667,-0.33022326,0.6939961
6,907,0.42655134,-0.4457599,-3.883893,-1.367487,-0.32844695,0.6944399
6,908,0.4264698,-0.44578552,-3.8835459,-1.3673062,-0.32666954,0.6948821
6,909,0.42645526,-0.4459591,-3.884059,-1.3672757,-0.3248911,0.6953227
6,910,0.42638004,-0.44592768,-3.8842678,-1.3672161,-0.32311153,0.6957617
6,911,0.42632914,-0.44604707,-3.8845463,-1.3669147,-0.3213309,0.6961991
6,912,0.4262296,-0.44604433,-3.8847084,-1.3666835,-0.31954923,0.6966349
6,913,0.4262941,-0.4461602,-3.8846855,-1.3667259,-0.31776652,0.69706905
6,914,0.42623866,-0.44630408,-3.8851948,-1.3662724,-0.31598273,0.69750166
6,915,0.42614973,-0.44635272,-3.8848906,-1.3662534,-0.3141979,0.6979326
6,916,0.42606902,-0.44637328,-3.8857117,-1.3659453,-0.31241205,0.69836193
6,917,0.42610025,-0.4464888,-3.8850746,-1.3656173,-0.3106252,0.69878966
6,918,0.4260496,-0.44651854,-3.885706,-1.3655233,-0.3088373,0.69921577
6,919,0.42599404,-0.44660217,-3.8852882,-1.3649569,-0.3070484,0.69964033
6,920,0.42595005,-0.44663608,-3.8856087,-1.3649826,-0.3052585,0.70006317
6,921,0.42590666,-0.4467851,-3.885868,-1.3648705,-0.30346763,0.70048445
6,922,0.4258579,-0.44681942,-3.885419,-1.3647542,-0.30167574,0.70090413
6,923,0.42586684,-0.4469465,-3.8855276,-1.3642769,-0.2998829,0.70132214
6,924,0.42575753,-0.44693416,-3.885254,-1.3646212,-0.2980891,0.7017386
6,925,0.42574954,-0.44708538,-3.8853235,-1.3641338,-0.29629427,0.7021534
6,926,0.42564976,-0.44707495,-3.885642,-1.3642039,-0.29449853,0.70256656
6,927,0.42559016,-0.4471377,-3.885663,-1.363905,-0.29270184,0.7029781
6,928,0.4255029,-0.44727844,-3.8855858,-1.3637614,-0.29090422,0.70338804
6,929,0.42552233,-0.44731987,-3.8860588,-1.3634582,-0.28910565,0.7037963
6,930,0.4255153,-0.4473698,-3.885644,-1.3633347,-0.28730616,0.704203
6,931,0.4253918,-0.44738388,-3.8863316,-1.3632054,-0.28550574,0.704608
6,932,0.42536092,-0.4474551,-3.8859577,-1.3630104,-0.2837044,0.7050115
6,933,0.42533994,-0.4475503,-3.8864794,-1.3628426,-0.2819022,0.7054133
6,934,0.425256,-0.44761443,-3.8862,-1.3626561,-0.28009906,0.7058134
6,935,0.42528963,-0.44774073,-3.8859968,-1.3623195,-0.27829504,0.7062119
6,936,0.42525518,-0.4477464,-3.8859215,-1.3624039,-0.27649015,0.70660883
6,937,0.4251461,-0.44780958,-3.8861475,-1.3619404,-0.2746844,0.70700413
6,938,0.42511654,-0.44778085,-3.8861036,-1.361855,-0.27287775,0.70739776
6,939,0.42514563,-0.44789326,-3.885662,-1.361527,-0.27107024,0.7077897
6,940,0.42503893,-0.44800067,-3.886259,-1.3614573,-0.2692619,0.7081801
6,941,0.42504025,-0.44810492,-3.8860397,-1.3611255,-0.26745272,0.7085688
6,942,0.42492878,-0.44805503,-3.8863382,-1.3611112,-0.2656427,0.70895594
6,943,0.4249127,-0.44819635,-3.8859901,-1.3607082,-0.26383182,0.70934135
6,944,0.42489517,-0.4481833,-3.8864632,-1.3608031,-0.26202014,0.7097252
6,945,0.42481816,-0.44836807,-3.8861933,-1.3603439,-0.26020765,0.7101073
6,946,0.42483354,-0.4483602,-3.8866863,-1.3603997,-0.25839436,0.7104879
6,947,0.4247676,-0.44850284,-3.8865252,-1.3599524,-0.25658026,0.71086675
6,948,0.42466474,-0.44850224,-3.886797,-1.3598814,-0.25476536,0.711244
6,949,0.42461336,-0.44858718,-3.8867588,-1.3596969,-0.25294968,0.7116196
6,950,0.42456603,-0.4486165,-3.8867035,-1.3595037,-0.25113323,0.7119936
6,951,0.42456388,-0.44875276,-3.88667,-1.3594308,-0.24931602,0.71236587
6,952,0.42455518,-0.44869572,-3.886838,-1.3591261,-0.24749804,0.71273655
6,953,0.4245392,-0.44887805,-3.8866158,-1.3591843,-0.24567929,0.71310556
6,954,0.42449534,-0.44893402,-3.8866482,-1.3588815,-0.2438598,0.71347296
6,955,0.42443788,-0.44895864,-3.886777,-1.3589039,-0.24203958,0.71383864
6,956,0.4243772,-0.44897342,-3.8862839,-1.3585882,-0.24021861,0.71420276
6,957,0.42425263,-0.44912905,-3.886982,-1.3584552,-0.23839693,0.71456516
6,958,0.42430687,-0.4491148,-3.8862734,-1.3581376,-0.23657452,0.71492594
6,959,0.42418528,-0.4492873,-3.887185,-1.3579869,-0.2347514,0.71528506
6,960,0.42421305,-0.44924772,-3.8865643,-1.3576832,-0.23292758,0.7156425
6,961,0.42413592,-0.44941783,-3.8868446,-1.357779,-0.23110306,0.71599835
6,962,0.42412293,-0.44946694,-3.8868484,-1.3572922,-0.22927786,0.7163525
6,963,0.42397308,-0.44951904,-3.8866282,-1.3577061,-0.22745198,0.716705
6,964,0.4239998,-0.4495874,-3.8868027,-1.357017,-0.22562543,0.71705586
6,965,0.4239018,-0.44969463,-3.8862324,-1.3573766,-0.2237982,0.717405
6,966,0.42390633,-0.4496317,-3.8865538,-1.3567543,-0.22197032,0.7177526
6,967,0.42390382,-0.44986033,-3.8866673,-1.3568563,-0.22014178,0.71809846
6,968,0.4238845,-0.44985658,-3.8863983,-1.3561845,-0.21831262,0.7184427
6,969,0.42386103,-0.4499554,-3.8877382,-1.3562403,-0.2164828,0.7187852
6,970,0.4237777,-0.44996214,-3.8863096,-1.3560166,-0.21465236,0.7191261
6,971,0.42370594,-0.45002198,-3.886982,-1.3560538,-0.21282129,0.7194654
6,972,0.4236542,-0.450054,-3.8862085,-1.3558149,-0.21098962,0.7198029
6,973,0.4236331,-0.45011336,-3.88628,-1.3556523,-0.20915733,0.72013885
6,974,0.42362213,-0.45024925,-3.885974,-1.3553553,-0.20732445,0.7204731
6,975,0.4234575,-0.45022,-3.8859081,-1.35497,-0.20549098,0.7208057
6,976,0.42361653,-0.4504127,-3.8852615,-1.354888,-0.20365691,0.7211366
6,977,0.42340362,-0.45034993,-3.8854837,-1.3545327,-0.20182228,0.7214659
6,978,0.4234358,-0.45048553,-3.884655,-1.3546567,-0.19998707,0.7217935
6,979,0.42326236,-0.4505105,-3.8851938,-1.3541732,-0.19815129,0.7221194
6,980,0.4233327,-0.45054215,-3.8844833,-1.3543539,-0.19631498,0.72244364
6,981,0.42321825,-0.45060635,-3.8849869,-1.3539844,-0.1944781,0.7227662
6,982,0.423272,-0.45074964,-3.885069,-1.3542113,-0.19264068,0.72308713
6,983,0.42322445,-0.45077276,-3.886239,-1.3534608,-0.19080274,0.7234064
6,984,0.4230901,-0.4507302,-3.885498,-1.3539658,-0.18896426,0.72372395
6,985,0.42306292,-0.45074463,-3.8870087,-1.3532672,-0.18712527,0.72403985
6,986,0.42302132,-0.45092118,-3.8853827,-1.3536658,-0.18528576,0.7243541
6,987,0.42293727,-0.4508381,-3.8852196,-1.3529687,-0.18344575,0.72466666
6,988,0.4230522,-0.45104265,-3.8850937,-1.3532228,-0.18160525,0.7249775
6,989,0.42285013,-0.45098335,-3.884264,-1.3526335,-0.17976426,0.7252867
6,990,0.42289472,-0.45114672,-3.884901,-1.3527198,-0.17792279,0.7255943
6,991,0.4227699,-0.45116317,-3.8834496,-1.3523717,-0.17608084,0.7259001
6,992,0.42267632,-0.45124078,-3.8839846,-1.3522048,-0.17423843,0.72620434
6,993,0.42257237,-0.45136017,-3.8829622,-1.3522816,-0.17239554,0.7265068
6,994,0.4226612,-0.45137775,-3.883544,-1.3521008,-0.17055222,0.72680765
6,995,0.4224428,-0.45138884,-3.8828745,-1.35216,-0.16870844,0.7271068
6,996,0.4224236,-0.45132637,-3.8828945,-1.351769,-0.16686423,0.7274043
6,997,0.42241168,-0.4515289,-3.882203,-1.3515048,-0.1650196,0.72770005
6,998,0.42232025,-0.45154858,-3.8823566,-1.3513927,-0.16317452,0.7279942
6,999,0.42232072,-0.45159817,-3.88229,-1.3512712,-0.16132905,0.7282866
7,0,0.72819066,0.22022855,-8.276497,-2.6285713,0.4154041,-0.410445
7,1,0.7279537,0.22040904,-8.292057,-2.6285236,0.41406852,-0.41160986
7,2,0.72798,0.21997738,-8.294734,-2.628681,0.41272756,-0.4127741
7,3,0.72761667,0.22029948,-8.293783,-2.6285214,0.41138127,-0.4139376
7,4,0.72765875,0.21991599,-8.294844,-2.6290677,0.41002965,-0.4151004
7,5,0.72747374,0.2200836,-8.294167,-2.628519,0.4086727,-0.41626248
7,6,0.72732985,0.21983278,-8.294916,-2.6285906,0.40731046,-0.4174238
7,7,0.7271862,0.2198633,-8.292601,-2.6281774,0.40594292,-0.4185844
7,8,0.7271433,0.21984386,-8.291784,-2.6284895,0.40457013,-0.41974422
7,9,0.7269765,0.2197957,-8.288935,-2.6286356,0.4031921,-0.42090324
7,10,0.7269522,0.21980977,-8.288823,-2.6284695,0.40180883,-0.42206144
7,11,0.7267275,0.21979702,-8.290312,-2.6288977,0.40042034,-0.42321882
7,12,0.7266507,0.21976018,-8.29382,-2.6285174,0.39902666,-0.42437536
7,13,0.7263801,0.21970832,-8.29173,-2.6292815,0.39762777,-0.42553103
7,14,0.72637,0.2196089,-8.293341,-2.6286097,0.39622375,-0.42668584
7,15,0.72611856,0.21964133,-8.290295,-2.6297538,0.39481455,-0.42783976
7,16,0.72606564,0.21969533,-8.291773,-2.6287515,0.39340025,-0.42899275
7,17,0.72588146,0.21962023,-8.288985,-2.6296644,0.39198083,-0.43014482
7,18,0.72589827,0.21964693,-8.2905855,-2.6290624,0.39055628,-0.43129593
7,19,0.7256472,0.21961486,-8.29078,-2.6294558,0.3891267,-0.4324461
7,20,0.72547853,0.21954048,-8.291206,-2.6291313,0.387692,-0.43359527
7,21,0.72547054,0.21956182,-8.291138,-2.6293006,0.38625228,-0.43474346
7,22,0.7252741,0.21946383,-8.290242,-2.6295667,0.38480756,-0.43589064
7,23,0.72514856,0.21946931,-8.290928,-2.6292982,0.3833578,-0.4370368
7,24,0.7250786,0.2194556,-8.289773,-2.6299117,0.38190305,-0.4381819
7,25,0.7248819,0.21947145,-8.290611,-2.629404,0.38044333,-0.43932596
7,26,0.724715,0.2194221,-8.289349,-2.6302435,0.37897864,-0.4404689
7,27,0.7246237,0.21948338,-8.290163,-2.6295512,0.37750903,-0.44161078
7,28,0.7243531,0.21943998,-8.288736,-2.6304648,0.3760345,-0.44275153
7,29,0.7244022,0.21929991,-8.289921,-2.6297154,0.37455505,-0.44389114
7,30,0.7241876,0.21938324,-8.289264,-2.6306536,0.37307072,-0.44502962
7,31,0.7240373,0.21921206,-8.290002,-2.6296735,0.37158152,-0.44616693
7,32,0.7239615,0.21941686,-8.290762,-2.6306412,0.37008744,-0.44730306
7,33,0.72390926,0.2192384,-8.29048,-2.6299353,0.36858857,-0.448438
7,34,0.7237179,0.21939147,-8.290862,-2.6304972,0.3670849,-0.4495717
7,35,0.72357535,0.21922922,-8.290163,-2.6303945,0.3655764,-0.4507042
7,36,0.72341084,0.2194469,-8.28965,-2.6303873,0.3640631,-0.45183542
7,37,0.7233739,0.21920359,-8.289792,-2.63099,0.3625451,-0.4529654
7,38,0.7231412,0.21941006,-8.287975,-2.630727,0.36102232,-0.4540941
7,39,0.7230245,0.21916986,-8.2891865,-2.6316347,0.35949484,-0.4552215
7,40,0.72278154,0.21933913,-8.286355,-2.6307807,0.35796264,-0.45634758
7,41,0.72270393,0.21915317,-8.289059,-2.631587,0.3564258,-0.45747232
7,42,0.7225301,0.21930778,-8.287415,-2.6313162,0.35488424,-0.45859572
7,43,0.7225461,0.21906483,-8.288717,-2.6320717,0.35333806,-0.45971775
7,44,0.72227895,0.21934378,-8.288519,-2.6317723,0.35178724,-0.4608384
7,45,0.7222209,0.21899676,-8.288503,-2.6323001,0.35023183,-0.46195766
7,46,0.7220726,0.21925116,-8.288328,-2.632036,0.3486718,-0.4630755
7,47,0.7219274,0.2189058,-8.288345,-2.6322107,0.34710723,-0.4641919
7,48,0.72175646,0.21926391,-8.287487,-2.6321456,0.34553808,-0.46530685
7,49,0.7217313,0.21900105,-8.288339,-2.632833,0.34396443,-0.46642035
7,50,0.72150326,0.21924984,-8.288704,-2.6324534,0.34238625,-0.46753237
7,51,0.72138417,0.21914041,-8.288297,-2.6332033,0.3408036,-0.46864286
7,52,0.72129047,0.21922922,-8.287933,-2.6327074,0.33921644,-0.46975186
7,53,0.7210326,0.2190435,-8.288105,-2.633559,0.33762485,-0.47085932
7,54,0.7209377,0.21918511,-8.287046,-2.6326795,0.3360288,-0.47196522
7,55,0.72078943,0.21902287,-8.288094,-2.6336696,0.33442837,-0.47306958
7,56,0.72069454,0.21896732,-8.286656,-2.6333997,0.33282351,-0.47417235
7,57,0.72047305,0.21896863,-8.287962,-2.6342287,0.33121428,-0.4752735
7,58,0.720392,0.21898878,-8.287111,-2.633358,0.32960072,-0.47637305
7,59,0.7202376,0.21894109,-8.2876005,-2.6343727,0.3279828,-0.47747096
7,60,0.7201028,0.21897137,-8.287691,-2.6338248,0.32636058,-0.47856724
7,61,0.7199606,0.21884549,-8.286915,-2.634229,0.32473406,-0.47966185
7,62,0.71981215,0.21886802,-8.287202,-2.6336198,0.32310325,-0.48075476
7,63,0.7197099,0.2188952,-8.286455,-2.6341188,0.3214682,-0.48184597
7,64,0.71967745,0.21895516,-8.286081,-2.6334155,0.3198289,-0.4829355
7,65,0.71948767,0.21899903,-8.286142,-2.634091,0.3181854,-0.48402327
7,66,0.71940887,0.21880877,-8.285107,-2.6339128,0.31653768,-0.4851093
7,67,0.7190726,0.21902013,-8.28598,-2.634243,0.3148858,-0.48619357
7,68,0.71907747,0.21887147,-8.285001,-2.6340783,0.31322977,-0.48727605
7,69,0.7189015,0.21886528,-8.2864275,-2.6344845,0.3115696,-0.48835674
7,70,0.7188629,0.21881258,-8.285561,-2.6346977,0.30990532,-0.48943558
7,71,0.7187079,0.21881497,-8.28622,-2.6348476,0.30823696,-0.49051264
7,72,0.71853685,0.2187059,-8.285904,-2.6354141,0.3065645,-0.49158785
7,73,0.7183428,0.21873856,-8.285935,-2.6350217,0.304888,-0.49266118
7,74,0.718238,0.21869612,-8.284236,-2.6357236,0.30320746,-0.49373263
7,75,0.7180636,0.21876276,-8.285883,-2.6354573,0.3015229,-0.49480218
7,76,0.7180102,0.21874928,-8.28355,-2.6358871,0.2998344,-0.49586982
7,77,0.7178705,0.21867085,-8.286381,-2.6359568,0.2981419,-0.49693555
7,78,0.7176411,0.21869719,-8.283358,-2.6362143,0.29644543,-0.4979993
7,79,0.71761596,0.21869886,-8.286762,-2.6361911,0.29474506,-0.4990611
7,80,0.7174274,0.21857977,-8.285898,-2.6363335,0.29304078,-0.50012094
7,81,0.71724033,0.21872854,-8.285608,-2.6359913,0.2913326,-0.5011788
7,82,0.7172246,0.21866691,-8.285317,-2.6364255,0.28962058,-0.50223464
7,83,0.7170527,0.21868193,-8.284915,-2.6363068,0.2879047,-0.5032884
7,84,0.71693397,0.2185247,-8.283743,-2.6365948,0.28618503,-0.5043402
7,85,0.7169025,0.21857858,-8.284575,-2.6370907,0.28446153,-0.50538987
7,86,0.7166028,0.21848619,-8.28296,-2.6371577,0.28273425,-0.5064375
7,87,0.71645784,0.21861315,-8.284305,-2.6378732,0.28100324,-0.507483
7,88,0.71627307,0.21851337,-8.284219,-2.6371891,0.27926847,-0.50852644
7,89,0.7161958,0.21861541,-8.284017,-2.6381977,0.27752998,-0.50956774
7,90,0.7160455,0.21843994,-8.284236,-2.637775,0.27578783,-0.51060694
7,91,0.7159051,0.21851027,-8.283795,-2.6383252,0.27404198,-0.51164395
7,92,0.7158172,0.21844304,-8.28393,-2.6380563,0.2722925,-0.51267874
7,93,0.7157506,0.21849906,-8.284154,-2.6382618,0.27053937,-0.5137114
7,94,0.71560335,0.21848488,-8.285158,-2.6383214,0.26878265,-0.51474184
7,95,0.71540356,0.21852005,-8.284373,-2.6382334,0.26702234,-0.5157701
7,96,0.71539474,0.21846414,-8.284296,-2.638981,0.2652585,-0.51679605
7,97,0.7150831,0.21848118,-8.2849865,-2.6390307,0.2634911,-0.5178198
7,98,0.7150302,0.21833706,-8.283916,-2.6389644,0.26172015,-0.51884127
7,99,0.71479475,0.21840811,-8.285451,-2.639246,0.25994575,-0.51986045
7,100,0.71475637,0.21836185,-8.283598,-2.6388445,0.25816786,-0.52087736
7,101,0.714551,0.21839595,-8.284894,-2.6394598,0.25638652,-0.5218919
7,102,0.7145513,0.21832526,-8.282223,-2.6391416,0.25460175,-0.52290416
7,103,0.7143595,0.2183479,-8.282571,-2.6398246,0.25281355,-0.52391404
7,104,0.71412444,0.21826112,-8.282864,-2.6396484,0.25102198,-0.5249216
7,105,0.7141067,0.21831739,-8.28571,-2.6402817,0.24922708,-0.5259267
7,106,0.71386194,0.21825874,-8.283322,-2.6403408,0.2474288,-0.52692944
7,107,0.71380186,0.21828854,-8.28493,-2.640172,0.24562722,-0.5279298
7,108,0.7137145,0.21827269,-8.283403,-2.6401649,0.24382235,-0.52892774
7,109,0.7135012,0.21825469,-8.284139,-2.6404724,0.2420142,-0.5299232
7,110,0.7134105,0.21821797,-8.282788,-2.6405017,0.2402028,-0.5309162
7,111,0.71322083,0.21819282,-8.283261,-2.6407802,0.23838817,-0.5319067
7,112,0.71306515,0.21810162,-8.282066,-2.6408858,0.23657033,-0.5328948
7,113,0.71294403,0.2181549,-8.282459,-2.6410813,0.23474932,-0.53388035
7,114,0.7127838,0.2180326,-8.282233,-2.640797,0.23292515,-0.53486335
7,115,0.7126714,0.21805394,-8.282098,-2.6411142,0.23109785,-0.53584385
7,116,0.7125174,0.21809173,-8.282355,-2.6413484,0.22926742,-0.5368218
7,117,0.71250176,0.21799827,-8.282003,-2.6411314,0.2274339,-0.53779715
7,118,0.71216047,0.21794927,-8.28243,-2.641206,0.22559732,-0.53876996
7,119,0.71222734,0.21798027,-8.28106,-2.641717,0.2237577,-0.53974015
7,120,0.711974,0.21787298,-8.280649,-2.6416724,0.22191505,-0.5407077
7,121,0.7118939,0.21790373,-8.281015,-2.6420224,0.22006941,-0.54167265
7,122,0.7117698,0.21787572,-8.281532,-2.6421177,0.21822079,-0.5426349
7,123,0.71169066,0.21790874,-8.2814245,-2.6422646,0.21636921,-0.54359454
7,124,0.7114816,0.21789992,-8.283483,-2.642345,0.21451472,-0.5445515
7,125,0.7113347,0.21795714,-8.282249,-2.6429732,0.2126573,-0.54550576
7,126,0.71116984,0.21792614,-8.285362,-2.6425927,0.21079701,-0.54645735
7,127,0.7111348,0.2178644,-8.282706,-2.6431923,0.20893386,-0.5474062
7,128,0.71092856,0.2178855,-8.285646,-2.6430604,0.20706788,-0.5483523
7,129,0.71082866,0.21783721,-8.283147,-2.6432328,0.20519908,-0.5492956
7,130,0.710701,0.2178173,-8.28501,-2.643457,0.20332749,-0.5502362
7,131,0.71048284,0.21787286,-8.28305,-2.6432116,0.20145313,-0.551174
7,132,0.7103722,0.21779704,-8.283789,-2.6435938,0.19957604,-0.552109
7,133,0.71023357,0.2176969,-8.283777,-2.6433432,0.19769622,-0.55304116
7,134,0.7101017,0.2176553,-8.283734,-2.6437414,0.1958137,-0.5539705
7,135,0.71002316,0.21765745,-8.283622,-2.6437092,0.19392852,-0.55489707
7,136,0.70993173,0.21762633,-8.283715,-2.6440783,0.1920407,-0.5558207
7,137,0.70980287,0.21767318,-8.283511,-2.644146,0.19015025,-0.5567415
7,138,0.7095833,0.21759915,-8.28306,-2.6443057,0.18825719,-0.5576594
7,139,0.7094424,0.21760428,-8.28306,-2.643915,0.18636155,-0.5585743
7,140,0.70922256,0.21757257,-8.281725,-2.6444502,0.18446337,-0.5594864
7,141,0.70930934,0.21761668,-8.284287,-2.6443396,0.18256265,-0.56039554
7,142,0.7090893,0.2175734,-8.281175,-2.6443849,0.18065943,-0.5613017
7,143,0.7090229,0.2175976,-8.283207,-2.644348,0.17875373,-0.56220496
7,144,0.7087476,0.21754467,-8.280592,-2.644457,0.17684558,-0.56310517
7,145,0.70866203,0.21751809,-8.28173,-2.6443932,0.17493498,-0.5640024
7,146,0.708539,0.21744728,-8.280282,-2.6447706,0.17302199,-0.56489664
7,147,0.7084503,0.21742964,-8.281828,-2.644615,0.17110659,-0.56578785
7,148,0.70825255,0.21731949,-8.280559,-2.6452067,0.16918884,-0.566676
7,149,0.70809937,0.21737993,-8.282095,-2.644935,0.16726877,-0.56756115
7,150,0.70795536,0.21735096,-8.281285,-2.6454709,0.16534637,-0.5684432
7,151,0.707819,0.21734524,-8.282138,-2.645297,0.16342168,-0.56932217
7,152,0.7076621,0.21726096,-8.2817335,-2.6454475,0.16149472,-0.57019806
7,153,0.70763445,0.2172432,-8.281983,-2.6458359,0.15956554,-0.5710708
7,154,0.70742834,0.21727908,-8.281552,-2.6457117,0.15763412,-0.5719404
7,155,0.7072991,0.21723318,-8.282477,-2.6462476,0.15570052,-0.57280695
7,156,0.70716095,0.21731496,-8.281467,-2.6462038,0.15376475,-0.57367027
7,157,0.70704675,0.21719968,-8.281888,-2.6462674,0.15182684,-0.5745304
7,158,0.70685434,0.21729743,-8.281169,-2.6463387,0.14988682,-0.5753874
7,159,0.7067481,0.21716917,-8.281763,-2.6467159,0.14794469,-0.5762412
7,160,0.70660853,0.2172848,-8.280552,-2.6463268,0.14600049,-0.57709175
7,161,0.70644605,0.21720278,-8.281365,-2.6468225,0.14405425,-0.5779391
7,162,0.70637155,0.2171042,-8.280289,-2.6463354,0.14210598,-0.5787832
7,163,0.70620906,0.21717238,-8.280807,-2.6468256,0.14015573,-0.57962406
7,164,0.7060164,0.21714759,-8.28,-2.6466663,0.1382035,-0.5804616
7,165,0.7058494,0.21704042,-8.279624,-2.647363,0.13624932,-0.5812959
7,166,0.705688,0.21708953,-8.279988,-2.646883,0.13429323,-0.5821269
7,167,0.7056439,0.21709096,-8.280761,-2.647488,0.13233523,-0.5829546
7,168,0.70546937,0.21710157,-8.280226,-2.6477659,0.13037536,-0.5837789
7,169,0.7053369,0.2170366,-8.2810135,-2.6480217,0.12841363,-0.5845999
7,170,0.7052202,0.21712053,-8.280615,-2.6479855,0.12645009,-0.58541757
7,171,0.7050978,0.21693802,-8.281258,-2.6483681,0.12448475,-0.5862319
7,172,0.7049614,0.21687365,-8.281089,-2.6482892,0.12251763,-0.58704275
7,173,0.70491815,0.21689677,-8.28112,-2.6485572,0.12054876,-0.5878503
7,174,0.7047,0.21686399,-8.281384,-2.648623,0.118578166,-0.58865434
7,175,0.7046137,0.21688712,-8.280387,-2.6487558,0.11660588,-0.589455
7,176,0.70442367,0.2168498,-8.281207,-2.6489465,0.114631906,-0.5902522
7,177,0.7043382,0.2169292,-8.282103,-2.648997,0.11265629,-0.591046
7,178,0.70413876,0.21677887,-8.280909,-2.6488318,0.110679045,-0.5918363
7,179,0.70411026,0.21683133,-8.281225,-2.6492817,0.10870021,-0.5926231
7,180,0.7039411,0.2168113,-8.280717,-2.6489382,0.106719784,-0.59340644
7,181,0.70376754,0.21677089,-8.280931,-2.649543,0.10473782,-0.59418625
7,182,0.7036575,0.2167232,-8.28062,-2.6491065,0.102754325,-0.59496254
7,183,0.7035618,0.21678543,-8.280858,-2.649674,0.100769326,-0.5957353
7,184,0.7033318,0.21667063,-8.280279,-2.6493921,0.09878286,-0.5965045
7,185,0.70323014,0.21666539,-8.280759,-2.6498806,0.09679494,-0.59727013
7,186,0.70317376,0.2166363,-8.280064,-2.6495526,0.09480559,-0.5980322
7,187,0.7029613,0.21660078,-8.280658,-2.6501267,0.09281485,-0.59879065
7,188,0.70291615,0.21647334,-8.2801285,-2.6496334,0.09082273,-0.59954554
7,189,0.70275974,0.2165662,-8.280775,-2.650475,0.08882926,-0.6002968
7,190,0.7026572,0.21651578,-8.2797,-2.6500456,0.08683446,-0.6010444
7,191,0.7024367,0.21643019,-8.280843,-2.6508572,0.08483837,-0.6017884
7,192,0.7023872,0.21650529,-8.279726,-2.650753,0.082841,-0.6025287
7,193,0.7021854,0.21641421,-8.280974,-2.6508346,0.08084238,-0.60326535
7,194,0.7021482,0.21642864,-8.279749,-2.6508756,0.07884254,-0.6039983
7,195,0.7019768,0.21643603,-8.280814,-2.6514568,0.0768415,-0.60472757
7,196,0.7018976,0.2163701,-8.279252,-2.6509354,0.074839294,-0.60545313
7,197,0.7017379,0.21631289,-8.28088,-2.6512954,0.07283593,-0.606175
7,198,0.7015827,0.21630192,-8.276852,-2.6515071,0.07083145,-0.60689306
7,199,0.70147026,0.21629035,-8.280674,-2.651324,0.06882587,-0.6076074
7,200,0.70128536,0.21622324,-8.281743,-2.6514034,0.06681922,-0.608318
7,201,0.70117474,0.21626973,-8.280484,-2.6515567,0.06481152,-0.6090248
7,202,0.7010492,0.21616292,-8.280966,-2.6517725,0.0628028,-0.6097278
7,203,0.70087254,0.21619177,-8.280296,-2.6517684,0.060793087,-0.610427
7,204,0.70076776,0.21618843,-8.279902,-2.6522567,0.058782402,-0.6111224
7,205,0.7006719,0.21612787,-8.280493,-2.6517916,0.05677077,-0.611814
7,206,0.7005149,0.21616435,-8.279515,-2.6523843,0.05475822,-0.61250174
7,207,0.7003099,0.21616256,-8.2807045,-2.6521463,0.052744776,-0.61318564
7,208,0.70029914,0.21613991,-8.279142,-2.6525245,0.050730463,-0.6138656
7,209,0.70009136,0.2161926,-8.280134,-2.6525083,0.04871531,-0.61454177
7,210,0.6999836,0.21605551,-8.279311,-2.6528997,0.046699334,-0.615214
7,211,0.69984484,0.2160356,-8.2794,-2.6529634,0.04468257,-0.61588234
7,212,0.699641,0.21612775,-8.279567,-2.6533163,0.04266504,-0.61654675
7,213,0.6995537,0.21601236,-8.279022,-2.6535215,0.040646765,-0.6172072
7,214,0.6994343,0.21603096,-8.279694,-2.653665,0.038627777,-0.61786383
7,215,0.6992252,0.21591985,-8.279199,-2.6536999,0.036608096,-0.6185164
7,216,0.69922686,0.21594012,-8.2798395,-2.6541297,0.034587756,-0.619165
7,217,0.698959,0.21589386,-8.279536,-2.654361,0.03256677,-0.6198097
7,218,0.69892275,0.21589911,-8.280009,-2.6545072,0.030545177,-0.6204503
7,219,0.69866955,0.21595418,-8.279456,-2.655007,0.028522993,-0.621087
7,220,0.69858456,0.21592748,-8.280155,-2.6545656,0.026500247,-0.62171966
7,221,0.6983881,0.2158345,-8.279555,-2.655136,0.024476964,-0.62234825
7,222,0.6983211,0.21581292,-8.280014,-2.6548114,0.02245317,-0.6229728
7,223,0.6981152,0.21573627,-8.280156,-2.6555169,0.020428892,-0.62359333
7,224,0.6980319,0.21585011,-8.280796,-2.6553192,0.018404152,-0.62420976
7,225,0.6978487,0.21575093,-8.280877,-2.6553462,0.01637898,-0.62482214
7,226,0.697819,0.21578693,-8.282334,-2.6557755,0.014353397,-0.62543046
7,227,0.6976086,0.2156936,-8.280021,-2.6554303,0.012327433,-0.6260346
7,228,0.69755924,0.21571648,-8.280908,-2.6559145,0.010301111,-0.6266347
7,229,0.69736075,0.21559954,-8.278911,-2.6560516,0.008274457,-0.62723064
7,230,0.6972871,0.2156719,-8.280383,-2.6561887,0.006247497,-0.62782246
7,231,0.6970782,0.21557772,-8.280794,-2.656072,0.004220257,-0.6284101
7,232,0.69706535,0.21551478,-8.281299,-2.6563923,0.002192762,-0.62899363
7,233,0.6967875,0.21556091,-8.28059,-2.6561525,0.00016503784,-0.6295729
7,234,0.69670963,0.21548712,-8.279581,-2.6564147,-0.0018628897,-0.6301481
7,235,0.6965327,0.21551383,-8.279891,-2.656466,-0.003890995,-0.63071907
7,236,0.69650257,0.21548414,-8.279238,-2.6566532,-0.0059192525,-0.6312858
7,237,0.69625974,0.2154268,-8.279401,-2.6568785,-0.007947636,-0.63184834
7,238,0.6961769,0.21537769,-8.278988,-2.656634,-0.009976121,-0.63240665
7,239,0.6959833,0.21540701,-8.278878,-2.6569562,-0.01200468,-0.6329607
7,240,0.6958766,0.21537054,-8.278845,-2.6565745,-0.01403329,-0.6335105
7,241,0.69570017,0.21530509,-8.279005,-2.6570213,-0.016061923,-0.63405603
7,242,0.69562364,0.21527052,-8.27875,-2.657,-0.018090554,-0.6345973
7,243,0.69548786,0.2153405,-8.279147,-2.657286,-0.020119157,-0.6351343
7,244,0.69540524,0.2152431,-8.278367,-2.6569848,-0.022147706,-0.63566697
7,245,0.69527066,0.21530879,-8.279352,-2.6575596,-0.024176177,-0.6361953
7,246,0.6952673,0.2151866,-8.278324,-2.6573853,-0.026204543,-0.63671935
7,247,0.69498956,0.2151916,-8.279412,-2.657713,-0.02823278,-0.6372391
7,248,0.69490886,0.21515298,-8.278325,-2.6576211,-0.030260859,-0.63775444
7,249,0.6947777,0.21514058,-8.279447,-2.65793,-0.032288756,-0.6382655
7,250,0.6946466,0.21510148,-8.279501,-2.6580496,-0.034316447,-0.63877213
7,251,0.69446826,0.2150631,-8.279261,-2.6581163,-0.036343906,-0.6392744
7,252,0.6944195,0.21494675,-8.28014,-2.6577716,-0.038371105,-0.6397723
7,253,0.69429004,0.21497226,-8.279034,-2.6582704,-0.040398017,-0.6402658
7,254,0.6941838,0.21481979,-8.280105,-2.6581528,-0.042424623,-0.6407549
7,255,0.69397664,0.2148937,-8.2787,-2.6583529,-0.04445089,-0.6412396
7,256,0.6938174,0.214643,-8.27984,-2.6580808,-0.0464768,-0.6417198
7,257,0.6936965,0.21493363,-8.278446,-2.658606,-0.04850232,-0.6421956
7,258,0.6936246,0.21465719,-8.280161,-2.6578834,-0.050527427,-0.64266694
7,259,0.6933999,0.21479881,-8.278126,-2.658967,-0.052552097,-0.6431338
7,260,0.6933758,0.21472585,-8.281554,-2.657929,-0.054576304,-0.6435963
7,261,0.6932304,0.2148248,-8.280529,-2.659333,-0.05660002,-0.6440542
7,262,0.69310284,0.21455503,-8.280333,-2.6584554,-0.05862322,-0.64450765
7,263,0.692893,0.2147479,-8.281861,-2.6594756,-0.060645882,-0.6449566
7,264,0.6928431,0.2143805,-8.279695,-2.659135,-0.06266797,-0.645401
7,265,0.69272614,0.21463096,-8.279891,-2.6597183,-0.06468948,-0.6458409
7,266,0.6925236,0.21437728,-8.280175,-2.659733,-0.06671036,-0.6462763
7,267,0.6924113,0.21457267,-8.279683,-2.6602838,-0.0687306,-0.6467071
7,268,0.69231415,0.21441841,-8.280341,-2.6602623,-0.07075018,-0.64713335
7,269,0.69216335,0.2145077,-8.280252,-2.6608286,-0.07276905,-0.64755505
7,270,0.6919718,0.21446133,-8.280532,-2.6607153,-0.074787214,-0.64797217
7,271,0.69190836,0.21443748,-8.281066,-2.661146,-0.07680463,-0.64838475
7,272,0.6917436,0.2145009,-8.280536,-2.6609795,-0.07882127,-0.6487927
7,273,0.6916276,0.21444571,-8.282019,-2.661281,-0.080837116,-0.649196
7,274,0.6914604,0.2144028,-8.280606,-2.6613278,-0.08285214,-0.6495947
7,275,0.6913526,0.2143482,-8.281238,-2.6614833,-0.084866315,-0.64998883
7,276,0.6912763,0.21438205,-8.28001,-2.661706,-0.08687962,-0.65037835
7,277,0.6910461,0.21436179,-8.280098,-2.6617827,-0.08889203,-0.65076315
7,278,0.6909926,0.214347,-8.280358,-2.662022,-0.09090351,-0.6511433
7,279,0.69088495,0.21426821,-8.2796545,-2.6621184,-0.092914045,-0.6515188
7,280,0.6906333,0.21419859,-8.28055,-2.6622853,-0.0949236,-0.6518897
7,281,0.69052374,0.21419728,-8.280211,-2.6624565,-0.09693216,-0.65225583
7,282,0.6903639,0.21420813,-8.280543,-2.662512,-0.09893969,-0.6526173
7,283,0.6903001,0.21419346,-8.280235,-2.6624572,-0.10094617,-0.65297407
7,284,0.6901785,0.21412468,-8.280498,-2.662733,-0.10295158,-0.6533261
7,285,0.6900885,0.2141149,-8.280179,-2.662842,-0.10495588,-0.65367347
7,286,0.6898875,0.21401489,-8.280452,-2.66301,-0.10695905,-0.654016
7,287,0.68979716,0.21411633,-8.280664,-2.6633005,-0.108961076,-0.6543539
7,288,0.68967044,0.21395826,-8.28045,-2.6634285,-0.11096192,-0.65468705
7,289,0.6895056,0.21400619,-8.280639,-2.6637552,-0.11296157,-0.6550154
7,290,0.68937445,0.21396315,-8.280656,-2.6639352,-0.114959985,-0.655339
7,291,0.6891997,0.2139287,-8.280336,-2.6640043,-0.11695714,-0.6556578
7,292,0.68908525,0.21386385,-8.28052,-2.664264,-0.11895303,-0.6559718
7,293,0.6889763,0.21388054,-8.280169,-2.664308,-0.1209476,-0.6562811
7,294,0.6888732,0.21382368,-8.2804785,-2.6644714,-0.12294085,-0.6565855
7,295,0.6887429,0.21378934,-8.280136,-2.664586,-0.12493274,-0.65688515
7,296,0.6885288,0.21374118,-8.280316,-2.6647234,-0.12692326,-0.65717995
7,297,0.68838584,0.21380961,-8.280387,-2.6648378,-0.12891237,-0.6574699
7,298,0.6883676,0.2137599,-8.28041,-2.665184,-0.13090006,-0.6577551
7,299,0.6882173,0.2137326,-8.280277,-2.6652794,-0.13288628,-0.6580354
7,300,0.68807936,0.2135979,-8.280458,-2.6653838,-0.13487102,-0.65831083
7,301,0.6879337,0.21369123,-8.2802515,-2.6655574,-0.13685426,-0.65858144
7,302,0.6878152,0.21361947,-8.280579,-2.665639,-0.13883597,-0.65884715
7,303,0.68762374,0.21362329,-8.280963,-2.665702,-0.14081612,-0.659108
7,304,0.68761075,0.21354127,-8.280902,-2.66576,-0.14279468,-0.6593639
7,305,0.6873722,0.21353328,-8.282029,-2.66584,-0.14477165,-0.659615
7,306,0.6873338,0.21347451,-8.281017,-2.6658876,-0.146747,-0.65986115
7,307,0.68715024,0.21342993,-8.281595,-2.6661363,-0.14872067,-0.66010237
7,308,0.6870587,0.21344829,-8.280947,-2.6660557,-0.15069267,-0.6603387
7,309,0.68689823,0.21342397,-8.28048,-2.6664476,-0.15266296,-0.6605701
7,310,0.6867857,0.21340418,-8.280641,-2.666351,-0.15463153,-0.6607965
7,311,0.6866019,0.21334124,-8.280277,-2.6667368,-0.15659834,-0.6610181
7,312,0.68658805,0.21332335,-8.280363,-2.6666474,-0.15856336,-0.6612346
7,313,0.68639183,0.21335435,-8.279959,-2.6670349,-0.16052659,-0.6614462
7,314,0.6862345,0.2132585,-8.280307,-2.666943,-0.16248798,-0.6616528
7,315,0.6860939,0.2132119,-8.280099,-2.6673343,-0.16444753,-0.66185445
7,316,0.6860248,0.21324956,-8.280426,-2.6672182,-0.16640519,-0.66205114
7,317,0.68579125,0.21314478,-8.280319,-2.6674888,-0.16836095,-0.66224277
7,318,0.6857387,0.21316946,-8.28054,-2.6674666,-0.17031477,-0.66242945
7,319,0.6855526,0.21315622,-8.280516,-2.6678638,-0.17226665,-0.6626111
7,320,0.6855327,0.2130357,-8.280779,-2.667819,-0.17421655,-0.6627878
7,321,0.6853428,0.21299875,-8.280566,-2.668213,-0.17616445,-0.6629594
7,322,0.6851829,0.21302354,-8.281046,-2.6681006,-0.17811032,-0.663126
7,323,0.68506014,0.21298838,-8.2810135,-2.6685638,-0.18005413,-0.6632876
7,324,0.684986,0.21298599,-8.281812,-2.6683366,-0.18199587,-0.6634441
7,325,0.6847795,0.2129091,-8.281572,-2.6688704,-0.18393552,-0.66359556
7,326,0.68468773,0.2128861,-8.283217,-2.668524,-0.18587303,-0.66374195
7,327,0.684618,0.2128843,-8.28225,-2.668994,-0.1878084,-0.6638833
7,328,0.6844548,0.2128681,-8.28263,-2.6687317,-0.1897416,-0.6640196
7,329,0.68431866,0.2127651,-8.28197,-2.6693635,-0.1916726,-0.6641508
7,330,0.6841078,0.21276498,-8.281695,-2.6690629,-0.19360135,-0.6642769
7,331,0.6839802,0.21272182,-8.281906,-2.6696754,-0.19552788,-0.6643979
7,332,0.6838211,0.21273315,-8.281118,-2.669474,-0.19745214,-0.6645138
7,333,0.6837926,0.212677,-8.281678,-2.6695828,-0.1993741,-0.66462463
7,334,0.6836196,0.21259677,-8.281013,-2.6696062,-0.20129374,-0.6647303
7,335,0.6834736,0.21255565,-8.2812195,-2.6695802,-0.20321102,-0.66483086
7,336,0.68340385,0.21253586,-8.280906,-2.6697671,-0.20512596,-0.6649263
7,337,0.68318534,0.21257305,-8.280911,-2.6701543,-0.20703849,-0.6650166
7,338,0.6831044,0.2125367,-8.281034,-2.669998,-0.2089486,-0.66510177
7,339,0.68293214,0.2124542,-8.28102,-2.6701608,-0.21085627,-0.66518176
7,340,0.6828023,0.21244144,-8.281594,-2.6705985,-0.21276149,-0.6652566
7,341,0.6827122,0.21246064,-8.281349,-2.6704125,-0.21466422,-0.66532636
7,342,0.6826643,0.21240783,-8.2815075,-2.6707106,-0.21656443,-0.6653909
7,343,0.68246233,0.21242917,-8.281696,-2.6711602,-0.21846211,-0.6654503
7,344,0.6823764,0.21231306,-8.281628,-2.6710975,-0.22035722,-0.66550446
7,345,0.68224394,0.21228278,-8.281923,-2.671204,-0.22224975,-0.66555345
7,346,0.6820985,0.21228516,-8.281722,-2.67145,-0.22413968,-0.66559726
7,347,0.68201387,0.2121532,-8.282027,-2.6712613,-0.22602697,-0.6656358
7,348,0.6818414,0.2121582,-8.282196,-2.6716123,-0.2279116,-0.66566926
7,349,0.6816548,0.21212745,-8.28223,-2.6715212,-0.22979356,-0.66569746
7,350,0.68151927,0.21216476,-8.281945,-2.6718638,-0.23167281,-0.66572046
7,351,0.6814308,0.21208811,-8.282228,-2.6718452,-0.23354934,-0.6657382
7,352,0.6812886,0.21208036,-8.281555,-2.6721756,-0.23542312,-0.66575074
7,353,0.6812079,0.2120316,-8.282151,-2.672257,-0.23729412,-0.665758
7,354,0.681093,0.21198308,-8.28147,-2.672363,-0.23916233,-0.6657601
7,355,0.6809211,0.21201146,-8.282194,-2.6724975,-0.24102771,-0.66575694
7,356,0.6807921,0.21200442,-8.282348,-2.6725132,-0.24289025,-0.6657485
7,357,0.6806251,0.21195209,-8.282415,-2.6726706,-0.24474993,-0.6657348
7,358,0.68053365,0.21188033,-8.282619,-2.6726716,-0.24660672,-0.6657159
7,359,0.6804162,0.21185601,-8.28258,-2.6727643,-0.24846059,-0.6656917
7,360,0.68036485,0.21177661,-8.282802,-2.6729712,-0.25031152,-0.66566217
7,361,0.6802262,0.21173668,-8.282602,-2.6727815,-0.25215948,-0.6656274
7,362,0.680074,0.21175265,-8.283021,-2.673381,-0.25400448,-0.66558737
7,363,0.679912,0.21167767,-8.282327,-2.6729743,-0.25584647,-0.66554207
7,364,0.6797582,0.21163583,-8.282874,-2.6736271,-0.2576854,-0.6654914
7,365,0.6796591,0.21162617,-8.281856,-2.673324,-0.2595213,-0.6654355
7,366,0.67952037,0.21156907,-8.282904,-2.673829,-0.26135412,-0.6653743
7,367,0.67941856,0.21151567,-8.282299,-2.6737616,-0.26318383,-0.66530776
7,368,0.67920685,0.21155381,-8.28272,-2.6740618,-0.26501045,-0.66523594
7,369,0.6790905,0.21152103,-8.282182,-2.673895,-0.2668339,-0.66515875
7,370,0.678947,0.21143842,-8.283157,-2.6744523,-0.26865417,-0.6650763
7,371,0.67887926,0.21150053,-8.282183,-2.6740987,-0.27047127,-0.6649885
7,372,0.6787416,0.21143901,-8.282903,-2.6746898,-0.27228516,-0.66489536
7,373,0.678571,0.21136141,-8.282366,-2.6746552,-0.2740958,-0.6647969
7,374,0.6784233,0.21132863,-8.283182,-2.6750193,-0.27590317,-0.6646931
7,375,0.6783949,0.21136808,-8.28263,-2.6750875,-0.27770728,-0.664584
7,376,0.67826605,0.21121407,-8.282913,-2.675322,-0.27950808,-0.6644695
7,377,0.6780752,0.21119201,-8.282876,-2.6754475,-0.28130555,-0.6643496
7,378,0.6779207,0.21122861,-8.283331,-2.6754286,-0.28309968,-0.6642244
7,379,0.6778233,0.2112006,-8.283331,-2.6756248,-0.2848904,-0.66409385
7,380,0.6776309,0.21111345,-8.28359,-2.6757624,-0.28667778,-0.6639579
7,381,0.6775168,0.21107817,-8.283322,-2.6756694,-0.28846171,-0.6638166
7,382,0.677439,0.21105337,-8.283646,-2.6761096,-0.29024222,-0.66366994
7,383,0.6772778,0.21099937,-8.283432,-2.6760206,-0.29201925,-0.66351783
7,384,0.6771107,0.21094275,-8.284083,-2.676525,-0.2937928,-0.6633604
7,385,0.67701244,0.21100628,-8.28333,-2.6764135,-0.29556286,-0.6631976
7,386,0.6768751,0.21093345,-8.284116,-2.676769,-0.29732937,-0.6630294
7,387,0.6766825,0.21091783,-8.282892,-2.6768324,-0.29909235,-0.6628558
7,388,0.6765237,0.21075928,-8.284168,-2.6769264,-0.30085173,-0.66267675
7,389,0.676419,0.21083343,-8.284143,-2.6771336,-0.30260754,-0.6624924
7,390,0.67631674,0.21074617,-8.284204,-2.6771889,-0.30435973,-0.66230255
7,391,0.6762128,0.21077323,-8.285108,-2.677239,-0.30610827,-0.66210735
7,392,0.6760762,0.21072781,-8.284104,-2.6775825,-0.30785316,-0.6619067
7,393,0.6758747,0.21065807,-8.285211,-2.6777053,-0.30959436,-0.66170067
7,394,0.6757498,0.2106005,-8.284162,-2.6778734,-0.31133187,-0.66148925
7,395,0.6756196,0.21063232,-8.285043,-2.6779659,-0.31306565,-0.66127235
7,396,0.6755589,0.21057117,-8.284542,-2.678144,-0.3147957,-0.66105
7,397,0.675383,0.21053326,-8.285089,-2.6780612,-0.31652194,-0.6608223
7,398,0.6752629,0.21047688,-8.284779,-2.6784275,-0.31824443,-0.66058916
7,399,0.67517066,0.21042454,-8.285345,-2.678705,-0.3199631,-0.66035056
7,400,0.67494965,0.21034884,-8.284999,-2.6785564,-0.32167792,-0.6601065
7,401,0.6748973,0.21041751,-8.286089,-2.6785305,-0.3233889,-0.65985703
7,402,0.6746992,0.21023619,-8.285404,-2.6786788,-0.325096,-0.6596021
7,403,0.67464364,0.21030545,-8.285825,-2.6788101,-0.3267992,-0.65934175
7,404,0.6745117,0.21018696,-8.284803,-2.6789274,-0.32849848,-0.6590759
7,405,0.67438304,0.21029544,-8.284866,-2.6791089,-0.33019385,-0.65880466
7,406,0.6742915,0.21019089,-8.284759,-2.6791928,-0.33188522,-0.658528
7,407,0.6741042,0.21013188,-8.2844305,-2.6794257,-0.33357263,-0.6582458
7,408,0.6739358,0.21003973,-8.285001,-2.679521,-0.33525604,-0.65795815
7,409,0.67383766,0.21011853,-8.284321,-2.6796992,-0.33693543,-0.6576651
7,410,0.67373466,0.21008587,-8.285357,-2.6797614,-0.33861077,-0.6573665
7,411,0.6736442,0.20998204,-8.284417,-2.6799572,-0.34028202,-0.6570625
7,412,0.67352986,0.20993459,-8.2853155,-2.6799402,-0.34194922,-0.656753
7,413,0.673326,0.20991075,-8.284588,-2.6799674,-0.34361228,-0.656438
7,414,0.67323256,0.20986283,-8.28537,-2.6800852,-0.34527126,-0.65611756
7,415,0.6732043,0.20992708,-8.284721,-2.6801057,-0.34692606,-0.6557917
7,416,0.67308307,0.20986283,-8.285369,-2.6803632,-0.3485767,-0.6554603
7,417,0.6729219,0.20983887,-8.285031,-2.680387,-0.35022315,-0.6551234
7,418,0.67274714,0.2097894,-8.285304,-2.6806676,-0.35186538,-0.6547811
7,419,0.67264664,0.20969868,-8.28537,-2.680657,-0.3535034,-0.65443325
7,420,0.6725278,0.20963943,-8.285302,-2.6809635,-0.35513714,-0.6540799
7,421,0.6724206,0.20969498,-8.285687,-2.6809113,-0.35676664,-0.65372115
7,422,0.6722523,0.20964229,-8.285452,-2.6813934,-0.35839185,-0.65335685
7,423,0.67208993,0.20958447,-8.285494,-2.681155,-0.36001274,-0.65298706
7,424,0.672065,0.20958424,-8.285675,-2.681646,-0.3616293,-0.6526118
7,425,0.671939,0.20957935,-8.285984,-2.6816072,-0.3632415,-0.65223104
7,426,0.671756,0.2094717,-8.285838,-2.6818352,-0.36484933,-0.6518448
7,427,0.671628,0.20943916,-8.285778,-2.6818507,-0.36645278,-0.651453
7,428,0.6714926,0.20943987,-8.285534,-2.6820538,-0.36805183,-0.65105575
7,429,0.6714368,0.20938957,-8.2858515,-2.6819503,-0.36964643,-0.650653
7,430,0.6712558,0.20934153,-8.285969,-2.6823876,-0.3712366,-0.6502448
7,431,0.6711581,0.20935655,-8.286221,-2.68234,-0.37282228,-0.649831
7,432,0.6710141,0.20923126,-8.286006,-2.6827269,-0.37440348,-0.6494118
7,433,0.67088485,0.20922816,-8.286804,-2.6826057,-0.37598017,-0.648987
7,434,0.67074203,0.20925522,-8.286089,-2.6828835,-0.37755233,-0.64855677
7,435,0.67067206,0.20917356,-8.286924,-2.6829276,-0.37911996,-0.648121
7,436,0.6705797,0.2091465,-8.286843,-2.6833744,-0.380683,-0.64767975
7,437,0.6703329,0.20901024,-8.287196,-2.6832561,-0.3822415,-0.64723295
7,438,0.67024565,0.2090187,-8.287453,-2.6835914,-0.38379532,-0.64678067
7,439,0.6701145,0.20903504,-8.287307,-2.6837907,-0.38534456,-0.6463229
7,440,0.670014,0.20901692,-8.287748,-2.683775,-0.38688916,-0.6458596
7,441,0.66992927,0.20895815,-8.28747,-2.6840582,-0.38842908,-0.6453908
7,442,0.66982436,0.2089113,-8.288035,-2.6840448,-0.38996434,-0.6449165
7,443,0.6696646,0.2088381,-8.287596,-2.6842241,-0.3914949,-0.64443666
7,444,0.6694813,0.2087835,-8.287401,-2.6844103,-0.39302072,-0.64395136
7,445,0.66934407,0.20880401,-8.287579,-2.6845539,-0.3945418,-0.6434605
7,446,0.6692283,0.20876408,-8.287061,-2.684744,-0.39605814,-0.6429641
7,447,0.6690817,0.20871735,-8.287719,-2.6849086,-0.3975697,-0.64246225
7,448,0.6689476,0.20867372,-8.28752,-2.68503,-0.39907646,-0.6419549
7,449,0.6688696,0.20855665,-8.287645,-2.685269,-0.4005784,-0.641442
7,450,0.66871464,0.20866692,-8.287972,-2.6853278,-0.40207553,-0.6409236
7,451,0.66856146,0.20848751,-8.28779,-2.685592,-0.40356782,-0.6403997
7,452,0.6685159,0.2085352,-8.288173,-2.6856575,-0.40505522,-0.6398703
7,453,0.6683513,0.20841455,-8.287781,-2.6858704,-0.40653774,-0.63933533
7,454,0.6682452,0.20838785,-8.287863,-2.686031,-0.40801534,-0.6387949
7,455,0.66813695,0.20837486,-8.288006,-2.6860645,-0.40948805,-0.638249
7,456,0.66795754,0.20833302,-8.289254,-2.686206,-0.4109558,-0.6376975
7,457,0.6678717,0.20820856,-8.288001,-2.6863427,-0.4124186,-0.6371405
7,458,0.66774046,0.20823038,-8.289156,-2.68634,-0.4138764,-0.6365781
7,459,0.66759443,0.20819283,-8.288179,-2.6866426,-0.41532925,-0.63601005
7,460,0.6675371,0.20813596,-8.288182,-2.6866505,-0.41677707,-0.6354366
7,461,0.66742134,0.20815146,-8.288352,-2.686873,-0.41821983,-0.6348576
7,462,0.66720104,0.20809412,-8.287902,-2.6869879,-0.4196576,-0.63427305
7,463,0.6671605,0.20804572,-8.288562,-2.6871598,-0.42109028,-0.6336831
7,464,0.66699624,0.20806742,-8.287728,-2.6873271,-0.42251787,-0.6330875
7,465,0.66689515,0.20796537,-8.288411,-2.6874056,-0.42394036,-0.6324865
7,466,0.6667061,0.20790684,-8.287756,-2.687415,-0.42535773,-0.63188
7,467,0.6665883,0.20789063,-8.2887945,-2.687586,-0.42676997,-0.63126796
7,468,0.6664102,0.20771062,-8.287852,-2.6875925,-0.42817706,-0.63065046
7,469,0.6663046,0.20779645,-8.288859,-2.6878138,-0.429579,-0.6300274
7,470,0.6661999,0.20762265,-8.288134,-2.6878235,-0.43097574,-0.6293989
7,471,0.6660547,0.20772064,-8.289123,-2.688331,-0.43236727,-0.62876487
7,472,0.6660056,0.20763648,-8.288398,-2.688124,-0.43375358,-0.62812537
7,473,0.66589284,0.20765507,-8.289109,-2.688642,-0.43513468,-0.6274803
7,474,0.6656966,0.20760977,-8.288875,-2.6883194,-0.4365105,-0.62682986
7,475,0.6657145,0.20754421,-8.289634,-2.6888473,-0.43788108,-0.62617385
7,476,0.6654804,0.20747435,-8.288977,-2.68848,-0.43924636,-0.62551236
7,477,0.66543484,0.20743787,-8.289383,-2.6890366,-0.44060633,-0.6248454
7,478,0.665292,0.20742309,-8.289012,-2.6888008,-0.44196096,-0.6241729
7,479,0.6651696,0.20734668,-8.289111,-2.6893618,-0.4433103,-0.623495
7,480,0.6650348,0.20735908,-8.289031,-2.6891441,-0.44465426,-0.62281156
7,481,0.6648314,0.20730674,-8.288808,-2.6895516,-0.44599286,-0.62212265
7,482,0.6647006,0.20721054,-8.288969,-2.689521,-0.44732606,-0.62142825
7,483,0.66457987,0.20729172,-8.288904,-2.6898031,-0.44865388,-0.62072843
7,484,0.6644709,0.20713663,-8.288781,-2.6899927,-0.4499763,-0.6200231
7,485,0.66434157,0.20717978,-8.2894745,-2.690131,-0.45129326,-0.6193123
7,486,0.6641691,0.20702517,-8.289036,-2.6902697,-0.45260477,-0.61859596
7,487,0.6640172,0.20703351,-8.290039,-2.6903634,-0.45391083,-0.61787426
7,488,0.6638979,0.20692205,-8.2897005,-2.6905253,-0.4552114,-0.617147
7,489,0.66385794,0.20700109,-8.290721,-2.6908257,-0.4565065,-0.61641437
7,490,0.66366124,0.20692551,-8.290251,-2.6908514,-0.45779607,-0.6156762
7,491,0.663587,0.20684528,-8.291385,-2.6909254,-0.4590801,-0.6149326
7,492,0.66351163,0.20681381,-8.290552,-2.6912825,-0.4603586,-0.61418355
7,493,0.6633496,0.20678174,-8.291463,-2.6915724,-0.46163154,-0.61342907
7,494,0.66318023,0.20668507,-8.291599,-2.6915371,-0.4628989,-0.6126691
7,495,0.6631217,0.20663881,-8.290879,-2.691606,-0.4641607,-0.61190367
7,496,0.6629473,0.20668685,-8.291655,-2.6916993,-0.46541688,-0.61113286
7,497,0.6627674,0.20655501,-8.291134,-2.6916654,-0.46666744,-0.61035657
7,498,0.662763,0.20653808,-8.291613,-2.691743,-0.46791238,-0.6095748
7,499,0.66251636,0.20653641,-8.291095,-2.6917708,-0.46915165,-0.60878766
7,500,0.6624156,0.20642972,-8.291549,-2.6919212,-0.47038528,-0.60799503
7,501,0.66232073,0.20642412,-8.291368,-2.6921082,-0.47161323,-0.607197
7,502,0.6621649,0.20638955,-8.291419,-2.6923063,-0.47283548,-0.6063936
7,503,0.6619632,0.20632744,-8.291899,-2.6923158,-0.474052,-0.6055847
7,504,0.6619332,0.20629382,-8.291413,-2.6925628,-0.47526285,-0.60477036
7,505,0.66178596,0.20627308,-8.292154,-2.6926315,-0.47646794,-0.6039506
7,506,0.6616471,0.20617998,-8.291655,-2.6927083,-0.47766727,-0.6031255
7,507,0.6615119,0.20611763,-8.29188,-2.6926992,-0.47886086,-0.602295
7,508,0.66141796,0.20614874,-8.292385,-2.6929665,-0.48004866,-0.601459
7,509,0.66123664,0.20611894,-8.291444,-2.693071,-0.48123065,-0.60061765
7,510,0.6612129,0.20600426,-8.292891,-2.6933396,-0.48240685,-0.5997709
7,511,0.66099906,0.20595169,-8.292411,-2.6934698,-0.48357722,-0.59891874
7,512,0.6608846,0.20600307,-8.293371,-2.693703,-0.48474178,-0.5980612
7,513,0.6606823,0.2059182,-8.2927265,-2.6937006,-0.4859005,-0.59719825
7,514,0.6606624,0.20584321,-8.293752,-2.693848,-0.4870533,-0.5963299
7,515,0.6605003,0.2058059,-8.293344,-2.693888,-0.48820028,-0.59545624
7,516,0.66039205,0.20581067,-8.294057,-2.6940775,-0.48934135,-0.5945772
7,517,0.66017425,0.20577967,-8.293753,-2.6940947,-0.49047652,-0.5936927
7,518,0.660102,0.20577884,-8.293694,-2.6944609,-0.4916058,-0.59280294
7,519,0.6599399,0.2056433,-8.294223,-2.694362,-0.4927291,-0.59190774
7,520,0.65989184,0.20561922,-8.293527,-2.6946278,-0.49384648,-0.59100723
7,521,0.6596416,0.20560968,-8.294562,-2.6946666,-0.49495792,-0.5901013
7,522,0.659544,0.20558918,-8.29379,-2.6946115,-0.49606338,-0.58919007
7,523,0.65946686,0.20553493,-8.293743,-2.694986,-0.49716285,-0.58827347
7,524,0.6593722,0.20548093,-8.294516,-2.6949606,-0.49825636,-0.58735156
7,525,0.6591445,0.20540702,-8.293302,-2.6951072,-0.49934384,-0.5864243
7,526,0.65907633,0.20539212,-8.294749,-2.69526,-0.5004253,-0.58549166
7,527,0.65898585,0.20525885,-8.292795,-2.6952224,-0.5015007,-0.5845537
7,528,0.6588576,0.20533109,-8.293658,-2.6952598,-0.5025701,-0.5836105
7,529,0.65878797,0.20528924,-8.292761,-2.6953852,-0.50363344,-0.5826619
7,530,0.658607,0.20518172,-8.29384,-2.6956189,-0.5046907,-0.581708
7,531,0.65847254,0.20520008,-8.293874,-2.6956666,-0.5057419,-0.5807488
7,532,0.65835047,0.2052139,-8.294207,-2.6957884,-0.50678694,-0.57978433
7,533,0.65817153,0.20506942,-8.294484,-2.6959164,-0.5078259,-0.5788145
7,534,0.6581267,0.20505631,-8.29418,-2.6960046,-0.5088588,-0.57783943
7,535,0.65796864,0.20504868,-8.295136,-2.6961465,-0.50988555,-0.57685906
7,536,0.6578932,0.20502055,-8.294033,-2.696329,-0.5109061,-0.5758734
7,537,0.6576829,0.20490432,-8.295157,-2.6962976,-0.5119206,-0.57488245
7,538,0.6575372,0.20488286,-8.293688,-2.6966307,-0.51292884,-0.5738862
7,539,0.65744805,0.20483434,-8.295191,-2.6967237,-0.5139309,-0.57288474
7,540,0.6573788,0.20481145,-8.294193,-2.696815,-0.5149268,-0.57187796
7,541,0.6572571,0.20478177,-8.295132,-2.696948,-0.5159165,-0.5708659
7,542,0.6570971,0.20470178,-8.294074,-2.6968372,-0.5169,-0.5698487
7,543,0.65697587,0.2046864,-8.295076,-2.6972,-0.5178773,-0.5688262
7,544,0.6568241,0.20468223,-8.294582,-2.6971996,-0.5188483,-0.56779844
7,545,0.6567563,0.20456195,-8.295194,-2.6975384,-0.5198131,-0.5667655
7,546,0.6566628,0.20451283,-8.295184,-2.6975346,-0.5207716,-0.5657273
7,547,0.65646505,0.20455503,-8.295519,-2.6976743,-0.5217239,-0.56468385
7,548,0.65636325,0.20449317,-8.295928,-2.6976457,-0.5226699,-0.5636352
7,549,0.656206,0.20442808,-8.295501,-2.6980553,-0.5236096,-0.56258136
7,550,0.65608275,0.20431864,-8.296525,-2.6980958,-0.524543,-0.5615223
7,551,0.65602946,0.20428789,-8.295562,-2.6982753,-0.5254701,-0.560458
7,552,0.6558583,0.20426965,-8.295915,-2.6980581,-0.52639085,-0.5593886
7,553,0.6557096,0.20423973,-8.295587,-2.6985033,-0.5273053,-0.55831397
7,554,0.6556337,0.20419323,-8.295909,-2.6984525,-0.52821344,-0.5572341
7,555,0.6554817,0.20409906,-8.295686,-2.6987293,-0.5291152,-0.5561491
7,556,0.655323,0.20406663,-8.295877,-2.6987925,-0.5300106,-0.55505896
7,557,0.65519595,0.20403278,-8.295451,-2.698889,-0.5308996,-0.55396366
7,558,0.6551281,0.2040286,-8.29593,-2.6989295,-0.5317822,-0.5528632
7,559,0.6549487,0.20396483,-8.295612,-2.6992223,-0.53265846,-0.5517576
7,560,0.654868,0.20395541,-8.296627,-2.6990266,-0.5335283,-0.5506468
7,561,0.654776,0.20391405,-8.296157,-2.6995492,-0.53439176,-0.5495309
7,562,0.6545775,0.20377207,-8.296524,-2.6995273,-0.53524876,-0.5484099
7,563,0.65442884,0.20378208,-8.296459,-2.699678,-0.5360994,-0.54728377
7,564,0.65440655,0.20377445,-8.297316,-2.6997821,-0.5369435,-0.5461525
7,565,0.6542475,0.20366251,-8.297063,-2.699849,-0.53778124,-0.5450161
7,566,0.6541277,0.20362508,-8.297363,-2.700093,-0.5386124,-0.5438747
7,567,0.65393853,0.2036171,-8.296947,-2.7002425,-0.53943723,-0.5427281
7,568,0.65387213,0.20353973,-8.297651,-2.700741,-0.54025555,-0.54157645
7,569,0.653689,0.20358884,-8.297199,-2.7006347,-0.54106736,-0.54041976
7,570,0.6536355,0.2035346,-8.298027,-2.7009122,-0.5418727,-0.53925794
7,571,0.6535568,0.20339894,-8.297389,-2.7009072,-0.5426715,-0.5380911
7,572,0.65338993,0.20336115,-8.298108,-2.7010655,-0.54346377,-0.5369192
7,573,0.6532881,0.20337808,-8.297486,-2.7011037,-0.5442496,-0.5357422
7,574,0.65314937,0.20333219,-8.298322,-2.7015605,-0.5450288,-0.5345602
7,575,0.6530119,0.2032398,-8.297605,-2.7014673,-0.5458015,-0.5333732
7,576,0.65292037,0.2031498,-8.298506,-2.701536,-0.54656774,-0.5321811
7,577,0.6527542,0.20318735,-8.29775,-2.7018652,-0.54732734,-0.53098404
7,578,0.6525886,0.2031231,-8.298089,-2.7015455,-0.5480804,-0.52978194
7,579,0.6525239,0.20306814,-8.29758,-2.7020566,-0.5488269,-0.5285748
7,580,0.6523893,0.20303309,-8.297507,-2.7016582,-0.5495668,-0.5273627
7,581,0.65223885,0.20300198,-8.297645,-2.7021532,-0.5503001,-0.52614564
7,582,0.6521752,0.20295382,-8.297363,-2.7019157,-0.5510269,-0.52492356
7,583,0.6520145,0.2029438,-8.297783,-2.7022648,-0.551747,-0.52369654
7,584,0.6518558,0.20291483,-8.297699,-2.7023368,-0.55246055,-0.5224645
7,585,0.6518016,0.20287395,-8.297602,-2.7025397,-0.55316746,-0.52122754
7,586,0.6516212,0.20275962,-8.29836,-2.702451,-0.5538677,-0.5199857
7,587,0.6515598,0.20275867,-8.2985525,-2.702872,-0.5545614,-0.5187388
7,588,0.6513686,0.20266712,-8.298808,-2.702684,-0.5552484,-0.517487
7,589,0.65128684,0.20258772,-8.299062,-2.7030673,-0.55592877,-0.5162303
7,590,0.65107787,0.20260847,-8.299269,-2.7030184,-0.5566025,-0.5149687
7,591,0.6510012,0.20252216,-8.299299,-2.7031565,-0.5572695,-0.51370215
7,592,0.6508889,0.20246816,-8.298972,-2.7033243,-0.55792993,-0.5124307
7,593,0.65074503,0.20250237,-8.299409,-2.7032473,-0.5585836,-0.5111544
7,594,0.65054023,0.20240355,-8.29909,-2.7037008,-0.5592307,-0.5098732
7,595,0.6505945,0.2023412,-8.298956,-2.703536,-0.559871,-0.5085871
7,596,0.65027547,0.20227563,-8.298817,-2.70388,-0.5605047,-0.5072962
7,597,0.65027666,0.2022295,-8.299344,-2.7038872,-0.5611316,-0.5060004
7,598,0.6501256,0.2022891,-8.2992325,-2.7041156,-0.56175184,-0.50469977
7,599,0.6499537,0.20222056,-8.299593,-2.704211,-0.5623654,-0.5033943
7,600,0.64985394,0.20212495,-8.299455,-2.7042234,-0.56297225,-0.50208396
7,601,0.6497303,0.20211124,-8.29962,-2.7044697,-0.56357235,-0.50076884
7,602,0.64963365,0.20210326,-8.299498,-2.7046223,-0.5641657,-0.49944893
7,603,0.64951324,0.20195508,-8.30031,-2.7047179,-0.5647523,-0.49812418
7,604,0.6493374,0.20200229,-8.299645,-2.7048545,-0.5653322,-0.49679464
7,605,0.64924645,0.2018888,-8.300416,-2.7049983,-0.56590533,-0.49546033
7,606,0.64909863,0.20182168,-8.300024,-2.7050729,-0.5664717,-0.49412122
7,607,0.6490048,0.20186532,-8.300521,-2.705353,-0.5670313,-0.49277738
7,608,0.64888203,0.2017976,-8.300627,-2.705483,-0.5675842,-0.49142876
7,609,0.6487839,0.20167196,-8.300698,-2.7054882,-0.5681303,-0.4900754
7,610,0.64856243,0.20165777,-8.300981,-2.7055883,-0.5686696,-0.48871732
7,611,0.6484462,0.20162594,-8.300434,-2.705781,-0.5692021,-0.4873545
7,612,0.6483226,0.2016375,-8.301319,-2.705834,-0.5697279,-0.48598695
7,613,0.6482532,0.20152056,-8.3008375,-2.7060423,-0.5702469,-0.4846147
7,614,0.64804685,0.20147371,-8.3016815,-2.706019,-0.570759,-0.48323774
7,615,0.6479418,0.2014674,-8.301132,-2.7063441,-0.5712644,-0.4818561
7,616,0.64787686,0.20136297,-8.301774,-2.70635,-0.571763,-0.4804698
7,617,0.6476892,0.2012968,-8.301061,-2.706579,-0.5722547,-0.4790788
7,618,0.64754,0.2013303,-8.301758,-2.706629,-0.57273966,-0.47768316
7,619,0.6475316,0.20127487,-8.301831,-2.7067494,-0.57321775,-0.47628286
7,620,0.64737153,0.20124567,-8.302109,-2.7066917,-0.5736891,-0.47487792
7,621,0.6472355,0.20114458,-8.302152,-2.7068353,-0.57415354,-0.47346836
7,622,0.6471181,0.20110452,-8.302532,-2.706969,-0.5746112,-0.47205418
7,623,0.64700055,0.20103788,-8.30255,-2.7069986,-0.575062,-0.47063538
7,624,0.64690185,0.20101118,-8.30246,-2.7070267,-0.575506,-0.469212
7,625,0.6467383,0.20102787,-8.3029,-2.7074213,-0.5759431,-0.46778402
7,626,0.6465899,0.20098042,-8.30213,-2.7073388,-0.5763734,-0.46635148
7,627,0.64646304,0.20083189,-8.303061,-2.7073536,-0.5767968,-0.46491435
7,628,0.64633965,0.20082855,-8.301852,-2.7074609,-0.5772134,-0.46347266
7,629,0.6462954,0.20082736,-8.303117,-2.7078218,-0.5776231,-0.46202642
7,630,0.646121,0.20076644,-8.301772,-2.7075593,-0.578026,-0.46057564
7,631,0.64599323,0.20063424,-8.303317,-2.7074952,-0.578422,-0.45912036
7,632,0.6458919,0.20058429,-8.302264,-2.7076905,-0.57881117,-0.45766056
7,633,0.64586294,0.20056498,-8.302826,-2.7077312,-0.5791934,-0.45619622
7,634,0.6456573,0.20056057,-8.30206,-2.7078526,-0.5795688,-0.4547274
7,635,0.6454822,0.20049012,-8.302418,-2.7079086,-0.57993734,-0.45325413
7,636,0.64539444,0.20052874,-8.301879,-2.7082357,-0.58029896,-0.45177636
7,637,0.6452768,0.20043898,-8.301584,-2.7078807,-0.5806537,-0.45029414
7,638,0.6450912,0.20044267,-8.302279,-2.70849,-0.58100164,-0.44880745
7,639,0.6449679,0.20027053,-8.300372,-2.7081628,-0.58134264,-0.44731635
7,640,0.64492214,0.20030034,-8.302483,-2.7086391,-0.5816767,-0.44582078
7,641,0.6447803,0.20016468,-8.301645,-2.7085178,-0.58200395,-0.44432083
7,642,0.64459515,0.2001667,-8.302577,-2.7087834,-0.58232427,-0.44281647
7,643,0.64451504,0.20015979,-8.302506,-2.7088723,-0.5826377,-0.4413077
7,644,0.6444081,0.20011353,-8.303199,-2.7090669,-0.5829443,-0.43979454
7,645,0.64429283,0.19994187,-8.303406,-2.709173,-0.5832439,-0.438277
7,646,0.64415145,0.20004368,-8.303604,-2.709374,-0.5835366,-0.43675512
7,647,0.64401984,0.19986713,-8.303589,-2.7093089,-0.5838225,-0.43522888
7,648,0.64394426,0.19982326,-8.304093,-2.7094383,-0.5841014,-0.43369833
7,649,0.64377713,0.19981909,-8.3040495,-2.7095366,-0.5843734,-0.43216342
7,650,0.6435752,0.1997447,-8.30485,-2.7096076,-0.58463854,-0.4306242
7,651,0.64353144,0.19967854,-8.303845,-2.7098126,-0.58489674,-0.4290807
7,652,0.64326465,0.19970238,-8.304792,-2.7098114,-0.58514804,-0.42753288
7,653,0.643204,0.19960392,-8.303643,-2.7100644,-0.5853925,-0.42598078
7,654,0.6430783,0.19966137,-8.30373,-2.709871,-0.58562994,-0.4244244
7,655,0.64288044,0.19950783,-8.303204,-2.7105293,-0.5858605,-0.42286378
7,656,0.6428102,0.19948292,-8.303337,-2.7099535,-0.5860842,-0.42129892
7,657,0.64275074,0.19944787,-8.303922,-2.7107275,-0.5863009,-0.41972983
7,658,0.6425619,0.1993357,-8.3036175,-2.710229,-0.5865108,-0.4181565
7,659,0.6424377,0.19932866,-8.306225,-2.7109058,-0.5867137,-0.41657898
7,660,0.64232135,0.19928622,-8.304201,-2.7106621,-0.58690965,-0.41499725
7,661,0.64217234,0.19920826,-8.305551,-2.7112238,-0.5870988,-0.41341135
7,662,0.64218426,0.19913685,-8.3048525,-2.7109616,-0.5872809,-0.41182125
7,663,0.641992,0.19908023,-8.304621,-2.7109058,-0.58745617,-0.410227
7,664,0.64185,0.19899738,-8.30539,-2.7111585,-0.5876245,-0.4086286
7,665,0.6417674,0.19903076,-8.304789,-2.7111897,-0.5877859,-0.40702608
7,666,0.64154005,0.1989106,-8.305158,-2.7114043,-0.58794045,-0.40541944
7,667,0.641399,0.19892013,-8.305402,-2.7110465,-0.58808804,-0.40380865
7,668,0.64133346,0.19882905,-8.307455,-2.7118676,-0.5882287,-0.40219378
7,669,0.64115775,0.19878197,-8.305702,-2.7115061,-0.58836246,-0.40057483
7,670,0.6410668,0.19863963,-8.307818,-2.7119553,-0.5884893,-0.39895183
7,671,0.64101815,0.19878376,-8.306152,-2.711678,-0.5886092,-0.3973247
7,672,0.6408069,0.19848168,-8.307123,-2.71197,-0.5887222,-0.3956936
7,673,0.6406969,0.19862247,-8.306235,-2.7117376,-0.5888283,-0.3940584
7,674,0.64049125,0.19850183,-8.30662,-2.7120478,-0.5889275,-0.39241922
7,675,0.64037514,0.19858873,-8.306035,-2.7117252,-0.5890198,-0.390776
7,676,0.6402744,0.1984216,-8.307031,-2.7123172,-0.5891052,-0.3891288
7,677,0.6401615,0.19845033,-8.305991,-2.7114644,-0.5891836,-0.3874776
7,678,0.6401069,0.19823408,-8.311506,-2.7125318,-0.58925515,-0.38582245
7,679,0.6399617,0.1983614,-8.306071,-2.7122564,-0.5893198,-0.38416332
7,680,0.6397598,0.19809878,-8.310196,-2.7126727,-0.5893776,-0.38250023
7,681,0.63967824,0.19823098,-8.306254,-2.7126887,-0.58942837,-0.38083324
7,682,0.6394783,0.19809866,-8.305279,-2.712839,-0.58947235,-0.3791623
7,683,0.63952804,0.19810951,-8.306634,-2.713165,-0.58950937,-0.37748748
7,684,0.6391529,0.19807482,-8.305885,-2.712956,-0.5895395,-0.37580875
7,685,0.63922143,0.1980964,-8.306134,-2.7135754,-0.5895627,-0.37412614
7,686,0.63896394,0.19797993,-8.306408,-2.7135313,-0.5895791,-0.37243968
7,687,0.6388686,0.1978823,-8.305969,-2.7136743,-0.5895885,-0.37074935
7,688,0.63862264,0.1978414,-8.306546,-2.7139773,-0.5895911,-0.36905518
7,689,0.63863814,0.19786382,-8.307076,-2.7137926,-0.5895868,-0.36735716
7,690,0.63842225,0.19773996,-8.306675,-2.714059,-0.5895756,-0.36565536
7,691,0.6383225,0.19769871,-8.308102,-2.7141116,-0.58955747,-0.36394975
7,692,0.6382816,0.19759786,-8.306766,-2.713849,-0.5895325,-0.36224034
7,693,0.6380681,0.19765103,-8.308904,-2.7137394,-0.58950067,-0.3605272
7,694,0.6380695,0.19750154,-8.307365,-2.71388,-0.5894619,-0.35881025
7,695,0.63786364,0.19755065,-8.309765,-2.7141478,-0.5894163,-0.35708958
7,696,0.637738,0.19745982,-8.307962,-2.7141364,-0.5893639,-0.35536516
7,697,0.6376543,0.19741786,-8.308938,-2.7140734,-0.58930457,-0.35363704
7,698,0.6373837,0.19747055,-8.308165,-2.7145298,-0.58923835,-0.35190523
7,699,0.6373918,0.19730353,-8.307903,-2.714018,-0.5891653,-0.3501697
7,700,0.63722634,0.19731915,-8.30822,-2.7149339,-0.5890854,-0.34843048
7,701,0.6371124,0.19716942,-8.307001,-2.7145128,-0.5889986,-0.34668761
7,702,0.63697624,0.19717824,-8.3098345,-2.7151043,-0.588905,-0.3449411
7,703,0.63686264,0.19708121,-8.307321,-2.7145653,-0.58880454,-0.34319097
7,704,0.63676906,0.19706845,-8.307208,-2.715387,-0.58869725,-0.3414372
7,705,0.6367074,0.19702661,-8.3083315,-2.7147245,-0.5885831,-0.33967984
7,706,0.63657725,0.19697559,-8.30674,-2.715737,-0.5884621,-0.33791885
7,707,0.63641,0.19688904,-8.30866,-2.7151854,-0.5883343,-0.3361543
7,708,0.6363723,0.19699073,-8.30637,-2.7159512,-0.58819973,-0.3343862
7,709,0.6361333,0.1968019,-8.308218,-2.715774,-0.58805823,-0.33261454
7,710,0.6360638,0.19699836,-8.306537,-2.7161264,-0.58791,-0.33083937
7,711,0.6359191,0.19676661,-8.307784,-2.7158835,-0.5877549,-0.32906064
7,712,0.6357362,0.19681907,-8.306862,-2.7162483,-0.587593,-0.3272784
7,713,0.63567805,0.19672763,-8.308735,-2.7164693,-0.58742434,-0.3254927
7,714,0.6355735,0.19666839,-8.309901,-2.7169242,-0.58724886,-0.32370353
7,715,0.6354983,0.19656265,-8.309653,-2.71643,-0.58706653,-0.32191086
7,716,0.6353258,0.19656551,-8.309525,-2.716743,-0.58687747,-0.32011476
7,717,0.6352135,0.196545,-8.310375,-2.716569,-0.5866816,-0.3183152
7,718,0.6350795,0.19637847,-8.308963,-2.7172143,-0.58647895,-0.31651226
7,719,0.6350323,0.19633782,-8.3096695,-2.7167091,-0.58626956,-0.3147059
7,720,0.63484263,0.196383,-8.309372,-2.7169452,-0.5860534,-0.31289616
7,721,0.63472295,0.196316,-8.309142,-2.7167442,-0.5858304,-0.31108302
7,722,0.63459563,0.19627786,-8.309521,-2.7167614,-0.5856007,-0.30926654
7,723,0.63448644,0.19620061,-8.309444,-2.7170444,-0.5853642,-0.30744672
7,724,0.63436186,0.19613564,-8.30895,-2.716817,-0.58512104,-0.30562353
7,725,0.63413215,0.19614828,-8.310014,-2.7168486,-0.58487105,-0.30379707
7,726,0.6340815,0.19611406,-8.308417,-2.7169895,-0.5846144,-0.3019673
7,727,0.6339445,0.19601214,-8.312455,-2.7169707,-0.58435094,-0.3001342
7,728,0.63378024,0.19597268,-8.308588,-2.7169564,-0.5840808,-0.29829788
7,729,0.6336497,0.19602323,-8.311337,-2.7172952,-0.58380395,-0.2964583
7,730,0.6335622,0.19584143,-8.309669,-2.7168393,-0.58352035,-0.29461548
7,731,0.6334468,0.19584048,-8.31052,-2.7176824,-0.5832301,-0.2927694
7,732,0.63330257,0.19573808,-8.309939,-2.7173977,-0.5829331,-0.29092014
7,733,0.6331909,0.19567382,-8.310333,-2.7178624,-0.58262944,-0.2890677
7,734,0.63310444,0.19557595,-8.31199,-2.7178311,-0.5823191,-0.28721204
7,735,0.63291943,0.19564426,-8.310526,-2.717953,-0.58200204,-0.28535324
7,736,0.63277507,0.19547784,-8.312487,-2.7179062,-0.58167833,-0.2834913
7,737,0.63272417,0.19557762,-8.310931,-2.718025,-0.58134794,-0.28162622
7,738,0.6325712,0.19541979,-8.312146,-2.7182767,-0.5810109,-0.27975804
7,739,0.63238466,0.19542038,-8.311286,-2.7184432,-0.5806672,-0.27788672
7,740,0.6323426,0.19528008,-8.312317,-2.718588,-0.58031684,-0.27601233
7,741,0.63219595,0.19530237,-8.3119955,-2.7189064,-0.57995987,-0.27413487
7,742,0.6320797,0.19522715,-8.311952,-2.7189887,-0.5795963,-0.27225435
7,743,0.6318768,0.19523132,-8.31236,-2.7188063,-0.579226,-0.2703708
7,744,0.6318064,0.19508076,-8.312483,-2.7189264,-0.5788492,-0.26848423
7,745,0.63162494,0.19507372,-8.312263,-2.7188008,-0.5784657,-0.26659465
7,746,0.631583,0.19497454,-8.312835,-2.719071,-0.57807565,-0.26470205
7,747,0.63131905,0.19496,-8.311889,-2.7189128,-0.57767904,-0.2628065
7,748,0.63127065,0.19482994,-8.312716,-2.7188454,-0.57727575,-0.26090798
7,749,0.6311271,0.19495714,-8.312327,-2.718997,-0.576866,-0.25900653
7,750,0.63101923,0.19476521,-8.312619,-2.7184567,-0.5764496,-0.25710213
7,751,0.6309444,0.19480598,-8.31251,-2.7186847,-0.5760266,-0.25519484
7,752,0.6308236,0.19466162,-8.313306,-2.718941,-0.5755971,-0.25328463
7,753,0.630653,0.19470012,-8.312483,-2.7186525,-0.57516104,-0.25137156
7,754,0.6305138,0.19455445,-8.313224,-2.7193894,-0.5747185,-0.2494556
7,755,0.630427,0.19453096,-8.312664,-2.7186835,-0.57426935,-0.24753681
7,756,0.63032913,0.1944536,-8.313097,-2.7195008,-0.57381374,-0.24561518
7,757,0.6301136,0.19441664,-8.312666,-2.7185838,-0.57335156,-0.24369074
7,758,0.63002384,0.19440138,-8.312865,-2.719656,-0.57288295,-0.24176349
7,759,0.62989604,0.19436872,-8.312721,-2.7189577,-0.5724078,-0.23983346
7,760,0.6298468,0.19429612,-8.312257,-2.7201753,-0.5719262,-0.23790066
7,761,0.6296103,0.19435501,-8.313093,-2.7190344,-0.5714381,-0.23596512
7,762,0.62959945,0.19420588,-8.312605,-2.720189,-0.5709435,-0.23402683
7,763,0.6294627,0.19421649,-8.312605,-2.7193542,-0.5704425,-0.23208582
7,764,0.6292926,0.19406033,-8.312703,-2.7201667,-0.569935,-0.23014212
7,765,0.6291888,0.19409263,-8.3124275,-2.719656,-0.5694211,-0.22819573
7,766,0.62901807,0.19403672,-8.312767,-2.7200918,-0.56890076,-0.22624665
7,767,0.6289973,0.194018,-8.312353,-2.7201486,-0.568374,-0.22429495
7,768,0.628796,0.19389856,-8.312945,-2.7201278,-0.5678408,-0.22234058
7,769,0.6287383,0.19392347,-8.312499,-2.719832,-0.5673012,-0.22038361
7,770,0.62863886,0.19382751,-8.312598,-2.7205908,-0.56675524,-0.21842404
7,771,0.6284385,0.19381416,-8.313217,-2.7202587,-0.5662029,-0.21646188
7,772,0.6283977,0.19375324,-8.314423,-2.7205033,-0.5656442,-0.21449715
7,773,0.6281011,0.19368362,-8.313916,-2.71984,-0.5650791,-0.21252985
7,774,0.6281104,0.19364202,-8.312989,-2.7206864,-0.56450766,-0.21056002
7,775,0.6280168,0.1935283,-8.314445,-2.720062,-0.5639299,-0.20858769
7,776,0.62794757,0.19351542,-8.314593,-2.7206805,-0.5633458,-0.20661284
7,777,0.62777853,0.19346416,-8.313906,-2.7205272,-0.56275535,-0.2046355
7,778,0.62763524,0.19338918,-8.31451,-2.7207189,-0.56215864,-0.2026557
7,779,0.6275495,0.19331217,-8.313474,-2.720564,-0.5615556,-0.20067345
7,780,0.62742984,0.19325864,-8.314321,-2.7210023,-0.5609463,-0.19868875
7,781,0.62729406,0.19322944,-8.313369,-2.720981,-0.5603307,-0.19670163
7,782,0.6271392,0.19331992,-8.3142185,-2.7206323,-0.55970883,-0.19471212
7,783,0.6270163,0.19307947,-8.313552,-2.7208958,-0.55908066,-0.19272022
7,784,0.6267967,0.1931374,-8.314082,-2.7211423,-0.55844635,-0.19072595
7,785,0.6266198,0.19301426,-8.313099,-2.7206197,-0.5578057,-0.18872933
7,786,0.6265826,0.19294727,-8.314291,-2.7211275,-0.5571589,-0.18673038
7,787,0.6264751,0.19277442,-8.315017,-2.720764,-0.55650586,-0.18472911
7,788,0.62628126,0.19289422,-8.315072,-2.7214346,-0.55584663,-0.18272555
7,789,0.6262827,0.19275773,-8.316991,-2.721132,-0.5551812,-0.1807197
7,790,0.62615204,0.19267797,-8.315712,-2.7213209,-0.5545096,-0.17871158
7,791,0.6260114,0.19270253,-8.3157835,-2.7212367,-0.5538318,-0.17670122
7,792,0.6258061,0.19257903,-8.317273,-2.7215319,-0.5531479,-0.17468862
7,793,0.62588465,0.19256294,-8.317817,-2.7216768,-0.55245787,-0.17267382
7,794,0.6255145,0.19259107,-8.316303,-2.7216892,-0.5517616,-0.17065682
7,795,0.625597,0.19241834,-8.317512,-2.7220662,-0.5510593,-0.16863763
7,796,0.62530255,0.19254315,-8.316066,-2.722075,-0.5503509,-0.16661629
7,797,0.62518215,0.19232845,-8.316588,-2.72204,-0.5496364,-0.1645928
7,798,0.62494195,0.19235301,-8.3156,-2.722304,-0.5489158,-0.16256718
7,799,0.62493587,0.19229805,-8.316134,-2.7223918,-0.54818916,-0.16053946
7,800,0.6248174,0.19226277,-8.314511,-2.7223036,-0.54745644,-0.15850966
7,801,0.62473464,0.19213736,-8.315859,-2.722396,-0.54671764,-0.15647776
7,802,0.6246871,0.19220233,-8.315882,-2.722294,-0.5459729,-0.15444382
7,803,0.6245463,0.19192171,-8.316348,-2.722525,-0.54522204,-0.15240784
7,804,0.6244389,0.19195688,-8.317197,-2.7223458,-0.5444652,-0.15036984
7,805,0.62423515,0.19187534,-8.316945,-2.7227511,-0.54370236,-0.14832982
7,806,0.62414145,0.19184184,-8.314994,-2.7224329,-0.5429336,-0.14628783
7,807,0.6240897,0.19183588,-8.317634,-2.7226286,-0.54215884,-0.14424387
7,808,0.6238401,0.19186497,-8.319204,-2.722204,-0.5413781,-0.14219795
7,809,0.6237583,0.19173837,-8.318216,-2.7224996,-0.5405914,-0.14015011
7,810,0.62368345,0.1917702,-8.31686,-2.7227085,-0.5397988,-0.13810036
7,811,0.62347364,0.1915487,-8.317132,-2.7221866,-0.53900033,-0.13604869
7,812,0.62327266,0.19164085,-8.317413,-2.722681,-0.5381959,-0.13399516
7,813,0.6232389,0.19135702,-8.3171015,-2.7230167,-0.5373856,-0.13193977
7,814,0.6230842,0.19159627,-8.31765,-2.7227962,-0.5365694,-0.12988251
7,815,0.62302065,0.19141674,-8.317079,-2.723538,-0.53574735,-0.12782346
7,816,0.62289846,0.19153583,-8.320404,-2.723402,-0.5349195,-0.12576258
7,817,0.62276125,0.19126761,-8.317868,-2.7235634,-0.53408575,-0.12369991
7,818,0.62268615,0.19126165,-8.319551,-2.723142,-0.5332462,-0.121635474
7,819,0.6224979,0.19117975,-8.32081,-2.7232223,-0.53240085,-0.11956928
7,820,0.62239885,0.1911484,-8.317962,-2.7228305,-0.5315497,-0.117501356
7,821,0.6221911,0.19118822,-8.321986,-2.7228863,-0.5306928,-0.11543171
7,822,0.62213683,0.1911813,-8.316011,-2.722062,-0.5298301,-0.11336036
7,823,0.6220367,0.19109452,-8.322467,-2.7230256,-0.52896166,-0.11128733
7,824,0.6218711,0.19103801,-8.319158,-2.7222433,-0.5280875,-0.109212644
7,825,0.62176585,0.190884,-8.322983,-2.723085,-0.5272076,-0.1071363
7,826,0.62159276,0.19086134,-8.320271,-2.7232733,-0.526322,-0.10505834
7,827,0.62146354,0.19072354,-8.319743,-2.7231421,-0.5254307,-0.102978766
7,828,0.62127507,0.19067514,-8.320399,-2.7234108,-0.5245337,-0.1008976
7,829,0.621274,0.19049597,-8.321501,-2.723104,-0.5236311,-0.09881486
7,830,0.62110484,0.1905992,-8.320505,-2.7236447,-0.5227228,-0.09673057
7,831,0.6210731,0.19043362,-8.319614,-2.722941,-0.52180886,-0.09464474
7,832,0.62093306,0.19054449,-8.319143,-2.7239594,-0.52088934,-0.09255739
7,833,0.62076354,0.19045317,-8.320862,-2.723768,-0.5199642,-0.09046854
7,834,0.62064743,0.19040418,-8.3198185,-2.7235188,-0.5190335,-0.08837821
7,835,0.6204624,0.19027448,-8.320557,-2.723996,-0.51809716,-0.08628642
7,836,0.62037444,0.19018292,-8.320147,-2.723702,-0.5171553,-0.084193185
7,837,0.62028587,0.19012415,-8.3203,-2.72395,-0.5162079,-0.08209852
7,838,0.62015164,0.19004071,-8.320831,-2.7234776,-0.515255,-0.08000245
7,839,0.62007403,0.18996406,-8.319923,-2.7232518,-0.51429653,-0.077904984
7,840,0.6197994,0.19002032,-8.319605,-2.7233179,-0.5133326,-0.07580615
7,841,0.61981,0.18984926,-8.320383,-2.7229135,-0.5123632,-0.073705964
7,842,0.61961913,0.18983126,-8.318444,-2.723881,-0.5113883,-0.071604446
7,843,0.6195364,0.18981421,-8.320619,-2.7229881,-0.5104079,-0.06950161
7,844,0.6194205,0.18973196,-8.319267,-2.7238922,-0.5094222,-0.067397475
7,845,0.6192844,0.18979037,-8.321223,-2.722966,-0.508431,-0.06529206
7,846,0.6192173,0.1896596,-8.319829,-2.7238586,-0.5074344,-0.06318539
7,847,0.6190487,0.18954432,-8.321595,-2.7235916,-0.5064325,-0.06107747
7,848,0.61893344,0.18953323,-8.320934,-2.723771,-0.5054251,-0.058968335
7,849,0.61888325,0.18951142,-8.322131,-2.7235253,-0.5044124,-0.056857992
7,850,0.61869264,0.18954599,-8.321048,-2.7235918,-0.50339437,-0.054746464
7,851,0.618569,0.1893934,-8.322858,-2.7232428,-0.502371,-0.05263377
7,852,0.6184721,0.18942606,-8.321328,-2.7232385,-0.50134236,-0.050519925
7,853,0.61826015,0.18924856,-8.323904,-2.7232285,-0.50030845,-0.04840495
7,854,0.6182071,0.18915057,-8.321782,-2.7231174,-0.49926925,-0.046288867
7,855,0.61804783,0.18922532,-8.322712,-2.723263,-0.49822477,-0.044171687
7,856,0.6178665,0.1891774,-8.321475,-2.7232587,-0.49717507,-0.042053435
7,857,0.6178483,0.18917978,-8.323196,-2.7234526,-0.49612015,-0.03993413
7,858,0.6176939,0.18920279,-8.321046,-2.723563,-0.49506003,-0.037813786
7,859,0.6174879,0.18903577,-8.322178,-2.724102,-0.4939947,-0.035692427
7,860,0.61748576,0.18905544,-8.320572,-2.7239797,-0.4929242,-0.03357007
7,861,0.6172662,0.18887961,-8.321084,-2.7242186,-0.4918486,-0.03144673
7,862,0.617254,0.18890119,-8.322416,-2.7235823,-0.49076784,-0.029322429
7,863,0.6170585,0.18879235,-8.320042,-2.72404,-0.48968193,-0.027197188
7,864,0.6169691,0.18866241,-8.322024,-2.7240512,-0.48859096,-0.025071021
7,865,0.6167475,0.18873703,-8.319473,-2.7239125,-0.4874949,-0.022943951
7,866,0.6166544,0.18859649,-8.322742,-2.724019,-0.48639375,-0.020815996
7,867,0.6164961,0.18860626,-8.319589,-2.7243855,-0.48528758,-0.018687174
7,868,0.6164104,0.18847,-8.323327,-2.7243845,-0.48417634,-0.016557503
7,869,0.61637795,0.1884532,-8.321795,-2.7242193,-0.48306012,-0.014427005
7,870,0.61611927,0.18841016,-8.324964,-2.7242782,-0.4819389,-0.012295696
7,871,0.61616373,0.1884253,-8.321355,-2.7247374,-0.4808127,-0.010163596
7,872,0.6158228,0.18834066,-8.324019,-2.7243388,-0.47968155,-0.008030724
7,873,0.61590385,0.18819141,-8.320408,-2.7247057,-0.47854543,-0.005897099
7,874,0.61556673,0.18815303,-8.321338,-2.7242367,-0.47740442,-0.0037627402
7,875,0.6156218,0.18807065,-8.319953,-2.7245867,-0.4762585,-0.0016276662
7,876,0.6153827,0.18800604,-8.318821,-2.7240286,-0.47510767,0.00050810387
7,877,0.6153414,0.18807364,-8.320791,-2.7244282,-0.47395197,0.002644551
7,878,0.61505723,0.18789542,-8.319446,-2.7243023,-0.47279143,0.004781656
7,879,0.6150522,0.18801916,-8.322161,-2.7246363,-0.47162607,0.0069194
7,880,0.6148647,0.18772471,-8.323777,-2.724056,-0.47045588,0.009057763
7,881,0.6147852,0.18786514,-8.323838,-2.7244647,-0.4692809,0.011196728
7,882,0.6145389,0.1876247,-8.322915,-2.7243347,-0.46810114,0.013336274
7,883,0.6146277,0.18777478,-8.323548,-2.7249553,-0.46691662,0.015476382
7,884,0.6142225,0.18758798,-8.327306,-2.7242768,-0.46572736,0.017617034
7,885,0.6143855,0.18756068,-8.323332,-2.7253134,-0.4645334,0.019758211
7,886,0.61409163,0.18741512,-8.325656,-2.7245562,-0.4633347,0.021899892
7,887,0.6140151,0.18739915,-8.324348,-2.7254913,-0.46213135,0.024042059
7,888,0.6137904,0.18729258,-8.325175,-2.7241187,-0.4609233,0.026184695
7,889,0.61367774,0.18754303,-8.325872,-2.72499,-0.45971066,0.028327776
7,890,0.6134032,0.18726516,-8.328146,-2.724437,-0.45849335,0.030471286
7,891,0.61344993,0.18740666,-8.325763,-2.7244627,-0.45727143,0.032615207
7,892,0.6131377,0.18722796,-8.327282,-2.725179,-0.45604494,0.034759518
7,893,0.6133121,0.18719184,-8.325748,-2.7246208,-0.45481387,0.036904197
7,894,0.6129699,0.18707633,-8.32759,-2.724496,-0.45357826,0.03904923
7,895,0.61309326,0.18704784,-8.325864,-2.7245076,-0.45233813,0.041194595
7,896,0.61281395,0.18704844,-8.326914,-2.7237496,-0.45109347,0.043340273
7,897,0.61280715,0.18702686,-8.326901,-2.7231407,-0.44984433,0.045486245
7,898,0.612519,0.18685126,-8.326342,-2.7222898,-0.4485907,0.047632493
7,899,0.6124908,0.1870079,-8.325157,-2.7228808,-0.44733262,0.049778998
7,900,0.61222076,0.18678713,-8.330188,-2.7229834,-0.44607013,0.051925734
7,901,0.6122632,0.18692362,-8.326862,-2.723769,-0.4448032,0.054072693
7,902,0.61197174,0.1867497,-8.325498,-2.7236347,-0.4435319,0.056219846
7,903,0.6120305,0.18676889,-8.326791,-2.7242684,-0.4422562,0.058367178
7,904,0.61189246,0.18664932,-8.326203,-2.7237,-0.4409762,0.06051467
7,905,0.61184335,0.18653035,-8.326335,-2.7244623,-0.4396918,0.0626623
7,906,0.6115501,0.18657362,-8.326545,-2.7238414,-0.43840313,0.06481005
7,907,0.61142874,0.18631017,-8.326535,-2.7243688,-0.43711016,0.066957906
7,908,0.61118746,0.1865294,-8.326881,-2.7243006,-0.43581292,0.06910584
7,909,0.6112013,0.18632627,-8.327341,-2.7246225,-0.43451142,0.071253836
7,910,0.6109245,0.1865251,-8.326835,-2.7244246,-0.4332057,0.073401876
7,911,0.6109842,0.1861831,-8.32871,-2.7250013,-0.43189576,0.075549945
7,912,0.61068034,0.18627858,-8.327079,-2.7243614,-0.43058163,0.077698015
7,913,0.61073947,0.18617094,-8.329665,-2.7249272,-0.42926332,0.07984607
7,914,0.6104715,0.18614292,-8.3265085,-2.7245457,-0.42794085,0.08199409
7,915,0.6104281,0.18597782,-8.329828,-2.7251706,-0.42661425,0.08414205
7,916,0.61014533,0.1861285,-8.324943,-2.7237859,-0.42528358,0.08628995
7,917,0.6100671,0.18597984,-8.330267,-2.724542,-0.4239488,0.08843775
7,918,0.6098939,0.18605673,-8.326636,-2.7238276,-0.42260993,0.09058544
7,919,0.6098814,0.18590677,-8.329605,-2.7246797,-0.42126703,0.092732996
7,920,0.60971665,0.18592513,-8.328737,-2.7232893,-0.41992012,0.09488041
7,921,0.6094799,0.18571734,-8.329078,-2.7243047,-0.41856918,0.097027645
7,922,0.6094246,0.18577337,-8.329828,-2.7236626,-0.41721427,0.09917469
7,923,0.6093422,0.1855669,-8.32767,-2.7246459,-0.41585538,0.10132154
7,924,0.6091516,0.1856463,-8.329822,-2.723425,-0.41449258,0.10346815
7,925,0.6092274,0.18556428,-8.324685,-2.724802,-0.4131258,0.10561452
7,926,0.6089052,0.18550229,-8.327696,-2.723138,-0.41175517,0.107760616
7,927,0.60890365,0.18543673,-8.3263,-2.7247572,-0.41038066,0.109906435
7,928,0.608526,0.18534362,-8.326824,-2.7224221,-0.40900227,0.11205194
7,929,0.6085875,0.18527257,-8.325734,-2.7245886,-0.40762007,0.11419713
7,930,0.60825586,0.18518054,-8.328697,-2.7228034,-0.40623403,0.11634196
7,931,0.6082704,0.1851517,-8.326301,-2.72446,-0.4048442,0.11848644
7,932,0.60822916,0.18515372,-8.330529,-2.723219,-0.4034506,0.12063053
7,933,0.6081145,0.18504715,-8.325237,-2.7243712,-0.40205327,0.12277422
7,934,0.6079831,0.18502843,-8.330404,-2.7231493,-0.4006522,0.12491749
7,935,0.6079763,0.18489766,-8.324028,-2.7245243,-0.3992474,0.12706032
7,936,0.607723,0.18495381,-8.32997,-2.7225833,-0.39783895,0.12920268
7,937,0.60775256,0.18480742,-8.329677,-2.7243443,-0.3964268,0.13134457
7,938,0.6073774,0.18476951,-8.330958,-2.72308,-0.39501104,0.13348596
7,939,0.60741127,0.1846546,-8.3290615,-2.7236419,-0.39359164,0.13562682
7,940,0.60708904,0.18461537,-8.329298,-2.7233503,-0.39216864,0.13776715
7,941,0.6070503,0.18457425,-8.329144,-2.7235522,-0.3907421,0.13990693
7,942,0.60706306,0.18451989,-8.32953,-2.7230809,-0.38931197,0.14204612
7,943,0.6068256,0.18451047,-8.329428,-2.723585,-0.3878783,0.14418472
7,944,0.6067467,0.18449473,-8.33088,-2.7232146,-0.38644114,0.14632271
7,945,0.6065941,0.18437529,-8.329753,-2.7236793,-0.3850005,0.14846006
7,946,0.6065514,0.18448997,-8.328211,-2.7231228,-0.38355637,0.15059675
7,947,0.60632074,0.18424022,-8.3282995,-2.7238963,-0.3821088,0.15273276
7,948,0.6062796,0.18432999,-8.335246,-2.7230203,-0.38065782,0.1548681
7,949,0.60614824,0.18412757,-8.328378,-2.7237382,-0.37920344,0.1570027
7,950,0.6060145,0.18428147,-8.3274765,-2.7228281,-0.3777457,0.15913658
7,951,0.605875,0.18408108,-8.329754,-2.7227936,-0.37628457,0.16126971
7,952,0.605831,0.1841942,-8.327247,-2.7227395,-0.37482014,0.16340207
7,953,0.6056125,0.18410742,-8.332329,-2.7232153,-0.37335238,0.16553363
7,954,0.6055614,0.18403292,-8.32758,-2.7229404,-0.37188134,0.1676644
7,955,0.60524964,0.18397439,-8.333694,-2.7235434,-0.37040704,0.16979432
7,956,0.6053288,0.18396199,-8.328168,-2.723368,-0.3689295,0.1719234
7,957,0.6050836,0.18388712,-8.330812,-2.723386,-0.36744872,0.17405161
7,958,0.60502267,0.1838994,-8.32892,-2.7236147,-0.36596477,0.17617893
7,959,0.6050205,0.18379688,-8.330181,-2.723105,-0.36447763,0.17830536
7,960,0.6047319,0.18377566,-8.32982,-2.7237744,-0.36298737,0.18043084
7,961,0.60470104,0.18361998,-8.330317,-2.7235582,-0.36149395,0.18255539
7,962,0.604651,0.18368578,-8.330056,-2.7236845,-0.35999742,0.18467897
7,963,0.60441065,0.18348014,-8.331044,-2.723138,-0.35849783,0.18680157
7,964,0.6043556,0.18360496,-8.33047,-2.7235796,-0.3569952,0.18892317
7,965,0.6042414,0.1835581,-8.33146,-2.7232478,-0.3554895,0.19104373
7,966,0.60407615,0.18350554,-8.330882,-2.7230308,-0.35398078,0.19316328
7,967,0.60397553,0.18349993,-8.332159,-2.7232862,-0.3524691,0.19528174
7,968,0.6038141,0.18336368,-8.331021,-2.722767,-0.35095444,0.19739912
7,969,0.6036707,0.18344486,-8.332042,-2.7234027,-0.34943685,0.19951542
7,970,0.6036165,0.18335891,-8.331684,-2.722687,-0.3479163,0.20163058
7,971,0.6035522,0.18339133,-8.332209,-2.7234366,-0.3463929,0.20374462
7,972,0.6034106,0.1833266,-8.331436,-2.722725,-0.3448666,0.20585749
7,973,0.6032983,0.18315935,-8.331371,-2.723499,-0.34333748,0.20796919
7,974,0.6032343,0.18314564,-8.330596,-2.7224853,-0.3418055,0.21007968
7,975,0.60303164,0.18314993,-8.329993,-2.7233584,-0.34027073,0.21218896
7,976,0.6029866,0.18304372,-8.330211,-2.7225463,-0.33873317,0.21429701
7,977,0.60282683,0.18312359,-8.330632,-2.722784,-0.33719286,0.21640381
7,978,0.6027787,0.18303347,-8.33054,-2.7226505,-0.33564985,0.21850933
7,979,0.60266566,0.18309581,-8.331272,-2.722165,-0.3341041,0.22061355
7,980,0.6024685,0.18293417,-8.330826,-2.7225015,-0.33255565,0.22271648
7,981,0.6023817,0.18307555,-8.331982,-2.7221794,-0.33100456,0.22481807
7,982,0.602316,0.18283641,-8.33082,-2.7223732,-0.32945085,0.2269183
7,983,0.6021166,0.18298185,-8.332004,-2.722095,-0.32789448,0.22901717
7,984,0.6020646,0.182809,-8.331192,-2.7222838,-0.32633555,0.23111464
7,985,0.60202193,0.18284833,-8.332116,-2.7223372,-0.32477406,0.23321071
7,986,0.6018709,0.18276143,-8.331633,-2.7223227,-0.32321,0.23530535
7,987,0.601776,0.1826961,-8.33187,-2.7225535,-0.32164344,0.23739856
7,988,0.6015965,0.18266964,-8.331788,-2.7219763,-0.32007438,0.23949029
7,989,0.6015674,0.18257487,-8.331623,-2.722152,-0.31850284,0.24158055
7,990,0.6014329,0.18251622,-8.331769,-2.7220068,-0.31692886,0.24366929
7,991,0.60130084,0.18257153,-8.331354,-2.7220693,-0.31535247,0.2457565
7,992,0.60111403,0.18235564,-8.331717,-2.7221417,-0.3137737,0.2478422
7,993,0.60114133,0.18245113,-8.331053,-2.722036,-0.3121925,0.24992631
7,994,0.60091877,0.18230331,-8.331394,-2.7221246,-0.31060898,0.25200886
7,995,0.60079455,0.18234193,-8.331005,-2.7218897,-0.30902314,0.2540898
7,996,0.6007283,0.18232858,-8.331159,-2.7220855,-0.30743498,0.2561691
7,997,0.60060513,0.18221438,-8.330887,-2.7216673,-0.30584455,0.2582468
7,998,0.6004795,0.182266,-8.330548,-2.721678,-0.30425185,0.26032284
7,999,0.60040736,0.18214095,-8.330306,-2.721783,-0.30265695,0.2623972
8,0,0.9914229,-0.059681773,11.019932,3.659203,-0.11062164,0.46901307
8,1,0.9915948,-0.05975151,11.019909,3.6545892,-0.110147625,0.469854
8,2,0.99183106,-0.05922222,11.021034,3.6526399,-0.109673135,0.470692
8,3,0.9918947,-0.059560776,11.021072,3.6540837,-0.109198175,0.47152713
8,4,0.9920838,-0.058871627,11.021669,3.6531243,-0.10872276,0.4723593
8,5,0.9921591,-0.05921936,11.021236,3.6541762,-0.1082469,0.47318855
8,6,0.9922855,-0.058735132,11.02248,3.6536078,-0.107770614,0.47401488
8,7,0.9924412,-0.058845162,11.021244,3.6544032,-0.10729391,0.4748383
8,8,0.99252844,-0.05866301,11.021732,3.654099,-0.1068168,0.47565874
8,9,0.9927294,-0.058698535,11.021296,3.6546044,-0.1063393,0.47647625
8,10,0.99287534,-0.058596134,11.021538,3.6545033,-0.10586142,0.47729084
8,11,0.99305797,-0.058488846,11.021223,3.654776,-0.105383165,0.47810245
8,12,0.9931793,-0.05837691,11.020496,3.65484,-0.10490456,0.4789111
8,13,0.9933722,-0.058317423,11.021082,3.6548524,-0.10442562,0.4797168
8,14,0.9935186,-0.05826807,11.020115,3.6552196,-0.103946336,0.48051953
8,15,0.9935963,-0.058207393,11.021084,3.6550002,-0.103466734,0.4813193
8,16,0.9938266,-0.058009744,11.020777,3.6553245,-0.102986835,0.48211607
8,17,0.9939482,-0.058077097,11.021126,3.6552548,-0.10250664,0.4829099
8,18,0.9940989,-0.05792308,11.021011,3.6554627,-0.10202616,0.48370072
8,19,0.99426436,-0.057853103,11.021389,3.6555314,-0.10154541,0.48448855
8,20,0.99450064,-0.057700396,11.022034,3.6556678,-0.10106441,0.4852734
8,21,0.9945483,-0.057660818,11.021557,3.655745,-0.10058316,0.48605523
8,22,0.99472904,-0.05747831,11.022316,3.6560597,-0.10010168,0.48683408
8,23,0.99484134,-0.057491302,11.021681,3.656011,-0.099619985,0.4876099
8,24,0.9951055,-0.057373643,11.023041,3.6562877,-0.09913808,0.48838273
8,25,0.9951987,-0.057273865,11.021736,3.6559768,-0.09865598,0.48915255
8,26,0.9952996,-0.057250142,11.022675,3.6563735,-0.0981737,0.48991933
8,27,0.9955082,-0.057150364,11.022156,3.6562352,-0.097691245,0.49068308
8,28,0.99563646,-0.05700648,11.022675,3.6567206,-0.09720864,0.4914438
8,29,0.99580956,-0.05699396,11.0219345,3.656612,-0.09672589,0.49220154
8,30,0.99590755,-0.056901336,11.022587,3.6569734,-0.096243,0.4929562
8,31,0.99606705,-0.05684173,11.021732,3.6568933,-0.09576,0.4937078
8,32,0.9961438,-0.05670142,11.022387,3.657164,-0.095276885,0.49445638
8,33,0.9964061,-0.05665195,11.022152,3.6570268,-0.09479368,0.49520192
8,34,0.9964807,-0.0564996,11.02243,3.657061,-0.09431039,0.49594438
8,35,0.99664545,-0.05641496,11.022301,3.657167,-0.09382703,0.4966838
8,36,0.9968283,-0.056331515,11.021805,3.6572595,-0.093343616,0.49742013
8,37,0.9970145,-0.056289792,11.021915,3.6575656,-0.092860155,0.49815342
8,38,0.9970937,-0.056130767,11.021149,3.657761,-0.09237666,0.49888363
8,39,0.99729943,-0.056096792,11.021423,3.6580386,-0.09189314,0.49961078
8,40,0.99741673,-0.056042552,11.020882,3.657889,-0.091409616,0.50033486
8,41,0.99766135,-0.05588281,11.020973,3.658156,-0.090926096,0.50105584
8,42,0.99775624,-0.05578339,11.020985,3.65801,-0.09044259,0.5017737
8,43,0.99786806,-0.055759072,11.021313,3.658318,-0.089959115,0.5024885
8,44,0.9980352,-0.05565512,11.021021,3.6581693,-0.089475684,0.5032002
8,45,0.9981661,-0.05549705,11.021091,3.6587205,-0.088992305,0.5039088
8,46,0.99829364,-0.05542314,11.020367,3.658421,-0.08850899,0.5046143
8,47,0.99854326,-0.05535257,11.021061,3.658814,-0.088025756,0.5053167
8,48,0.99867344,-0.05530691,11.020464,3.658835,-0.087542616,0.50601596
8,49,0.99883175,-0.05506611,11.020309,3.658793,-0.08705957,0.50671214
8,50,0.99891186,-0.055145383,11.020643,3.6589808,-0.08657665,0.50740516
8,51,0.9990499,-0.054997206,11.021103,3.6587853,-0.08609386,0.5080951
8,52,0.99929786,-0.05492294,11.021652,3.6589723,-0.0856112,0.50878185
8,53,0.9994538,-0.054834247,11.021219,3.6588368,-0.085128695,0.5094655
8,54,0.9995372,-0.05470097,11.021681,3.6592984,-0.08464636,0.5101461
8,55,0.9996848,-0.05459881,11.021187,3.6589055,-0.0841642,0.5108234
8,56,0.9998779,-0.05460024,11.022095,3.6594987,-0.08368223,0.5114977
8,57,1.0000839,-0.05448699,11.021326,3.6591964,-0.08320046,0.5121688
8,58,1.0002272,-0.054360986,11.021692,3.6597295,-0.08271891,0.51283675
8,59,1.000366,-0.054237723,11.021519,3.6592526,-0.08223759,0.5135015
8,60,1.0005269,-0.054216027,11.021969,3.659886,-0.0817565,0.5141632
8,61,1.0006607,-0.054005384,11.021664,3.6594396,-0.081275664,0.51482165
8,62,1.0008516,-0.0539968,11.021532,3.6600432,-0.080795094,0.515477
8,63,1.0009544,-0.053857565,11.022324,3.6599488,-0.0803148,0.51612914
8,64,1.0011823,-0.053812146,11.0217285,3.6601987,-0.0798348,0.5167781
8,65,1.0013027,-0.053774238,11.022736,3.6601682,-0.07935509,0.51742387
8,66,1.0014157,-0.05365622,11.02165,3.6604,-0.0788757,0.5180665
8,67,1.0015624,-0.0536083,11.022556,3.6602979,-0.07839663,0.51870596
8,68,1.0017455,-0.05351937,11.021938,3.6605163,-0.0779179,0.5193422
8,69,1.0018699,-0.053367496,11.022335,3.660685,-0.07743953,0.51997524
8,70,1.0020792,-0.05335462,11.022102,3.6607957,-0.07696151,0.52060515
8,71,1.002176,-0.05327654,11.022202,3.6610684,-0.076483876,0.5212318
8,72,1.0023706,-0.053091526,11.021755,3.6611657,-0.07600662,0.5218553
8,73,1.002507,-0.05298686,11.022139,3.6610036,-0.07552976,0.52247554
8,74,1.0026176,-0.052999258,11.022457,3.6614213,-0.07505332,0.5230926
8,75,1.0028672,-0.052912474,11.022163,3.6611066,-0.0745773,0.52370644
8,76,1.0029969,-0.052701592,11.024334,3.6612782,-0.07410172,0.5243171
8,77,1.0031681,-0.052666187,11.022503,3.6613069,-0.073626585,0.5249245
8,78,1.0033691,-0.0526011,11.023769,3.6615605,-0.07315191,0.5255287
8,79,1.0034428,-0.052466393,11.022121,3.6617007,-0.07267771,0.52612966
8,80,1.0036819,-0.052335024,11.022812,3.6618733,-0.07220399,0.52672744
8,81,1.0038464,-0.052197933,11.02223,3.6618495,-0.07173077,0.52732193
8,82,1.0039561,-0.052158117,11.022751,3.662047,-0.07125805,0.5279132
8,83,1.004072,-0.052084804,11.022488,3.6619935,-0.070785865,0.5285013
8,84,1.0041938,-0.051952362,11.022083,3.6621861,-0.070314206,0.5290861
8,85,1.0044091,-0.051885128,11.022728,3.6621356,-0.0698431,0.5296677
8,86,1.0045536,-0.051853657,11.0219345,3.6623368,-0.06937254,0.53024596
8,87,1.0046561,-0.051710248,11.022255,3.662335,-0.06890256,0.530821
8,88,1.0047665,-0.051599026,11.021748,3.6624646,-0.06843316,0.5313929
8,89,1.0050352,-0.051532626,11.021557,3.6625466,-0.06796435,0.53196144
8,90,1.0051758,-0.051488996,11.021572,3.6626706,-0.06749615,0.53252673
8,91,1.0052767,-0.051341176,11.021553,3.6627564,-0.06702857,0.5330888
8,92,1.0055158,-0.051261306,11.02129,3.6629186,-0.06656162,0.53364754
8,93,1.0055158,-0.05107057,11.022139,3.6628947,-0.06609531,0.53420305
8,94,1.0057914,-0.05107808,11.021669,3.6631742,-0.06562965,0.5347553
8,95,1.0058591,-0.050797105,11.022148,3.66299,-0.06516466,0.5353043
8,96,1.0061109,-0.050855517,11.021633,3.663382,-0.06470035,0.53585
8,97,1.0062292,-0.05072522,11.021896,3.663178,-0.06423673,0.5363924
8,98,1.0063896,-0.050677776,11.02169,3.6634173,-0.06377381,0.5369315
8,99,1.0064886,-0.050594687,11.022015,3.6635594,-0.063311614,0.53746736
8,100,1.0067711,-0.05051756,11.021811,3.6636863,-0.06285014,0.5379999
8,101,1.0068214,-0.050349474,11.021339,3.6636672,-0.0623894,0.53852916
8,102,1.0069935,-0.050356984,11.02169,3.6638312,-0.061929412,0.53905517
8,103,1.0071146,-0.050186038,11.021561,3.6639762,-0.06147019,0.53957784
8,104,1.0072539,-0.050201535,11.021376,3.6639867,-0.06101174,0.54009724
8,105,1.0073161,-0.05004418,11.021734,3.6644502,-0.060554076,0.5406133
8,106,1.0075791,-0.050009727,11.0212555,3.664229,-0.06009721,0.5411261
8,107,1.0075729,-0.0498209,11.021542,3.6646523,-0.059641156,0.5416355
8,108,1.0079181,-0.049776435,11.021019,3.664435,-0.059185922,0.5421417
8,109,1.007951,-0.04967463,11.021303,3.6646695,-0.058731526,0.5426445
8,110,1.0082464,-0.049588323,11.020504,3.6647506,-0.058277972,0.54314405
8,111,1.0082831,-0.049416423,11.021278,3.6648297,-0.05782528,0.54364026
8,112,1.0085306,-0.049444914,11.019611,3.6647391,-0.05737345,0.5441331
8,113,1.0085981,-0.049326062,11.021301,3.6649737,-0.056922507,0.5446227
8,114,1.0088475,-0.049155116,11.018654,3.6651778,-0.056472454,0.5451089
8,115,1.0089142,-0.049160004,11.021454,3.6651025,-0.05602331,0.54559183
8,116,1.0091219,-0.048985243,11.019714,3.6654058,-0.05557508,0.5460714
8,117,1.0092919,-0.0488621,11.021717,3.6652513,-0.055127777,0.54654765
8,118,1.0094593,-0.04887271,11.020517,3.6654954,-0.054681417,0.5470206
8,119,1.0095818,-0.04872501,11.020905,3.6654897,-0.05423601,0.5474902
8,120,1.0097291,-0.048574567,11.021248,3.665606,-0.053791564,0.5479564
8,121,1.0098627,-0.048526645,11.022535,3.6655612,-0.053348094,0.5484193
8,122,1.0100765,-0.04846859,11.0219345,3.6660275,-0.052905608,0.54887885
8,123,1.0100989,-0.048301697,11.022776,3.6661954,-0.052464124,0.54933506
8,124,1.0103676,-0.048173785,11.021999,3.666203,-0.05202365,0.5497879
8,125,1.0103228,-0.048153758,11.022385,3.6663918,-0.0515842,0.55023736
8,126,1.0106885,-0.04809904,11.022263,3.6663632,-0.05114578,0.5506835
8,127,1.0107439,-0.047986627,11.022097,3.6665578,-0.050708406,0.5511263
8,128,1.0109918,-0.047845244,11.021774,3.6668153,-0.05027209,0.55156577
8,129,1.0111334,-0.04775393,11.0223465,3.6669908,-0.04983684,0.55200183
8,130,1.0112412,-0.047666073,11.02142,3.6669707,-0.049402673,0.5524345
8,131,1.0114112,-0.047580957,11.022341,3.6670623,-0.048969597,0.55286384
8,132,1.0116069,-0.04752171,11.021194,3.6669936,-0.048537623,0.55328983
8,133,1.0117695,-0.047396302,11.021938,3.66713,-0.04810676,0.5537124
8,134,1.0118852,-0.047308207,11.021198,3.667317,-0.04767703,0.5541316
8,135,1.0119936,-0.04719484,11.021851,3.667335,-0.04724843,0.5545475
8,136,1.0122759,-0.047098517,11.021498,3.6673799,-0.046820983,0.55496
8,137,1.0122764,-0.047055125,11.0212555,3.6675029,-0.046394695,0.5553691
8,138,1.0125294,-0.046990156,11.020945,3.6677356,-0.04596958,0.5557748
8,139,1.0126641,-0.0468421,11.021017,3.6677318,-0.045545645,0.55617714
8,140,1.0128562,-0.046733975,11.021158,3.668078,-0.045122907,0.55657613
8,141,1.013061,-0.04663396,11.020973,3.6679235,-0.044701375,0.55697167
8,142,1.0132024,-0.046559334,11.020851,3.6681104,-0.044281058,0.55736387
8,143,1.0132728,-0.046476603,11.020538,3.6681619,-0.043861974,0.55775267
8,144,1.0134091,-0.046405792,11.021259,3.6683116,-0.043444123,0.5581381
8,145,1.0136526,-0.046361923,11.020325,3.6683373,-0.043027528,0.5585201
8,146,1.0138133,-0.04625213,11.021839,3.668614,-0.04261219,0.5588987
8,147,1.0138848,-0.046102166,11.022133,3.668528,-0.042198133,0.5592739
8,148,1.0141068,-0.04601431,11.021885,3.6688733,-0.041785356,0.5596457
8,149,1.0142057,-0.04596567,11.022385,3.6686006,-0.041373875,0.5600141
8,150,1.0143468,-0.045894623,11.022091,3.6686711,-0.040963702,0.56037915
8,151,1.0145068,-0.04585111,11.021969,3.6687713,-0.040554844,0.56074077
8,152,1.0146921,-0.0456506,11.022186,3.6689095,-0.04014732,0.561099
8,153,1.0148413,-0.045571327,11.0216675,3.6690965,-0.039741132,0.56145376
8,154,1.015055,-0.04550934,11.021671,3.6692214,-0.039336298,0.5618051
8,155,1.0151243,-0.045443416,11.020729,3.669414,-0.038932826,0.56215316
8,156,1.0152891,-0.045232892,11.022057,3.6693625,-0.03853073,0.5624977
8,157,1.0155065,-0.045150757,11.020782,3.6695046,-0.038130015,0.56283885
8,158,1.0156224,-0.04508555,11.021679,3.669436,-0.037730698,0.5631766
8,159,1.0157378,-0.045029998,11.022379,3.6697736,-0.037332784,0.5635109
8,160,1.0159755,-0.044863462,11.021498,3.669868,-0.03693629,0.5638418
8,161,1.0161021,-0.04479301,11.022324,3.670216,-0.036541227,0.5641693
8,162,1.0162387,-0.044680238,11.021263,3.670257,-0.036147602,0.56449336
8,163,1.0164087,-0.044641256,11.02219,3.6703544,-0.035755426,0.564814
8,164,1.0164773,-0.044534802,11.020887,3.6707816,-0.03536471,0.5651312
8,165,1.0166402,-0.044442177,11.022011,3.6706328,-0.03497547,0.565445
8,166,1.0168598,-0.044267178,11.021149,3.671062,-0.03458771,0.56575537
8,167,1.0170214,-0.044207454,11.021431,3.6709332,-0.034201443,0.56606233
8,168,1.0170906,-0.044095874,11.021231,3.6712098,-0.033816684,0.56636584
8,169,1.0172875,-0.04407835,11.021618,3.6712165,-0.033433437,0.5666659
8,170,1.0174644,-0.04398358,11.0211315,3.6713624,-0.033051718,0.56696254
8,171,1.0176361,-0.043834448,11.02195,3.6711602,-0.032671534,0.56725574
8,172,1.0176904,-0.043715477,11.021292,3.6716638,-0.0322929,0.56754553
8,173,1.0179152,-0.043679953,11.021858,3.671245,-0.03191582,0.5678319
8,174,1.0180268,-0.043590665,11.021458,3.6717362,-0.03154031,0.56811476
8,175,1.0182564,-0.043423533,11.022064,3.6714892,-0.03116638,0.5683942
8,176,1.0183408,-0.043403625,11.021578,3.671867,-0.03079404,0.5686702
8,177,1.0185053,-0.043316245,11.022114,3.6718583,-0.0304233,0.5689428
8,178,1.0186067,-0.04318154,11.021301,3.6720328,-0.03005417,0.56921196
8,179,1.0189035,-0.043105245,11.022152,3.672217,-0.029686663,0.5694777
8,180,1.0189469,-0.0430727,11.021116,3.6723275,-0.029320788,0.56973994
8,181,1.0191467,-0.042931914,11.022188,3.672337,-0.028956555,0.56999874
8,182,1.0192239,-0.04284799,11.020857,3.6725326,-0.028593974,0.5702541
8,183,1.0194094,-0.042765975,11.022213,3.672524,-0.028233057,0.570506
8,184,1.0195835,-0.04267037,11.020245,3.672481,-0.027873814,0.57075447
8,185,1.0196922,-0.04260695,11.022306,3.6730456,-0.027516255,0.5709995
8,186,1.0197597,-0.042483926,11.020828,3.6729255,-0.02716039,0.5712411
8,187,1.0200102,-0.04244256,11.022411,3.6730409,-0.02680623,0.5714792
8,188,1.0201051,-0.042334795,11.021355,3.6728578,-0.026453784,0.57171386
8,189,1.0203133,-0.04217148,11.022236,3.673122,-0.026103063,0.5719451
8,190,1.0204799,-0.042195916,11.021708,3.6729712,-0.02575408,0.5721728
8,191,1.020633,-0.042009473,11.021782,3.6732535,-0.02540684,0.5723972
8,192,1.0207255,-0.041893244,11.02137,3.6733384,-0.025061356,0.572618
8,193,1.0209377,-0.041852474,11.02161,3.673349,-0.024717638,0.5728354
8,194,1.0210028,-0.041767,11.021351,3.6734166,-0.024375698,0.57304937
8,195,1.0212381,-0.04173541,11.021414,3.6736617,-0.024035543,0.57325983
8,196,1.021374,-0.041532516,11.021454,3.6736836,-0.023697184,0.57346684
8,197,1.0215232,-0.04153192,11.020725,3.6736665,-0.02336063,0.57367045
8,198,1.0216942,-0.041321874,11.021147,3.673964,-0.023025895,0.57387054
8,199,1.0218236,-0.041262984,11.020966,3.6740508,-0.022692986,0.5740672
8,200,1.0219228,-0.04120481,11.021336,3.6742854,-0.022361912,0.5742604
8,201,1.0221102,-0.041070104,11.020924,3.6744351,-0.022032684,0.57445014
8,202,1.0221941,-0.04101658,11.021488,3.6743464,-0.021705313,0.5746364
8,203,1.0223472,-0.040890217,11.020782,3.6745868,-0.021379808,0.5748192
8,204,1.0225306,-0.040718913,11.021347,3.6748242,-0.021056179,0.57499856
8,205,1.0227525,-0.04068017,11.021109,3.6746993,-0.020734435,0.57517445
8,206,1.0228407,-0.040587902,11.021137,3.6748033,-0.020414585,0.5753469
8,207,1.0229354,-0.040408373,11.021708,3.6749673,-0.020096643,0.5755158
8,208,1.0231681,-0.040384173,11.021444,3.6749644,-0.019780613,0.5756813
8,209,1.0231888,-0.040191174,11.022001,3.6751828,-0.01946651,0.57584333
8,210,1.0234413,-0.040107965,11.021194,3.6753373,-0.01915434,0.57600194
8,211,1.0235689,-0.040043354,11.022106,3.6754384,-0.018844115,0.57615703
8,212,1.0238483,-0.039972663,11.021025,3.675692,-0.018535843,0.57630867
8,213,1.0239122,-0.039874196,11.022011,3.6757436,-0.018229535,0.57645684
8,214,1.0240772,-0.03980255,11.02072,3.6757884,-0.017925197,0.5766015
8,215,1.0241683,-0.03966415,11.02198,3.6759124,-0.017622843,0.57674277
8,216,1.0244067,-0.0395236,11.020922,3.6759467,-0.01732248,0.5768805
8,217,1.0245712,-0.03943777,11.021883,3.6761518,-0.01702412,0.57701486
8,218,1.0246913,-0.039331794,11.020905,3.67633,-0.01672777,0.5771457
8,219,1.024837,-0.03921926,11.0216255,3.6764703,-0.016433438,0.5772731
8,220,1.0250661,-0.039213657,11.021431,3.6765742,-0.016141137,0.5773969
8,221,1.0251071,-0.038975835,11.021656,3.6766896,-0.015850874,0.5775174
8,222,1.025296,-0.03900993,11.021576,3.676725,-0.015562659,0.57763433
8,223,1.0253994,-0.038803816,11.021748,3.6768517,-0.015276501,0.5777479
8,224,1.0256917,-0.03878486,11.021656,3.6768298,-0.01499241,0.5778579
8,225,1.0256779,-0.03869784,11.021996,3.677238,-0.014710395,0.5779645
8,226,1.0259442,-0.03861785,11.021692,3.6769357,-0.014430464,0.57806754
8,227,1.0260303,-0.038475752,11.021589,3.677299,-0.014152628,0.5781672
8,228,1.0262816,-0.03842616,11.021868,3.6773057,-0.0138768945,0.57826334
8,229,1.0264452,-0.038220525,11.021166,3.6774507,-0.013603274,0.5783561
8,230,1.0266011,-0.03817916,11.0220375,3.677464,-0.013331775,0.5784453
8,231,1.0266831,-0.038094997,11.020325,3.6775918,-0.013062405,0.5785311
8,232,1.0268896,-0.03800273,11.021496,3.677524,-0.012795175,0.57861334
8,233,1.0270786,-0.037917018,11.019779,3.6776538,-0.012530093,0.5786922
8,234,1.027241,-0.037843823,11.020985,3.6776662,-0.012267169,0.57876754
8,235,1.027334,-0.037702203,11.020454,3.6778693,-0.01200641,0.5788394
8,236,1.0274496,-0.037571788,11.021336,3.6780248,-0.011747827,0.5789079
8,237,1.0276849,-0.037563562,11.020889,3.6782699,-0.011491427,0.5789728
8,238,1.0277803,-0.037391186,11.021797,3.6783652,-0.01123722,0.5790343
8,239,1.0279181,-0.03733194,11.021566,3.67829,-0.010985214,0.5790924
8,240,1.0281613,-0.037263393,11.019379,3.6785188,-0.010735419,0.579147
8,241,1.0282216,-0.03710437,11.02186,3.678722,-0.010487842,0.57919806
8,242,1.0283768,-0.03699279,11.020218,3.678537,-0.010242492,0.5792457
8,243,1.0285203,-0.03701794,11.021198,3.6789365,-0.009999379,0.57928985
8,244,1.0285871,-0.036827564,11.021008,3.6786952,-0.00975851,0.5793306
8,245,1.0288022,-0.036803246,11.022812,3.67915,-0.009519895,0.5793678
8,246,1.0289538,-0.036690474,11.020735,3.6792617,-0.009283541,0.5794016
8,247,1.0292008,-0.03657019,11.022688,3.6793866,-0.009049457,0.57943195
8,248,1.0293067,-0.03647375,11.020981,3.6793818,-0.008817652,0.57945883
8,249,1.0294378,-0.03639102,11.023304,3.679605,-0.008588134,0.57948226
8,250,1.0295866,-0.036240935,11.021347,3.6794324,-0.008360911,0.57950217
8,251,1.0298352,-0.03621614,11.021938,3.6794696,-0.008135993,0.5795187
8,252,1.0298984,-0.03603041,11.021763,3.679831,-0.007913386,0.57953167
8,253,1.0301106,-0.03599751,11.021477,3.6797347,-0.0076931003,0.57954127
8,254,1.030262,-0.035870194,11.022125,3.6802106,-0.0074751424,0.57954735
8,255,1.0303991,-0.03571093,11.021542,3.680119,-0.007259522,0.57955
8,256,1.0305617,-0.035627604,11.022465,3.680451,-0.0070462464,0.5795492
8,257,1.0306466,-0.035600543,11.021103,3.6802802,-0.006835324,0.57954496
8,258,1.0307882,-0.03540516,11.022408,3.6803231,-0.006626763,0.5795373
8,259,1.0308979,-0.0354774,11.021709,3.6804051,-0.0064205714,0.57952607
8,260,1.0310657,-0.03522432,11.022465,3.6809916,-0.006216757,0.57951146
8,261,1.0312254,-0.035226107,11.02186,3.6805034,-0.006015328,0.5794934
8,262,1.0314846,-0.03508246,11.021824,3.6810098,-0.005816293,0.5794718
8,263,1.0315342,-0.03500378,11.02161,3.6808515,-0.0056196586,0.57944685
8,264,1.0317705,-0.034862995,11.021809,3.681086,-0.0054254336,0.5794184
8,265,1.0318792,-0.034781814,11.021252,3.6811376,-0.0052336254,0.5793866
8,266,1.0320132,-0.03464842,11.022009,3.6814866,-0.0050442424,0.57935125
8,267,1.0321953,-0.034505963,11.022167,3.6814456,-0.0048572915,0.5793125
8,268,1.0323479,-0.034507036,11.021774,3.6818185,-0.004672781,0.57927024
8,269,1.0324807,-0.03438568,11.022942,3.681334,-0.004490719,0.5792246
8,270,1.0326607,-0.03431642,11.021999,3.6819139,-0.0043111127,0.5791755
8,271,1.0327871,-0.034187317,11.022854,3.6816506,-0.0041339695,0.57912296
8,272,1.0329542,-0.03407097,11.022182,3.6819758,-0.0039592977,0.57906693
8,273,1.0330684,-0.033984303,11.022392,3.6820006,-0.0037871038,0.5790075
8,274,1.0332627,-0.033902884,11.022263,3.6819882,-0.0036173963,0.5789446
8,275,1.0333769,-0.033874273,11.022522,3.682259,-0.0034501823,0.57887834
8,276,1.0335867,-0.033732176,11.022911,3.6821904,-0.0032854693,0.57880855
8,277,1.0336034,-0.033642888,11.0225315,3.6824527,-0.0031232645,0.5787354
8,278,1.0337932,-0.033468008,11.022957,3.6825318,-0.0029635755,0.57865876
8,279,1.0338886,-0.033373117,11.022398,3.682671,-0.0028064095,0.5785787
8,280,1.0341146,-0.03327632,11.0225315,3.6828275,-0.002651774,0.5784952
8,281,1.034277,-0.033147454,11.02219,3.6828313,-0.002499676,0.5784083
8,282,1.0344899,-0.033062935,11.022207,3.6830077,-0.002350123,0.57831794
8,283,1.034574,-0.03297341,11.022194,3.6830182,-0.0022031218,0.5782242
8,284,1.0346911,-0.032889962,11.021721,3.6830564,-0.00205868,0.57812697
8,285,1.0348666,-0.032701254,11.021614,3.6833062,-0.0019168042,0.57802635
8,286,1.0350368,-0.032649398,11.022295,3.6831346,-0.0017775019,0.5779223
8,287,1.0351849,-0.032491088,11.022102,3.6836286,-0.0016407798,0.57781476
8,288,1.0353544,-0.032386065,11.022982,3.6833816,-0.001506645,0.5777039
8,289,1.0354881,-0.032322407,11.02219,3.6838803,-0.0013751045,0.5775896
8,290,1.0356135,-0.032255054,11.02327,3.6838174,-0.0012461653,0.5774718
8,291,1.035759,-0.032154083,11.021856,3.6838841,-0.001119834,0.5773507
8,292,1.035907,-0.031995893,11.022331,3.6841483,-0.0009961176,0.5772261
8,293,1.0360858,-0.031842828,11.021652,3.6841168,-0.00087502284,0.5770981
8,294,1.0362706,-0.03176284,11.021366,3.6844144,-0.00075655646,0.5769667
8,295,1.0364223,-0.031744957,11.021748,3.6845918,-0.00064072525,0.5768319
8,296,1.0365245,-0.031607985,11.0216675,3.6845918,-0.00052753574,0.57669365
8,297,1.0367017,-0.03154111,11.022196,3.6848493,-0.00041699468,0.57655203
8,298,1.0369046,-0.031348348,11.022089,3.684773,-0.0003091086,0.57640696
8,299,1.0370786,-0.03129947,11.022095,3.6849637,-0.0002038841,0.57625854
8,300,1.0371544,-0.031200886,11.022499,3.684917,-0.000101327634,0.57610667
8,301,1.0373185,-0.031025171,11.022593,3.6850104,-1.4456897e-06,0.57595146
8,302,1.0374763,-0.031020045,11.022993,3.6851907,9.57553e-05,0.5757928
8,303,1.037657,-0.0308429,11.023014,3.6853623,0.00019026895,0.5756307
8,304,1.0377824,-0.030743003,11.022533,3.6855168,0.0002820889,0.5754653
8,305,1.038018,-0.03064692,11.022682,3.6855245,0.00037120888,0.57529646
8,306,1.0380538,-0.030525684,11.022284,3.685534,0.00045762258,0.57512426
8,307,1.0382912,-0.03043425,11.022007,3.6857514,0.0005413238,0.5749486
8,308,1.0384233,-0.03035605,11.02243,3.6857162,0.00062230637,0.5747696
8,309,1.0386131,-0.03020215,11.021851,3.6857553,0.00070056407,0.5745872
8,310,1.0386479,-0.030160189,11.022528,3.685904,0.0007760909,0.57440144
8,311,1.0388358,-0.03007102,11.0219345,3.6859937,0.00084888074,0.5742123
8,312,1.0390174,-0.029969692,11.0222435,3.6860194,0.00091892754,0.57401973
8,313,1.0392811,-0.029826403,11.022202,3.6862416,0.0009862254,0.5738238
8,314,1.0393183,-0.029765964,11.021683,3.6861577,0.0010507683,0.57362455
8,315,1.0394938,-0.029621601,11.022396,3.6865115,0.0011125505,0.5734219
8,316,1.039598,-0.029535413,11.021526,3.6863103,0.0011715658,0.57321584
8,317,1.0398648,-0.02943933,11.022182,3.6865106,0.0012278089,0.5730064
8,318,1.0399301,-0.029443026,11.022362,3.6864944,0.0012812736,0.5727936
8,319,1.0401733,-0.029278636,11.022474,3.6868205,0.0013319544,0.5725775
8,320,1.0401595,-0.029125094,11.022835,3.6867309,0.0013798454,0.57235795
8,321,1.0403779,-0.029006124,11.022757,3.6871295,0.0014249411,0.5721351
8,322,1.0404799,-0.028956175,11.0231495,3.6870103,0.001467236,0.5719089
8,323,1.0406737,-0.028771758,11.023273,3.687388,0.0015067244,0.5716793
8,324,1.0407388,-0.028814912,11.022512,3.6872697,0.0015434008,0.5714463
8,325,1.0410097,-0.028550506,11.023369,3.6874976,0.0015772596,0.57121
8,326,1.0410533,-0.028575778,11.022739,3.6873813,0.0016082957,0.57097036
8,327,1.0412743,-0.028365135,11.023472,3.6875615,0.0016365034,0.5707274
8,328,1.0413401,-0.028332233,11.022919,3.687593,0.0016618775,0.57048106
8,329,1.041594,-0.028214335,11.022909,3.6879115,0.0016844126,0.5702314
8,330,1.0416052,-0.028169036,11.022335,3.6878247,0.0017041035,0.5699783
8,331,1.0419385,-0.027963042,11.022739,3.6880383,0.001720945,0.56972194
8,332,1.0420039,-0.027937531,11.021929,3.6880822,0.0017349318,0.56946224
8,333,1.0421641,-0.027843714,11.023012,3.6882234,0.0017460589,0.5691992
8,334,1.0422695,-0.027686954,11.021297,3.6881566,0.0017543213,0.56893283
8,335,1.0424459,-0.027572393,11.023056,3.6883302,0.0017597136,0.5686631
8,336,1.0425162,-0.027491927,11.02128,3.688313,0.0017622312,0.56839013
8,337,1.0427694,-0.027386189,11.023159,3.688561,0.001761869,0.56811374
8,338,1.0429199,-0.027281523,11.021751,3.6884236,0.0017586218,0.5678341
8,339,1.0430651,-0.027116299,11.023357,3.6887918,0.001752485,0.56755114
8,340,1.0431798,-0.027068019,11.022116,3.6884103,0.0017434539,0.5672648
8,341,1.0433705,-0.02697742,11.0231285,3.6889567,0.0017315234,0.5669752
8,342,1.043453,-0.026892781,11.022434,3.6887422,0.001716689,0.5666823
8,343,1.043679,-0.02669561,11.022747,3.688994,0.0016989459,0.56638604
8,344,1.0437148,-0.026729465,11.022024,3.6892953,0.0016782894,0.5660865
8,345,1.0439906,-0.02651894,11.022316,3.6891437,0.0016547149,0.5657836
8,346,1.0440824,-0.026486516,11.021688,3.6895614,0.0016282179,0.5654775
8,347,1.0442402,-0.026362062,11.022417,3.6890588,0.0015987939,0.565168
8,348,1.0443599,-0.026304722,11.021488,3.6896396,0.0015664382,0.5648553
8,349,1.0444825,-0.026096582,11.02223,3.6889405,0.0015311467,0.56453925
8,350,1.0446804,-0.026054025,11.021938,3.690168,0.0014929147,0.56421995
8,351,1.0448744,-0.025870442,11.018454,3.6893296,0.0014517381,0.5638974
8,352,1.045008,-0.0259099,11.022385,3.6899285,0.0014076125,0.56357145
8,353,1.0450675,-0.025732636,11.020729,3.6894698,0.0013605335,0.5632423
8,354,1.045326,-0.025635839,11.0228615,3.6901736,0.0013104972,0.56290984
8,355,1.0453875,-0.025562763,11.022404,3.6898437,0.0012574991,0.56257415
8,356,1.0455592,-0.025399804,11.022392,3.6905684,0.0012015352,0.5622351
8,357,1.0456839,-0.025383472,11.022938,3.6902165,0.0011426015,0.56189287
8,358,1.0459085,-0.025267959,11.021221,3.690617,0.0010806939,0.56154734
8,359,1.0459273,-0.02526021,11.022848,3.690887,0.0010158084,0.5611986
8,360,1.0460806,-0.02503407,11.02076,3.6906343,0.00094794115,0.5608465
8,361,1.0462265,-0.025091052,11.023247,3.6910548,0.00087708817,0.5604912
8,362,1.0464537,-0.024852633,11.021227,3.6908956,0.0008032456,0.5601327
8,363,1.0465925,-0.024828672,11.023708,3.691194,0.00072640955,0.5597708
8,364,1.0467646,-0.024704933,11.021805,3.6907792,0.0006465764,0.5594058
8,365,1.0468001,-0.02463317,11.021622,3.6910415,0.0005637424,0.5590375
8,366,1.0470951,-0.024376988,11.023094,3.6910148,0.00047790384,0.55866593
8,367,1.0470665,-0.024369836,11.02199,3.6914315,0.00038905712,0.5582912
8,368,1.0472972,-0.024199605,11.024628,3.6912608,0.00029719863,0.5579132
8,369,1.0474184,-0.024194598,11.022713,3.6913877,0.00020232482,0.55753195
8,370,1.047656,-0.02399993,11.024105,3.691279,0.00010443224,0.55714744
8,371,1.0476794,-0.023998022,11.0226555,3.691358,3.5174262e-06,0.5567598
8,372,1.0478375,-0.023776174,11.023052,3.6916766,-0.00010042303,0.5563688
8,373,1.0479603,-0.023792982,11.0227585,3.6915355,-0.00020739247,0.5559747
8,374,1.0480835,-0.023658872,11.022572,3.6920934,-0.0003173942,0.5555774
8,375,1.0483,-0.02362156,11.021294,3.6918244,-0.0004304315,0.5551768
8,376,1.0484269,-0.023365736,11.022327,3.6922784,-0.0005465076,0.55477303
8,377,1.048589,-0.023405671,11.019449,3.6921773,-0.0006656257,0.55436605
8,378,1.0488129,-0.023165464,11.023401,3.6923823,-0.00078778877,0.5539559
8,379,1.048883,-0.023135185,11.022377,3.6922784,-0.0009130001,0.55354255
8,380,1.0491116,-0.022891045,11.023323,3.692554,-0.0010412625,0.553126
8,381,1.049201,-0.022832513,11.022068,3.692306,-0.0011725792,0.55270624
8,382,1.04931,-0.022651672,11.023247,3.693111,-0.001306953,0.5522833
8,383,1.0495262,-0.022508383,11.022083,3.6926837,-0.0014443868,0.5518572
8,384,1.0496466,-0.022450566,11.022589,3.693128,-0.0015848835,0.55142784
8,385,1.0497599,-0.02230525,11.02268,3.6930833,-0.0017284459,0.55099535
8,386,1.0498149,-0.022227526,11.022446,3.6937337,-0.0018750767,0.5505597
8,387,1.0500028,-0.022121668,11.022234,3.6932359,-0.0020247786,0.5501209
8,388,1.049957,-0.022087574,11.022499,3.6937652,-0.0021775542,0.5496789
8,389,1.0502818,-0.021787882,11.021637,3.693029,-0.0023334064,0.54923373
8,390,1.0503232,-0.02177322,11.022112,3.6936536,-0.0024923375,0.54878545
8,391,1.0505707,-0.021708488,11.021418,3.6931767,-0.0026543501,0.548334
8,392,1.050735,-0.021635413,11.021553,3.693872,-0.0028194468,0.54787934
8,393,1.050936,-0.021541238,11.024691,3.693563,-0.00298763,0.5474216
8,394,1.0510054,-0.021452546,11.020798,3.6941829,-0.0031589018,0.5469607
8,395,1.0512841,-0.02126968,11.024021,3.6934009,-0.003333265,0.5464966
8,396,1.0513241,-0.021200538,11.020626,3.6946635,-0.0035107213,0.54602945
8,397,1.0515511,-0.021071792,11.023258,3.6936803,-0.0036912735,0.54555917
8,398,1.0515537,-0.020875335,11.021976,3.6945348,-0.0038749236,0.5450857
8,399,1.0516198,-0.020868301,11.021952,3.6939912,-0.004061674,0.5446092
8,400,1.0517886,-0.020709038,11.021919,3.6947064,-0.0042515257,0.5441295
8,401,1.0519187,-0.020628452,11.020969,3.694161,-0.0044444823,0.5436467
8,402,1.0521507,-0.020497799,11.022102,3.694861,-0.0046405448,0.5431608
8,403,1.0523596,-0.020359993,11.022202,3.6944413,-0.0048397155,0.54267174
8,404,1.0525148,-0.02034831,11.024155,3.6947722,-0.0050419965,0.54217964
8,405,1.0527458,-0.020296335,11.02355,3.694737,-0.005247389,0.5416844
8,406,1.0528874,-0.020171642,11.0221405,3.694901,-0.005455896,0.5411861
8,407,1.0530453,-0.02009952,11.024048,3.6946692,-0.005667518,0.5406847
8,408,1.053283,-0.019866347,11.02343,3.6947684,-0.005882257,0.54018015
8,409,1.0532436,-0.019821167,11.023815,3.6949706,-0.0061001154,0.5396726
8,410,1.0534561,-0.019640803,11.025101,3.6952176,-0.0063210945,0.5391619
8,411,1.0535257,-0.0196985,11.023262,3.695603,-0.0065451954,0.5386482
8,412,1.0537095,-0.019552946,11.024536,3.6958327,-0.00677242,0.53813136
8,413,1.0539508,-0.019375563,11.02243,3.695969,-0.00700277,0.5376115
8,414,1.0541141,-0.019307494,11.024387,3.6959405,-0.0072362465,0.5370885
8,415,1.0543191,-0.019201279,11.020149,3.6958632,-0.0074728513,0.53656256
8,416,1.0544279,-0.019030333,11.024948,3.6960025,-0.0077125854,0.53603345
8,417,1.0545819,-0.019022346,11.02343,3.6961331,-0.00795545,0.53550136
8,418,1.0547373,-0.018825173,11.025917,3.6963916,-0.008201446,0.53496623
8,419,1.0547569,-0.018831968,11.024103,3.6963582,-0.008450576,0.534428
8,420,1.055093,-0.018617034,11.025379,3.6968331,-0.008702841,0.5338868
8,421,1.0550792,-0.01845777,11.022993,3.696425,-0.00895824,0.53334254
8,422,1.0554099,-0.018482447,11.024891,3.6965632,-0.009216776,0.5327952
8,423,1.0554183,-0.018290997,11.022934,3.6966224,-0.009478449,0.5322449
8,424,1.0556052,-0.018196225,11.024944,3.6969476,-0.009743261,0.53169155
8,425,1.055743,-0.018132687,11.022749,3.6967607,-0.010011213,0.5311352
8,426,1.0557802,-0.018038034,11.0246105,3.697,-0.010282304,0.5305758
8,427,1.0559232,-0.01793313,11.022667,3.696732,-0.010556537,0.53001344
8,428,1.0560653,-0.017780423,11.022936,3.6967778,-0.010833911,0.52944803
8,429,1.0561719,-0.017763376,11.021809,3.697187,-0.011114428,0.5288797
8,430,1.0564392,-0.017597437,11.021252,3.696877,-0.011398088,0.5283083
8,431,1.0565021,-0.017691493,11.020823,3.6976037,-0.011684893,0.5277339
8,432,1.0567973,-0.017396092,11.022285,3.696896,-0.011974841,0.5271566
8,433,1.0568912,-0.017426014,11.022209,3.6977868,-0.012267935,0.5265763
8,434,1.0570476,-0.017138362,11.022348,3.6971402,-0.012564174,0.52599293
8,435,1.0572305,-0.01712048,11.02173,3.6976333,-0.01286356,0.52540666
8,436,1.0573719,-0.016932368,11.022562,3.6970353,-0.013166091,0.52481747
8,437,1.0574677,-0.016851068,11.022287,3.6978517,-0.013471769,0.52422523
8,438,1.0576174,-0.016685367,11.022699,3.6975703,-0.013780595,0.5236301
8,439,1.0577123,-0.016726136,11.022083,3.6983895,-0.014092567,0.52303195
8,440,1.057914,-0.016444445,11.022886,3.697719,-0.014407687,0.5224309
8,441,1.0580151,-0.016534567,11.02219,3.6986165,-0.014725954,0.5218269
8,442,1.0582759,-0.016202807,11.023533,3.6979012,-0.0150473695,0.52121997
8,443,1.0584605,-0.016386867,11.022007,3.6984591,-0.015371933,0.5206101
8,444,1.0585902,-0.01593244,11.023853,3.6986203,-0.015699644,0.5199973
8,445,1.0587757,-0.016153097,11.021976,3.6983485,-0.016030502,0.5193816
8,446,1.058835,-0.015790105,11.021172,3.6989474,-0.01636451,0.5187629
8,447,1.0589459,-0.01589024,11.020859,3.6983352,-0.016701663,0.5181413
8,448,1.0590606,-0.015650988,11.021603,3.698954,-0.017041964,0.5175169
8,449,1.0590994,-0.015604496,11.020721,3.6987796,-0.017385412,0.5168895
8,450,1.059521,-0.015378833,11.02256,3.6979852,-0.017732007,0.51625925
8,451,1.0596902,-0.015292048,11.021467,3.6991467,-0.018081749,0.5156261
8,452,1.0598614,-0.015172243,11.022873,3.6982493,-0.018434636,0.51499003
8,453,1.059931,-0.015018225,11.025509,3.6990066,-0.01879067,0.51435107
8,454,1.0601487,-0.014864087,11.022512,3.6988225,-0.01914985,0.51370925
8,455,1.0601704,-0.014799356,11.025703,3.6994615,-0.019512173,0.51306456
8,456,1.0603702,-0.014520884,11.022257,3.6991181,-0.01987764,0.51241696
8,457,1.060416,-0.014581561,11.022797,3.6994605,-0.020246252,0.51176655
8,458,1.0606515,-0.014325023,11.021662,3.6991372,-0.020618007,0.5111132
8,459,1.0608227,-0.01441431,11.022022,3.6993613,-0.020992903,0.5104571
8,460,1.0609443,-0.014166951,11.020683,3.6992574,-0.021370942,0.5097981
8,461,1.0609715,-0.014275551,11.021442,3.6990962,-0.021752119,0.50913626
8,462,1.0613334,-0.014059782,11.023964,3.6992898,-0.022136439,0.5084716
8,463,1.0614617,-0.01392591,11.02289,3.6991477,-0.022523895,0.5078041
8,464,1.0615828,-0.013913155,11.022636,3.6996093,-0.022914492,0.5071337
8,465,1.0617368,-0.013741493,11.022213,3.699349,-0.023308223,0.50646055
8,466,1.0617714,-0.013620138,11.022926,3.699984,-0.023705091,0.5057846
8,467,1.0619304,-0.013593316,11.017502,3.699328,-0.024105094,0.5051058
8,468,1.0621097,-0.013329506,11.021498,3.699885,-0.02450823,0.50442415
8,469,1.0620322,-0.013355613,11.023516,3.7000222,-0.0249145,0.5037398
8,470,1.0623376,-0.013101101,11.022203,3.700667,-0.025323901,0.50305253
8,471,1.0623095,-0.013075471,11.022003,3.699985,-0.02573643,0.50236255
8,472,1.0627692,-0.01281929,11.023174,3.7005792,-0.026152091,0.50166976
8,473,1.0626574,-0.012927771,11.020494,3.6998458,-0.026570877,0.5009742
8,474,1.0630372,-0.012611151,11.021105,3.7005143,-0.026992789,0.50027585
8,475,1.0629685,-0.012677312,11.019402,3.699984,-0.027417826,0.49957472
8,476,1.0632956,-0.012440085,11.019001,3.7003675,-0.027845984,0.49887085
8,477,1.0634193,-0.012339592,11.020653,3.6995187,-0.028277267,0.4981642
8,478,1.0635278,-0.012286067,11.022621,3.7004113,-0.028711665,0.4974548
8,479,1.0636876,-0.012202144,11.022007,3.6998544,-0.029149184,0.49674267
8,480,1.0638504,-0.012207031,11.0205765,3.700375,-0.029589819,0.49602777
8,481,1.0639937,-0.012019515,11.024292,3.7002473,-0.030033568,0.49531013
8,482,1.0641754,-0.012134433,11.023863,3.7007413,-0.030480431,0.49458978
8,483,1.0643189,-0.011781931,11.025509,3.700375,-0.030930404,0.49386668
8,484,1.0645056,-0.011821389,11.020565,3.7011046,-0.031383485,0.49314088
8,485,1.0646145,-0.011549711,11.025242,3.7012086,-0.031839672,0.49241233
8,486,1.0647905,-0.011429548,11.023933,3.7012534,-0.032298967,0.4916811
8,487,1.0648234,-0.011205435,11.024818,3.701098,-0.032761365,0.49094716
8,488,1.0650709,-0.011528969,11.023518,3.701653,-0.033226863,0.4902105
8,489,1.065273,-0.011057138,11.019108,3.7015061,-0.03369546,0.48947117
8,490,1.0653822,-0.011183858,11.0245495,3.7016006,-0.034167152,0.48872912
8,491,1.0655701,-0.010977745,11.020744,3.7013907,-0.03464194,0.48798442
8,492,1.0655472,-0.010872364,11.025187,3.7023892,-0.035119817,0.48723704
8,493,1.0658743,-0.010650873,11.022112,3.7013679,-0.035600785,0.48648697
8,494,1.0658331,-0.010471582,11.024424,3.7021623,-0.036084842,0.48573425
8,495,1.0662138,-0.010492444,11.021877,3.7016768,-0.036571983,0.48497885
8,496,1.0662596,-0.010327339,11.022995,3.7021613,-0.037062205,0.48422083
8,497,1.0664008,-0.010196686,11.023079,3.7015853,-0.03755551,0.48346013
8,498,1.066514,-0.010187745,11.020128,3.7018876,-0.03805189,0.4826968
8,499,1.0666664,-0.009918928,11.023304,3.7021623,-0.038551345,0.48193082
8,500,1.0667202,-0.009994268,11.021229,3.7025514,-0.039053872,0.48116222
8,501,1.0669785,-0.009689331,11.022648,3.7021432,-0.03955947,0.480391
8,502,1.066966,-0.009728074,11.020281,3.702887,-0.04006813,0.47961715
8,503,1.067282,-0.009557605,11.0197525,3.7026973,-0.04057986,0.4788407
8,504,1.0673416,-0.009470344,11.0205765,3.7029805,-0.041094646,0.47806165
8,505,1.0675542,-0.009390473,11.021435,3.7028146,-0.04161249,0.47727996
8,506,1.0677629,-0.00922358,11.02108,3.703236,-0.04213339,0.4764957
8,507,1.0678232,-0.009087324,11.022911,3.702683,-0.042657346,0.47570884
8,508,1.0680795,-0.00903666,11.021374,3.7029462,-0.043184347,0.4749194
8,509,1.068085,-0.008826613,11.022839,3.7031293,-0.043714393,0.47412738
8,510,1.0682356,-0.008839607,11.021835,3.7027793,-0.044247482,0.47333282
8,511,1.0682881,-0.008609891,11.023048,3.703154,-0.044783615,0.47253564
8,512,1.0683906,-0.008579254,11.017393,3.702805,-0.04532278,0.47173592
8,513,1.0686071,-0.0082530975,11.022614,3.7032933,-0.045864977,0.47093368
8,514,1.0686011,-0.008379936,11.022362,3.7030644,-0.046410207,0.47012886
8,515,1.0690143,-0.008062005,11.0219555,3.7028413,-0.04695846,0.4693215
8,516,1.0689967,-0.008030891,11.021557,3.7031817,-0.04750974,0.46851158
8,517,1.0693228,-0.007918835,11.020908,3.7032304,-0.04806404,0.46769917
8,518,1.0694046,-0.007817984,11.02076,3.703341,-0.048621353,0.46688423
8,519,1.0695236,-0.0077084303,11.019791,3.7035565,-0.049181677,0.46606675
8,520,1.0696809,-0.0076265335,11.021633,3.7033725,-0.049745012,0.46524677
8,521,1.0699105,-0.007522464,11.020699,3.7034955,-0.050311353,0.46442428
8,522,1.0698793,-0.007389426,11.020685,3.7027392,-0.050880693,0.4635993
8,523,1.0703189,-0.0073081255,11.0214615,3.7037444,-0.051453035,0.46277183
8,524,1.0702097,-0.0071097612,11.019968,3.7024121,-0.052028365,0.46194187
8,525,1.070651,-0.007037163,11.022114,3.7039933,-0.05260669,0.46110943
8,526,1.070584,-0.006970644,11.019056,3.70365,-0.053188,0.46027452
8,527,1.0709124,-0.0067620277,11.022362,3.7039914,-0.05377229,0.45943713
8,528,1.0708933,-0.006816387,11.022743,3.7048755,-0.05435956,0.45859727
8,529,1.0713031,-0.0065609217,11.022259,3.7037778,-0.054949805,0.45775497
8,530,1.0711629,-0.006605983,11.022369,3.704166,-0.05554302,0.45691022
8,531,1.0715406,-0.0063381195,11.021887,3.703714,-0.056139197,0.45606303
8,532,1.0713918,-0.006291628,11.017277,3.7040887,-0.05673834,0.4552134
8,533,1.0717869,-0.006165266,11.021584,3.7040277,-0.05734044,0.45436132
8,534,1.071657,-0.0060031414,11.022686,3.7040696,-0.057945494,0.45350686
8,535,1.0722129,-0.0060403347,11.018179,3.7043557,-0.0585535,0.45264995
8,536,1.0720251,-0.005854368,11.026449,3.7036939,-0.059164442,0.45179063
8,537,1.0726192,-0.0057542324,11.01963,3.7044206,-0.059778333,0.4509289
8,538,1.0723176,-0.0056523085,11.020451,3.703339,-0.060395155,0.4500648
8,539,1.0726836,-0.005617976,11.021364,3.704967,-0.06101491,0.44919828
8,540,1.0724745,-0.00546062,11.0225525,3.7051587,-0.06163759,0.4483294
8,541,1.0728796,-0.005370617,11.022919,3.7053514,-0.0622632,0.44745812
8,542,1.0728393,-0.005306244,11.024353,3.7043357,-0.06289172,0.44658446
8,543,1.0734022,-0.005207181,11.023218,3.7054296,-0.06352315,0.44570845
8,544,1.0732973,-0.0051600933,11.024864,3.7059808,-0.0641575,0.4448301
8,545,1.0735128,-0.005061507,11.022511,3.7057662,-0.06479474,0.44394937
8,546,1.0735645,-0.0049318075,11.021521,3.7055345,-0.06543489,0.4430663
8,547,1.0738604,-0.004698634,11.022638,3.7058606,-0.06607793,0.4421809
8,548,1.0738053,-0.004634857,11.021404,3.7049556,-0.06672386,0.44129315
8,549,1.0740869,-0.0044732094,11.02491,3.705336,-0.06737267,0.44040307
8,550,1.0741587,-0.0043011904,11.025444,3.7047753,-0.06802437,0.4395107
8,551,1.0741167,-0.004282236,11.023527,3.7054267,-0.06867893,0.438616
8,552,1.0745752,-0.004196763,11.023668,3.7040915,-0.06933637,0.437719
8,553,1.0743806,-0.0040385723,11.022234,3.7052732,-0.06999667,0.43681967
8,554,1.0749137,-0.0039132833,11.025602,3.703545,-0.07065982,0.4359181
8,555,1.0747685,-0.0038067102,11.022041,3.7048488,-0.07132584,0.4350142
8,556,1.0752397,-0.003623724,11.021584,3.706057,-0.0719947,0.43410802
8,557,1.074867,-0.0036352873,11.022793,3.7048392,-0.0726664,0.43319958
8,558,1.0753648,-0.0033673048,11.021111,3.7064214,-0.07334094,0.4322889
8,559,1.0753734,-0.0033655167,11.022957,3.7053304,-0.074018314,0.43137592
8,560,1.0757995,-0.003171444,11.020781,3.7068295,-0.074698515,0.4304607
8,561,1.075413,-0.0031833649,11.021748,3.7071414,-0.07538153,0.42954323
8,562,1.0759485,-0.002886057,11.019997,3.7079282,-0.07606737,0.42862353
8,563,1.0756328,-0.0029273033,11.0204735,3.7062573,-0.07675602,0.4277016
8,564,1.0760782,-0.002737999,11.018866,3.7063642,-0.077447474,0.42677742
8,565,1.0761247,-0.0025577545,11.020454,3.7055802,-0.07814172,0.42585105
8,566,1.0763781,-0.0024074316,11.02224,3.7069268,-0.078838766,0.42492247
8,567,1.0765843,-0.0023400784,11.021553,3.7060456,-0.0795386,0.42399168
8,568,1.0767596,-0.002179265,11.015419,3.706798,-0.08024121,0.42305866
8,569,1.0766544,-0.0020916462,11.020512,3.7061496,-0.0809466,0.4221235
8,570,1.0770042,-0.0019881725,11.022408,3.705604,-0.081654765,0.42118612
8,571,1.0769215,-0.0017869473,11.021498,3.7065263,-0.082365684,0.42024657
8,572,1.0772307,-0.0017440319,11.01878,3.7044473,-0.08307937,0.41930485
8,573,1.0773623,-0.0015835762,11.021137,3.7068706,-0.0837958,0.41836095
8,574,1.0775013,-0.00142169,11.02227,3.705113,-0.08451498,0.41741493
8,575,1.0778854,-0.0014773607,11.022081,3.706798,-0.08523691,0.41646674
8,576,1.0778334,-0.0011745691,11.0213585,3.7061658,-0.08596156,0.4155164
8,577,1.0782273,-0.001123786,11.024635,3.7070851,-0.08668894,0.41456392
8,578,1.0781591,-0.0010689497,11.020893,3.7068906,-0.08741904,0.41360933
8,579,1.078398,-0.0009558201,11.021872,3.708034,-0.088151865,0.4126526
8,580,1.0785501,-0.0008622408,11.023764,3.7073293,-0.08888739,0.41169378
8,581,1.0783775,-0.00085890293,11.026855,3.7071385,-0.08962562,0.41073284
8,582,1.0788519,-0.0005992651,11.026253,3.70721,-0.09036655,0.4097698
8,583,1.0788059,-0.00053465366,11.023371,3.7081676,-0.09111016,0.40880468
8,584,1.0791557,-0.00017380714,11.023315,3.7073998,-0.091856465,0.40783745
8,585,1.0787604,-0.00029671192,11.019497,3.708837,-0.09260544,0.40686816
8,586,1.0793746,-9.012222e-05,11.020271,3.7073941,-0.093357086,0.40589678
8,587,1.0789778,-0.00014054775,11.0216255,3.70857,-0.0941114,0.40492335
8,588,1.0795882,-5.4359436e-05,11.016277,3.7077737,-0.09486837,0.40394786
8,589,1.0793173,8.225441e-06,11.026836,3.70791,-0.095627986,0.4029703
8,590,1.0798414,0.0002527237,11.022779,3.7073932,-0.09639025,0.4019907
8,591,1.079776,0.00035083294,11.02478,3.707768,-0.09715515,0.40100908
8,592,1.080219,0.0005362034,11.023827,3.707543,-0.097922675,0.40002546
8,593,1.0802724,0.0005787611,11.022718,3.7077212,-0.09869283,0.39903978
8,594,1.0806243,0.00063097477,11.024031,3.7078042,-0.09946559,0.39805207
8,595,1.0806448,0.0007941723,11.021652,3.707294,-0.10024097,0.3970624
8,596,1.0808508,0.0010254383,11.020966,3.7081637,-0.10101895,0.3960707
8,597,1.0807846,0.0011345148,11.0223465,3.7070317,-0.10179952,0.395077
8,598,1.081075,0.0011508465,11.019264,3.7082915,-0.102582686,0.39408132
8,599,1.0811613,0.0013426542,11.023853,3.7070422,-0.103368424,0.39308366
8,600,1.0813463,0.0014023781,11.021229,3.708116,-0.10415674,0.39208403
8,601,1.0815203,0.0015991926,11.0175705,3.7075086,-0.10494763,0.39108247
8,602,1.0815947,0.0017280579,11.023178,3.7082953,-0.10574107,0.3900789
8,603,1.0818546,0.0018351078,11.021225,3.7094064,-0.10653707,0.38907343
8,604,1.0818624,0.0020492077,11.021055,3.7081742,-0.107335605,0.388066
8,605,1.082108,0.002103448,11.021111,3.7094216,-0.10813668,0.38705662
8,606,1.0821164,0.002112031,11.015675,3.7072692,-0.108940296,0.38604534
8,607,1.0823898,0.002287507,11.021837,3.7091107,-0.10974643,0.38503212
8,608,1.0824292,0.0024356842,11.02174,3.7082572,-0.11055507,0.384017
8,609,1.0827425,0.002338171,11.022701,3.709744,-0.11136623,0.38299996
8,610,1.0828106,0.0026441813,11.020006,3.7096124,-0.112179875,0.38198102
8,611,1.0829849,0.002698779,11.01902,3.7096305,-0.11299603,0.3809602
8,612,1.0831327,0.0028182268,11.019234,3.708755,-0.11381466,0.3799375
8,613,1.0832531,0.003107071,11.018917,3.7090945,-0.114635766,0.37891293
8,614,1.0834432,0.0030630827,11.022507,3.7081246,-0.115459345,0.37788647
8,615,1.0836661,0.003249526,11.01902,3.7086701,-0.11628538,0.37685817
8,616,1.0837333,0.0033082962,11.019962,3.7086844,-0.11711387,0.37582803
8,617,1.0841391,0.0034896135,11.02158,3.7090192,-0.117944814,0.37479603
8,618,1.0839531,0.0034815073,11.022202,3.709127,-0.11877819,0.3737622
8,619,1.0843389,0.0038889647,11.022457,3.7092052,-0.119614005,0.37272653
8,620,1.0842149,0.0036517382,11.0196,3.7092185,-0.12045223,0.37168902
8,621,1.0844703,0.004024625,11.022625,3.7095885,-0.12129288,0.37064973
8,622,1.0845754,0.0040067434,11.019629,3.7093844,-0.12213593,0.3696086
8,623,1.0850668,0.0041561127,11.021103,3.7100205,-0.12298138,0.3685657
8,624,1.0848899,0.00424695,11.019142,3.7096295,-0.123829216,0.367521
8,625,1.0850573,0.0042324066,11.019527,3.709889,-0.12467944,0.3664745
8,626,1.0851905,0.004524231,11.0163,3.7094998,-0.12553203,0.36542624
8,627,1.0853739,0.0045259,11.018005,3.7089915,-0.126387,0.36437622
8,628,1.0855405,0.004724264,11.021996,3.710154,-0.12724431,0.3633244
8,629,1.0857389,0.0046089888,11.018356,3.7095723,-0.12810399,0.36227086
8,630,1.0855992,0.0049214363,11.015919,3.7100015,-0.12896599,0.36121556
8,631,1.0860624,0.0046243668,11.019722,3.7101073,-0.12983033,0.36015853
8,632,1.08606,0.005128026,11.018219,3.7101712,-0.130697,0.35909978
8,633,1.0861897,0.0052222013,11.020046,3.7106042,-0.13156597,0.3580393
8,634,1.0864847,0.0053430796,11.018749,3.7103486,-0.13243726,0.35697708
8,635,1.0862911,0.0055043697,11.019295,3.7107959,-0.13331084,0.35591316
8,636,1.0864933,0.0054756403,11.020592,3.710425,-0.13418671,0.35484755
8,637,1.0865843,0.0057367086,11.021965,3.7113338,-0.13506487,0.35378027
8,638,1.0869706,0.0057063103,11.02018,3.7104268,-0.1359453,0.35271126
8,639,1.0868416,0.005903244,11.023651,3.7126908,-0.13682799,0.3516406
8,640,1.0873468,0.0061736107,11.019371,3.7104287,-0.13771294,0.35056826
8,641,1.0871565,0.006147027,11.0178795,3.7117333,-0.13860013,0.34949428
8,642,1.0875664,0.0061796904,11.019606,3.7108102,-0.13948956,0.34841862
8,643,1.0876019,0.006438732,11.023296,3.7106452,-0.14038122,0.34734133
8,644,1.0880859,0.0065846443,11.020016,3.7110696,-0.1412751,0.3462624
8,645,1.0877993,0.006811738,11.02387,3.7105336,-0.14217119,0.34518182
8,646,1.0880823,0.0069116354,11.020233,3.710709,-0.14306948,0.34409964
8,647,1.0880451,0.007076502,11.020603,3.710753,-0.14396997,0.34301585
8,648,1.0886817,0.0070824623,11.020645,3.7106977,-0.14487264,0.34193045
8,649,1.0882716,0.007352948,11.017572,3.7105947,-0.14577748,0.34084344
8,650,1.0886452,0.0073139668,11.021408,3.7106328,-0.14668448,0.33975485
8,651,1.0884569,0.0075268745,11.021767,3.71061,-0.14759365,0.33866465
8,652,1.0889859,0.0076881647,11.019918,3.7105622,-0.14850497,0.3375729
8,653,1.0889175,0.0075796843,11.0221195,3.7106767,-0.14941841,0.3364796
8,654,1.0890574,0.007882357,11.018824,3.710297,-0.150334,0.3353847
8,655,1.0893545,0.007855415,11.022106,3.710834,-0.1512517,0.33428827
8,656,1.0895107,0.007974267,11.018087,3.7108865,-0.15217151,0.3331903
8,657,1.0895929,0.0080651045,11.021816,3.7113385,-0.15309343,0.3320908
8,658,1.0896823,0.00810194,11.019001,3.7114377,-0.15401742,0.33098975
8,659,1.0897763,0.00823319,11.016333,3.7120795,-0.15494351,0.32988718
8,660,1.0897782,0.008457184,11.019033,3.7117057,-0.15587167,0.32878312
8,661,1.0901,0.008417964,11.019966,3.712295,-0.1568019,0.32767755
8,662,1.0901,0.008733273,11.018745,3.7119746,-0.15773417,0.32657048
8,663,1.0904598,0.0086869,11.017975,3.7123437,-0.15866849,0.32546192
8,664,1.0904648,0.008952498,11.01968,3.711718,-0.15960485,0.32435188
8,665,1.0906549,0.009019136,11.016272,3.712542,-0.16054322,0.32324037
8,666,1.0906765,0.009242415,11.020226,3.7115512,-0.16148362,0.3221274
8,667,1.0909939,0.00929606,11.016232,3.7117429,-0.16242602,0.32101297
8,668,1.0910692,0.0095027685,11.018665,3.711635,-0.16337042,0.3198971
8,669,1.0913937,0.009580731,11.01646,3.7118306,-0.1643168,0.31877977
8,670,1.0912974,0.009652138,11.016712,3.7120156,-0.16526516,0.31766102
8,671,1.0918121,0.009821773,11.017387,3.7116666,-0.1662155,0.31654087
8,672,1.0916526,0.009997606,11.017101,3.711822,-0.16716778,0.31541926
8,673,1.0920954,0.010010362,11.01779,3.71139,-0.16812201,0.31429628
8,674,1.0918698,0.01028204,11.017195,3.711924,-0.16907817,0.31317186
8,675,1.0922492,0.010340571,11.017862,3.7113414,-0.17003627,0.31204608
8,676,1.09231,0.010513425,11.0169735,3.7120519,-0.17099628,0.31091893
8,677,1.0925052,0.010620713,11.017624,3.7117019,-0.17195821,0.30979037
8,678,1.0925145,0.010767221,11.017643,3.7122836,-0.17292202,0.30866048
8,679,1.0927479,0.010887146,11.016708,3.712133,-0.17388773,0.30752918
8,680,1.0928304,0.011030555,11.02244,3.7121186,-0.1748553,0.30639657
8,681,1.0930684,0.01113379,11.01244,3.7124743,-0.17582475,0.3052626
8,682,1.0932095,0.011258006,11.013424,3.7123246,-0.17679605,0.3041273
8,683,1.0932634,0.011413217,11.014448,3.712731,-0.1777692,0.30299067
8,684,1.0934312,0.011316299,11.0147,3.7124133,-0.17874418,0.30185273
8,685,1.0934973,0.011655927,11.014389,3.713367,-0.179721,0.30071348
8,686,1.0936592,0.01152885,11.020931,3.712315,-0.18069963,0.29957294
8,687,1.0940144,0.011890888,11.014204,3.7141194,-0.18168005,0.29843107
8,688,1.0939815,0.0117150545,11.020214,3.711491,-0.18266228,0.29728794
8,689,1.0942576,0.012066126,11.017292,3.7135072,-0.18364629,0.29614353
8,690,1.0942557,0.012114286,11.013367,3.712792,-0.18463208,0.29499784
8,691,1.094362,0.012429118,11.017921,3.7129922,-0.18561962,0.29385093
8,692,1.0946009,0.012342334,11.012726,3.7129807,-0.18660893,0.2927027
8,693,1.0946951,0.012754202,11.017303,3.7128701,-0.18759997,0.2915533
8,694,1.0947859,0.012439251,11.015635,3.7130036,-0.18859275,0.2904026
8,695,1.0952823,0.012834191,11.016655,3.7127004,-0.18958725,0.2892507
8,696,1.0951054,0.013109684,11.018444,3.7129655,-0.19058345,0.2880976
8,697,1.0953834,0.0128337145,11.016132,3.7120519,-0.19158137,0.28694326
8,698,1.0954192,0.013276935,11.01862,3.7131867,-0.19258095,0.2857877
8,699,1.0958397,0.01303494,11.015722,3.712401,-0.19358224,0.28463098
8,700,1.0956972,0.013433695,11.020351,3.7136388,-0.19458517,0.28347304
8,701,1.0961134,0.013276696,11.022665,3.7132182,-0.19558978,0.28231394
8,702,1.0960288,0.013953447,11.0182,3.7137341,-0.19659603,0.28115368
8,703,1.0963542,0.013622284,11.016827,3.713448,-0.19760391,0.27999225
8,704,1.0965154,0.013800859,11.017588,3.713861,-0.1986134,0.27882966
8,705,1.0965314,0.013851881,11.011366,3.711616,-0.19962452,0.27766594
8,706,1.0966873,0.013671637,11.009033,3.7136846,-0.20063725,0.2765011
8,707,1.0967829,0.014067173,11.014107,3.712174,-0.20165157,0.2753351
8,708,1.0968473,0.014187336,11.013067,3.7151742,-0.20266746,0.27416798
8,709,1.0970442,0.014262438,11.0179615,3.7128072,-0.20368493,0.27299976
8,710,1.0969517,0.014347076,11.018036,3.7148108,-0.20470396,0.2718304
8,711,1.0973587,0.014376521,11.01388,3.7134032,-0.20572452,0.27065998
8,712,1.0973742,0.014488578,11.020794,3.7145505,-0.20674664,0.26948848
8,713,1.0976913,0.014623523,11.017088,3.7140574,-0.20777027,0.2683159
8,714,1.0977552,0.015017748,11.020596,3.7142425,-0.20879541,0.26714224
8,715,1.0977571,0.015129328,11.016888,3.7142777,-0.20982207,0.26596752
8,716,1.0979948,0.015363336,11.015707,3.7141566,-0.21085021,0.26479173
8,717,1.0981534,0.0153900385,11.0135,3.7136102,-0.21187983,0.26361492
8,718,1.0981433,0.015455246,11.014465,3.7144084,-0.21291094,0.26243708
8,719,1.0984433,0.015490651,11.013901,3.7134728,-0.21394348,0.26125818
8,720,1.09849,0.015655518,11.011818,3.714027,-0.21497749,0.26007828
8,721,1.0986972,0.015891671,11.015232,3.7144895,-0.21601292,0.25889736
8,722,1.0989163,0.0160774,11.013351,3.714085,-0.21704979,0.25771543
8,723,1.0989044,0.01612997,11.0168915,3.7147946,-0.21808806,0.25653252
8,724,1.0991824,0.016451359,11.013411,3.7142682,-0.21912773,0.25534862
8,725,1.0993841,0.016334057,11.018938,3.714789,-0.2201688,0.25416374
8,726,1.09954,0.016644478,11.016706,3.7145476,-0.22121124,0.2529779
8,727,1.0995562,0.016512513,11.022446,3.7146468,-0.22225505,0.2517911
8,728,1.09988,0.016766071,11.016777,3.7152448,-0.22330022,0.25060332
8,729,1.0998995,0.016780972,11.016792,3.714746,-0.22434673,0.24941462
8,730,1.1002648,0.01694882,11.019117,3.7158055,-0.22539458,0.24822499
8,731,1.1001675,0.017125487,11.012646,3.7148814,-0.22644374,0.24703442
8,732,1.1006253,0.0172925,11.016899,3.7156901,-0.22749421,0.24584293
8,733,1.100533,0.017320156,11.015951,3.7148347,-0.228546,0.24465054
8,734,1.10095,0.017675161,11.012321,3.7146144,-0.22959904,0.24345724
8,735,1.100734,0.017440677,11.015705,3.7143874,-0.23065338,0.24226305
8,736,1.1009545,0.01800561,11.01391,3.714274,-0.23170897,0.24106798
8,737,1.1009018,0.017637968,11.015343,3.713883,-0.23276582,0.23987202
8,738,1.1013072,0.01825738,11.015528,3.7146068,-0.23382391,0.2386752
8,739,1.1011338,0.017956138,11.015766,3.7145305,-0.23488322,0.23747753
8,740,1.1017623,0.018209696,11.024231,3.7147403,-0.23594375,0.236279
8,741,1.1017263,0.018321395,11.016846,3.7154374,-0.23700547,0.23507963
8,742,1.1018603,0.018368363,11.018276,3.7151666,-0.2380684,0.23387942
8,743,1.1018436,0.018651962,11.015577,3.7156549,-0.23913251,0.2326784
8,744,1.102113,0.018902421,11.017496,3.715567,-0.24019778,0.23147655
8,745,1.102148,0.01867485,11.01413,3.714004,-0.24126421,0.23027389
8,746,1.1024787,0.019076586,11.017136,3.7151961,-0.24233179,0.22907044
8,747,1.1025994,0.018686652,11.015533,3.714541,-0.24340048,0.22786619
8,748,1.1028874,0.01910901,11.01556,3.714788,-0.24447031,0.22666116
8,749,1.1030209,0.018942356,11.014753,3.714871,-0.24554124,0.22545536
8,750,1.1032169,0.019474387,11.014227,3.7147841,-0.24661328,0.2242488
8,751,1.1033022,0.019259334,11.012829,3.7149625,-0.24768639,0.22304146
8,752,1.1033578,0.019911528,11.01746,3.7144818,-0.24876058,0.2218334
8,753,1.1035459,0.019587398,11.008524,3.7153888,-0.24983583,0.22062458
8,754,1.1037967,0.020122647,11.01569,3.714333,-0.25091213,0.21941504
8,755,1.1038291,0.01968813,11.015244,3.7142062,-0.25198945,0.21820477
8,756,1.1043065,0.020299435,11.017799,3.714355,-0.25306782,0.21699378
8,757,1.104176,0.019891262,11.018551,3.7143416,-0.25414717,0.2157821
8,758,1.1043625,0.020499706,11.01758,3.7146926,-0.25522754,0.21456972
8,759,1.1044142,0.020221591,11.015785,3.714624,-0.25630888,0.21335664
8,760,1.1046469,0.020763516,11.016129,3.7144837,-0.2573912,0.21214288
8,761,1.1045794,0.020733237,11.012798,3.7146707,-0.2584745,0.21092847
8,762,1.1049688,0.020900965,11.013836,3.7143292,-0.25955877,0.20971337
8,763,1.1048734,0.02095294,11.010141,3.7146878,-0.26064393,0.20849763
8,764,1.1052518,0.021299481,11.013874,3.714293,-0.26173005,0.20728125
8,765,1.1051815,0.02139318,11.01565,3.7146096,-0.26281705,0.20606422
8,766,1.1054664,0.021398425,11.013939,3.7142892,-0.26390496,0.20484658
8,767,1.1054518,0.021538854,11.01634,3.7141166,-0.2649938,0.2036283
8,768,1.1056201,0.021461368,11.014015,3.7147431,-0.26608345,0.20240942
8,769,1.105732,0.02178073,11.010139,3.7155318,-0.267174,0.20118994
8,770,1.1058509,0.021791697,11.005444,3.7145514,-0.2682654,0.19996984
8,771,1.1060033,0.021978378,11.015165,3.7154994,-0.26935765,0.19874918
8,772,1.1060932,0.02206552,11.012913,3.7145982,-0.2704507,0.19752795
8,773,1.1062491,0.021966577,11.016291,3.7157006,-0.27154458,0.19630612
8,774,1.1062515,0.022360086,11.008146,3.7146182,-0.27263927,0.19508375
8,775,1.1065662,0.022183776,11.016659,3.7152286,-0.27373472,0.19386084
8,776,1.1064546,0.022446156,11.012169,3.7147546,-0.27483097,0.19263737
8,777,1.1068721,0.022445321,11.010735,3.7157273,-0.275928,0.19141337
8,778,1.1069615,0.022773266,11.01416,3.7142758,-0.27702573,0.19018885
8,779,1.1072617,0.022773981,11.012495,3.7156615,-0.27812424,0.18896382
8,780,1.107055,0.022998929,11.014904,3.7144227,-0.27922347,0.18773827
8,781,1.1073267,0.022904396,11.015259,3.715506,-0.2803234,0.18651222
8,782,1.1072872,0.023219466,11.014133,3.714725,-0.28142402,0.18528569
8,783,1.1077127,0.02312529,11.018751,3.7148833,-0.28252536,0.18405867
8,784,1.1077373,0.023568869,11.008232,3.7150254,-0.28362736,0.18283117
8,785,1.1079929,0.023311138,11.015175,3.7159247,-0.28473002,0.18160321
8,786,1.1081994,0.023780107,11.014893,3.7153392,-0.28583333,0.1803748
8,787,1.1081762,0.023617625,11.01329,3.7169976,-0.28693727,0.17914593
8,788,1.1084783,0.02393806,11.01181,3.715304,-0.28804186,0.17791663
8,789,1.1084671,0.024137974,11.0090885,3.7160296,-0.28914705,0.17668691
8,790,1.1087308,0.024252295,11.011604,3.7152572,-0.29025283,0.17545676
8,791,1.1085904,0.024246693,11.011017,3.7149863,-0.2913592,0.1742262
8,792,1.1089561,0.024497628,11.011887,3.7147822,-0.29246613,0.17299522
8,793,1.1091921,0.024471998,11.013611,3.7142692,-0.29357365,0.17176385
8,794,1.1090248,0.024639368,11.012487,3.7155004,-0.2946817,0.1705321
8,795,1.1096995,0.024808526,11.015032,3.7136521,-0.29579028,0.16929998
8,796,1.1095412,0.025000691,11.014034,3.716291,-0.29689938,0.16806747
8,797,1.1098056,0.025250912,11.015953,3.7126756,-0.298009,0.16683461
8,798,1.109498,0.02532661,11.01149,3.7154937,-0.2991191,0.1656014
8,799,1.1104591,0.025683284,11.011139,3.7142482,-0.3002297,0.16436784
8,800,1.110019,0.025650859,11.008587,3.7148166,-0.30134076,0.16313395
8,801,1.1104529,0.025854826,11.012444,3.7145839,-0.3024523,0.16189973
8,802,1.1104085,0.025892973,11.005962,3.7163777,-0.30356425,0.1606652
8,803,1.1106491,0.025949955,11.013798,3.7148433,-0.30467665,0.15943034
8,804,1.1106696,0.025875092,11.010803,3.7164092,-0.30578947,0.1581952
8,805,1.1111183,0.026044011,11.016016,3.7155223,-0.3069027,0.15695976
8,806,1.1109312,0.026329637,11.010395,3.7160745,-0.3080163,0.15572403
8,807,1.1113222,0.026282787,11.00724,3.7163053,-0.3091303,0.15448804
8,808,1.1113398,0.026652575,11.013977,3.7157483,-0.31024465,0.15325178
8,809,1.1115038,0.026669502,11.0091095,3.7158341,-0.31135938,0.15201525
8,810,1.1116507,0.026742935,11.009676,3.7161279,-0.31247443,0.15077849
8,811,1.1116421,0.02695775,11.011192,3.7149339,-0.3135898,0.14954148
8,812,1.1117959,0.027042508,11.009703,3.716126,-0.3147055,0.14830424
8,813,1.1119518,0.02698505,11.012306,3.7159772,-0.3158215,0.14706677
8,814,1.1120825,0.027304888,11.011623,3.7151608,-0.31693777,0.1458291
8,815,1.1122782,0.027245402,11.012207,3.7160335,-0.31805432,0.14459121
8,816,1.1123803,0.027570248,11.012215,3.7145467,-0.31917116,0.14335313
8,817,1.1127028,0.027433157,11.01033,3.7159944,-0.3202882,0.14211486
8,818,1.1126397,0.027813673,11.013889,3.7140317,-0.32140553,0.14087643
8,819,1.1131139,0.027855158,11.009678,3.7155643,-0.32252306,0.1396378
8,820,1.1129463,0.027826548,11.013119,3.7144494,-0.32364076,0.13839902
8,821,1.1132786,0.02820766,11.009277,3.714808,-0.3247587,0.1371601
8,822,1.1132929,0.028008819,11.012144,3.7145066,-0.32587683,0.13592102
8,823,1.1135728,0.028420806,11.006422,3.7143044,-0.3269951,0.13468179
8,824,1.113476,0.028543353,11.010378,3.7147193,-0.32811353,0.13344245
8,825,1.1138251,0.028354526,11.012674,3.7149644,-0.32923213,0.132203
8,826,1.1136286,0.028712511,11.009224,3.7152781,-0.33035082,0.13096341
8,827,1.1141074,0.029025555,11.010956,3.7156816,-0.33146966,0.12972374
8,828,1.1139786,0.028755784,11.010128,3.7156024,-0.33258858,0.12848398
8,829,1.1144807,0.029010653,11.009832,3.7158036,-0.3337076,0.12724413
8,830,1.1144731,0.029076815,11.011608,3.7150922,-0.3348267,0.1260042
8,831,1.1148298,0.029598713,11.004337,3.7153525,-0.33594584,0.124764204
8,832,1.1146772,0.02930379,11.012272,3.7146344,-0.33706507,0.12352415
8,833,1.1150086,0.029770255,11.008842,3.7148967,-0.33818433,0.12228405
8,834,1.1148975,0.029539704,11.008324,3.7143435,-0.33930358,0.121043906
8,835,1.1152213,0.029931664,11.0105095,3.715201,-0.34042287,0.11980373
8,836,1.1151683,0.029815793,11.004421,3.714931,-0.34154215,0.118563525
8,837,1.115474,0.030132294,11.011375,3.7151427,-0.3426614,0.11732331
8,838,1.1155486,0.030099511,11.0076065,3.7147965,-0.34378064,0.11608309
8,839,1.115793,0.030319095,11.009338,3.7155747,-0.34489983,0.11484287
8,840,1.1160328,0.030419707,11.010513,3.7149453,-0.34601897,0.11360266
8,841,1.1160829,0.03052795,11.010559,3.715464,-0.34713802,0.11236247
8,842,1.1163123,0.030747056,11.010967,3.7154355,-0.348257,0.1111223
8,843,1.1164026,0.030783057,11.008545,3.7153134,-0.3493759,0.109882176
8,844,1.1165864,0.030989408,11.010185,3.7159534,-0.35049468,0.108642094
8,845,1.1167252,0.031065464,11.008804,3.7154794,-0.3516133,0.107402064
8,846,1.1169431,0.031147838,11.006786,3.7162004,-0.35273182,0.10616209
8,847,1.1168225,0.031306267,11.006607,3.715528,-0.35385022,0.1049222
8,848,1.1171641,0.03137052,11.007462,3.7165227,-0.3549684,0.103682384
8,849,1.1171703,0.031618476,11.004438,3.7154784,-0.35608643,0.10244265
8,850,1.1172726,0.031677246,11.008446,3.7157693,-0.35720426,0.101203024
8,851,1.1174052,0.031736374,11.005993,3.71454,-0.3583219,0.09996349
8,852,1.1176746,0.032193422,11.010639,3.7144828,-0.3594393,0.09872408
8,853,1.1177452,0.032055378,11.007549,3.7147937,-0.3605565,0.09748479
8,854,1.1179795,0.032545686,11.008816,3.7143283,-0.36167344,0.09624563
8,855,1.1180899,0.032289505,11.004242,3.7146316,-0.36279014,0.09500661
8,856,1.1183224,0.032788873,11.013302,3.7149491,-0.36390653,0.09376773
8,857,1.1183307,0.032361984,11.005716,3.714419,-0.36502266,0.09252902
8,858,1.1185031,0.03295684,11.003361,3.714045,-0.36613852,0.09129047
8,859,1.1186013,0.032693386,11.007181,3.7142787,-0.36725402,0.09005209
8,860,1.1186097,0.03308022,11.003523,3.7139077,-0.36836922,0.08881389
8,861,1.118892,0.03303194,10.999466,3.7160707,-0.3694841,0.08757589
8,862,1.1188738,0.033216,11.004711,3.7137876,-0.3705986,0.08633809
8,863,1.1192105,0.033356905,11.002541,3.7162652,-0.37171274,0.08510049
8,864,1.1192772,0.033528328,11.00668,3.7139707,-0.37282652,0.08386311
8,865,1.1195939,0.033584833,11.005913,3.7145896,-0.3739399,0.082625955
8,866,1.1195757,0.033813953,11.005596,3.7138,-0.37505287,0.08138903
8,867,1.1199105,0.03382075,11.006243,3.714024,-0.37616542,0.080152355
8,868,1.119827,0.034199,11.004225,3.713592,-0.37727755,0.078915924
8,869,1.120054,0.03410077,11.003098,3.714069,-0.3783892,0.07767975
8,870,1.1200383,0.034530163,11.003477,3.713859,-0.37950045,0.07644385
8,871,1.1202996,0.034424543,11.00655,3.713901,-0.38061118,0.07520823
8,872,1.1204612,0.034685016,11.004639,3.7138057,-0.38172147,0.07397289
8,873,1.120714,0.034648895,11.005535,3.713369,-0.38283122,0.07273784
8,874,1.1207812,0.03474486,11.00304,3.713572,-0.38394046,0.071503095
8,875,1.1210225,0.034810185,11.005936,3.7134204,-0.3850492,0.07026866
8,876,1.1209342,0.034991026,11.0086,3.7136903,-0.3861574,0.06903455
8,877,1.1212561,0.035135984,11.005886,3.7137628,-0.38726503,0.06780076
8,878,1.1211782,0.035487294,11.004726,3.7141318,-0.3883721,0.06656731
8,879,1.1216176,0.035529256,11.003647,3.7144046,-0.38947856,0.0653342
8,880,1.1215358,0.035392165,11.000753,3.7138867,-0.39058447,0.06410144
8,881,1.1218517,0.035677433,11.0040455,3.714375,-0.39168975,0.06286905
8,882,1.1218503,0.035870075,11.005814,3.7133021,-0.39279443,0.06163703
8,883,1.122011,0.03567338,11.000521,3.7143655,-0.39389846,0.060405385
8,884,1.1220405,0.035896897,10.998987,3.7134242,-0.39500183,0.059174128
8,885,1.122464,0.0358603,11.006748,3.7142997,-0.39610457,0.057943262
8,886,1.122227,0.036051154,11.0017605,3.7137399,-0.39720663,0.056712802
8,887,1.1227477,0.036167383,11.000933,3.7141213,-0.39830798,0.055482756
8,888,1.1224983,0.036422133,11.001482,3.7143064,-0.39940867,0.05425313
8,889,1.1229577,0.03652084,11.002296,3.713428,-0.4005086,0.053023934
8,890,1.1229045,0.036814928,11.001007,3.714272,-0.40160784,0.051795173
8,891,1.1232738,0.036902785,11.000217,3.7132602,-0.40270633,0.05056686
8,892,1.123363,0.03720534,10.999887,3.7140107,-0.40380403,0.049339
8,893,1.123522,0.036929607,10.997751,3.712628,-0.404901,0.048111606
8,894,1.1236188,0.037344933,10.997303,3.7137113,-0.4059972,0.046884682
8,895,1.1237719,0.03714025,10.998764,3.7125583,-0.40709257,0.045658235
8,896,1.1239927,0.037666917,10.997967,3.7133374,-0.40818715,0.04443228
8,897,1.1240842,0.037451267,10.999821,3.7124257,-0.40928093,0.04320682
8,898,1.1242611,0.037838936,10.999157,3.7129207,-0.41037384,0.04198186
8,899,1.1244178,0.03786981,10.996847,3.7122579,-0.4114659,0.04075742
8,900,1.124547,0.038096547,11.000502,3.712339,-0.41255713,0.0395335
8,901,1.1246722,0.038246155,10.996927,3.712892,-0.41364744,0.038310107
8,902,1.1248777,0.03844297,10.999622,3.712479,-0.4147369,0.037087258
8,903,1.125109,0.038528204,10.998585,3.7127995,-0.41582546,0.035864953
8,904,1.125201,0.03877294,10.998299,3.7123904,-0.4169131,0.034643203
8,905,1.1253586,0.03861296,10.998125,3.7128005,-0.41799977,0.033422016
8,906,1.1256135,0.039019465,10.997425,3.712235,-0.41908553,0.032201402
8,907,1.1257057,0.038746953,10.99548,3.7126203,-0.42017034,0.030981366
8,908,1.1260071,0.039015412,10.99971,3.711924,-0.4212542,0.02976192
8,909,1.1257908,0.038919568,10.999489,3.7134643,-0.42233706,0.028543072
8,910,1.1260669,0.039174438,11.000456,3.7128692,-0.4234189,0.027324827
8,911,1.1261241,0.039123893,10.998461,3.7140365,-0.42449975,0.026107198
8,912,1.1264803,0.039412618,10.995462,3.714644,-0.42557958,0.02489019
8,913,1.1265292,0.03948033,10.996283,3.713509,-0.42665836,0.023673812
8,914,1.1268995,0.039787173,10.996145,3.7135558,-0.4277361,0.022458073
8,915,1.126837,0.039802432,10.994415,3.713098,-0.4288128,0.02124298
8,916,1.1270297,0.03992045,10.996223,3.7129016,-0.4298884,0.020028543
8,917,1.1270182,0.039896727,10.994308,3.7124534,-0.43096292,0.018814769
8,918,1.1271112,0.04034853,11.009037,3.7128043,-0.43203634,0.017601667
8,919,1.127269,0.04018593,10.992165,3.7116075,-0.43310863,0.016389245
8,920,1.1272433,0.040580392,10.995363,3.7125268,-0.4341798,0.015177511
8,921,1.1275778,0.04051125,10.99511,3.711762,-0.43524984,0.013966473
8,922,1.1274445,0.040766,11.0003605,3.7122312,-0.43631873,0.01275614
8,923,1.1279414,0.040878177,10.998089,3.713097,-0.43738642,0.01154652
8,924,1.1280911,0.04095328,10.995655,3.711965,-0.43845296,0.010337621
8,925,1.1281064,0.04122722,10.988901,3.714787,-0.43951827,0.009129452
8,926,1.1280892,0.041284323,10.998508,3.7113748,-0.4405824,0.00792202
8,927,1.128288,0.041561365,10.9963,3.7127833,-0.4416453,0.006715334
8,928,1.128535,0.041597247,11.003801,3.711038,-0.44270697,0.005509402
8,929,1.1288149,0.041849017,11.002562,3.71032,-0.4437674,0.0043042325
8,930,1.1290073,0.041869283,10.99003,3.7112422,-0.44482654,0.0030998334
8,931,1.1290958,0.042008758,10.998646,3.7125077,-0.44588444,0.0018962129
8,932,1.1294265,0.042050958,10.99645,3.7116914,-0.44694105,0.00069337914
8,933,1.129313,0.042140484,10.999325,3.7120767,-0.44799632,-0.00050865964
8,934,1.1294758,0.042029142,10.993984,3.7122722,-0.4490503,-0.0017098953
8,935,1.1295133,0.04237175,11.000381,3.7116685,-0.45010298,-0.0029103197
8,936,1.1298444,0.04231882,10.991692,3.7120318,-0.4511543,-0.0041099247
8,937,1.1297369,0.04267752,10.995144,3.7112136,-0.45220426,-0.005308702
8,938,1.1300812,0.042665124,10.996819,3.711718,-0.45325285,-0.0065066437
8,939,1.1299441,0.04291618,10.996796,3.7117658,-0.45430008,-0.0077037415
8,940,1.1304758,0.042869925,10.996729,3.7118735,-0.4553459,-0.008899988
8,941,1.1303234,0.04304254,10.997248,3.7116017,-0.45639032,-0.010095374
8,942,1.1307037,0.0433259,10.997692,3.7118802,-0.4574333,-0.011289892
8,943,1.1306865,0.04317999,10.996786,3.7110028,-0.4584749,-0.012483533
8,944,1.1311333,0.043658614,10.996647,3.7112174,-0.459515,-0.01367629
8,945,1.1308815,0.043433666,10.995899,3.7114177,-0.46055368,-0.014868155
8,946,1.1314852,0.04384792,10.994759,3.7111936,-0.4615909,-0.01605912
8,947,1.131057,0.043833137,10.992926,3.711473,-0.4626266,-0.017249176
8,948,1.1315973,0.043952942,10.992943,3.7110095,-0.46366084,-0.018438315
8,949,1.1314707,0.044097424,10.989895,3.7105184,-0.46469355,-0.01962653
8,950,1.1318884,0.044136643,10.995186,3.7113175,-0.46572474,-0.020813813
8,951,1.1319838,0.044231534,10.993145,3.7099185,-0.46675438,-0.022000154
8,952,1.1320767,0.0445534,10.997692,3.7104878,-0.46778247,-0.023185547
8,953,1.1321671,0.04453647,10.990562,3.7098937,-0.468809,-0.024369983
8,954,1.1325037,0.044885278,10.995113,3.7109447,-0.469834,-0.025553456
8,955,1.1322324,0.044916987,10.992521,3.7102275,-0.47085738,-0.026735956
8,956,1.1326153,0.045014262,10.992434,3.7100244,-0.47187915,-0.027917475
8,957,1.1326997,0.045197368,10.994213,3.710153,-0.47289932,-0.029098004
8,958,1.1329327,0.045052648,10.99012,3.7093663,-0.47391787,-0.030277537
8,959,1.1331143,0.045405865,10.9907875,3.709968,-0.4749348,-0.03145607
8,960,1.1331563,0.04547274,10.988943,3.7101188,-0.47595003,-0.032633584
8,961,1.1333623,0.04563546,10.991814,3.708897,-0.4769636,-0.03381008
8,962,1.1333888,0.045575738,10.987255,3.711244,-0.47797555,-0.03498555
8,963,1.1335971,0.045915484,10.990067,3.7088475,-0.47898576,-0.03615998
8,964,1.1336553,0.04598117,10.992815,3.7108197,-0.4799943,-0.03733337
8,965,1.133867,0.046106577,10.992388,3.7085938,-0.48100108,-0.038505703
8,966,1.1338646,0.04614544,10.996391,3.7102342,-0.48200616,-0.03967698
8,967,1.1340802,0.046325803,10.990765,3.7092195,-0.48300952,-0.04084719
8,968,1.1341107,0.046340346,10.993454,3.710153,-0.48401108,-0.04201632
8,969,1.1340678,0.04649222,10.99007,3.7108464,-0.48501092,-0.04318437
8,970,1.1345236,0.046801925,10.990854,3.7111545,-0.48600897,-0.04435133
8,971,1.1342237,0.046547055,10.999136,3.7103515,-0.4870052,-0.045517188
8,972,1.1348608,0.046907187,10.997627,3.7108502,-0.48799965,-0.04668194
8,973,1.1344054,0.04684806,10.9914665,3.7088513,-0.48899227,-0.04784558
8,974,1.1351933,0.047352195,10.987013,3.7101092,-0.48998308,-0.049008094
8,975,1.1349852,0.047412872,10.990154,3.7084126,-0.49097204,-0.05016948
8,976,1.1355402,0.047665,10.996254,3.709351,-0.49195915,-0.051329724
8,977,1.1351502,0.047583103,10.989571,3.709373,-0.4929444,-0.052488826
8,978,1.1357782,0.04790628,10.989439,3.709536,-0.49392775,-0.053646773
8,979,1.135268,0.04803884,10.989475,3.7101789,-0.49490923,-0.054803558
8,980,1.1359427,0.048122287,10.9922905,3.7092748,-0.4958888,-0.055959176
8,981,1.13569,0.04870248,10.990238,3.7091756,-0.49686643,-0.057113614
8,982,1.1362336,0.04828596,10.995083,3.7087636,-0.49784216,-0.05826687
8,983,1.1361794,0.04869032,10.991245,3.708406,-0.49881592,-0.05941893
8,984,1.1364396,0.04842055,10.990856,3.7077327,-0.49978775,-0.060569797
8,985,1.1366811,0.048743725,10.992252,3.7075858,-0.50075763,-0.06171945
8,986,1.1365631,0.04866159,10.98687,3.707745,-0.5017255,-0.06286789
8,987,1.1369789,0.04891348,10.986935,3.7079816,-0.5026914,-0.064015105
8,988,1.136689,0.048897743,10.983749,3.707951,-0.50365525,-0.065161094
8,989,1.1369357,0.04926324,10.991364,3.7085376,-0.50461715,-0.06630584
8,990,1.1368749,0.049047112,10.984764,3.707847,-0.50557697,-0.06744934
8,991,1.1374366,0.04970491,10.996099,3.7096639,-0.5065348,-0.06859159
8,992,1.137147,0.049070954,10.986914,3.7074132,-0.5074905,-0.06973258
8,993,1.1375515,0.04972458,10.988365,3.7096744,-0.50844425,-0.07087229
8,994,1.1370325,0.049343944,10.994028,3.7080674,-0.50939584,-0.07201073
8,995,1.1376507,0.04971087,10.992359,3.7088275,-0.51034534,-0.07314789
8,996,1.1374004,0.049814343,10.983982,3.708674,-0.51129276,-0.074283764
8,997,1.138006,0.050078034,10.990206,3.7083974,-0.5122381,-0.07541833
8,998,1.137835,0.050116062,10.993198,3.7088246,-0.51318127,-0.07655159
8,999,1.1382422,0.050063133,10.985464,3.708753,-0.5141223,-0.07768353
9,0,0.9965036,-0.49182117,-4.611105,-1.486443,0.26227915,-0.53897154
9,1,0.99645567,-0.4918369,-4.610734,-1.4854469,0.26261124,-0.54003096
9,2,0.9962001,-0.49195957,-4.615,-1.484642,0.26294324,-0.54108834
9,3,0.9962709,-0.49196023,-4.6151867,-1.484797,0.26327518,-0.54214376
9,4,0.9961815,-0.49201012,-4.6154776,-1.4849334,0.26360703,-0.5431971
9,5,0.9959538,-0.49202704,-4.613413,-1.484972,0.26393884,-0.54424846
9,6,0.9959338,-0.49199426,-4.615177,-1.4845905,0.26427057,-0.54529774
9,7,0.99564767,-0.49207568,-4.6161823,-1.4845004,0.2646022,-0.54634494
9,8,0.99564195,-0.49212837,-4.61353,-1.4843235,0.2649338,-0.5473901
9,9,0.9956114,-0.49228215,-4.613035,-1.4847922,0.26526532,-0.5484332
9,10,0.9954443,-0.49211222,-4.6134186,-1.4845672,0.26559678,-0.5494742
9,11,0.9953301,-0.49226338,-4.6162395,-1.4848824,0.26592818,-0.5505131
9,12,0.9953759,-0.4921729,-4.615324,-1.4842534,0.2662595,-0.55154985
9,13,0.9952631,-0.49224842,-4.614999,-1.4852662,0.2665907,-0.5525845
9,14,0.99531364,-0.49233615,-4.6153145,-1.4847713,0.2669219,-0.5536171
9,15,0.9951689,-0.49237764,-4.6187506,-1.4855933,0.267253,-0.5546475
9,16,0.99520326,-0.49246448,-4.61409,-1.4852004,0.26758406,-0.5556758
9,17,0.9949918,-0.49247384,-4.615961,-1.485703,0.26791504,-0.55670196
9,18,0.99507475,-0.49252188,-4.6134033,-1.4861507,0.26824594,-0.5577259
9,19,0.9947076,-0.4924823,-4.614113,-1.4858508,0.2685768,-0.5587477
9,20,0.99496436,-0.49252093,-4.612612,-1.4860997,0.26890755,-0.5597673
9,21,0.9946902,-0.49261588,-4.6140347,-1.485784,0.26923826,-0.56078476
9,22,0.99474525,-0.4926921,-4.613394,-1.4863114,0.2695689,-0.5618
9,23,0.99463797,-0.49261522,-4.6139183,-1.4855342,0.26989946,-0.56281304
9,24,0.9945047,-0.49273306,-4.61409,-1.4860315,0.27022997,-0.5638238
9,25,0.99442124,-0.49276018,-4.614066,-1.4855566,0.2705604,-0.5648324
9,26,0.99435353,-0.49287844,-4.613224,-1.4859619,0.27089077,-0.56583875
9,27,0.9942353,-0.4927128,-4.6147995,-1.4853911,0.27122107,-0.56684285
9,28,0.994257,-0.4929737,-4.613246,-1.4865351,0.2715513,-0.5678447
9,29,0.9942026,-0.49277377,-4.6147757,-1.4858747,0.27188146,-0.56884426
9,30,0.9942081,-0.49296468,-4.613701,-1.4865036,0.27221158,-0.56984156
9,31,0.99400735,-0.49281764,-4.6134605,-1.4863772,0.2725416,-0.57083654
9,32,0.9940696,-0.4929632,-4.614355,-1.4867368,0.27287155,-0.57182926
9,33,0.9937873,-0.4928198,-4.6112766,-1.4869027,0.27320147,-0.5728197
9,34,0.99379444,-0.4930867,-4.6145697,-1.4870076,0.2735313,-0.5738078
9,35,0.99372387,-0.49303555,-4.6140194,-1.4877725,0.27386102,-0.5747936
9,36,0.99366593,-0.49317843,-4.6150885,-1.487257,0.27419072,-0.57577705
9,37,0.99365616,-0.4931724,-4.6180916,-1.487647,0.27452034,-0.57675815
9,38,0.9935286,-0.49326777,-4.615423,-1.4868574,0.2748499,-0.5777369
9,39,0.99357486,-0.49318373,-4.612835,-1.4871411,0.2751794,-0.5787133
9,40,0.9934578,-0.49327505,-4.6136026,-1.4874258,0.2755088,-0.57968736
9,41,0.9933984,-0.49318618,-4.6127644,-1.4873729,0.27583814,-0.58065903
9,42,0.9933574,-0.49333507,-4.6118107,-1.4879398,0.27616742,-0.5816283
9,43,0.993104,-0.49332643,-4.6132526,-1.4878922,0.27649662,-0.58259517
9,44,0.9931953,-0.49342436,-4.607177,-1.4884596,0.2768258,-0.58355963
9,45,0.9930835,-0.49332154,-4.6140633,-1.48807,0.27715483,-0.5845217
9,46,0.9930217,-0.49347597,-4.610121,-1.4890318,0.27748385,-0.58548135
9,47,0.9928644,-0.4933172,-4.614418,-1.4878945,0.27781278,-0.58643854
9,48,0.9927914,-0.49348986,-4.611923,-1.4887824,0.27814162,-0.5873933
9,49,0.9927609,-0.49339902,-4.614089,-1.4878874,0.27847043,-0.5883456
9,50,0.99284697,-0.4935497,-4.6124306,-1.489182,0.27879915,-0.58929545
9,51,0.99275994,-0.49356925,-4.6111193,-1.4883933,0.27912778,-0.5902428
9,52,0.99255466,-0.49356103,-4.6128883,-1.4895067,0.27945638,-0.5911877
9,53,0.99261594,-0.49375397,-4.60841,-1.489192,0.2797849,-0.5921301
9,54,0.9923358,-0.49368447,-4.613887,-1.4894013,0.2801133,-0.59307003
9,55,0.9923036,-0.49383295,-4.6104527,-1.4897523,0.28044167,-0.59400743
9,56,0.9921212,-0.4938178,-4.611533,-1.4892983,0.28076997,-0.59494233
9,57,0.9922607,-0.49403477,-4.6124268,-1.4895625,0.2810982,-0.5958747
9,58,0.9922962,-0.49393117,-4.611677,-1.4894819,0.28142634,-0.5968045
9,59,0.9921894,-0.4940725,-4.6137047,-1.4895635,0.2817544,-0.5977318
9,60,0.9921787,-0.49390483,-4.609434,-1.4896536,0.2820824,-0.59865654
9,61,0.9919894,-0.49396288,-4.6149826,-1.4898539,0.28241032,-0.59957874
9,62,0.9917047,-0.493949,-4.6117115,-1.4896588,0.28273818,-0.6004983
9,63,0.9918139,-0.4940601,-4.612155,-1.489871,0.28306594,-0.60141534
9,64,0.99155784,-0.49393058,-4.6133766,-1.4900022,0.28339365,-0.6023298
9,65,0.99172044,-0.49426568,-4.6117954,-1.4905891,0.28372127,-0.60324156
9,66,0.9916115,-0.49402905,-4.6138687,-1.4901204,0.28404883,-0.60415083
9,67,0.9916146,-0.49442345,-4.607892,-1.4906435,0.2843763,-0.6050574
9,68,0.99164176,-0.49419576,-4.6105766,-1.4907155,0.2847037,-0.6059614
9,69,0.9914963,-0.49423897,-4.608037,-1.4913101,0.28503102,-0.6068627
9,70,0.9914279,-0.49442673,-4.609974,-1.4917946,0.28535825,-0.60776144
9,71,0.9913564,-0.49431384,-4.612152,-1.4911876,0.28568542,-0.6086575
9,72,0.9912131,-0.49433053,-4.610138,-1.492013,0.28601253,-0.6095509
9,73,0.9912121,-0.49452204,-4.6117353,-1.4913635,0.28633952,-0.6104416
9,74,0.9911022,-0.4945354,-4.6106033,-1.4913254,0.28666645,-0.6113297
9,75,0.9910314,-0.49464726,-4.612461,-1.4916196,0.2869933,-0.612215
9,76,0.99107623,-0.49463582,-4.6107826,-1.4913306,0.28732008,-0.61309767
9,77,0.9909289,-0.4947508,-4.6106167,-1.4921365,0.28764677,-0.6139776
9,78,0.99094224,-0.4946859,-4.610283,-1.4922686,0.28797337,-0.6148548
9,79,0.99078226,-0.4947394,-4.610424,-1.4925828,0.2882999,-0.61572933
9,80,0.9906688,-0.49471653,-4.6097317,-1.4923978,0.28862634,-0.6166011
9,81,0.9906287,-0.49471146,-4.6103764,-1.4922957,0.28895268,-0.61747015
9,82,0.9904139,-0.4948876,-4.609112,-1.4928222,0.28927895,-0.61833644
9,83,0.9905102,-0.49481332,-4.6101,-1.4927592,0.28960517,-0.61919993
9,84,0.99038696,-0.49501234,-4.6058407,-1.493288,0.28993127,-0.6200607
9,85,0.9903729,-0.495027,-4.6090183,-1.4933066,0.29025728,-0.6209187
9,86,0.9902451,-0.4950623,-4.609415,-1.493381,0.29058322,-0.62177384
9,87,0.9902525,-0.49517637,-4.6079636,-1.4935317,0.29090908,-0.62262625
9,88,0.9901612,-0.4951598,-4.6145554,-1.4940953,0.29123482,-0.62347585
9,89,0.9900582,-0.4952774,-4.607666,-1.4938245,0.2915605,-0.6243226
9,90,0.9899578,-0.49520993,-4.6095924,-1.4942255,0.2918861,-0.62516654
9,91,0.9899211,-0.49533385,-4.610216,-1.4944057,0.2922116,-0.6260077
9,92,0.9897475,-0.49515516,-4.6108837,-1.4946923,0.29253697,-0.62684596
9,93,0.9897909,-0.4954083,-4.6089954,-1.4948344,0.2928623,-0.6276814
9,94,0.98980165,-0.4951499,-4.6100044,-1.4951377,0.29318753,-0.62851393
9,95,0.989593,-0.4954571,-4.6074753,-1.4952817,0.29351264,-0.6293437
9,96,0.9896996,-0.49536574,-4.608404,-1.495029,0.2938377,-0.6301705
9,97,0.9894593,-0.49546397,-4.611126,-1.495583,0.29416263,-0.63099444
9,98,0.9894302,-0.49555826,-4.607421,-1.4949026,0.29448748,-0.6318155
9,99,0.989367,-0.49548256,-4.608988,-1.4958544,0.29481223,-0.6326337
9,100,0.98925304,-0.4956032,-4.6083317,-1.4952846,0.2951369,-0.6334489
9,101,0.9892597,-0.49569464,-4.60748,-1.4960036,0.29546148,-0.63426125
9,102,0.9890709,-0.4955908,-4.5975647,-1.49688,0.29578593,-0.6350707
9,103,0.9890995,-0.4957515,-4.6095734,-1.4960265,0.2961103,-0.63587713
9,104,0.98885775,-0.49568295,-4.604397,-1.4962144,0.29643455,-0.63668066
9,105,0.9889593,-0.49568403,-4.6089363,-1.4954605,0.29675874,-0.6374812
9,106,0.98876786,-0.49585402,-4.609211,-1.4958968,0.29708278,-0.63827884
9,107,0.9888065,-0.49579054,-4.607855,-1.495584,0.29740676,-0.6390735
9,108,0.98882604,-0.49597293,-4.6108,-1.4962339,0.29773062,-0.63986516
9,109,0.98863983,-0.4957896,-4.6079054,-1.4963698,0.29805437,-0.6406538
9,110,0.9887326,-0.4960342,-4.6110115,-1.4967694,0.29837802,-0.6414395
9,111,0.9885392,-0.4958433,-4.608471,-1.4970345,0.29870158,-0.64222217
9,112,0.98839617,-0.49623334,-4.608797,-1.4968781,0.29902503,-0.64300185
9,113,0.98846436,-0.49602425,-4.6084795,-1.4970536,0.29934835,-0.6437785
9,114,0.98826385,-0.49626708,-4.6100883,-1.497232,0.2996716,-0.6445521
9,115,0.98817635,-0.49624377,-4.6115,-1.4976339,0.2999947,-0.6453227
9,116,0.9881878,-0.49623698,-4.6086617,-1.4977546,0.3003177,-0.6460902
9,117,0.9879606,-0.49637175,-4.6065617,-1.498177,0.3006406,-0.64685464
9,118,0.9880967,-0.49624944,-4.6072464,-1.4981923,0.30096337,-0.6476161
9,119,0.9880924,-0.49640203,-4.602007,-1.4986091,0.30128607,-0.64837444
9,120,0.9880059,-0.4964339,-4.609886,-1.4980202,0.30160862,-0.6491297
9,121,0.9877529,-0.49645633,-4.6068516,-1.498857,0.30193105,-0.64988184
9,122,0.987875,-0.4966004,-4.6071625,-1.4984336,0.3022534,-0.6506309
9,123,0.9875617,-0.496567,-4.608922,-1.4987173,0.3025756,-0.6513769
9,124,0.98775196,-0.49668086,-4.6065407,-1.4988322,0.3028977,-0.65211976
9,125,0.98760533,-0.49680293,-4.6075554,-1.4995894,0.30321965,-0.65285945
9,126,0.9874935,-0.49664444,-4.6064625,-1.4992666,0.3035415,-0.6535961
9,127,0.98757815,-0.49688816,-4.6067123,-1.4997606,0.30386323,-0.65432954
9,128,0.98740363,-0.49682957,-4.606498,-1.4996829,0.30418482,-0.6550599
9,129,0.9873133,-0.4968375,-4.605932,-1.5001588,0.3045063,-0.65578705
9,130,0.9872763,-0.49690562,-4.6066284,-1.5001473,0.30482766,-0.656511
9,131,0.98704076,-0.4970827,-4.605587,-1.5006285,0.3051489,-0.65723187
9,132,0.98710513,-0.4968233,-4.6103497,-1.5005059,0.30547002,-0.6579495
9,133,0.9870336,-0.49704683,-4.6081514,-1.5007038,0.305791,-0.658664
9,134,0.98696184,-0.49677986,-4.609127,-1.5007463,0.3061118,-0.65937525
9,135,0.98701334,-0.49702084,-4.61187,-1.5006309,0.30643255,-0.6600833
9,136,0.98689437,-0.4968723,-4.604368,-1.5010343,0.30675313,-0.6607881
9,137,0.9868338,-0.49710268,-4.609255,-1.4998527,0.30707356,-0.6614898
9,138,0.9867654,-0.49699253,-4.606737,-1.5007024,0.30739388,-0.6621882
9,139,0.9866245,-0.49718595,-4.606756,-1.4994402,0.30771405,-0.66288334
9,140,0.98652434,-0.49719542,-4.6078243,-1.5010538,0.3080341,-0.66357523
9,141,0.98643565,-0.49734277,-4.6067543,-1.4997458,0.308354,-0.6642639
9,142,0.9864416,-0.49731606,-4.612362,-1.5014462,0.30867377,-0.6649493
9,143,0.9863055,-0.4974109,-4.6067038,-1.5005393,0.30899337,-0.6656315
9,144,0.9863968,-0.49728787,-4.6112175,-1.5011773,0.30931285,-0.6663103
9,145,0.9863477,-0.4974044,-4.606283,-1.5012546,0.30963218,-0.66698587
9,146,0.9862914,-0.49728835,-4.609459,-1.5013747,0.3099514,-0.66765815
9,147,0.98614,-0.49744076,-4.606634,-1.5016098,0.31027043,-0.66832715
9,148,0.9861367,-0.49740684,-4.6023426,-1.5015306,0.3105893,-0.6689928
9,149,0.98602176,-0.49772108,-4.6081944,-1.501349,0.31090808,-0.66965514
9,150,0.9858744,-0.49752474,-4.610445,-1.5019855,0.31122667,-0.6703142
9,151,0.98593116,-0.49778354,-4.609171,-1.5018425,0.3115451,-0.6709699
9,152,0.9856851,-0.49766403,-4.603958,-1.5025,0.3118634,-0.6716223
9,153,0.9855807,-0.49785608,-4.6073017,-1.5016618,0.31218153,-0.67227125
9,154,0.9857378,-0.49783158,-4.604801,-1.5029707,0.3124995,-0.67291695
9,155,0.98546267,-0.4979713,-4.606674,-1.5022979,0.31281734,-0.6735592
9,156,0.98563933,-0.4979421,-4.60548,-1.5028701,0.31313497,-0.67419815
9,157,0.9853835,-0.49802226,-4.6072693,-1.5020728,0.31345248,-0.67483366
9,158,0.9853234,-0.49791884,-4.605034,-1.5033455,0.31376982,-0.6754658
9,159,0.9853275,-0.49805343,-4.6050835,-1.5024343,0.314087,-0.6760946
9,160,0.9853122,-0.49806136,-4.605385,-1.5036387,0.314404,-0.6767199
9,161,0.985131,-0.4981721,-4.6050415,-1.5031929,0.31472084,-0.6773419
9,162,0.98515296,-0.49820936,-4.605647,-1.5036287,0.31503752,-0.6779604
9,163,0.9848974,-0.49828827,-4.605318,-1.5041671,0.31535402,-0.6785755
9,164,0.9850731,-0.49826956,-4.6057396,-1.5040874,0.31567034,-0.6791872
9,165,0.98468566,-0.4983974,-4.6060467,-1.5043874,0.31598648,-0.6797954
9,166,0.9849796,-0.4983629,-4.60548,-1.5045443,0.31630248,-0.68040013
9,167,0.9844897,-0.4983375,-4.6086016,-1.5050673,0.3166183,-0.6810015
9,168,0.9847088,-0.49850398,-4.6055403,-1.5047655,0.3169339,-0.6815993
9,169,0.9842737,-0.49855793,-4.6046658,-1.5053563,0.31724936,-0.6821937
9,170,0.98459125,-0.4984101,-4.603775,-1.5059562,0.3175646,-0.6827846
9,171,0.9843583,-0.49864477,-4.6003437,-1.5055895,0.3178797,-0.683372
9,172,0.9844785,-0.4984315,-4.603365,-1.506794,0.3181946,-0.68395597
9,173,0.9841287,-0.49870634,-4.603159,-1.5058799,0.3185093,-0.6845364
9,174,0.9842291,-0.49852943,-4.6054163,-1.5071759,0.3188238,-0.6851133
9,175,0.9840119,-0.49878997,-4.606756,-1.5058236,0.31913817,-0.6856867
9,176,0.98411727,-0.49866688,-4.607111,-1.5077844,0.3194523,-0.6862566
9,177,0.9838836,-0.49891853,-4.604439,-1.5057201,0.31976625,-0.6868229
9,178,0.9840262,-0.49878758,-4.598563,-1.5071645,0.32007998,-0.68738574
9,179,0.983865,-0.49890685,-4.6032686,-1.5062914,0.32039353,-0.68794495
9,180,0.98392844,-0.49890542,-4.602453,-1.5054369,0.3207069,-0.6885007
9,181,0.9838071,-0.49886763,-4.604519,-1.5063286,0.32102004,-0.6890528
9,182,0.98376226,-0.49898458,-4.6040936,-1.5053883,0.321333,-0.6896014
9,183,0.98369765,-0.49901527,-4.6065216,-1.5063558,0.32164574,-0.6901464
9,184,0.98357916,-0.49896187,-4.6078186,-1.505815,0.32195827,-0.69068784
9,185,0.9834635,-0.49922985,-4.6041927,-1.5069957,0.3222706,-0.69122565
9,186,0.98345566,-0.49901092,-4.608715,-1.5062966,0.32258272,-0.6917599
9,187,0.98315835,-0.4992395,-4.6017113,-1.5073204,0.32289463,-0.6922905
9,188,0.98334646,-0.4991396,-4.605357,-1.5069351,0.32320634,-0.6928175
9,189,0.98290753,-0.49930966,-4.600814,-1.5085616,0.32351783,-0.6933409
9,190,0.9832375,-0.49929202,-4.603533,-1.507957,0.32382908,-0.6938607
9,191,0.98286843,-0.49939066,-4.598835,-1.5091887,0.32414013,-0.6943768
9,192,0.98306155,-0.4994436,-4.6063433,-1.5084939,0.32445094,-0.6948893
9,193,0.98263144,-0.49940765,-4.6004343,-1.5078964,0.32476154,-0.69539815
9,194,0.9829035,-0.49946868,-4.6096954,-1.5083747,0.3250719,-0.69590336
9,195,0.982744,-0.49961835,-4.600808,-1.5078502,0.32538205,-0.6964049
9,196,0.98277044,-0.49960625,-4.6056232,-1.5091615,0.32569197,-0.69690275
9,197,0.9824259,-0.49959582,-4.6053467,-1.5089946,0.32600164,-0.69739693
9,198,0.98262835,-0.49965394,-4.6050777,-1.5095086,0.32631108,-0.6978875
9,199,0.9824767,-0.4996571,-4.6005535,-1.5095215,0.32662028,-0.6983743
9,200,0.9824643,-0.4997204,-4.6041794,-1.509624,0.32692927,-0.6988574
9,201,0.9824679,-0.4998504,-4.6018257,-1.5097661,0.327238,-0.6993368
9,202,0.98244524,-0.49978316,-4.602543,-1.5097871,0.32754648,-0.69981253
9,203,0.9822297,-0.49997348,-4.603297,-1.5096984,0.32785472,-0.70028454
9,204,0.9823153,-0.4999025,-4.6018505,-1.5100422,0.32816273,-0.7007528
9,205,0.98210764,-0.5000246,-4.5983944,-1.5097742,0.3284705,-0.70121735
9,206,0.982111,-0.50007296,-4.601652,-1.5099916,0.328778,-0.70167816
9,207,0.98189664,-0.5001593,-4.605217,-1.5098968,0.32908523,-0.7021352
9,208,0.9819186,-0.5000455,-4.6015453,-1.5106359,0.32939222,-0.7025885
9,209,0.981853,-0.5002404,-4.6026115,-1.5100837,0.32969895,-0.7030381
9,210,0.981657,-0.50007296,-4.6014595,-1.5112357,0.33000544,-0.7034839
9,211,0.98164344,-0.50036013,-4.602151,-1.5103569,0.33031166,-0.7039259
9,212,0.9814601,-0.50027657,-4.60161,-1.5113144,0.3306176,-0.7043641
9,213,0.9814868,-0.5004974,-4.6019077,-1.5104804,0.3309233,-0.7047986
9,214,0.9814892,-0.5003751,-4.601862,-1.5115166,0.3312287,-0.7052292
9,215,0.98133445,-0.50058615,-4.604164,-1.5108905,0.33153385,-0.7056561
9,216,0.9815078,-0.5003926,-4.6022263,-1.5120568,0.3318387,-0.7060792
9,217,0.9813068,-0.50068134,-4.606941,-1.5111856,0.3321433,-0.70649844
9,218,0.98145366,-0.50042164,-4.6033487,-1.5119886,0.33244762,-0.7069138
9,219,0.9812336,-0.5007105,-4.6041555,-1.5111475,0.33275166,-0.70732546
9,220,0.9812176,-0.50070345,-4.6040726,-1.5118289,0.3330554,-0.7077332
9,221,0.9811318,-0.50077903,-4.603922,-1.5118475,0.33335888,-0.70813715
9,222,0.98099375,-0.5007511,-4.6030607,-1.5122685,0.33366206,-0.7085373
9,223,0.9810765,-0.5008169,-4.604187,-1.5122375,0.33396494,-0.70893353
9,224,0.9810016,-0.5007387,-4.6008177,-1.5126939,0.33426756,-0.7093259
9,225,0.9810009,-0.5009047,-4.603361,-1.5124106,0.33456987,-0.7097145
9,226,0.98077536,-0.5008382,-4.5987806,-1.5132599,0.33487186,-0.7100991
9,227,0.9808612,-0.5010203,-4.602459,-1.5126004,0.33517358,-0.7104799
9,228,0.98066163,-0.50101244,-4.6041384,-1.5139813,0.335475,-0.7108568
9,229,0.98058796,-0.5010487,-4.6012344,-1.5142608,0.3357761,-0.71122986
9,230,0.98069096,-0.5011379,-4.600872,-1.5144544,0.3360769,-0.71159893
9,231,0.9805,-0.50105655,-4.6009903,-1.5157542,0.33637738,-0.7119642
9,232,0.9802244,-0.5011716,-4.5972204,-1.5145984,0.33667755,-0.7123255
9,233,0.980464,-0.5011257,-4.6014967,-1.5151339,0.33697742,-0.7126829
9,234,0.98014283,-0.5012119,-4.600458,-1.5144796,0.33727697,-0.7130364
9,235,0.9803655,-0.50123614,-4.6038523,-1.5141253,0.33757618,-0.71338594
9,236,0.98019814,-0.5014328,-4.6008377,-1.5141759,0.3378751,-0.7137316
9,237,0.98024774,-0.5013964,-4.6028557,-1.5140634,0.33817366,-0.7140733
9,238,0.98020196,-0.5014528,-4.6038513,-1.5140014,0.33847192,-0.714411
9,239,0.9800353,-0.50149006,-4.6026745,-1.5142217,0.33876985,-0.71474487
9,240,0.97988486,-0.50154704,-4.602331,-1.5159225,0.33906743,-0.7150747
9,241,0.9797151,-0.50162065,-4.602806,-1.5143185,0.33936468,-0.7154006
9,242,0.97967696,-0.50167257,-4.603037,-1.5137696,0.3396616,-0.7157225
9,243,0.9796436,-0.5017263,-4.6001415,-1.5153127,0.3399582,-0.71604043
9,244,0.97943354,-0.5017665,-4.6041317,-1.5144196,0.34025443,-0.7163544
9,245,0.979583,-0.50180846,-4.598871,-1.5151958,0.3405503,-0.7166644
9,246,0.979331,-0.50188446,-4.6016235,-1.5151696,0.34084585,-0.7169704
9,247,0.97931695,-0.5018993,-4.602373,-1.5152812,0.34114102,-0.71727234
9,248,0.9792783,-0.50209135,-4.604206,-1.5142102,0.34143585,-0.71757036
9,249,0.97914577,-0.50201637,-4.595026,-1.5154195,0.34173033,-0.71786433
9,250,0.97898316,-0.5022196,-4.600857,-1.5148053,0.34202445,-0.7181543
9,251,0.9791055,-0.50214726,-4.603281,-1.5155087,0.3423182,-0.71844023
9,252,0.97878337,-0.50223935,-4.59921,-1.514852,0.3426116,-0.71872216
9,253,0.97913194,-0.5022661,-4.600357,-1.5155678,0.34290463,-0.7190001
9,254,0.9787388,-0.5022269,-4.6039457,-1.515121,0.3431973,-0.7192739
9,255,0.97878575,-0.5024816,-4.5971336,-1.5160389,0.34348956,-0.71954376
9,256,0.9786618,-0.5023972,-4.6035156,-1.5154829,0.34378144,-0.71980953
9,257,0.9787102,-0.50260574,-4.602602,-1.5165744,0.34407297,-0.7200712
9,258,0.97841763,-0.5025678,-4.5990715,-1.5163679,0.3443641,-0.72032887
9,259,0.97867036,-0.5025974,-4.604021,-1.5171852,0.34465486,-0.7205825
9,260,0.97833896,-0.5025924,-4.602659,-1.5165195,0.34494522,-0.720832
9,261,0.97850895,-0.50284016,-4.6000805,-1.517797,0.3452352,-0.7210774
9,262,0.9782584,-0.5026204,-4.5991488,-1.5172105,0.3455248,-0.7213188
9,263,0.97843075,-0.50288194,-4.60153,-1.5187607,0.345814,-0.72155607
9,264,0.97821426,-0.5026725,-4.5989876,-1.5175171,0.34610277,-0.72178924
9,265,0.9783025,-0.5029641,-4.597843,-1.5187626,0.34639114,-0.7220183
9,266,0.97814155,-0.5027014,-4.603611,-1.5177264,0.34667912,-0.72224325
9,267,0.9781654,-0.5031055,-4.5971813,-1.5188127,0.34696668,-0.72246414
9,268,0.97801256,-0.5028117,-4.5984535,-1.517715,0.34725386,-0.7226809
9,269,0.97810864,-0.50319946,-4.6014633,-1.518641,0.3475406,-0.72289354
9,270,0.977756,-0.5030523,-4.596568,-1.5172343,0.34782693,-0.72310203
9,271,0.9778135,-0.5031574,-4.5989923,-1.5191383,0.34811282,-0.7233064
9,272,0.97772956,-0.5031124,-4.5919247,-1.5181751,0.3483983,-0.7235067
9,273,0.9777751,-0.50336397,-4.59822,-1.5195193,0.34868336,-0.7237028
9,274,0.9775963,-0.5032191,-4.594387,-1.518785,0.34896797,-0.7238948
9,275,0.9775386,-0.5033328,-4.595069,-1.5198884,0.34925216,-0.7240825
9,276,0.9773772,-0.5033932,-4.597702,-1.5193567,0.3495359,-0.72426623
9,277,0.97755504,-0.5034432,-4.5975,-1.5199952,0.34981924,-0.7244457
9,278,0.9772036,-0.5034434,-4.6001034,-1.519815,0.3501021,-0.72462106
9,279,0.9774487,-0.5035591,-4.5998936,-1.5200553,0.35038453,-0.7247922
9,280,0.9771621,-0.5034994,-4.598938,-1.5202842,0.3506665,-0.7249592
9,281,0.97738576,-0.50362456,-4.6024513,-1.5205607,0.35094804,-0.725122
9,282,0.9770653,-0.5036486,-4.59746,-1.5203834,0.3512291,-0.7252806
9,283,0.9770565,-0.50371325,-4.600828,-1.5202999,0.35150972,-0.725435
9,284,0.9769404,-0.50383157,-4.5975475,-1.5203362,0.35178986,-0.7255853
9,285,0.9769292,-0.50382173,-4.599229,-1.5207253,0.35206953,-0.7257313
9,286,0.9768479,-0.5039808,-4.598033,-1.5208983,0.35234874,-0.7258731
9,287,0.9770336,-0.503813,-4.598284,-1.52109,0.3526275,-0.72601074
9,288,0.9765065,-0.5039676,-4.597414,-1.5214334,0.35290575,-0.72614413
9,289,0.9768677,-0.50397974,-4.5987473,-1.5210376,0.35318357,-0.72627336
9,290,0.976485,-0.5041088,-4.596532,-1.5218043,0.35346085,-0.7263983
9,291,0.9766469,-0.50415754,-4.601021,-1.521173,0.35373768,-0.72651905
9,292,0.9764292,-0.50425124,-4.597748,-1.5218263,0.354014,-0.7266355
9,293,0.9765413,-0.5042988,-4.6030655,-1.521368,0.35428986,-0.72674775
9,294,0.9762881,-0.5043409,-4.597682,-1.5219121,0.3545652,-0.7268558
9,295,0.97626853,-0.50420785,-4.5999756,-1.5217848,0.35484007,-0.7269596
9,296,0.9761083,-0.5044156,-4.598839,-1.5220904,0.35511443,-0.72705907
9,297,0.9763515,-0.50429434,-4.5976353,-1.5216508,0.35538825,-0.7271544
9,298,0.97604847,-0.50457644,-4.5991106,-1.5228014,0.3556616,-0.72724533
9,299,0.9762509,-0.5045884,-4.6052704,-1.5223861,0.3559344,-0.72733206
9,300,0.9759004,-0.50464034,-4.599719,-1.5228176,0.35620674,-0.72741455
9,301,0.9760232,-0.504655,-4.599969,-1.5230126,0.3564785,-0.72749275
9,302,0.97569966,-0.50472677,-4.59997,-1.523108,0.3567498,-0.72756666
9,303,0.97584987,-0.50478005,-4.598078,-1.5240121,0.35702053,-0.7276363
9,304,0.97559786,-0.5049336,-4.5949078,-1.5254946,0.35729074,-0.7277016
9,305,0.9759362,-0.5048432,-4.599538,-1.5247092,0.35756043,-0.72776264
9,306,0.9756012,-0.50487185,-4.5979404,-1.5253377,0.35782957,-0.72781944
9,307,0.9758482,-0.50495744,-4.5992565,-1.524579,0.35809818,-0.7278719
9,308,0.9755089,-0.50500536,-4.594471,-1.5251975,0.35836622,-0.72792
9,309,0.9757333,-0.50514877,-4.5973034,-1.5249867,0.35863376,-0.72796386
9,310,0.9753015,-0.5051767,-4.595723,-1.5250211,0.35890073,-0.7280034
9,311,0.9753692,-0.5053235,-4.5955563,-1.5247111,0.35916713,-0.7280386
9,312,0.9751961,-0.50523317,-4.597349,-1.5248218,0.35943297,-0.7280695
9,313,0.975245,-0.5053218,-4.597335,-1.525075,0.35969827,-0.72809607
9,314,0.97517705,-0.50531393,-4.5969114,-1.5245595,0.359963,-0.7281183
9,315,0.97507215,-0.5052391,-4.5936975,-1.5253553,0.36022714,-0.7281362
9,316,0.9749186,-0.50535727,-4.596982,-1.5243244,0.36049074,-0.7281498
9,317,0.97503805,-0.5053408,-4.599064,-1.5256758,0.36075374,-0.728159
9,318,0.9748397,-0.50539476,-4.5989103,-1.5252347,0.36101618,-0.72816384
9,319,0.9748213,-0.5055038,-4.599288,-1.5262446,0.36127803,-0.7281644
9,320,0.97467875,-0.50553095,-4.597372,-1.526535,0.36153927,-0.72816056
9,321,0.9746473,-0.5056816,-4.5991974,-1.5270228,0.36179996,-0.7281524
9,322,0.974504,-0.5057214,-4.5949583,-1.5268106,0.36206,-0.7281399
9,323,0.9745083,-0.50578886,-4.5976267,-1.5276308,0.3623195,-0.72812295
9,324,0.974396,-0.50581646,-4.593934,-1.5267005,0.36257836,-0.7281017
9,325,0.97443557,-0.5058427,-4.596445,-1.5282602,0.36283663,-0.72807604
9,326,0.97438884,-0.50588936,-4.5924463,-1.5268173,0.3630943,-0.728046
9,327,0.9743037,-0.50591236,-4.598995,-1.5279555,0.36335135,-0.7280116
9,328,0.97437286,-0.50599575,-4.5970745,-1.5270352,0.36360776,-0.7279728
9,329,0.9741976,-0.5059525,-4.601428,-1.5275321,0.3638636,-0.72792965
9,330,0.9741905,-0.50606745,-4.5989294,-1.5274191,0.36411875,-0.7278821
9,331,0.97412705,-0.5060873,-4.600151,-1.5273571,0.36437333,-0.7278302
9,332,0.97400475,-0.50617826,-4.5974646,-1.528141,0.36462724,-0.7277738
9,333,0.97394776,-0.50628453,-4.5994587,-1.5279393,0.36488053,-0.72771305
9,334,0.9739096,-0.5063447,-4.5971546,-1.5288281,0.36513317,-0.7276479
9,335,0.9739244,-0.5064116,-4.598378,-1.5285039,0.36538517,-0.72757834
9,336,0.9737618,-0.5064637,-4.598398,-1.5293927,0.36563653,-0.7275044
9,337,0.9737704,-0.50645965,-4.596674,-1.5292773,0.36588722,-0.727426
9,338,0.9736583,-0.5065218,-4.5975237,-1.5294108,0.3661373,-0.72734314
9,339,0.9735091,-0.5065101,-4.5946283,-1.529697,0.36638668,-0.72725594
9,340,0.9735935,-0.5065583,-4.5962677,-1.5291414,0.36663538,-0.72716427
9,341,0.9733689,-0.50659895,-4.594717,-1.5296273,0.36688346,-0.7270682
9,342,0.97352004,-0.50665784,-4.5953293,-1.528964,0.36713085,-0.7269677
9,343,0.9733193,-0.5067893,-4.5965223,-1.5295277,0.36737755,-0.7268628
9,344,0.9733579,-0.50683206,-4.5946198,-1.5291724,0.36762357,-0.72675335
9,345,0.97317266,-0.50693816,-4.5985527,-1.5296888,0.36786893,-0.72663957
9,346,0.97315574,-0.5069928,-4.5949497,-1.5303807,0.36811358,-0.7265213
9,347,0.9728694,-0.5069624,-4.5911045,-1.5305934,0.36835754,-0.7263986
9,348,0.9728527,-0.507129,-4.5956182,-1.5311003,0.36860082,-0.72627145
9,349,0.9728377,-0.5069257,-4.5976677,-1.5310912,0.36884338,-0.72613984
9,350,0.97282577,-0.5071603,-4.5959578,-1.530808,0.36908525,-0.72600377
9,351,0.9726927,-0.5070146,-4.594717,-1.5307446,0.3693264,-0.7258632
9,352,0.97276044,-0.50727063,-4.596285,-1.5303984,0.36956686,-0.72571826
9,353,0.97249603,-0.5071573,-4.593422,-1.5309267,0.3698066,-0.7255688
9,354,0.97255015,-0.50746924,-4.5966053,-1.5307117,0.3700456,-0.7254149
9,355,0.97230077,-0.5073173,-4.5946665,-1.5314946,0.3702839,-0.7252565
9,356,0.9723289,-0.50756115,-4.593711,-1.5314832,0.37052146,-0.7250936
9,357,0.97231746,-0.50747,-4.5941772,-1.5324402,0.3707583,-0.7249263
9,358,0.9721973,-0.5075241,-4.596936,-1.5321174,0.3709944,-0.72475445
9,359,0.972276,-0.5075312,-4.593874,-1.5323825,0.37122974,-0.7245782
9,360,0.97216916,-0.50750524,-4.5926247,-1.5328083,0.37146434,-0.7243974
9,361,0.97226596,-0.5075541,-4.5936832,-1.5325179,0.37169817,-0.72421217
9,362,0.972029,-0.5079289,-4.595482,-1.5327382,0.37193128,-0.7240224
9,363,0.9720371,-0.5077904,-4.5943213,-1.5325856,0.37216362,-0.72382814
9,364,0.97180533,-0.5077237,-4.5958223,-1.532815,0.37239522,-0.7236294
9,365,0.97190213,-0.5080377,-4.596424,-1.5328655,0.37262604,-0.72342616
9,366,0.971637,-0.50790805,-4.593706,-1.5329261,0.37285608,-0.72321844
9,367,0.9718909,-0.5081296,-4.5964193,-1.5327387,0.37308535,-0.7230062
9,368,0.97165275,-0.5082172,-4.5943985,-1.5323939,0.37331384,-0.72278947
9,369,0.9717963,-0.5081652,-4.5956497,-1.5328088,0.37354153,-0.7225682
9,370,0.9714086,-0.50827974,-4.59719,-1.5324492,0.37376845,-0.7223425
9,371,0.9715173,-0.50815606,-4.59548,-1.5333762,0.3739946,-0.7221122
9,372,0.97139597,-0.50836205,-4.5965576,-1.532929,0.37421992,-0.72187746
9,373,0.9715357,-0.50824034,-4.595441,-1.5335965,0.37444445,-0.72163814
9,374,0.9713149,-0.5085339,-4.593979,-1.5335145,0.37466818,-0.7213943
9,375,0.9712627,-0.50842327,-4.594471,-1.5337534,0.3748911,-0.721146
9,376,0.971061,-0.5085676,-4.593418,-1.5344777,0.37511322,-0.72089314
9,377,0.9709921,-0.5086392,-4.5935345,-1.5343609,0.3753345,-0.7206358
9,378,0.97086763,-0.5085954,-4.5929375,-1.5352745,0.37555495,-0.72037387
9,379,0.97084904,-0.5087888,-4.5939713,-1.5347648,0.3757746,-0.72010744
9,380,0.9708648,-0.50872695,-4.592307,-1.5356779,0.3759934,-0.7198365
9,381,0.9707942,-0.5088322,-4.5942707,-1.5349994,0.37621137,-0.719561
9,382,0.97078204,-0.5088872,-4.590727,-1.5359607,0.3764285,-0.71928096
9,383,0.970808,-0.50897175,-4.594324,-1.5353274,0.3766448,-0.7189964
9,384,0.97071433,-0.5089759,-4.5917625,-1.5362186,0.37686023,-0.71870726
9,385,0.97075963,-0.50904804,-4.593981,-1.5353785,0.3770748,-0.71841365
9,386,0.97056913,-0.50922006,-4.5927343,-1.5351233,0.37728855,-0.71811545
9,387,0.97057366,-0.5090784,-4.5932446,-1.5357976,0.3775014,-0.7178127
9,388,0.9704633,-0.50917476,-4.5918226,-1.5351043,0.3777134,-0.71750546
9,389,0.97037935,-0.50912803,-4.5929623,-1.5368228,0.37792453,-0.71719366
9,390,0.97036815,-0.50930625,-4.5913095,-1.5356259,0.3781348,-0.7168773
9,391,0.9701638,-0.5093265,-4.5933475,-1.5368781,0.37834415,-0.7165564
9,392,0.97008014,-0.5094946,-4.59359,-1.5361004,0.37855265,-0.71623087
9,393,0.97009325,-0.50948316,-4.5937557,-1.5365267,0.37876022,-0.71590084
9,394,0.97018313,-0.50951254,-4.5955496,-1.5371733,0.37896693,-0.7155663
9,395,0.9699788,-0.50965965,-4.5947113,-1.5368176,0.37917274,-0.7152271
9,396,0.9699583,-0.50965697,-4.589802,-1.5386562,0.37937763,-0.71488345
9,397,0.96988463,-0.5098917,-4.5941544,-1.5371809,0.37958163,-0.7145352
9,398,0.9697418,-0.50982195,-4.592765,-1.538691,0.3797847,-0.7141824
9,399,0.9696939,-0.51001436,-4.593321,-1.537972,0.37998688,-0.713825
9,400,0.96955895,-0.5098801,-4.594528,-1.538876,0.3801881,-0.713463
9,401,0.9695115,-0.50998217,-4.593007,-1.5386171,0.38038844,-0.7130965
9,402,0.9695349,-0.50997114,-4.593239,-1.539,0.38058782,-0.71272546
9,403,0.96936584,-0.50994086,-4.5941696,-1.5386972,0.38078627,-0.7123498
9,404,0.9693396,-0.5100539,-4.591049,-1.5390906,0.3809838,-0.71196955
9,405,0.96925163,-0.5099918,-4.5925503,-1.5392041,0.38118035,-0.7115848
9,406,0.9692743,-0.5101632,-4.589632,-1.5390086,0.38137597,-0.7111954
9,407,0.9691427,-0.5102149,-4.591036,-1.5388937,0.38157064,-0.7108015
9,408,0.969306,-0.51025486,-4.5925074,-1.5380301,0.38176435,-0.710403
9,409,0.96904826,-0.51039594,-4.583868,-1.5386767,0.38195708,-0.7099999
9,410,0.9692476,-0.5103672,-4.5956287,-1.537159,0.38214886,-0.7095923
9,411,0.969012,-0.51020765,-4.5905437,-1.539607,0.38233966,-0.70918
9,412,0.96895576,-0.51046443,-4.5884285,-1.538671,0.38252947,-0.7087632
9,413,0.9687755,-0.5101923,-4.590803,-1.5407119,0.38271832,-0.70834184
9,414,0.9689081,-0.5104673,-4.591749,-1.5394673,0.38290617,-0.70791584
9,415,0.9687698,-0.5104574,-4.593087,-1.5407462,0.38309303,-0.70748526
9,416,0.96870255,-0.51059175,-4.588932,-1.5403347,0.3832789,-0.70705014
9,417,0.96858096,-0.51067305,-4.5930004,-1.5407319,0.38346377,-0.70661044
9,418,0.9684129,-0.5108305,-4.588936,-1.5402403,0.38364762,-0.70616615
9,419,0.9683964,-0.5108156,-4.591134,-1.5405078,0.3838305,-0.7057172
9,420,0.9684539,-0.5108867,-4.589613,-1.5405283,0.3840123,-0.70526373
9,421,0.9682727,-0.51101273,-4.5922213,-1.5405312,0.38419312,-0.7048057
9,422,0.96810436,-0.5109877,-4.5905514,-1.5413656,0.38437292,-0.7043431
9,423,0.96832824,-0.51111376,-4.589939,-1.5406699,0.38455167,-0.70387584
9,424,0.9677079,-0.5110612,-4.590275,-1.5420156,0.3847294,-0.703404
9,425,0.96809316,-0.511186,-4.592058,-1.5409684,0.38490608,-0.7029276
9,426,0.96768117,-0.5111542,-4.590294,-1.5414853,0.3850817,-0.7024466
9,427,0.9678199,-0.5112584,-4.593857,-1.5412049,0.38525632,-0.701961
9,428,0.9676964,-0.51129603,-4.5901747,-1.5411191,0.38542986,-0.70147085
9,429,0.9676583,-0.5114022,-4.5912094,-1.541441,0.38560233,-0.7009761
9,430,0.9676504,-0.51147574,-4.590273,-1.5408869,0.38577375,-0.7004767
9,431,0.9674983,-0.5115636,-4.5892525,-1.5420127,0.38594407,-0.69997275
9,432,0.9676087,-0.51168585,-4.5934563,-1.541522,0.38611335,-0.6994642
9,433,0.96749353,-0.5117086,-4.590004,-1.542522,0.38628155,-0.69895107
9,434,0.9672446,-0.5116713,-4.593731,-1.5420609,0.38644865,-0.69843334
9,435,0.96731734,-0.5117258,-4.5906925,-1.5430331,0.38661468,-0.697911
9,436,0.9672313,-0.5117088,-4.592107,-1.54288,0.3867796,-0.6973841
9,437,0.9672191,-0.5119577,-4.5914097,-1.5435295,0.38694343,-0.6968526
9,438,0.96742463,-0.51184076,-4.590892,-1.5429392,0.38710615,-0.69631654
9,439,0.96716046,-0.5120326,-4.589216,-1.5436268,0.38726777,-0.69577587
9,440,0.96723247,-0.51196194,-4.589447,-1.5440536,0.38742828,-0.69523054
9,441,0.9670613,-0.5121589,-4.587055,-1.5440717,0.38758767,-0.6946807
9,442,0.96696424,-0.512079,-4.5840178,-1.5450835,0.38774592,-0.69412625
9,443,0.9670136,-0.5121854,-4.58918,-1.543899,0.38790306,-0.69356716
9,444,0.96706367,-0.51225543,-4.5915194,-1.5436778,0.38805908,-0.69300354
9,445,0.9668155,-0.51231956,-4.586899,-1.5436206,0.38821393,-0.69243526
9,446,0.9670248,-0.5123614,-4.590021,-1.5435205,0.38836765,-0.69186246
9,447,0.96655774,-0.5123757,-4.5816736,-1.5437813,0.38852024,-0.691285
9,448,0.96674585,-0.5123457,-4.5913258,-1.5438976,0.38867167,-0.690703
9,449,0.96649456,-0.51247764,-4.5878983,-1.5440001,0.38882193,-0.6901164
9,450,0.96650696,-0.51259935,-4.592662,-1.5445104,0.38897103,-0.6895252
9,451,0.9664991,-0.5125654,-4.589369,-1.5446744,0.38911894,-0.6889294
9,452,0.9663446,-0.51266193,-4.590742,-1.5450721,0.38926572,-0.688329
9,453,0.96636677,-0.51251924,-4.588505,-1.5445352,0.3894113,-0.68772405
9,454,0.9662516,-0.51282084,-4.5888786,-1.5455289,0.3895557,-0.6871145
9,455,0.9661901,-0.51252943,-4.587347,-1.5451236,0.3896989,-0.6865003
9,456,0.9661715,-0.51296777,-4.5892563,-1.5458708,0.38984093,-0.68588156
9,457,0.96595263,-0.5128801,-4.587573,-1.5451951,0.38998175,-0.6852582
9,458,0.9659219,-0.51299137,-4.5874853,-1.5460448,0.39012134,-0.68463033
9,459,0.9658916,-0.51291686,-4.588915,-1.545372,0.39025977,-0.6839978
9,460,0.9659798,-0.5131622,-4.5850105,-1.5460525,0.39039695,-0.6833607
9,461,0.9658544,-0.5130509,-4.590852,-1.5457015,0.39053294,-0.68271905
9,462,0.965816,-0.51314646,-4.5828733,-1.5459523,0.39066768,-0.68207276
9,463,0.96576333,-0.51319164,-4.5853443,-1.5455813,0.3908012,-0.68142194
9,464,0.9657223,-0.51340365,-4.588726,-1.5457711,0.39093348,-0.68076646
9,465,0.96562386,-0.5134415,-4.589447,-1.5451307,0.39106452,-0.68010646
9,466,0.9655974,-0.5134666,-4.59033,-1.5454874,0.39119434,-0.67944187
9,467,0.965642,-0.513588,-4.5865707,-1.5460196,0.39132288,-0.6787727
9,468,0.965286,-0.51353854,-4.591406,-1.5457773,0.3914502,-0.6780989
9,469,0.96540856,-0.51379335,-4.587471,-1.5464993,0.39157623,-0.67742056
9,470,0.9652102,-0.51370615,-4.5862684,-1.5463872,0.391701,-0.67673767
9,471,0.9652896,-0.5139309,-4.587864,-1.5467529,0.3918245,-0.6760502
9,472,0.9652202,-0.5138883,-4.586981,-1.547215,0.39194676,-0.6753581
9,473,0.96517277,-0.513984,-4.587098,-1.5468473,0.3920677,-0.67466146
9,474,0.9651356,-0.5140235,-4.588238,-1.5479102,0.39218736,-0.6739602
9,475,0.96507144,-0.5138954,-4.5868063,-1.5472598,0.39230573,-0.67325443
9,476,0.96497965,-0.5141063,-4.5850286,-1.5483775,0.39242283,-0.67254406
9,477,0.9649918,-0.5140423,-4.5865173,-1.547688,0.3925386,-0.6718291
9,478,0.9648478,-0.51418126,-4.5870705,-1.5484633,0.39265308,-0.6711096
9,479,0.96485114,-0.5143366,-4.5866833,-1.5484586,0.39276624,-0.67038554
9,480,0.96466017,-0.5142491,-4.5870323,-1.5484252,0.3928781,-0.6696569
9,481,0.96472764,-0.5144138,-4.587023,-1.5480704,0.3929886,-0.6689237
9,482,0.96465564,-0.51443607,-4.586445,-1.5487838,0.3930978,-0.6681859
9,483,0.964551,-0.51447994,-4.581625,-1.5477281,0.39320564,-0.6674436
9,484,0.9646218,-0.5146336,-4.5830145,-1.5498619,0.3933122,-0.66669667
9,485,0.96443963,-0.5147117,-4.588251,-1.5482817,0.39341736,-0.66594523
9,486,0.9643338,-0.5146073,-4.58535,-1.5494142,0.3935212,-0.6651892
9,487,0.96448874,-0.5146344,-4.5865345,-1.549109,0.39362368,-0.66442865
9,488,0.9640782,-0.5147691,-4.5880833,-1.5495915,0.3937248,-0.6636635
9,489,0.96416354,-0.5148285,-4.5856323,-1.5499754,0.39382455,-0.66289383
9,490,0.9641998,-0.51503754,-4.5904617,-1.5499358,0.39392295,-0.6621196
9,491,0.9640336,-0.51496375,-4.5847874,-1.5508089,0.39401996,-0.66134083
9,492,0.9640596,-0.5151529,-4.582631,-1.5507116,0.3941156,-0.6605575
9,493,0.963918,-0.5151753,-4.5831127,-1.5513015,0.39420986,-0.6597696
9,494,0.9638634,-0.51522166,-4.5891685,-1.551292,0.3943027,-0.6589772
9,495,0.96379685,-0.51536083,-4.582699,-1.5509005,0.3943942,-0.65818024
9,496,0.9637461,-0.51533467,-4.5868263,-1.551548,0.39448425,-0.65737873
9,497,0.963722,-0.5154843,-4.582717,-1.5513587,0.3945729,-0.65657264
9,498,0.96367764,-0.51551193,-4.5872364,-1.5518003,0.39466015,-0.6557621
9,499,0.9636862,-0.5156163,-4.58724,-1.5517254,0.39474598,-0.654947
9,500,0.9635527,-0.5156736,-4.585516,-1.551969,0.3948304,-0.6541273
9,501,0.963578,-0.5156388,-4.585829,-1.5517073,0.39491338,-0.65330315
9,502,0.9634657,-0.5158062,-4.58576,-1.5514827,0.39499494,-0.6524744
9,503,0.9633205,-0.5157769,-4.587555,-1.5520692,0.39507505,-0.6516412
9,504,0.9633527,-0.51590943,-4.586178,-1.5516696,0.39515373,-0.65080345
9,505,0.963284,-0.51594865,-4.5836315,-1.5522976,0.39523095,-0.6499611
9,506,0.9632342,-0.51605946,-4.587124,-1.551846,0.3953067,-0.6491143
9,507,0.9632652,-0.5161125,-4.5835867,-1.5525689,0.39538103,-0.648263
9,508,0.96305346,-0.51626456,-4.5874405,-1.5526543,0.39545387,-0.6474072
9,509,0.9630196,-0.51630557,-4.581274,-1.5531259,0.39552525,-0.6465468
9,510,0.96282864,-0.51630694,-4.585924,-1.5528126,0.39559516,-0.6456819
9,511,0.9627421,-0.51643586,-4.5817976,-1.553091,0.3956636,-0.6448126
9,512,0.96277666,-0.51647735,-4.583973,-1.5527868,0.39573053,-0.64393866
9,513,0.9624951,-0.5165473,-4.582717,-1.5537004,0.39579597,-0.6430603
9,514,0.96267676,-0.51668197,-4.582258,-1.5537014,0.39585993,-0.6421774
9,515,0.9622786,-0.51663125,-4.583622,-1.5538902,0.39592236,-0.64129
9,516,0.96246076,-0.5167828,-4.581024,-1.5542297,0.3959833,-0.64039814
9,517,0.9623842,-0.51671875,-4.579994,-1.5539699,0.39604273,-0.63950175
9,518,0.962301,-0.51682997,-4.5858326,-1.5542884,0.39610064,-0.6386009
9,519,0.96213555,-0.5168712,-4.5829325,-1.5540595,0.39615706,-0.63769555
9,520,0.9622929,-0.5169606,-4.5856104,-1.5542855,0.3962119,-0.6367857
9,521,0.96192455,-0.51697266,-4.583149,-1.5542431,0.39626524,-0.6358714
9,522,0.9621477,-0.51712006,-4.584982,-1.5545549,0.39631703,-0.6349526
9,523,0.9619379,-0.5171448,-4.584507,-1.5547552,0.39636728,-0.6340293
9,524,0.9621284,-0.517274,-4.5840473,-1.5548844,0.39641598,-0.6331015
9,525,0.9620309,-0.51732504,-4.58545,-1.5544419,0.39646313,-0.6321693
9,526,0.96195865,-0.5173752,-4.583661,-1.5550284,0.3965087,-0.6312326
9,527,0.9619343,-0.5173296,-4.5822754,-1.554606,0.3965527,-0.63029146
9,528,0.961781,-0.51737267,-4.582073,-1.5550628,0.39659515,-0.62934583
9,529,0.9617338,-0.517497,-4.5830603,-1.5550132,0.39663604,-0.62839574
9,530,0.9616978,-0.5175002,-4.5826416,-1.5554862,0.39667532,-0.6274412
9,531,0.961601,-0.51763827,-4.580084,-1.5563765,0.39671302,-0.62648225
9,532,0.96157074,-0.51769686,-4.5840693,-1.5556812,0.39674914,-0.6255188
9,533,0.96152234,-0.51769143,-4.584093,-1.5561733,0.39678365,-0.6245509
9,534,0.9614334,-0.51781493,-4.583975,-1.555541,0.39681655,-0.62357855
9,535,0.96141744,-0.5177269,-4.580921,-1.5558453,0.39684784,-0.6226018
9,536,0.96135926,-0.5178526,-4.5824413,-1.5557837,0.39687753,-0.6216206
9,537,0.9613726,-0.5178389,-4.5808897,-1.5551438,0.3969056,-0.6206349
9,538,0.96124196,-0.5178041,-4.5807877,-1.5561404,0.39693204,-0.6196448
9,539,0.961184,-0.51790607,-4.584549,-1.5548549,0.39695686,-0.6186503
9,540,0.9609029,-0.51783955,-4.5818653,-1.556108,0.39698005,-0.6176514
9,541,0.96081996,-0.5180898,-4.58409,-1.5550375,0.39700156,-0.6166481
9,542,0.9607632,-0.51804894,-4.581685,-1.5560203,0.39702147,-0.6156403
9,543,0.9605136,-0.51810586,-4.581896,-1.5560789,0.3970397,-0.61462814
9,544,0.96065044,-0.5183388,-4.582613,-1.5568705,0.39705628,-0.6136115
9,545,0.96033764,-0.5182177,-4.578932,-1.5574398,0.3970712,-0.61259055
9,546,0.96065974,-0.5184095,-4.583601,-1.5568504,0.39708447,-0.6115651
9,547,0.9604988,-0.5184081,-4.579191,-1.5576849,0.39709604,-0.6105353
9,548,0.9604876,-0.518368,-4.58442,-1.5573125,0.39710593,-0.6095011
9,549,0.9601762,-0.51868075,-4.581011,-1.5574389,0.39711416,-0.6084626
9,550,0.9603076,-0.5185916,-4.582979,-1.5576916,0.39712068,-0.60741955
9,551,0.9600673,-0.51889634,-4.581708,-1.5571933,0.39712554,-0.60637224
9,552,0.96020293,-0.5187603,-4.581767,-1.5575571,0.39712867,-0.60532045
9,553,0.96010756,-0.51898533,-4.581724,-1.5575023,0.3971301,-0.6042644
9,554,0.96023583,-0.51898396,-4.580374,-1.5582576,0.3971298,-0.6032039
9,555,0.96017385,-0.5189429,-4.581089,-1.5571442,0.3971278,-0.602139
9,556,0.9601283,-0.5191307,-4.580101,-1.5586762,0.3971241,-0.6010698
9,557,0.9601879,-0.51892316,-4.581106,-1.5574603,0.39711866,-0.5999962
9,558,0.95997477,-0.5192124,-4.57996,-1.5585346,0.39711148,-0.59891826
9,559,0.9600651,-0.5191239,-4.581933,-1.5574508,0.39710256,-0.59783596
9,560,0.95993185,-0.51926625,-4.580181,-1.5584302,0.39709193,-0.5967493
9,561,0.95987225,-0.5193681,-4.58239,-1.5573568,0.3970795,-0.59565836
9,562,0.9597943,-0.51940805,-4.5807705,-1.5587153,0.39706534,-0.594563
9,563,0.95966196,-0.5195713,-4.5825377,-1.557723,0.39704943,-0.59346336
9,564,0.95979095,-0.5195357,-4.580738,-1.558907,0.39703175,-0.59235936
9,565,0.95960164,-0.51962817,-4.5805264,-1.5584726,0.39701232,-0.5912511
9,566,0.9594896,-0.5197291,-4.5828114,-1.5593987,0.39699107,-0.59013844
9,567,0.95955443,-0.51965874,-4.5795116,-1.5605044,0.3969681,-0.58902144
9,568,0.9593692,-0.51990664,-4.578617,-1.5599527,0.3969433,-0.58790016
9,569,0.95950365,-0.51970786,-4.5806217,-1.5599008,0.39691672,-0.5867746
9,570,0.9593437,-0.51999533,-4.5807686,-1.56039,0.39688835,-0.5856447
9,571,0.959352,-0.5198883,-4.580866,-1.5592599,0.39685816,-0.5845105
9,572,0.9593642,-0.5201625,-4.5782413,-1.5607553,0.39682618,-0.583372
9,573,0.9591,-0.5202348,-4.580736,-1.55864,0.39679238,-0.58222926
9,574,0.959182,-0.5203204,-4.5755844,-1.5607905,0.39675677,-0.58108217
9,575,0.95902276,-0.52040523,-4.583808,-1.5602975,0.39671934,-0.57993084
9,576,0.95893,-0.52041143,-4.5774326,-1.5602198,0.39668006,-0.57877517
9,577,0.95888543,-0.5203474,-4.582367,-1.5599294,0.39663896,-0.57761526
9,578,0.9587679,-0.5205027,-4.5781813,-1.5601454,0.396596,-0.5764511
9,579,0.9587405,-0.5204088,-4.580387,-1.559711,0.39655122,-0.5752827
9,580,0.95873237,-0.52071536,-4.575656,-1.5602775,0.3965046,-0.57411
9,581,0.95866513,-0.52071404,-4.579273,-1.5600157,0.39645612,-0.572933
9,582,0.95877266,-0.5208119,-4.576809,-1.5603719,0.39640576,-0.57175183
9,583,0.958606,-0.5209003,-4.5785313,-1.5610013,0.39635354,-0.5705664
9,584,0.9585116,-0.5211264,-4.57817,-1.5608759,0.39629948,-0.5693767
9,585,0.9584398,-0.5211758,-4.574938,-1.5615926,0.3962435,-0.5681828
9,586,0.95845914,-0.52110827,-4.578724,-1.5617089,0.39618567,-0.56698465
9,587,0.95838094,-0.5211967,-4.5756664,-1.5624595,0.39612594,-0.5657823
9,588,0.95833373,-0.5212066,-4.578498,-1.5619454,0.3960643,-0.56457573
9,589,0.9581442,-0.52118015,-4.576454,-1.5628691,0.3960008,-0.5633649
9,590,0.9581578,-0.5212966,-4.5793514,-1.561851,0.3959354,-0.5621499
9,591,0.9580231,-0.5212882,-4.577528,-1.5625362,0.39586806,-0.56093067
9,592,0.9581065,-0.5214164,-4.581068,-1.5618529,0.3957988,-0.5597073
9,593,0.9579251,-0.5215391,-4.574003,-1.5625386,0.39572766,-0.55847967
9,594,0.9578738,-0.521549,-4.579588,-1.5619779,0.39565456,-0.5572479
9,595,0.957855,-0.5216571,-4.575446,-1.5624142,0.39557955,-0.5560119
9,596,0.9576514,-0.5217762,-4.578127,-1.5617075,0.3955026,-0.5547717
9,597,0.95768976,-0.52174264,-4.5772448,-1.5627818,0.3954237,-0.5535274
9,598,0.9576986,-0.521929,-4.5788326,-1.5613432,0.3953429,-0.55227894
9,599,0.9575856,-0.52180225,-4.5782003,-1.5625796,0.3952601,-0.5510262
9,600,0.95756817,-0.5220193,-4.574938,-1.5620532,0.39517537,-0.54976946
9,601,0.9574802,-0.52184445,-4.578861,-1.5620503,0.39508867,-0.54850847
9,602,0.9575312,-0.52208596,-4.5754757,-1.5634866,0.395,-0.54724336
9,603,0.95729184,-0.5220842,-4.57728,-1.5630646,0.39490938,-0.54597414
9,604,0.9573958,-0.52218163,-4.5760784,-1.5637321,0.39481676,-0.54470074
9,605,0.95717454,-0.5222152,-4.5771275,-1.5634933,0.39472216,-0.54342324
9,606,0.9571657,-0.52232337,-4.575289,-1.5640073,0.3946256,-0.5421416
9,607,0.95708466,-0.52235126,-4.5767775,-1.5636172,0.39452702,-0.5408559
9,608,0.95694804,-0.522545,-4.577059,-1.5635409,0.39442647,-0.53956604
9,609,0.9569824,-0.52254415,-4.5771008,-1.5635219,0.3943239,-0.5382721
9,610,0.9568634,-0.52262294,-4.578249,-1.5635562,0.3942193,-0.536974
9,611,0.9569013,-0.52251905,-4.5772057,-1.5637918,0.3941127,-0.53567183
9,612,0.9568126,-0.52270055,-4.575845,-1.5637474,0.3940041,-0.5343656
9,613,0.9567015,-0.52276933,-4.5775747,-1.5642214,0.39389348,-0.5330553
9,614,0.9566498,-0.52290535,-4.5745335,-1.5642052,0.39378083,-0.5317409
9,615,0.95652366,-0.5230515,-4.574483,-1.5648394,0.39366612,-0.53042245
9,616,0.9566369,-0.5230081,-4.5743237,-1.5644126,0.39354938,-0.52909994
9,617,0.9564421,-0.5231472,-4.578657,-1.5646586,0.39343062,-0.5277733
9,618,0.9565475,-0.52303976,-4.5760565,-1.565495,0.3933098,-0.5264427
9,619,0.956378,-0.52324384,-4.576683,-1.565433,0.3931869,-0.52510804
9,620,0.9563854,-0.5231714,-4.577862,-1.5659947,0.39306197,-0.5237693
9,621,0.95627236,-0.52344626,-4.5712757,-1.5658994,0.39293498,-0.52242655
9,622,0.95624256,-0.5233587,-4.572402,-1.566525,0.3928059,-0.5210798
9,623,0.9560938,-0.5235947,-4.5757284,-1.5659251,0.39267474,-0.51972896
9,624,0.95612264,-0.52347183,-4.5756016,-1.5663815,0.39254153,-0.51837415
9,625,0.95604086,-0.52362746,-4.5747414,-1.5657563,0.3924062,-0.51701534
9,626,0.95599437,-0.52360797,-4.57675,-1.5668731,0.3922688,-0.51565254
9,627,0.9558971,-0.52376306,-4.5748224,-1.5660148,0.3921293,-0.5142857
9,628,0.955847,-0.52359265,-4.575119,-1.5666332,0.3919877,-0.5129149
9,629,0.95570254,-0.5239326,-4.5734844,-1.5664363,0.391844,-0.5115401
9,630,0.9557824,-0.52390826,-4.5746975,-1.5663757,0.3916982,-0.51016134
9,631,0.9556997,-0.52417326,-4.572792,-1.5665135,0.39155027,-0.50877863
9,632,0.95577264,-0.524072,-4.575158,-1.5664096,0.39140022,-0.5073919
9,633,0.95557046,-0.5242262,-4.5724134,-1.5664606,0.39124805,-0.5060013
9,634,0.9556439,-0.52417374,-4.574847,-1.5656667,0.39109376,-0.5046067
9,635,0.9554064,-0.5243836,-4.5750675,-1.5658517,0.3909373,-0.50320816
9,636,0.95545363,-0.5243744,-4.5741434,-1.5658193,0.39077872,-0.5018057
9,637,0.9552922,-0.5244524,-4.575382,-1.5657496,0.390618,-0.5003993
9,638,0.95536566,-0.5244316,-4.5736713,-1.5657744,0.39045513,-0.498989
9,639,0.9552593,-0.5243918,-4.574909,-1.5657101,0.39029008,-0.49757475
9,640,0.95510554,-0.5245899,-4.5741196,-1.5662484,0.3901229,-0.4961566
9,641,0.95507836,-0.52446514,-4.5741386,-1.566083,0.38995355,-0.49473456
9,642,0.95499825,-0.524678,-4.573738,-1.5667472,0.389782,-0.4933086
9,643,0.95494056,-0.524612,-4.5724525,-1.5668273,0.38960832,-0.49187878
9,644,0.9550595,-0.5249112,-4.573019,-1.5669694,0.38943243,-0.49044508
9,645,0.9549091,-0.52494687,-4.5708084,-1.5673299,0.38925436,-0.4890075
9,646,0.9549508,-0.52510196,-4.5733967,-1.5673513,0.3890741,-0.48756605
9,647,0.9547882,-0.5251068,-4.575115,-1.5677319,0.38889164,-0.48612073
9,648,0.95474935,-0.525182,-4.572979,-1.5676823,0.38870698,-0.48467156
9,649,0.9546821,-0.525182,-4.5706997,-1.5675731,0.38852012,-0.48321858
9,650,0.95456195,-0.5253143,-4.572693,-1.5673623,0.38833106,-0.48176172
9,651,0.9545505,-0.52527404,-4.5716257,-1.5677934,0.38813975,-0.48030105
9,652,0.95441604,-0.5254979,-4.572467,-1.5671277,0.38794625,-0.47883654
9,653,0.9543898,-0.52536464,-4.573246,-1.5679121,0.38775054,-0.47736824
9,654,0.95429087,-0.5255705,-4.573683,-1.5675387,0.38755256,-0.47589612
9,655,0.9542792,-0.5255268,-4.5728855,-1.567843,0.38735238,-0.4744202
9,656,0.9541273,-0.525701,-4.5706234,-1.5679636,0.38714993,-0.47294047
9,657,0.95416045,-0.5258482,-4.571682,-1.56809,0.38694525,-0.47145694
9,658,0.9541023,-0.5258422,-4.5714016,-1.5683484,0.38673833,-0.46996966
9,659,0.95404506,-0.52589315,-4.5701733,-1.5682073,0.38652915,-0.46847862
9,660,0.95401573,-0.52603537,-4.572341,-1.568769,0.3863177,-0.4669838
9,661,0.9538801,-0.526112,-4.570263,-1.568645,0.386104,-0.46548522
9,662,0.95380473,-0.52616173,-4.5713367,-1.5691562,0.38588804,-0.46398288
9,663,0.95382,-0.52618086,-4.570648,-1.5690861,0.3856698,-0.4624768
9,664,0.9536712,-0.52634174,-4.570571,-1.5693278,0.38544926,-0.460967
9,665,0.95367527,-0.5262558,-4.5702305,-1.5695434,0.38522646,-0.45945346
9,666,0.9535055,-0.52652764,-4.5724354,-1.569624,0.38500136,-0.4579362
9,667,0.9534316,-0.52633506,-4.56981,-1.5696869,0.38477397,-0.45641524
9,668,0.95338416,-0.52660143,-4.571308,-1.569839,0.38454428,-0.45489058
9,669,0.95326185,-0.52647674,-4.5720406,-1.5697308,0.3843123,-0.45336223
9,670,0.9532926,-0.52668643,-4.570074,-1.5699906,0.38407803,-0.45183018
9,671,0.9531441,-0.52666634,-4.5692835,-1.5698886,0.38384143,-0.45029444
9,672,0.953207,-0.5268352,-4.57045,-1.5701137,0.3836025,-0.44875503
9,673,0.9531102,-0.526846,-4.5666704,-1.5699897,0.38336128,-0.44721195
9,674,0.953109,-0.52696395,-4.569525,-1.5702376,0.3831177,-0.44566524
9,675,0.9529383,-0.52692866,-4.5701485,-1.5701079,0.3828718,-0.44411486
9,676,0.95289683,-0.5271449,-4.570367,-1.5703416,0.38262358,-0.44256085
9,677,0.9526956,-0.5270272,-4.570698,-1.5702348,0.38237303,-0.4410032
9,678,0.95285726,-0.52732646,-4.570692,-1.5704331,0.38212013,-0.43944195
9,679,0.95260406,-0.5271961,-4.570566,-1.5707717,0.38186488,-0.43787706
9,680,0.9526565,-0.5273889,-4.570161,-1.5708337,0.38160726,-0.43630856
9,681,0.95257473,-0.5274392,-4.5697517,-1.5710568,0.3813473,-0.43473646
9,682,0.95259047,-0.5275415,-4.569524,-1.5712614,0.38108495,-0.43316078
9,683,0.9525616,-0.52769065,-4.569376,-1.5714865,0.38082027,-0.43158153
9,684,0.9524565,-0.52776206,-4.5691957,-1.5711231,0.38055322,-0.42999867
9,685,0.9523947,-0.52773255,-4.56872,-1.5719056,0.38028377,-0.42841226
9,686,0.95240974,-0.5278807,-4.5690365,-1.5713859,0.38001195,-0.4268223
9,687,0.9522574,-0.5278465,-4.5680523,-1.5720754,0.37973773,-0.42522877
9,688,0.95220304,-0.5280125,-4.568555,-1.5717645,0.37946114,-0.42363173
9,689,0.95218325,-0.528007,-4.568268,-1.5722051,0.37918216,-0.42203113
9,690,0.9521272,-0.52808464,-4.5680876,-1.5719423,0.37890077,-0.420427
9,691,0.95213914,-0.52813673,-4.5683784,-1.5721803,0.378617,-0.41881937
9,692,0.95192194,-0.5283054,-4.5675697,-1.5720472,0.3783308,-0.41720822
9,693,0.9519913,-0.5283839,-4.5680933,-1.5721464,0.3780422,-0.4155936
9,694,0.951812,-0.52839226,-4.567808,-1.5721307,0.37775117,-0.41397545
9,695,0.95179605,-0.5285091,-4.5674696,-1.5723505,0.3774577,-0.41235384
9,696,0.95173,-0.5284961,-4.5684824,-1.57201,0.37716186,-0.41072875
9,697,0.9517367,-0.5285565,-4.567524,-1.5726132,0.37686354,-0.40910017
9,698,0.95165443,-0.52866125,-4.5687475,-1.5721517,0.37656283,-0.40746817
9,699,0.95157623,-0.52876574,-4.567728,-1.5727038,0.37625965,-0.4058327
9,700,0.95145583,-0.52879083,-4.567795,-1.5721993,0.37595406,-0.40419382
9,701,0.95155025,-0.52887064,-4.5681133,-1.5725617,0.375646,-0.4025515
9,702,0.9514129,-0.5289612,-4.5663586,-1.5721202,0.37533548,-0.40090573
9,703,0.9515619,-0.5290334,-4.5678787,-1.5728145,0.37502253,-0.3992566
9,704,0.95133114,-0.52902293,-4.5657825,-1.5722485,0.3747071,-0.39760402
9,705,0.95140004,-0.5292827,-4.567669,-1.5730658,0.37438923,-0.39594805
9,706,0.9511676,-0.5291679,-4.566427,-1.5723515,0.3740689,-0.39428872
9,707,0.9511564,-0.529324,-4.567316,-1.5730424,0.37374604,-0.392626
9,708,0.95100355,-0.52931434,-4.568495,-1.5724368,0.37342075,-0.3909599
9,709,0.9511297,-0.5294159,-4.566969,-1.5730491,0.37309298,-0.38929045
9,710,0.95085907,-0.5293235,-4.571126,-1.5724587,0.3727627,-0.38761765
9,711,0.95089245,-0.52956814,-4.5666313,-1.5736675,0.37242997,-0.3859415
9,712,0.9507849,-0.5295099,-4.569393,-1.5726161,0.37209472,-0.38426203
9,713,0.95070505,-0.52949536,-4.569214,-1.5738168,0.37175697,-0.38257924
9,714,0.9506645,-0.5296759,-4.5669107,-1.5734072,0.37141672,-0.38089314
9,715,0.9506016,-0.52957296,-4.5678387,-1.5739212,0.37107396,-0.37920374
9,716,0.9505043,-0.5297909,-4.566168,-1.5738144,0.3707287,-0.37751102
9,717,0.95052814,-0.5297255,-4.5677776,-1.5738497,0.37038094,-0.37581503
9,718,0.9503796,-0.5299271,-4.5660486,-1.5743303,0.37003064,-0.37411577
9,719,0.95044255,-0.52992624,-4.5680876,-1.5744109,0.36967784,-0.37241325
9,720,0.95032334,-0.5301301,-4.5656147,-1.5739079,0.3693225,-0.37070745
9,721,0.9502828,-0.5299758,-4.568592,-1.5744739,0.36896464,-0.3689984
9,722,0.95021605,-0.53028333,-4.5653048,-1.5738335,0.36860424,-0.36728612
9,723,0.9502206,-0.5301195,-4.5671196,-1.5745087,0.36824128,-0.36557063
9,724,0.9500234,-0.53036064,-4.5651684,-1.5742183,0.3678758,-0.3638519
9,725,0.950032,-0.5302694,-4.567381,-1.5745678,0.3675078,-0.36212996
9,726,0.94993854,-0.53047,-4.565357,-1.5743861,0.3671372,-0.36040482
9,727,0.94984937,-0.5304115,-4.5686054,-1.5745139,0.36676407,-0.3586765
9,728,0.94989777,-0.53057855,-4.5657024,-1.5744648,0.36638838,-0.35694498
9,729,0.94975686,-0.53064615,-4.566221,-1.574028,0.36601013,-0.3552103
9,730,0.94964814,-0.53073186,-4.5657578,-1.5744271,0.36562932,-0.35347244
9,731,0.9496801,-0.53087413,-4.565382,-1.5745106,0.36524594,-0.35173145
9,732,0.9496465,-0.5308766,-4.56522,-1.5740981,0.36485997,-0.34998733
9,733,0.9495566,-0.5309435,-4.5644264,-1.5743861,0.36447144,-0.34824005
9,734,0.94948506,-0.5311046,-4.5670643,-1.5742369,0.36408034,-0.34648964
9,735,0.9494126,-0.53113025,-4.5636616,-1.5749593,0.36368662,-0.34473613
9,736,0.9493058,-0.5312421,-4.565237,-1.5747218,0.36329034,-0.34297952
9,737,0.9492731,-0.5312528,-4.563364,-1.575357,0.36289147,-0.3412198
9,738,0.94928837,-0.5313849,-4.564598,-1.5744586,0.36249,-0.339457
9,739,0.949152,-0.5314942,-4.5637226,-1.5754066,0.3620859,-0.33769116
9,740,0.9491236,-0.53149945,-4.564392,-1.5742526,0.36167923,-0.3359222
9,741,0.9491322,-0.5315196,-4.564294,-1.5752401,0.36126995,-0.33415022
9,742,0.94893,-0.5316273,-4.5641403,-1.5743423,0.36085805,-0.3323752
9,743,0.9490075,-0.53169537,-4.5614767,-1.5748687,0.36044353,-0.33059713
9,744,0.9488456,-0.5318739,-4.5638227,-1.5748029,0.36002642,-0.32881606
9,745,0.9488468,-0.53190774,-4.564516,-1.5747161,0.35960665,-0.32703194
9,746,0.94877267,-0.5319543,-4.5635347,-1.5751085,0.35918427,-0.32524484
9,747,0.9487488,-0.5320356,-4.565113,-1.5750699,0.35875928,-0.32345474
9,748,0.94872737,-0.5321569,-4.563693,-1.5764647,0.35833162,-0.32166165
9,749,0.9486489,-0.5321672,-4.5656443,-1.5757842,0.35790136,-0.31986558
9,750,0.948519,-0.53230137,-4.564148,-1.5770092,0.35746846,-0.31806657
9,751,0.94852734,-0.5324246,-4.560072,-1.576365,0.3570329,-0.3162646
9,752,0.948483,-0.53237504,-4.563059,-1.5764823,0.35659468,-0.31445968
9,753,0.94833684,-0.5326025,-4.5635204,-1.5760837,0.35615385,-0.3126518
9,754,0.9483049,-0.5324534,-4.561941,-1.5757365,0.35571033,-0.31084105
9,755,0.9482162,-0.5327059,-4.5636444,-1.5760703,0.35526416,-0.30902734
9,756,0.9481752,-0.53261834,-4.5624924,-1.575789,0.35481533,-0.30721077
9,757,0.9481566,-0.5327816,-4.563221,-1.5764728,0.35436386,-0.30539128
9,758,0.9481971,-0.53283405,-4.562566,-1.5762119,0.3539097,-0.30356893
9,759,0.9481356,-0.5330339,-4.5625,-1.5769396,0.35345286,-0.3017437
9,760,0.9480779,-0.5330589,-4.5625277,-1.5766187,0.35299337,-0.2999156
9,761,0.94800067,-0.533211,-4.562891,-1.5770063,0.3525312,-0.29808468
9,762,0.94787884,-0.5331389,-4.562582,-1.5770411,0.35206634,-0.29625088
9,763,0.9478829,-0.53327245,-4.5631046,-1.5764847,0.3515988,-0.29441428
9,764,0.94781804,-0.5333293,-4.5632553,-1.5767226,0.35112858,-0.29257485
9,765,0.94771695,-0.5334191,-4.5636196,-1.5764089,0.35065565,-0.29073262
9,766,0.94761944,-0.5334117,-4.563177,-1.5765085,0.35018003,-0.2888876
9,767,0.9476266,-0.53354234,-4.55929,-1.5761847,0.34970173,-0.2870398
9,768,0.9476273,-0.5334622,-4.562166,-1.5765023,0.34922072,-0.28518918
9,769,0.947458,-0.53368515,-4.560152,-1.5767813,0.348737,-0.28333583
9,770,0.94748473,-0.5336779,-4.5616417,-1.5768952,0.34825057,-0.28147975
9,771,0.94729686,-0.53389496,-4.5623264,-1.5772738,0.34776145,-0.2796209
9,772,0.94725347,-0.53389806,-4.5611734,-1.5771117,0.3472696,-0.2777593
9,773,0.9471979,-0.53405,-4.5641193,-1.5775552,0.34677505,-0.275895
9,774,0.947222,-0.53407025,-4.5606365,-1.5773644,0.34627777,-0.27402797
9,775,0.94708705,-0.53418416,-4.5631485,-1.5774932,0.34577778,-0.27215827
9,776,0.9470823,-0.5341354,-4.559738,-1.5776467,0.34527504,-0.27028587
9,777,0.9469962,-0.5342761,-4.5616894,-1.5776939,0.3447696,-0.2684108
9,778,0.946924,-0.53433925,-4.558773,-1.5777311,0.3442614,-0.26653305
9,779,0.9469507,-0.5345058,-4.561304,-1.5778241,0.3437505,-0.26465264
9,780,0.9468396,-0.5344557,-4.559887,-1.5777135,0.34323683,-0.2627696
9,781,0.94680214,-0.5346309,-4.561241,-1.5775089,0.34272045,-0.26088393
9,782,0.9468334,-0.5345389,-4.5613003,-1.5777469,0.34220132,-0.25899562
9,783,0.9466641,-0.5347838,-4.5611534,-1.5774055,0.34167942,-0.2571047
9,784,0.94662,-0.5348017,-4.561966,-1.5775962,0.34115478,-0.2552112
9,785,0.9465754,-0.5349712,-4.5611553,-1.5775852,0.3406274,-0.2533151
9,786,0.94651866,-0.5349051,-4.562703,-1.5776434,0.34009728,-0.25141641
9,787,0.946481,-0.5351467,-4.5604515,-1.5775971,0.33956438,-0.24951516
9,788,0.9464183,-0.5351198,-4.563113,-1.5777459,0.33902872,-0.24761136
9,789,0.94627404,-0.53522,-4.5609694,-1.5778651,0.3384903,-0.24570501
9,790,0.94626737,-0.53521526,-4.560713,-1.5773787,0.33794913,-0.24379613
9,791,0.9461057,-0.53539413,-4.562008,-1.5780792,0.33740517,-0.24188472
9,792,0.94613624,-0.5354182,-4.5596333,-1.577477,0.33685845,-0.23997082
9,793,0.946079,-0.5356023,-4.5624657,-1.5783296,0.33630896,-0.23805441
9,794,0.94603086,-0.5355294,-4.558728,-1.5776086,0.3357567,-0.2361355
9,795,0.94603014,-0.5357281,-4.5630035,-1.5786786,0.33520165,-0.23421413
9,796,0.9459512,-0.53565097,-4.5589905,-1.5782437,0.3346438,-0.23229028
9,797,0.94580054,-0.53584105,-4.562394,-1.5786867,0.3340832,-0.230364
9,798,0.9458337,-0.53589875,-4.5593443,-1.578857,0.33351982,-0.22843525
9,799,0.94570875,-0.5360436,-4.5608206,-1.5787382,0.3329536,-0.22650409
9,800,0.9456482,-0.5360329,-4.5596886,-1.5792356,0.33238465,-0.2245705
9,801,0.9456496,-0.53624344,-4.5592623,-1.5789933,0.33181286,-0.22263451
9,802,0.9455905,-0.53621876,-4.559696,-1.5788374,0.3312383,-0.2206961
9,803,0.9455025,-0.5363551,-4.5590677,-1.5790663,0.3306609,-0.21875533
9,804,0.94544005,-0.53633523,-4.55982,-1.5788431,0.33008075,-0.2168122
9,805,0.9453957,-0.5363818,-4.558549,-1.5789261,0.32949775,-0.21486668
9,806,0.94526625,-0.53647906,-4.5590105,-1.5790253,0.328912,-0.21291882
9,807,0.9452362,-0.53653044,-4.558384,-1.578939,0.3283234,-0.21096863
9,808,0.94513893,-0.5366265,-4.5587654,-1.5790725,0.327732,-0.2090161
9,809,0.9450908,-0.5367661,-4.558689,-1.5788865,0.32713777,-0.20706126
9,810,0.9450531,-0.53673655,-4.5587826,-1.579042,0.32654074,-0.20510413
9,811,0.9448805,-0.53680325,-4.5592737,-1.5792227,0.3259409,-0.20314468
9,812,0.9448879,-0.5369712,-4.5582123,-1.5792427,0.3253382,-0.20118298
9,813,0.94486165,-0.53699344,-4.5570765,-1.579474,0.32473272,-0.199219
9,814,0.9446726,-0.5370558,-4.557618,-1.5795426,0.32412443,-0.19725277
9,815,0.9447472,-0.5372008,-4.5578327,-1.5794415,0.32351327,-0.19528429
9,816,0.9446471,-0.5372443,-4.560128,-1.5798459,0.3228993,-0.19331358
9,817,0.944556,-0.5372063,-4.558755,-1.5796294,0.3222825,-0.19134066
9,818,0.94457674,-0.5374314,-4.5573425,-1.5797548,0.32166287,-0.18936552
9,819,0.94441295,-0.537479,-4.5584946,-1.5795245,0.3210404,-0.18738818
9,820,0.9444556,-0.53752905,-4.557707,-1.5799022,0.32041508,-0.18540867
9,821,0.94426775,-0.53755975,-4.5548725,-1.5793586,0.31978694,-0.18342698
9,822,0.9442885,-0.53771657,-4.558222,-1.579495,0.31915596,-0.18144313
9,823,0.94413805,-0.5377284,-4.556896,-1.5790205,0.31852213,-0.17945713
9,824,0.94408035,-0.53779405,-4.5585785,-1.5789986,0.31788546,-0.177469
9,825,0.94407725,-0.5378624,-4.5590477,-1.5787921,0.31724593,-0.17547874
9,826,0.9439199,-0.53793347,-4.558155,-1.578846,0.31660354,-0.17348638
9,827,0.94392776,-0.53799415,-4.558771,-1.578897,0.31595832,-0.1714919
9,828,0.94402266,-0.53811276,-4.557911,-1.5786624,0.31531024,-0.16949536
9,829,0.9439709,-0.53816205,-4.558361,-1.5790229,0.31465933,-0.16749673
9,830,0.9438989,-0.53823376,-4.5574207,-1.5787354,0.31400552,-0.16549604
9,831,0.9438219,-0.53827804,-4.557641,-1.5788708,0.3133489,-0.16349329
9,832,0.943835,-0.53835934,-4.5575733,-1.5783858,0.31268936,-0.1614885
9,833,0.9437268,-0.53842765,-4.5575123,-1.5790801,0.312027,-0.15948169
9,834,0.94373345,-0.53858787,-4.5579147,-1.5784707,0.3113618,-0.15747288
9,835,0.94364476,-0.53839076,-4.5575886,-1.579463,0.31069368,-0.15546206
9,836,0.9435785,-0.53865325,-4.557086,-1.5785928,0.3100227,-0.15344924
9,837,0.9435251,-0.5386241,-4.5578136,-1.5794883,0.30934888,-0.15143445
9,838,0.9433701,-0.53887993,-4.5558205,-1.5791364,0.3086722,-0.1494177
9,839,0.9433825,-0.5388464,-4.5597897,-1.5794749,0.3079926,-0.14739898
9,840,0.9433515,-0.5389912,-4.5549774,-1.5789628,0.30731016,-0.14537834
9,841,0.9433892,-0.53888994,-4.558504,-1.5796175,0.30662483,-0.14335576
9,842,0.9432125,-0.53919744,-4.5555267,-1.5792189,0.30593663,-0.14133127
9,843,0.9431901,-0.5389967,-4.557165,-1.5795722,0.30524558,-0.13930488
9,844,0.94307446,-0.53933567,-4.555991,-1.5794349,0.3045516,-0.1372766
9,845,0.9430189,-0.53919667,-4.556492,-1.5796046,0.30385476,-0.13524644
9,846,0.9429748,-0.5394098,-4.5566063,-1.5796623,0.30315506,-0.13321441
9,847,0.9430306,-0.5394268,-4.556158,-1.579751,0.30245245,-0.13118054
9,848,0.9428406,-0.53958106,-4.556284,-1.579742,0.30174696,-0.12914482
9,849,0.9428153,-0.5397362,-4.557522,-1.5797634,0.3010386,-0.12710728
9,850,0.9427874,-0.53972393,-4.5559196,-1.5795913,0.30032733,-0.12506792
9,851,0.94280505,-0.5398317,-4.5563936,-1.5796862,0.2996132,-0.12302676
9,852,0.94259715,-0.5399025,-4.5552187,-1.5797114,0.29889616,-0.12098381
9,853,0.9426377,-0.53991324,-4.555649,-1.5797138,0.29817623,-0.11893909
9,854,0.9424367,-0.54002094,-4.556265,-1.5798059,0.2974534,-0.1168926
9,855,0.9424615,-0.5401196,-4.55632,-1.5794568,0.2967277,-0.11484436
9,856,0.94233155,-0.54019624,-4.557255,-1.5797253,0.29599908,-0.11279438
9,857,0.9423084,-0.54027766,-4.556219,-1.5792418,0.29526758,-0.11074267
9,858,0.942266,-0.54039335,-4.5561485,-1.5794754,0.29453316,-0.108689256
9,859,0.94228816,-0.5403977,-4.5551395,-1.5790915,0.29379588,-0.10663414
9,860,0.9420998,-0.5405188,-4.555299,-1.5795221,0.29305568,-0.10457733
9,861,0.94206524,-0.5405817,-4.554805,-1.5789757,0.29231256,-0.10251885
9,862,0.94198537,-0.54060286,-4.5551357,-1.5795593,0.29156658,-0.10045871
9,863,0.94195104,-0.5406974,-4.554348,-1.5791593,0.29081768,-0.09839692
9,864,0.94186735,-0.54067624,-4.5550747,-1.5796442,0.29006588,-0.096333496
9,865,0.9418824,-0.54091114,-4.553892,-1.5789418,0.28931117,-0.09426845
9,866,0.94167566,-0.5408624,-4.5547924,-1.5794377,0.28855354,-0.09220179
9,867,0.94172215,-0.54098916,-4.5537996,-1.5791249,0.28779304,-0.09013353
9,868,0.94152856,-0.5410935,-4.554695,-1.5791688,0.2870296,-0.088063695
9,869,0.9415741,-0.541133,-4.553973,-1.5794649,0.2862633,-0.085992284
9,870,0.9415009,-0.54121524,-4.5549107,-1.579586,0.28549403,-0.08391932
9,871,0.94142365,-0.5413525,-4.5542555,-1.5796285,0.28472188,-0.0818448
9,872,0.9413655,-0.54134685,-4.5544243,-1.5795417,0.28394684,-0.079768755
9,873,0.9413402,-0.5414427,-4.554262,-1.5795851,0.28316885,-0.07769119
9,874,0.9413049,-0.54150885,-4.552986,-1.5797977,0.28238797,-0.07561212
9,875,0.9412863,-0.5416259,-4.5542336,-1.5796075,0.2816042,-0.07353155
9,876,0.94105244,-0.54168534,-4.553402,-1.5797606,0.28081748,-0.07144951
9,877,0.9411042,-0.5418111,-4.5542393,-1.5796843,0.28002787,-0.069366
9,878,0.94096065,-0.5417665,-4.5537224,-1.5796981,0.27923536,-0.06728104
9,879,0.9409659,-0.5419271,-4.554348,-1.5797715,0.2784399,-0.06519464
9,880,0.9409244,-0.54190606,-4.554678,-1.5795994,0.27764156,-0.063106805
9,881,0.9408691,-0.5420279,-4.5542336,-1.5796695,0.2768403,-0.06101756
9,882,0.94084334,-0.5421161,-4.556178,-1.5791898,0.2760361,-0.058926918
9,883,0.9407468,-0.542243,-4.5539436,-1.579186,0.275229,-0.056834884
9,884,0.9406874,-0.54229164,-4.5559998,-1.5792294,0.274419,-0.05474148
9,885,0.9405401,-0.5423622,-4.5544014,-1.5792866,0.27360606,-0.05264671
9,886,0.94067025,-0.542383,-4.5551834,-1.5795369,0.27279022,-0.050550595
9,887,0.9405122,-0.5423809,-4.554862,-1.5792017,0.27197146,-0.04845315
9,888,0.94053364,-0.54262054,-4.5543423,-1.579391,0.27114978,-0.046354376
9,889,0.94045544,-0.5425385,-4.5546885,-1.5791101,0.27032518,-0.0442543
9,890,0.94031596,-0.5426749,-4.5534754,-1.5796866,0.26949766,-0.042152926
9,891,0.94033146,-0.5427971,-4.554142,-1.5793757,0.26866725,-0.040050272
9,892,0.94025016,-0.54284394,-4.553461,-1.5797749,0.2678339,-0.03794635
9,893,0.9402182,-0.54290056,-4.554449,-1.5797734,0.26699764,-0.03584118
9,894,0.94012785,-0.54308593,-4.5534973,-1.5797658,0.26615846,-0.03373476
9,895,0.9400475,-0.54304093,-4.5547714,-1.5795422,0.26531634,-0.03162712
9,896,0.94001937,-0.5431439,-4.554178,-1.5796986,0.26447132,-0.029518263
9,897,0.93985987,-0.5432292,-4.554654,-1.5794969,0.2636234,-0.027408205
9,898,0.93989444,-0.5433056,-4.5540905,-1.5793834,0.26277253,-0.025296962
9,899,0.93987393,-0.5432963,-4.5538425,-1.5795674,0.26191878,-0.023184543
9,900,0.9397006,-0.5434051,-4.554186,-1.5790973,0.2610621,-0.021070966
9,901,0.93968177,-0.54350626,-4.553603,-1.5796905,0.26020247,-0.018956242
9,902,0.9396486,-0.5435904,-4.554331,-1.5788608,0.25933996,-0.016840387
9,903,0.93953705,-0.5436389,-4.553604,-1.57972,0.2584745,-0.014723411
9,904,0.93945265,-0.5436333,-4.554495,-1.5786324,0.25760615,-0.012605329
9,905,0.9394648,-0.5437548,-4.5535183,-1.5795922,0.25673488,-0.010486156
9,906,0.9393647,-0.5438584,-4.5540752,-1.5788789,0.2558607,-0.008365903
9,907,0.9393642,-0.5439495,-4.553523,-1.5795093,0.25498357,-0.0062445863
9,908,0.939235,-0.5440503,-4.553646,-1.5787797,0.25410357,-0.004122218
9,909,0.93918586,-0.54404604,-4.553398,-1.5794044,0.25322062,-0.001998812
9,910,0.939039,-0.54419917,-4.5535107,-1.5792308,0.25233477,0.00012561781
9,911,0.9391017,-0.54423547,-4.553254,-1.5791483,0.251446,0.002251058
9,912,0.93894315,-0.5442562,-4.554434,-1.5795236,0.25055432,0.0043774946
9,913,0.939034,-0.5444207,-4.5536327,-1.5790925,0.24965973,0.0065049143
9,914,0.9388654,-0.5444885,-4.5540333,-1.5793347,0.24876224,0.008633303
9,915,0.93880653,-0.5446321,-4.5541315,-1.5791001,0.2478618,0.010762648
9,916,0.9387436,-0.54458016,-4.5535736,-1.5790982,0.24695848,0.012892934
9,917,0.93876743,-0.54475707,-4.554701,-1.5788989,0.24605224,0.015024147
9,918,0.938535,-0.5446844,-4.5534725,-1.5788965,0.24514309,0.017156275
9,919,0.9386008,-0.5447971,-4.555313,-1.57864,0.24423102,0.019289304
9,920,0.9384067,-0.54497004,-4.5539303,-1.5790043,0.24331605,0.021423219
9,921,0.9384215,-0.5450335,-4.555954,-1.5787554,0.24239817,0.023558006
9,922,0.93828726,-0.54509354,-4.5543785,-1.5790677,0.24147739,0.025693653
9,923,0.938231,-0.54509944,-4.5554123,-1.5785284,0.24055369,0.027830144
9,924,0.9381485,-0.545251,-4.5546017,-1.5786676,0.23962708,0.029967466
9,925,0.9382007,-0.5452572,-4.554718,-1.5789247,0.23869757,0.032105606
9,926,0.93803644,-0.5454666,-4.5546846,-1.57828,0.23776516,0.034244552
9,927,0.93802285,-0.5453686,-4.5541973,-1.5785041,0.23682985,0.036384284
9,928,0.93799305,-0.5455235,-4.554761,-1.5782676,0.23589164,0.03852479
9,929,0.93802595,-0.5455916,-4.553979,-1.5782952,0.23495051,0.040666062
9,930,0.93788385,-0.54571754,-4.5547733,-1.5782833,0.2340065,0.042808082
9,931,0.93787,-0.54574156,-4.5536194,-1.5785027,0.23305959,0.044950835
9,932,0.93781257,-0.5458467,-4.554117,-1.5782809,0.23210976,0.047094308
9,933,0.93766737,-0.5458423,-4.553797,-1.5781522,0.23115705,0.049238484
9,934,0.93768406,-0.54604733,-4.553993,-1.5782685,0.23020144,0.051383354
9,935,0.93761563,-0.5460398,-4.5542164,-1.5784245,0.22924294,0.0535289
9,936,0.937536,-0.5461403,-4.55385,-1.5784192,0.22828153,0.055675115
9,937,0.9373746,-0.5460929,-4.5546303,-1.5786767,0.22731724,0.057821978
9,938,0.93736887,-0.54621387,-4.55394,-1.5784373,0.22635005,0.059969474
9,939,0.93732643,-0.54615855,-4.5546217,-1.5784364,0.22537997,0.062117595
9,940,0.93731046,-0.5464568,-4.5539074,-1.5782523,0.22440702,0.064266324
9,941,0.93730044,-0.5464118,-4.5547657,-1.5787468,0.22343117,0.066415645
9,942,0.9372127,-0.54660916,-4.554495,-1.5784059,0.22245243,0.06856554
9,943,0.9371605,-0.546565,-4.554696,-1.5789719,0.22147082,0.07071601
9,944,0.9370544,-0.5467353,-4.5548677,-1.5786061,0.22048631,0.07286703
9,945,0.9370234,-0.54668057,-4.5545273,-1.5786595,0.21949892,0.075018585
9,946,0.9369664,-0.54688555,-4.554221,-1.578309,0.21850866,0.07717066
9,947,0.93697095,-0.54683125,-4.5543194,-1.5788093,0.21751551,0.07932325
9,948,0.93692756,-0.54693407,-4.5545387,-1.5781803,0.21651949,0.08147633
9,949,0.93687296,-0.546924,-4.5542793,-1.5785208,0.21552059,0.0836299
9,950,0.9368532,-0.54713356,-4.555397,-1.5781083,0.21451883,0.08578393
9,951,0.93667245,-0.5471242,-4.554364,-1.5779076,0.21351418,0.087938406
9,952,0.9365401,-0.5471674,-4.556301,-1.5776496,0.21250667,0.09009333
9,953,0.9364846,-0.54717386,-4.554476,-1.5773067,0.2114963,0.09224868
9,954,0.93640256,-0.54718196,-4.556817,-1.5776191,0.21048304,0.09440443
9,955,0.93643165,-0.5473053,-4.555722,-1.5769033,0.20946693,0.09656058
9,956,0.93634033,-0.547358,-4.554207,-1.5776267,0.20844795,0.098717116
9,957,0.93637013,-0.5474485,-4.560236,-1.5764222,0.20742612,0.100874014
9,958,0.9363177,-0.5475257,-4.558343,-1.5774484,0.20640141,0.10303126
9,959,0.93638444,-0.5475625,-4.558651,-1.5763073,0.20537385,0.105188854
9,960,0.93622017,-0.5477081,-4.555496,-1.577209,0.20434345,0.10734677
9,961,0.9362457,-0.5477884,-4.556772,-1.5768194,0.20331019,0.109505
9,962,0.93605757,-0.5476223,-4.5523663,-1.5768037,0.20227407,0.11166352
9,963,0.93600893,-0.547911,-4.553708,-1.5769677,0.2012351,0.11382232
9,964,0.93582463,-0.5477485,-4.554123,-1.576746,0.20019329,0.11598139
9,965,0.93590903,-0.5479285,-4.5531235,-1.5770397,0.19914864,0.11814071
9,966,0.9357929,-0.5480088,-4.554678,-1.5767555,0.19810113,0.12030028
9,967,0.9359331,-0.5482106,-4.5537786,-1.5764952,0.1970508,0.12246006
9,968,0.93579316,-0.5482162,-4.5550003,-1.5774956,0.19599761,0.12462006
9,969,0.93583226,-0.54838556,-4.5547457,-1.5767927,0.1949416,0.12678026
9,970,0.9357538,-0.5484286,-4.5535116,-1.5776143,0.19388273,0.12894063
9,971,0.93574166,-0.5485519,-4.553341,-1.5763144,0.19282106,0.13110116
9,972,0.93563056,-0.5485625,-4.553442,-1.5771928,0.19175655,0.13326186
9,973,0.9357035,-0.5487907,-4.551841,-1.5761466,0.1906892,0.13542269
9,974,0.9354923,-0.5486319,-4.555154,-1.575901,0.18961903,0.13758364
9,975,0.935467,-0.54880506,-4.5527,-1.5763173,0.18854605,0.13974471
9,976,0.93537116,-0.54888856,-4.555563,-1.5755367,0.18747024,0.14190587
9,977,0.93539333,-0.5487994,-4.554323,-1.5760422,0.18639162,0.14406711
9,978,0.93528295,-0.5490704,-4.5555496,-1.5756664,0.18531018,0.14622842
9,979,0.9351959,-0.54878575,-4.555642,-1.5759635,0.18422593,0.14838977
9,980,0.9352567,-0.5491098,-4.5551395,-1.5762315,0.18313888,0.15055117
9,981,0.9351902,-0.54920894,-4.557068,-1.5756178,0.182049,0.15271258
9,982,0.93517256,-0.5491555,-4.550555,-1.5761967,0.18095633,0.15487401
9,983,0.93516564,-0.54895175,-4.55748,-1.5757003,0.17986086,0.15703544
9,984,0.9351237,-0.5492852,-4.5522346,-1.5760703,0.17876258,0.15919684
9,985,0.9350319,-0.5490825,-4.557619,-1.5755105,0.17766152,0.16135821
9,986,0.93507314,-0.5494399,-4.552204,-1.5760083,0.17655766,0.16351952
9,987,0.9348104,-0.54942083,-4.553005,-1.5752296,0.17545101,0.16568077
9,988,0.934849,-0.5495845,-4.5514317,-1.5756607,0.17434157,0.16784194
9,989,0.93465424,-0.54935694,-4.552927,-1.5750413,0.17322935,0.17000303
9,990,0.93475366,-0.54975945,-4.554117,-1.5754142,0.17211436,0.172164
9,991,0.934531,-0.549286,-4.5522413,-1.5746207,0.17099658,0.17432486
9,992,0.9347441,-0.54991466,-4.5572224,-1.57552,0.16987601,0.17648557
9,993,0.93462753,-0.54919887,-4.5525856,-1.5742698,0.16875269,0.17864613
9,994,0.9344456,-0.5498376,-4.5587463,-1.5751667,0.16762659,0.18080653
9,995,0.934366,-0.54966736,-4.554676,-1.5742745,0.16649772,0.18296674
9,996,0.93438554,-0.55004275,-4.5545626,-1.5743814,0.1653661,0.18512677
9,997,0.9341843,-0.54976517,-4.5566826,-1.5742517,0.1642317,0.18728659
9,998,0.9341767,-0.55002105,-4.554035,-1.573556,0.16309457,0.18944618
9,999,0.9341762,-0.55020267,-4.5534,-1.5736065,0.16195466,0.19160554
