combo,system,policy,length,num_samples,seed,ung_nmse_q_mean,ung_nmse_q_std,ung_nmse_q_p25,ung_nmse_q_median,ung_nmse_q_p75,ung_nmse_q_p99,gui_nmse_q_mean,gui_nmse_q_std,gui_nmse_q_p25,gui_nmse_q_median,gui_nmse_q_p75,gui_nmse_q_p99,d_nmse_q_mean,d_nmse_q_std,d_nmse_q_p25,d_nmse_q_median,d_nmse_q_p75,d_nmse_q_p99,ung_nmse_p_mean,ung_nmse_p_std,ung_nmse_p_p25,ung_nmse_p_median,ung_nmse_p_p75,ung_nmse_p_p99,gui_nmse_p_mean,gui_nmse_p_std,gui_nmse_p_p25,gui_nmse_p_median,gui_nmse_p_p75,gui_nmse_p_p99,d_nmse_p_mean,d_nmse_p_std,d_nmse_p_p25,d_nmse_p_median,d_nmse_p_p75,d_nmse_p_p99,ung_hamres_mean,ung_hamres_std,ung_hamres_p25,ung_hamres_median,ung_hamres_p75,ung_hamres_p99,gui_hamres_mean,gui_hamres_std,gui_hamres_p25,gui_hamres_median,gui_hamres_p75,gui_hamres_p99,d_hamres_mean,d_hamres_std,d_hamres_p25,d_hamres_median,d_hamres_p75,d_hamres_p99,all3_win_count,win_nmse_q_count,win_nmse_p_count,win_hamres_count
3dof_sinusoidal_L50_N100_seed10,3dof,sinusoidal,50,100,10,174.9269311384097,859.9221577428594,4.303595958072751,8.129798101174767,22.38802795981624,2512.236106816451,96.34649345821983,461.9467533481217,1.5804765550326518,2.978368570934886,8.98060211184145,2812.069043712935,-78.5804376801898,900.078212204747,-14.036288168777892,-2.7806353803914106,-0.8871994327951789,2788.810043312431,45.71486146138181,306.35724020155453,0.3511197189184536,0.7326512501194502,2.2259957243396684,770.3843310172468,2.9175684151477146,15.526244275766878,0.0438022677494852,0.13871403513572278,0.49370931779157123,23.21637327569267,-42.79729304623411,302.6956259846656,-1.643606667605531,-0.5663728368797513,-0.26765750345635814,-0.00017759285795586858,0.41914478106424213,0.5197600765613334,0.19736500084400177,0.33268097043037415,0.46479903906583786,3.685803484916687,0.1264313874882646,0.43497090202064775,0.014407794224098325,0.024236581288278103,0.06512542814016342,2.7786868834495566,-0.29271339357597753,0.18166546632762923,-0.3829012606292963,-0.2852223701775074,-0.15636027976870537,-0.01861482938751576,80,81,99,100
3dof_sinusoidal_L100_N100_seed10,3dof,sinusoidal,100,100,10,22.77766302765814,76.97011852036442,1.6680883876471013,4.319324030242976,13.357754419597072,219.27572441398473,16.667237427307096,68.98843681190283,0.3203431559036588,1.817282397435626,7.815330008599845,176.49146669548878,-6.110425600351049,100.54374429868112,-5.828927148854911,-1.5560365425779459,0.4844727350571701,166.09507570603276,1.5409771148044078,5.216751151253814,0.02748326340375312,0.05960085998532823,0.5090715928537153,22.381515304671765,0.11432366472311649,0.4230653052643699,0.002280190745406711,0.00598812486971014,0.02431267314887889,2.2833015923957456,-1.4266534500812915,4.909222117136769,-0.49691025103145087,-0.05642986691102051,-0.02339487141861872,0.00165892702039853,0.04683368740137667,0.05664993278016619,0.010537744266912341,0.033991239964962006,0.0572245828807354,0.2886563137173658,0.006397865408653161,0.018227384849819103,0.0009197493636747822,0.002220292924903333,0.006144136190414429,0.03950013931840729,-0.040435821992723504,0.047761017834241436,-0.05350916697352659,-0.02719817729666829,-0.00696226982108783,-0.0011784918198827633,70,73,97,100
3dof_sinusoidal_L150_N100_seed10,3dof,sinusoidal,150,100,10,32.49398900124572,135.66154213466956,1.5391068499823297,3.725458999939387,9.758246284070704,775.7929562165765,4.800392576995219,8.281525916672093,0.30563943850075864,1.0937078469515995,5.854984336484182,43.02587501754091,-27.693596424250494,135.102360640874,-5.15666009808354,-1.3047921487176297,0.10855567014326614,32.99425077101143,0.966506692582423,3.1646237474399563,0.011387786517846998,0.05094776255309562,0.17276190692069018,16.851309966561754,0.05190429154187532,0.17603411287831383,0.001459826885575889,0.004206811702183635,0.02043222748917451,0.7767045163386972,-0.9146024010405478,3.088433055067101,-0.15218391594750463,-0.042506829926701774,-0.009333707013092775,0.003523918127269149,0.060392292354954406,0.0752755808296384,0.014133314369246364,0.0317396130412817,0.07572294399142265,0.3300966709852227,0.0070180045881716065,0.02478153617008009,0.0008651415846543387,0.00169128185370937,0.004598309635184705,0.08971287228167127,-0.053374287766782796,0.07059761164439146,-0.06700547836953774,-0.028563282743562013,-0.011438081739470363,-0.0012951175787020456,69,72,96,100
3dof_sinusoidal_L200_N100_seed10,3dof,sinusoidal,200,100,10,10.559709407066466,15.345583002457817,0.8910538667473549,3.3967742078223404,13.111070203563688,69.38813846035818,6.217032228453953,27.015693283958022,0.17793670873106368,0.7762265326748328,3.686065004754162,34.49459268969936,-4.3426771786125125,29.479457364887327,-7.455166198573336,-1.4087131005211941,-0.09222971608669514,23.82955869251049,0.48548813637105304,1.5604717341457734,0.006144102448863801,0.02318809025041981,0.08652546075570844,7.189945224407501,0.12547448466757152,0.5664187119661606,0.0007422948649663734,0.0025214071120578606,0.012382859120233564,3.8939667334201227,-0.3600136517034816,1.130400749230344,-0.06228744066461343,-0.019217612362550446,-0.0022320154509620493,0.05368521380712347,0.04743200160097331,0.08782816282252835,0.010236551752313972,0.021192054264247417,0.050620466470718384,0.2476968219876318,0.009034591833478772,0.05126371966858137,0.000767290621297434,0.0015619000187143683,0.003486216184683144,0.05044449988752843,-0.038397409767494534,0.05032932485771045,-0.0472928490198683,-0.016167541645700112,-0.007288684544619173,-0.0009319478622637676,72,77,94,100
3dof_sinusoidal_L250_N100_seed10,3dof,sinusoidal,250,100,10,12.708550618543955,60.99615794589999,0.40668724736947803,2.315262711276084,7.599799448823382,94.17189339989693,6.36819489229751,26.906437909567536,0.18649033024196987,0.9944019522137861,4.257687405235719,52.979625618388305,-6.340355726246446,65.70277161548476,-3.636062800322531,-0.30324842602638724,0.32825290047239186,49.77304555609572,0.4972268832091256,2.0724775555454635,0.004577690682185161,0.01532389079586085,0.0825459702972809,12.464376727716793,0.13631934368864088,0.5367697377732472,0.0011369933600011818,0.003732227112118227,0.02514292473499298,3.27686366643311,-0.3609075395204847,1.7013810660742898,-0.06773264941994038,-0.008316511041541257,-0.0017460461894971296,0.08722995589786549,0.0883613442373462,0.11093097440769281,0.016804765444248915,0.06485007330775261,0.11549517512321472,0.524782686829568,0.016869950037798846,0.06614023421373019,0.001320680050412193,0.0030175845604389906,0.007520636194385588,0.4253366017341617,-0.07149139419954736,0.07985601319885355,-0.10046865785261616,-0.044895015307702124,-0.014035334723303095,-0.001402446751017123,61,64,93,100
3dof_sinusoidal_L300_N100_seed10,3dof,sinusoidal,300,100,10,10.00548627881291,27.198506539597044,0.385914208983138,2.7261555788087906,6.877629200985377,97.00339391281823,3.1640090504432004,7.862401132494782,0.05969502586036779,0.8171222664428344,2.721621083428622,42.75849289899819,-6.841477228369709,27.918059337681417,-3.800851300187843,-0.5377803690458399,-0.008125069764794088,32.13912426406212,0.5120149822628242,3.035871923029009,0.006007521115290071,0.031162840974072768,0.1383584120374008,4.803486620643288,0.4144790139031605,3.270868699553348,0.000959829529290243,0.004347820972609616,0.026025255126258952,2.5414227272255205,-0.09753596835966351,4.1359092964026365,-0.10197731673574324,-0.010454774631995813,-0.002905027473633842,2.443251988957803,0.049738817720208314,0.06952438165978662,0.010156641248613596,0.02485551591962576,0.05676146596670151,0.3400695803761487,0.006703161631157854,0.02002430352848578,0.0006205141835380346,0.0016997655620798469,0.004076937912032008,0.07550631128251604,-0.04303565608905046,0.06073927497973948,-0.047282478597480804,-0.01948310977604706,-0.0077541968785226345,-0.0010264547922997727,73,77,92,100
3dof_sinusoidal_L350_N100_seed10,3dof,sinusoidal,350,100,10,14.602380504017193,97.0845239859805,0.2771526263239144,1.7085909294501243,4.204513550391001,71.9892294689135,4.786342438297383,18.051264179461572,0.11310234785092782,0.4711126879105895,2.9599564021126374,40.8789000318962,-9.816038065719809,97.05925666712452,-1.4592524986618594,-0.15626851443528159,0.3707154286651443,27.53147417539842,0.33489751972012727,1.5332426435087279,0.007145710214686448,0.03788622274810076,0.13511755762240665,4.684159718487844,0.09923915491940355,0.4669823575082948,0.0021073031853844674,0.0059892752809658795,0.0234948713177918,2.0290116960006768,-0.23565836480072366,1.5659668701482765,-0.09537475236223603,-0.025839048664787555,-0.0018066261477745053,0.5434493425674269,0.04924779306864366,0.05826041789554207,0.013545454479753971,0.027397156693041325,0.06609738990664482,0.2783803772926335,0.011636453794926638,0.030154153425418412,0.0008584460010752082,0.002508024452254176,0.006953746196813881,0.14938982382416763,-0.03761133927371702,0.049227628051903394,-0.05114072095238953,-0.01779117205296643,-0.00736952805891633,0.0013376569375395885,52,59,82,98
3dof_sinusoidal_L400_N100_seed10,3dof,sinusoidal,400,100,10,8.131374459496955,18.96616471828378,0.3605145528145249,1.800950591824197,6.790947392176024,81.48491569470065,3.104404264877856,15.194936097955921,0.11726772895827953,0.4385854573130823,1.3281394750467377,19.24549247337315,-5.026970194619099,23.912209738506622,-5.205961871180457,-0.7516222787762808,-0.05100791230808277,12.98129048979853,0.5870983717965474,2.4544705404435523,0.010258741926176984,0.03448104530175236,0.17047548289841644,6.1827055510750535,0.22585978717154412,1.2701120420465875,0.0020887150181129483,0.009071101884765002,0.03270747440603998,3.45751751874655,-0.36123858462500336,2.4545213951239617,-0.0757274954373491,-0.017009990130466335,-0.002778322273115783,0.9565684636927438,0.05419223504373804,0.06962728578867909,0.010062227956950665,0.029886881820857525,0.07167585007846355,0.3246475419402127,0.00734016409740434,0.019983846257293353,0.0009855827083811164,0.002174119115807116,0.0061978300800547,0.06581785738468228,-0.046852070946333695,0.06157794772345604,-0.05832517235830892,-0.02299181729904376,-0.007638623239472508,-0.001328241429291664,75,82,85,100
3dof_sinusoidal_L450_N100_seed10,3dof,sinusoidal,450,100,10,6.160393249854903,13.61879007356594,0.3416217002731273,1.4426515336140837,4.999814570263799,68.0715861319222,10.343773621993973,42.89711649028208,0.13096284049988524,0.5567062824157751,1.696028342558023,254.52043301105147,4.18338037213907,43.833554113886464,-1.8082921808812737,-0.34368191897879063,0.04367816562949157,254.3312623234772,0.9308834497407291,3.801817902282222,0.010017831072517282,0.03694318911934169,0.19501375464956414,16.96001808363477,0.06520230400097148,0.15501835120713253,0.0034139730693667097,0.012600194904037281,0.04278372716005327,0.6562324746810381,-0.8656811457397576,3.7335902786609743,-0.11282135579059403,-0.02045612938324786,-0.0021638149854847784,0.03410716166617828,0.07482689404510894,0.08098472858156802,0.01310603879392147,0.045151930302381516,0.11223560757935047,0.3514408597350127,0.006577846034779213,0.01107263721115383,0.0011839767103083432,0.003157933708280325,0.006728172651492059,0.04815970748662966,-0.06824904801032972,0.07586640538206274,-0.10971557459561154,-0.03932603445718996,-0.005994011415168643,-0.0012105407763738165,68,72,80,100
3dof_sinusoidal_L500_N100_seed10,3dof,sinusoidal,500,100,10,9.216933011622048,52.814535237069705,0.13511973588337028,0.8419943894572004,4.009398687503855,56.812962092853276,4.354279723515002,15.271377024140653,0.052817559283557906,0.22641115580163618,1.232420959663758,94.09955140505309,-4.862653288107044,53.92052796006134,-0.8721920246363408,-0.15784151687071163,-0.010095368256962155,51.031777020459245,0.6783759656052549,3.1960950583897954,0.009242894364193385,0.039398144138156455,0.14708171812107063,16.183899233418515,0.33980496776140795,1.6400897374648686,0.0032231078972740066,0.009941661815019617,0.03617647886716725,5.20472083223136,-0.3385709978438472,2.6071932946017227,-0.0906361601481442,-0.01957617013858599,-0.0025389060656698763,2.3950943968193457,0.06205662400228903,0.12846386694784673,0.009688149206340313,0.02531085442751646,0.06075996160507202,0.5219816517829926,0.009079624902369687,0.028448272291183654,0.001125872164266184,0.0022614996414631605,0.005182971595786512,0.15878356665372884,-0.05297699909991934,0.10432431188378459,-0.05597509030485526,-0.022207200760021806,-0.005967816250631586,-0.00017100971192121473,72,76,88,100
3dof_sinusoidal_L550_N100_seed10,3dof,sinusoidal,550,100,10,4.094250762110139,11.374146848667058,0.2610731605263916,0.6937833186045899,2.7530320491351423,40.88923112103598,2.254356117205761,7.952202731102135,0.06982843046718815,0.3039366786884385,1.0419089676886304,19.574495926595652,-1.8398946449043783,12.938875221419664,-1.1798673381399218,-0.23160427778909798,0.03129887276052267,14.638661183882549,0.41114898575860964,0.9441220972028067,0.016506259973174384,0.0757811921616771,0.18107217404151246,4.055540974224991,0.17377924168537373,0.6704232324880677,0.0046693272468068675,0.019855566351689356,0.057669507378055464,2.4339670215835327,-0.2373697440732359,0.8994341720246666,-0.10023458111519767,-0.029463876250743606,-0.0016702372514708027,0.5015274838635742,0.05827160157961771,0.06907180722173067,0.0116293637547642,0.031120718456804752,0.07838145270943642,0.322671792805195,0.007847677241952624,0.016422008142018458,0.0013714134984184057,0.0028485854854807258,0.0072002115193754435,0.09080912582576288,-0.050423924337665085,0.06590636508281804,-0.07364231022074819,-0.022517165692988783,-0.008086592177278362,-0.001177756632678209,68,70,81,100
3dof_sinusoidal_L600_N100_seed10,3dof,sinusoidal,600,100,10,3.7793389308572545,11.516790143790097,0.2737376727906481,0.8384652397123555,2.774687396363328,40.26922228422469,2.3805162056121754,7.89890675044921,0.08729680433037766,0.3473646963843052,1.6587596840910164,33.67248024764297,-1.39882272524508,5.160442467807317,-1.0050330846554731,-0.26934501185411985,-0.0013108834450706042,6.715779336996712,0.7713659445493678,2.393342559863276,0.007732126272054769,0.08033255604005315,0.38958856667928143,10.716617146080834,0.18688686148499514,0.532579702441664,0.003650289954810975,0.019087447580107685,0.07559264980552652,1.449798307510017,-0.5844790830643726,2.2744045033609455,-0.1757854821433221,-0.03396880594210726,-0.003486624394619806,0.5158252172942553,0.060899474455509334,0.07121452904453993,0.013272871961817145,0.03316468000411987,0.09241731278598309,0.32525674104690616,0.011020523918268736,0.0182250975383029,0.001676261454122141,0.0040313005447387695,0.011038592085242271,0.08386050745844854,-0.0498789505372406,0.0650626107515464,-0.08234593761153519,-0.026113788248039782,-0.011525591718964279,-0.0011630385031457982,73,75,83,100
3dof_sinusoidal_L650_N100_seed10,3dof,sinusoidal,650,100,10,6.329885653396127,23.91823289821838,0.19226841300428965,0.8764112945023366,1.945349824666205,66.38248940058459,2.798857043793535,12.40499941445374,0.05709543368084896,0.26335684354638306,0.9191267829000721,40.27592905811279,-3.531028609602592,26.819709924700334,-0.8807327736892532,-0.18826675516682354,0.005744364679334085,30.31284682973394,0.4494741458060502,1.7133980071448136,0.010704501637165765,0.04192652405808414,0.1981644403904843,5.517050255449878,0.3365534713331167,2.350204710840788,0.0036552522009019456,0.011860309914572695,0.052306753509646135,3.7308185552637076,-0.11292067447293341,1.0419759925124028,-0.09590855878748292,-0.026987531103904304,-0.002289389316899479,0.2534801613653706,0.05813576466403902,0.07465013804014915,0.012409855844452977,0.032556673511862755,0.0668839830905199,0.3000336399674427,0.00754559420485748,0.013602187042302823,0.0018585125508252531,0.0033530195942148566,0.008520206669345498,0.05926724046468762,-0.05059017045918154,0.07347848413203949,-0.05738607107196003,-0.025547882076352835,-0.007200200998340733,0.0020841971784830195,69,73,79,98
3dof_sinusoidal_L700_N100_seed10,3dof,sinusoidal,700,100,10,2.9223381481301103,5.373037067346998,0.30987774441723936,1.0678667325308777,3.2061576775254874,22.398560273933917,2.000877299002001,3.7273817727378726,0.11254474559110143,0.6006376898359911,1.8114696738977576,16.743340050691558,-0.9214608491281089,5.574124421839169,-1.0733506511208182,-0.12068401313634222,0.04919514893760556,11.327595492981867,0.6158169452863861,1.3712254342341226,0.017535129092941894,0.10586517200754468,0.5386965003170014,7.755952494556069,0.3243368373786548,1.1503745616885406,0.005901042084277004,0.029707285633631945,0.1279098190812821,4.013891297192549,-0.29148010790773127,1.4955670121327709,-0.18843838997331974,-0.02655518391086001,-0.0012123868326962138,2.700192422605122,0.05352974150096998,0.07076411617928006,0.008924424881115556,0.020116726867854595,0.06958458200097084,0.278355403840542,0.008465745789289941,0.011731498297209502,0.0019681454286910594,0.0038130086613819003,0.009480675216764212,0.05318783048540357,-0.04506399571168004,0.06598326002045918,-0.05633594002574682,-0.01268488253117539,-0.005118548986501992,-0.000567706823348998,60,64,80,100
3dof_sinusoidal_L750_N100_seed10,3dof,sinusoidal,750,100,10,2.775350052681141,8.403703825318964,0.17075674910483188,0.6050299064779696,2.2287158877088684,30.98869055549919,1.7515490949602972,5.8205740813929445,0.07088425522180167,0.33599473671009583,1.20593574344849,13.909927444582449,-1.0238009577208438,8.386102530753643,-0.6888730542602096,-0.15330769862580657,0.021805480416810366,3.2064840644823827,1.5482183882459322,9.296537736455223,0.01672967986155079,0.06526190472716834,0.37294177729774175,15.797496297931827,1.3677927504423486,11.103091396498844,0.008082689539871936,0.03612699416863165,0.13193140183295257,6.646278283519829,-0.18042563780358345,2.6816232909746565,-0.08652450565794224,-0.015801245326827352,0.000628721130068819,0.5506212656555718,0.07020721283974125,0.07266263075157103,0.016299904324114323,0.04543348401784897,0.09649841487407684,0.2707683050632481,0.012285366005380638,0.022223437938010446,0.002708733140025288,0.0048419039230793715,0.013272892450913787,0.08648399256169849,-0.05792184683436062,0.0654451207395527,-0.08076814678497612,-0.03362272249069065,-0.011393927969038486,-0.0014831302268430585,64,67,71,100
3dof_sinusoidal_L800_N100_seed10,3dof,sinusoidal,800,100,10,3.8417229609032164,9.548366047277865,0.16152161646002022,0.7372401001321751,3.01396326447395,48.40762284205357,2.291097866961865,6.283219964094435,0.07856387171235511,0.3566788696533759,1.4800778600078448,30.18621979778625,-1.5506250939413517,6.759107322304169,-0.6343366414782354,-0.12074694485008919,0.03684287924169055,7.183499677977215,30.259400455684304,292.09537153438265,0.028957508979802753,0.100890484135128,0.5451578144826144,49.585309651955285,0.40031087436663404,1.2360773443263726,0.013293946140224376,0.048926557815120605,0.18458060521389347,5.937860858191488,-29.859089581317676,292.0994187642624,-0.1168045874863653,-0.02978757696166282,-6.440715805577349e-05,2.1693257389359584,0.07290735196787863,0.08348440736515543,0.017578970175236464,0.047887565568089485,0.09706871211528778,0.3280786034464847,0.014481150355131832,0.030044808770781497,0.0028979183407500386,0.006256520980969071,0.01189025305211544,0.14035168826580094,-0.05842620161274681,0.06779996396229875,-0.08287777053192258,-0.036725105717778206,-0.010078569524921477,9.822852909565224e-05,63,67,75,98
3dof_sinusoidal_L850_N100_seed10,3dof,sinusoidal,850,100,10,4.419061286586454,12.527286548641055,0.09730794097865221,0.766802243644568,3.0848301214583254,73.71755665872604,2.1663924064898503,5.045028536199476,0.07156671572831999,0.3845459359303311,1.6689388292363794,17.20541739059417,-2.2526688800966035,11.748437698421085,-0.7769080458245575,-0.07330375764078267,0.007175685620079527,8.691768377330193,0.9891646297710989,2.992125016307934,0.01808741902465136,0.06381171215780722,0.38739105082200276,15.01508626103439,0.49958672731960674,1.4774887353713488,0.012448290856668997,0.045654261901740684,0.23839475560062898,7.815406537233423,-0.48957790245149213,2.355991579880505,-0.06893077716081365,-0.013740129724762599,0.005296398401275353,1.503636746522259,0.09158284133067354,0.10038531130256131,0.020946324802935123,0.05752396769821644,0.115459019318223,0.4330313622951515,0.019944189641973933,0.045693431573472,0.0037804843159392476,0.009073436260223389,0.02006667945533991,0.08507247522473518,-0.07163865168869961,0.08244295506335092,-0.10183370462618768,-0.038607777387369424,-0.010879318055231124,-0.0006015360355377119,58,70,69,99
3dof_sinusoidal_L900_N100_seed10,3dof,sinusoidal,900,100,10,2.620024917812001,5.407927842947801,0.16668701294816762,0.6262476215258419,2.204376753373574,24.623934311431935,1.8906279488787034,4.330654544080495,0.08145203334632492,0.39883818022888473,1.638864824960587,21.3914411754234,-0.7293969689332964,4.1628923830301074,-0.42937286226602833,-0.05794586887739252,0.024544899179355664,6.286888015810271,0.5334778870612432,1.6784132718962759,0.019415495750861187,0.06590454135345958,0.21425663347622817,9.023204836455891,0.234886371301227,0.5203139903555469,0.010326697894878965,0.046235912847802325,0.15554678233611674,2.054200285140849,-0.2985915157600163,1.4878862111828544,-0.0600093207611741,-0.01556932178915154,-0.0002504220492069515,0.28008858075937526,0.08283605261705816,0.09313714743813496,0.01923072338104248,0.04979274794459343,0.1115300077944994,0.44792699456214946,0.018622034566942603,0.02827514107558907,0.004481723066419363,0.009282907005399466,0.019307515118271112,0.17070536464452757,-0.06421401805011556,0.07913568003686805,-0.09335002372972667,-0.025890014367178082,-0.009963095362763852,-0.0010935863619670266,63,68,76,100
3dof_sinusoidal_L950_N100_seed10,3dof,sinusoidal,950,100,10,3.9412282241207794,16.97182012731764,0.1643953409920209,0.46838689611167394,3.0181984876683123,20.454832530984163,1.8766404564354924,4.334157204265708,0.1136553139918234,0.3825863747251715,1.6123142273406512,16.700181006185264,-2.0645877676852873,16.543105524865815,-0.4212657373897681,-0.08097414537041475,0.03401172587787732,13.243985711655645,0.8450138690087021,3.2125518450688446,0.027028791347165498,0.14803963297567946,0.5349201817298264,5.770811441444246,0.39180852367019703,1.0919704205262857,0.020820982232722177,0.08279628124019035,0.2803245539242699,2.3862749462699475,-0.4532053453385053,3.077678754203201,-0.10881177018301688,-0.02366243636015336,0.0025695817200181194,1.253768544426467,0.09414821589365602,0.10082850762070404,0.023291072342544794,0.06373975798487663,0.12802213430404663,0.441958497464657,0.024627347347559406,0.03230996600451695,0.005147894145920873,0.01189074944704771,0.029149215202778578,0.1482970859110356,-0.06952086854609661,0.08173702654178541,-0.10131600545719266,-0.04056225449312478,-0.011805395013652742,-0.001335114459507096,58,68,70,99
3dof_sinusoidal_L1000_N100_seed10,3dof,sinusoidal,1000,100,10,3.0276362297768453,4.8678239632731755,0.4398042522340541,1.1854593316510886,3.2024714393808327,22.984089519641966,2.2141962750479447,4.694776598165333,0.19345935661305672,0.6380375105216751,2.157865582738382,20.043623840717974,-0.8134399547289008,4.5100445099902196,-0.596705272151777,-0.10942368548175796,0.03010895375860921,12.360684172772213,1.8372944639668356,10.98603661854407,0.05724906162230274,0.3599280181295479,1.0984061449000666,9.434490268792924,0.5683085162972218,0.8369975958402102,0.02967178202274408,0.23404193659754813,0.7160212153852582,3.281617315682056,-1.2689859476696137,10.50235956468483,-0.13499251508713683,-0.02520591765826784,0.0006168970619365278,1.0424199853332181,0.12107427635230124,0.13508339209134462,0.030763965100049973,0.06614554300904274,0.15279075875878334,0.5809345018863679,0.025122705306857826,0.025944681182117887,0.0068303943844512105,0.015699506271630526,0.03300362918525934,0.11618960306048404,-0.09595157104544341,0.1254487377352636,-0.1224379725754261,-0.04259536787867546,-0.013173620332963765,0.0013386612012982377,59,69,72,97
3dof_sinusoidal_L1050_N100_seed10,3dof,sinusoidal,1050,100,10,4.296254028170385,10.979744157743228,0.4289668580498053,1.3087177692725611,3.6205822246211143,57.00740398956527,3.2742671125199907,8.280015440421554,0.2636974686861658,1.0588781374901197,2.855018138526897,55.50479732519118,-1.021986915650394,6.079165031474238,-0.37350301757683074,-0.03456148211110349,0.05309211353463422,4.613423592178009,1.1294721957445093,1.9809317445690433,0.039161690654016576,0.24988671571778542,1.4090681371892526,7.767836574547336,0.9917349126598451,1.8387983442818778,0.029284982457598918,0.215720789739188,1.0692178000649084,9.632212134631231,-0.13773728308466449,1.1025769595534753,-0.12043201864916905,-0.00447153551498484,0.014286940374013663,1.6777368455070019,0.19136744756251572,0.16606423415323707,0.0606420673429966,0.12566859275102615,0.2780701667070389,0.614615468978882,0.045687518209451806,0.05932455834540519,0.016835025046020746,0.02858718205243349,0.05409072991460562,0.2792706966400156,-0.14567992935306392,0.14077897374144774,-0.2063875226303935,-0.09318058099597692,-0.03474592324346304,-0.0029767184332013114,49,61,59,100
3dof_sinusoidal_L1100_N100_seed10,3dof,sinusoidal,1100,100,10,3.3630688314505686,7.963394612807945,0.3096575522189295,1.031912532725237,2.60725080530638,26.625271060165463,3.8015012412800138,8.481818002390325,0.23112779413225215,1.0070737030985568,2.761547202208071,46.52546238972774,0.4384324098294448,3.6495331532159363,-0.11489588050580735,-0.01643647247575651,0.05510625312941554,18.84009111882619,1.6265418510066763,5.117331187646599,0.05558813317594878,0.3371418722223851,1.368195498454105,25.419761677442573,1.913354794091848,8.417963640857531,0.055716978972169595,0.3254789299145116,1.138881642589924,15.191815736384484,0.28681294308517186,4.38359015455705,-0.04087523068490925,-0.005542123909247779,0.031209836339536102,3.297303279818052,0.40001060883514583,0.24378548499466254,0.2240617461502552,0.3937815874814987,0.5436967462301254,1.0281869244575503,0.1503681404516101,0.10217721018503972,0.07448827289044857,0.13292164355516434,0.19477515667676926,0.39643727600574535,-0.24964246838353574,0.15296455905031126,-0.3456931747496128,-0.24997343868017197,-0.14666011556982994,-0.002600280679762355,43,56,59,100
3dof_sinusoidal_L1150_N100_seed10,3dof,sinusoidal,1150,100,10,5.910138404176946,15.806755235686337,0.45060555884854187,1.6337935985759948,3.510842750062623,72.38395812369775,5.824968762096469,17.23870041362871,0.43070195858084764,1.5415417571433871,3.5952654532790707,61.9191529603086,-0.0851696420804778,5.138539150934659,-0.08118471704700417,-0.004025833250125607,0.05606134606831382,11.135865903440498,1.3885485910711142,2.9089737225917625,0.1260589568428794,0.4639984765947297,1.5068969479301213,14.1081583007954,1.2881435436286657,2.6370170686450685,0.10959555950873648,0.45284154542197497,1.4935375604536403,14.481440314024248,-0.10040504744244816,0.7041942053892054,-0.025995088937009508,-0.0003290911784226474,0.016455423338270644,0.6523495511087348,0.5851075832918287,0.2699174122033851,0.38456838577985764,0.6305191516876221,0.7773471921682358,1.129646912813187,0.3341086883470416,0.1689315028132498,0.2132512517273426,0.3425348848104477,0.4420482665300369,0.6724872756004336,-0.250998894944787,0.11019599513865576,-0.3275192975997925,-0.27809128165245056,-0.17529327049851418,-0.0352810844779013,40,52,51,100
3dof_sinusoidal_L1200_N100_seed10,3dof,sinusoidal,1200,100,10,5.623485611553953,23.06168638689287,0.5024124732750339,1.4771174141262637,4.1078254977212225,23.98837726985293,5.387879925433752,19.904433004093868,0.48557864925399435,1.4632395559714535,4.198297864203474,23.93151780218835,-0.2356056861202022,3.4859012769127373,-0.04809849458711006,0.00013722509756017298,0.04776572675314228,2.7859738904941667,3.2798473068849257,9.012787267654113,0.1029845889670057,0.738485198303537,2.127736494372643,55.52819729944625,3.3873324635281246,9.69523383978194,0.08873882728236301,0.7778658231816127,2.1182236617898953,63.44963590353322,0.10748515664320005,1.585983140936949,-0.03425430622538393,-0.001768849929724703,0.007379056418266708,6.978752721280508,0.747625185996294,0.2645138398134866,0.5725336670875549,0.7524832189083099,0.8975103497505188,1.4415792667865757,0.5255765776336193,0.19879161358499392,0.4022223576903343,0.511062502861023,0.6235920041799545,1.1001159656047823,-0.2220486083626747,0.07700275628273667,-0.2721667140722275,-0.2285100221633911,-0.17610590159893036,-0.043596854954957805,37,50,56,100
3dof_gp_L50_N100_seed10,3dof,gp,50,100,10,32.96871511672873,86.37013796397966,3.813650501768934,6.816623141719405,23.30734253971754,329.5283756482176,81.43200130200823,383.9573617237734,1.5920310615467916,3.147079633360196,13.128717532708624,1369.4810748743719,48.463286185279514,392.5790933233755,-9.424544066995512,-2.027883718207976,1.036950493410516,1265.0566642793528,71.19717414060793,411.2220396015875,0.30368639417978827,0.7799676850686196,3.448417376580226,2524.21272296096,6.661692332049536,46.96577643458917,0.04612224065886704,0.13003895473545907,0.5588018753247771,55.240202379604675,-64.5354818085584,383.69827943355244,-2.5302575183481393,-0.6300360980468609,-0.2188657892498894,1.9200850719447422,0.4175853175483644,0.42751711573185275,0.20360730960965157,0.3434883952140808,0.49852460622787476,2.153604354858405,0.12733766742283478,0.3675948128573415,0.01381208561360836,0.027065059170126915,0.05697384476661682,1.9478263151645698,-0.2902476501255296,0.1790104116946862,-0.40497752255760133,-0.27438101661391556,-0.14542744122445583,-0.007122711744159448,68,70,98,100
3dof_gp_L100_N100_seed10,3dof,gp,100,100,10,39.2287238214068,122.86106177941767,1.8756015749592636,5.32559727435288,15.462649374918865,494.486792718582,14.581839709181363,60.666552429547004,0.36413906709284866,1.48854348568172,6.997889940113823,113.130011954193,-24.646884112225436,86.67703841464919,-8.788802751970854,-1.3234794738372515,1.3016739457387059,87.88362659454133,4.914346397862574,25.347170432883352,0.030083120483816644,0.07565575882768676,0.3513425662630302,165.32556334858637,0.3434723257093313,2.1679839297979044,0.002592594631862669,0.004948016845910324,0.015856075772935425,9.45564943501361,-4.5708740721532415,23.620786067475237,-0.31923774216686995,-0.05759517512977841,-0.023478376766759793,0.011354835872331654,0.04229608281748369,0.04810167837519348,0.009175986517220736,0.023161115124821663,0.05846928898245096,0.18688897505402619,0.00493196939198242,0.010063077814863127,0.001097460655728355,0.002343257307074964,0.004501501680351794,0.05285761717706933,-0.03736411342550127,0.04625711856426114,-0.05086558157927357,-0.02035504882223904,-0.005191425327211618,-0.0013070749491453162,66,67,95,100
3dof_gp_L150_N100_seed10,3dof,gp,150,100,10,45.35823746086155,290.55277823535187,1.1069026533117927,2.9808194505817434,9.877613216292499,1047.4229838085375,7.064058728712078,21.05870029309327,0.23441549639422588,1.0884623441761372,4.566147542795347,58.31626038724095,-38.29417873214948,291.13003775990694,-3.76567208575855,-0.8849696931688833,0.048832459413611584,29.89964575586724,2.217127576556217,13.803343831080975,0.010276618679231079,0.026992167106260654,0.08834419162981341,61.58586657957352,0.07106911776580824,0.3441933545569024,0.001327033114282138,0.0037139150609926,0.01810096131059417,2.1384780506483523,-2.146058458790409,13.497331591103727,-0.0770980088301122,-0.019033374024362528,-0.006591219337004359,0.005087762691001871,0.06122060459572822,0.0750886309888758,0.008470475673675537,0.031704287976026535,0.07814411632716656,0.28325084447860793,0.007966517057211605,0.021783342751318296,0.0013180176028981805,0.0026771625271067023,0.005936960689723492,0.08053580008447228,-0.05325408753851661,0.0686371575743839,-0.06639526595245115,-0.02258414216339588,-0.005649536906275898,-0.0010254738340154275,70,72,97,100
3dof_gp_L200_N100_seed10,3dof,gp,200,100,10,21.590222063045545,83.52707284393998,0.7865345222409464,2.7659805548329395,7.8059211071246555,465.02593638185743,19.96164699053828,89.6170129184266,0.17748174784617776,0.8479506438491542,6.76747839392559,348.6814194634131,-1.6285750725072647,113.00722081217529,-2.8767135471169096,-0.7146272584291722,0.3904140553197575,346.1591860998564,0.25109488721292694,0.6388277290648758,0.007967181539319291,0.0271572041607854,0.12287994153934967,3.5361190427982607,0.03182735957582604,0.08185109967114375,0.000965166314756373,0.0033508474266532454,0.022341208198220688,0.31501800686438824,-0.2192675276371009,0.594639362488212,-0.10372680114519592,-0.021713835317143826,-0.004418421320561892,0.00342979094304605,0.05307537538930774,0.10128238839525087,0.007703493116423488,0.020841678604483604,0.06355355493724346,0.4931273680925386,0.007915898040082539,0.024603292439235844,0.0009095272107515484,0.0021254222374409437,0.005550771951675415,0.06955685988068662,-0.0451594773492252,0.08518130160871178,-0.04933904743666062,-0.015954118367517367,-0.005685419891960919,-0.0009254624019376913,71,72,95,100
3dof_gp_L250_N100_seed10,3dof,gp,250,100,10,7.033133028457277,20.11568428257443,0.3588464949403673,1.0335623715740572,3.132398010527246,99.74566986343197,10.295509425486552,31.384986878143874,0.27059355451240286,0.7991166457321718,5.7296121690105455,192.57183447509362,3.262376397029275,36.4371890545746,-0.9108351468753222,-0.1631017279958877,0.9503326709375121,192.35316307423898,1.44796335111799,6.372295981706855,0.0051184015238686575,0.017785872313301754,0.10569780383043811,39.96330041534152,0.1880324865891829,0.8165938470194908,0.0012362540902291228,0.004830927566752869,0.017146542861267076,5.5554032761566905,-1.259930864528807,6.1430961540562965,-0.05692494752265699,-0.012671407123922803,-0.0024065517355951645,0.4173454059948688,0.08602293145377189,0.1550067980726697,0.012540320865809917,0.053133709356188774,0.10774461552500725,0.4045254907012039,0.018493898937304038,0.11238145431380002,0.002048671361990273,0.003970960853621364,0.007297287578694522,0.06670914061368062,-0.06752903251646786,0.07671637815403949,-0.10212391166714951,-0.04334738082252443,-0.009670983301475644,-0.0009961607446894007,59,60,90,100
3dof_gp_L300_N100_seed10,3dof,gp,300,100,10,13.736958168096358,47.78410767015413,0.5964305722625183,2.5691528251211246,8.688639896067821,133.33128607415833,5.560739455265293,13.001721123681367,0.09962968304747503,0.5429192599693584,3.481957189096964,44.86998962578303,-8.176218712831066,49.15081696191293,-4.53998863072298,-0.620844740253371,0.47278708440898637,30.490400507004274,0.2871220437394366,0.8816621556271714,0.008366629870660796,0.02330611603950004,0.18189071798786594,5.341860759770133,0.024192933392949846,0.048824523646592455,0.001779234983294672,0.004174650829440754,0.02127823645832546,0.17787999395993315,-0.2629291103464868,0.877429345626652,-0.13349967248450306,-0.015477701693571468,-0.0020049872441893456,0.06689180969699358,0.050708563944790515,0.07164797235891122,0.008796334499493241,0.021098933182656765,0.06259570643305779,0.32254363417625465,0.004282162778836209,0.009054686461618241,0.0008876125066308305,0.0017397007322870195,0.004218220827169716,0.02880124757066396,-0.046426401165954305,0.0693909506604035,-0.05604987739934586,-0.01872474094852805,-0.005936414177995175,-0.000966220978880301,62,65,87,100
3dof_gp_L350_N100_seed10,3dof,gp,350,100,10,6.899044516824399,20.206079414376262,0.7067911857577119,2.4416777771670155,5.264170386382475,90.33085621098968,5.014375187489158,13.087764878730956,0.1631994852985582,1.1466572336506355,3.639824704879784,71.79361707022379,-1.8846693293352414,23.217043526278417,-2.3601569555675317,-0.5053704264208241,0.5200816695823823,59.36733943122038,1.7832547238429926,11.16262648588985,0.013257170794140564,0.039534145191447365,0.18922310924864025,33.50335867294381,0.13645777790231403,0.5780757738595413,0.0028390065692022073,0.007919063360988882,0.044939083791554216,2.2000769584392508,-1.6467969459406786,11.081759753884903,-0.11948968707795495,-0.019472577181606554,-0.0030119383829202797,0.6938095473818372,0.050565753327682615,0.05600679284770566,0.016458551166579127,0.03077260684221983,0.06203618738800287,0.22928079068660814,0.008482129020849242,0.01190217131364369,0.0013716916437260807,0.0030285122338682413,0.011470606317743659,0.05435982748866082,-0.04208362430683337,0.05380644799703984,-0.054972094716504216,-0.02175365010043606,-0.007992823957465589,-0.0006404856964945768,62,66,86,100
3dof_gp_L400_N100_seed10,3dof,gp,400,100,10,5.533976262579558,17.619199501153577,0.4188377540095246,1.3677710598802926,5.463035126444126,31.114008199441624,10.945087123308047,68.80103367108866,0.12689840625269036,0.42794824774799856,1.7694296962575828,140.6384032433848,5.411110860728492,70.91946116051643,-2.3852096618299137,-0.33761805466855854,0.16849884312620445,136.1157227747255,26.61904161633061,261.8954739337929,0.009058697266797415,0.03128232485477363,0.1343331567054745,31.48133949521906,0.1592195453317805,0.7473982669391316,0.001671338939735882,0.007773945564266681,0.05403165036452099,2.001422468127699,-26.45982207099883,261.89566808676574,-0.07937528995978416,-0.013739566914910926,-0.0013162653820838646,0.8607832848931316,0.0444433658849448,0.052058361382770764,0.010357698425650597,0.0273056048899889,0.057222845032811165,0.2730703917145729,0.004527976684039458,0.007323843507591262,0.0012185871310066432,0.0021281441440805793,0.004799813264980912,0.03543699435889728,-0.03991538920090534,0.05014690990690909,-0.05025826144265011,-0.022814751777332276,-0.008877963293343782,-0.001380378424073569,67,72,78,100
3dof_gp_L450_N100_seed10,3dof,gp,450,100,10,8.058570993657142,16.083994020273327,0.3091476142805435,1.5194673137205599,5.7163395607877066,61.61710221499453,5.060826885442983,27.70357025989092,0.11113618670610478,0.6927380879727218,2.5720242424445807,41.44891887031931,-2.997744108214161,29.080050167161367,-2.3543746544570086,-0.28548252794327345,0.014407866616297116,10.110745535470894,0.5337922126503308,1.4075018684463796,0.010988221363016649,0.05620618480170243,0.2928820778471428,6.793805533984461,0.2975095672611103,1.6922215869413015,0.0039085240934005165,0.014694266935829144,0.0631973234011513,1.9365084196704059,-0.23628264538922067,1.900726693429417,-0.10075050578382289,-0.01833634616847603,-0.0020473225789928015,0.5322973573962234,0.09143169835675508,0.10349659956066906,0.018226435873657465,0.05717192217707634,0.1286734752357006,0.44365641653537846,0.008155308814311866,0.018650539003133206,0.0018541118479333818,0.003232419607229531,0.007047266000881791,0.0800242639333014,-0.08327638954244321,0.09417935791701913,-0.12440666637849063,-0.05303432629443705,-0.010950764350127429,-0.0012202334450557815,67,74,85,100
3dof_gp_L500_N100_seed10,3dof,gp,500,100,10,6.090029383410982,18.589188195877856,0.1508555697213361,1.324668143658962,4.335241693383561,44.14078395414114,2.638768619294737,5.852203412733628,0.0736467054415643,0.401569177315407,1.899270126250002,29.059430174005097,-3.451260764116246,17.9656039139855,-2.1196226581303077,-0.23176725290076147,0.10978816399994423,21.50690213551174,0.935080495239673,5.204176285775083,0.009659276282365823,0.057104721987214814,0.18451882232083336,16.87240650673343,0.27753857050958186,1.3457977999093405,0.0031032679847846365,0.01395885407190834,0.07686751133079833,2.549128388760705,-0.657541924730091,5.31434331153887,-0.06230610072270912,-0.01647417778196287,-0.0006463770035950583,2.0994614077876217,0.05154172106878832,0.07038568169696575,0.009726285701617599,0.023059984669089317,0.06394847482442856,0.3139830675721174,0.005266467838373501,0.009838047690841454,0.001385251700412482,0.002464950201101601,0.005567242857068777,0.0578547505289317,-0.04627525323041482,0.06469446294265777,-0.05830913921818137,-0.019529859186150134,-0.006841331603936851,-0.0010457243071869012,63,66,80,100
3dof_gp_L550_N100_seed10,3dof,gp,550,100,10,8.19488848331821,44.42370704696237,0.21711588501295526,1.2010241778663597,3.928102973592743,36.93961485317471,3.033466161257561,7.9545349824847635,0.11753936622409943,0.5422875516178036,2.3500010124688373,27.604152584584586,-5.161422322060649,44.964053996066255,-1.8430349284873986,-0.11379952371345756,0.3161942643317615,16.39820513678009,0.30185712611479326,0.5859349714955554,0.011051557061504113,0.056587594086100916,0.2569801172451336,2.676587015771306,0.17075861391115027,0.5819852592887296,0.0056598525961520756,0.021229661480162476,0.0889450604652543,2.641860964097565,-0.13109851220364296,0.5668838529150594,-0.14333175261992728,-0.019283360435621504,-0.0007411624575046023,0.9192173576655482,0.05755165797658265,0.06397090812895918,0.014737238641828299,0.0322178415954113,0.07279507629573345,0.26453079551458397,0.007380968122160994,0.012625734225034465,0.0017429888248443604,0.0036029816837981343,0.008307725423946977,0.052680584192276246,-0.050170689854421656,0.061814820189037785,-0.06570762622868642,-0.025217454065568745,-0.009552747011184692,-0.0005899680568836607,56,58,78,100
3dof_gp_L600_N100_seed10,3dof,gp,600,100,10,6.205122005871923,15.931232846342443,0.21670194508127946,0.8470660901486095,3.9288548677266557,94.04944680810873,3.504622477001974,8.772618424259054,0.07839748055224635,0.5562415922900463,2.459728138659334,32.893767671966046,-2.7004995288699494,16.75306682984591,-0.9638894113983898,-0.15433714564447043,0.07612669324201966,23.832802601356313,1.683772446375065,8.35093301786763,0.011107486445588104,0.048133107643666524,0.37654838520532763,44.9645370544091,0.546525265363787,2.298970791996667,0.0054095661535204925,0.030145633565502747,0.09188423102638986,14.561804656421861,-1.137247181011278,7.552446960928634,-0.16456540685168838,-0.01583529270524675,0.0007600202849214989,2.340787872154552,0.06169661071151495,0.0789284207326083,0.013053844682872295,0.036867422983050346,0.07440534792840481,0.33723131835460757,0.01345390493690502,0.03279584762028935,0.0021824738360010087,0.004145324346609414,0.009430279489606619,0.12230770401656711,-0.04824270577460993,0.062493654820885834,-0.06871464278083295,-0.025058349827304482,-0.007550905225798488,-0.0004887778265401606,59,66,73,99
3dof_gp_L650_N100_seed10,3dof,gp,650,100,10,6.585595585929317,17.448860490111162,0.24199931092920512,0.7996499080559476,3.8789707539097753,98.01074507420799,3.0063448639955173,6.29479261281894,0.11006689719119699,0.4408760085743714,2.023385602725392,25.44773560280687,-3.5792507219338,15.958317079142217,-1.0851146871811286,-0.19110127184854425,0.06449188454336827,15.825524292235578,0.4646894512203425,1.327962798788817,0.014180857865993752,0.06055125662559671,0.20754103983201394,7.507020119361841,0.24739081868619817,0.8054191572620344,0.006161078299424217,0.017843519722626485,0.07666474082226996,4.495355604677011,-0.21729863253414436,1.082498339164114,-0.06665067410117624,-0.019806747591350093,0.00019805507209814813,1.0486451898420668,0.06294740163022652,0.08831220120777392,0.014104694593697786,0.02883108612149954,0.08014257252216339,0.36263561964035174,0.010991222088341602,0.019656223364568935,0.0027830799808725715,0.004834592575207353,0.011253963224589825,0.08852150663733523,-0.051956179541884924,0.08114949010927076,-0.0638983849203214,-0.020365596748888493,-0.00676042863051407,-0.0005857967399060687,60,68,73,99
3dof_gp_L700_N100_seed10,3dof,gp,700,100,10,4.917895789273704,12.57965385939959,0.29961179406652405,0.9858104805712226,3.1851653253758405,70.94842966646624,1.8856614775801788,4.879943659655155,0.14798287166702864,0.5558566957602061,2.0817426944175756,10.558955739883745,-3.032234311693525,13.038263135457774,-0.7933139591465203,-0.2072302717931701,0.09025710086863646,8.541169644005834,0.7045465211862563,2.4092396305647394,0.02125533094360594,0.10388504099717656,0.390154977594311,5.079719895868594,0.3632689986960756,1.2108771235607552,0.010023401968694865,0.0440681420813889,0.1637132956848396,4.397013061851784,-0.34127752249018073,2.4438112541212824,-0.1319510583707979,-0.018755272352669515,0.004303377469532293,2.6228619379465585,0.061100760109256955,0.08685282226359686,0.012401173822581768,0.026390771381556988,0.06743273325264454,0.4031366190314298,0.011226215630886145,0.014117584929827022,0.003255655465181917,0.006412367103621364,0.012849460123106837,0.07003937363624574,-0.04987454447837081,0.07991570306303389,-0.055908673093654215,-0.01603390765376389,-0.004359006765298545,-0.000736957276239987,57,67,71,99
3dof_gp_L750_N100_seed10,3dof,gp,750,100,10,3.1550027273059236,5.927912936162389,0.1281870802398776,0.7759359839162541,2.970118887415694,24.01728585981887,3.7052157167256383,18.655795488534352,0.06263517882858989,0.4096439177797385,1.634127287487341,38.31219406803038,0.5502129894197144,17.86285171982142,-0.6136517439824285,-0.08557667036095207,0.029848543174711598,28.133943562398752,0.7659429405585813,2.1707826836988273,0.014159718524708327,0.0610337206345635,0.33734391965225247,11.809580004911304,0.23784556628763018,0.5411391501891807,0.008037545797590405,0.03662540551724394,0.1679504560357079,2.409850066621964,-0.5280973742709509,1.9203516748466383,-0.07651582536561399,-0.0160713388593777,0.0007564124436388749,0.2769677465284497,0.07304685316048562,0.07241522265617709,0.01858951710164547,0.046087903901934624,0.10820422880351543,0.30161516875028627,0.014255838793469594,0.017520377873902135,0.004105349653400481,0.007387797115370631,0.015988738276064396,0.07894738011062148,-0.05879101436701603,0.06595839786368189,-0.09224878100212663,-0.03125888225622475,-0.008228491351474077,-0.0006559564219787678,67,70,74,99
3dof_gp_L800_N100_seed10,3dof,gp,800,100,10,4.448559808585611,8.917770156135617,0.15349397419071883,0.9624550376603774,4.358094805330234,40.66684783863436,2.304089982580941,5.208008912419335,0.09110197311377777,0.339908477618592,1.5252461703172502,26.634073083422734,-2.144469826004671,8.950725593759927,-0.7738178474567077,-0.09124183930144719,0.059427024183946235,12.65439161831723,3.4850529650788413,27.620876265878188,0.030153979497155144,0.10034960358857348,0.4306621517778656,26.070218417974623,0.4896650904080067,1.3932302101248204,0.012900290649034241,0.04288750511155337,0.2980135462219604,6.7573236334734,-2.9953878746708344,27.66875529781127,-0.11202701472595007,-0.013647624892340107,0.003292166606805677,4.734431607224672,0.07178034234093503,0.07737303381265379,0.017563730478286743,0.04044542647898197,0.09264878556132317,0.375009943842888,0.012350665667327121,0.01676791612981689,0.004180680029094219,0.007478356594219804,0.013816585298627615,0.07598577320575745,-0.0594296766736079,0.07246977037604196,-0.0758230536011979,-0.028130651684477925,-0.010659257648512721,-0.0018645521008875186,59,65,70,100
3dof_gp_L850_N100_seed10,3dof,gp,850,100,10,5.093208803339971,20.315159173630192,0.1649679376077398,0.5313783597490753,2.9014915509474517,37.910727207389705,1.8022949407382358,3.14609346375206,0.06986714470663,0.38296354767001095,1.7524502696596793,12.907152502921786,-3.290913862601735,20.030634595432925,-0.49635986201162563,-0.15379343510909652,0.0027411282526243123,6.460367781578744,1.5132406440322743,4.835023958043017,0.011490890568324245,0.07318100447389059,0.4826568063444017,29.416471424847362,0.3880335032115557,0.9960951734071151,0.004743879704112816,0.04174376488510264,0.19612152320121756,5.743472345893454,-1.1252071408207187,4.499413776712425,-0.17207064286195617,-0.017266716627868644,-5.392471171490143e-05,0.2747273308088286,0.067164644212462,0.07207551069618012,0.015073369489982724,0.03976023383438587,0.09335445798933506,0.3171634805202487,0.01412289428873919,0.020130532947220288,0.004372735973447561,0.008272628299891949,0.015352448215708137,0.10050341054797197,-0.05304174992372282,0.06525950310553943,-0.07170302781742066,-0.022624990437179804,-0.008201360935345292,-0.0013030261313542704,67,74,75,100
3dof_gp_L900_N100_seed10,3dof,gp,900,100,10,3.249711589785719,7.615809547430371,0.13568321657622914,0.6234657853798832,2.355247670380873,35.02334763331253,2.073796984755415,4.512433415686441,0.06665633376811449,0.48142740216002067,1.6137071787694575,21.35584448851194,-1.175914605030304,5.934498737308439,-0.43755182787570635,-0.05852903757874624,0.05082176521554786,6.525573450199686,0.9759612543014546,2.4043831738975063,0.013556668713913488,0.12147464593609814,0.7398502555819915,13.309898384285706,0.7724044881521572,2.518368757870337,0.009873763880422437,0.06658970820057736,0.42404666938700836,5.152410582047194,-0.20355676614929727,3.1998242438844122,-0.1407985041881954,-0.0074459978500164455,0.006407168423129984,4.139376389923465,0.08200429756194354,0.08043564782304281,0.0246819662861526,0.05661485902965069,0.11614975519478321,0.3975083506107333,0.01635755620431155,0.015812153394788524,0.0063568155746907,0.011091927997767925,0.018903533928096294,0.0766688744723797,-0.06564674135763199,0.07317714818600031,-0.09248211397789419,-0.04303443478420377,-0.011714518535882235,-0.0013244063942693064,56,65,68,99
3dof_gp_L950_N100_seed10,3dof,gp,950,100,10,3.49311718519551,6.327628492050589,0.2225590324624034,0.7803598748606402,3.1840449340837393,27.733294871833873,2.451163002727181,5.0352878250607525,0.245342226511003,0.6523458425893628,2.6373778968767767,18.584063195058725,-1.0419541824683287,5.591733751490082,-0.32322000222798386,-0.014029793187705183,0.11755580991075562,7.797517010717355,2.4088932896605493,10.630065004892248,0.02103652255053711,0.12506049532063276,0.5527660735598995,60.21644672596138,2.1055630573765067,12.271049652456647,0.0212419328963529,0.11129119204172583,0.4129992963094613,33.81429387741542,-0.3033302322840419,11.846528259080856,-0.0603614692249992,-0.003008456127490366,0.01966150020288216,4.255444940854128,0.1075165713764727,0.10820738844994082,0.032990229316055775,0.07112481445074081,0.13581254333257675,0.4384012386202823,0.03137015567859635,0.039861668553131266,0.010773489950224757,0.01862196158617735,0.037029446102678776,0.1764699031412608,-0.07614641569787636,0.09004963891784835,-0.10165891097858548,-0.04035069781821221,-0.015998583054170012,-0.0020674481149762854,50,58,58,100
3dof_gp_L1000_N100_seed10,3dof,gp,1000,100,10,2.994323410456112,5.4955435470267435,0.21599919810588786,1.194141528300483,2.886500176276922,23.283214324363424,2.871063083411446,5.92065279267615,0.14370520521487046,0.7465039411419713,2.288846251131563,34.48573641206169,-0.12326032704466618,5.336003646895878,-0.4812301313404811,-0.05902507296239947,0.10199384984684423,21.28183290832116,0.687008208598054,1.9675885910717894,0.03379587144199647,0.19363961519538903,0.5408308436807362,8.882559637771521,0.8025747841092786,2.502069594917737,0.02819408035354258,0.11951931520895095,0.4328692317512978,10.444831099600382,0.1155665755112246,2.2222653633745266,-0.08910409490543741,-0.005367518738446446,0.016088716454906345,4.7555317200232885,0.12099211859051139,0.13221646935715373,0.028087179642170668,0.0810353010892868,0.15029969811439514,0.5672559118270878,0.033113663014955816,0.045137358792364024,0.009130458114668727,0.018230896443128586,0.03765871375799179,0.16887807965278714,-0.08787845557555557,0.11511334472643335,-0.10004311299417168,-0.03816264821216464,-0.011305263033136725,-0.0004748454689979318,50,62,60,99
3dof_gp_L1050_N100_seed10,3dof,gp,1050,100,10,3.174670965713211,7.987522254818687,0.22441340744660346,0.8531382680766522,2.505636791795495,51.01334718725016,2.5766905338502837,5.16915849564921,0.10941796192135454,0.7302644672394172,2.5042107577035067,21.019216438635127,-0.5979804318629283,6.357504106277481,-0.17709885124572472,-0.012958448497084723,0.0762824473305137,7.4097001310749295,0.9265300209281723,2.336002405769635,0.0385039611174025,0.1484655604818073,0.8232490068603593,11.336605611129208,1.2397674356963344,6.322243725433898,0.023588016031943805,0.10992121283196511,0.5237681308971847,5.887927491148227,0.31323741476816214,5.409700005139016,-0.03662773957222198,-0.003712758834573936,0.01293876302237532,2.563304265979981,0.1751030484260991,0.14627479384690054,0.06524271052330732,0.1440722644329071,0.24534544348716736,0.6243359708786012,0.039417446432635186,0.03595964494825066,0.01302699325606227,0.030781151726841927,0.047418078407645226,0.16595247700810445,-0.13568560199346394,0.12793896721365458,-0.20051156356930733,-0.09613070078194141,-0.034483665600419044,-0.0038395439647137997,47,54,58,100
3dof_gp_L1100_N100_seed10,3dof,gp,1100,100,10,2.371655874471418,4.80777990472927,0.23900164337109264,0.6641463848462632,2.3439596113089647,26.314193516222645,1.9790759130999414,4.300736654776001,0.1866339924172743,0.5464319783298226,2.24083738921457,28.0451379290359,-0.39257996137147655,2.236517502275211,-0.1386549850561914,-0.019190079766302312,0.027533414272811408,1.7688380483755177,1.2816481521345668,2.899309592557212,0.061272939422510456,0.2037153886574614,1.2632337235705764,12.729911292802532,1.1661505624240105,3.0564574927419392,0.045398623809661996,0.18010251513761524,1.2422720323583976,10.192578782265096,-0.1154975897105561,1.019271330449671,-0.034422976176646296,-0.005107769438047085,0.022854907135845797,1.8274637073149989,0.3789552444778383,0.21950575699521804,0.2060033679008484,0.38128383457660675,0.47163842618465424,0.9066141730546953,0.13276637744158507,0.08060195239878984,0.07457851804792881,0.12496743723750114,0.16433769091963768,0.33478376805782323,-0.2461888670362532,0.1463193079031271,-0.31494126841425896,-0.2509949877858162,-0.12711780425161123,-0.0031989683117717425,53,65,61,100
3dof_gp_L1150_N100_seed10,3dof,gp,1150,100,10,6.0320158870611,11.440063784787519,0.6397022628249833,1.8162406667841964,5.4221842609066115,43.021701241751046,6.362701806913838,12.786754895177724,0.6533660776789134,1.7617719435418693,5.116374597633001,66.60806166475645,0.3306859198527398,5.070023510805977,-0.10351235300060285,-0.018403093333047127,0.05432875433696089,18.717067388716018,1.8888841921942983,5.135310905066371,0.10804390253695338,0.6597659036153876,1.8060542873555274,17.247942322166843,1.701322383677969,4.5889654106859314,0.10820813868723056,0.5715165524114426,1.7008242891806091,12.419557959482145,-0.18756180851632934,0.9344487842648445,-0.04524432685326041,-0.0026403357710238495,0.012299909314715807,0.4036937057548,0.5973381741717457,0.2683045410762132,0.39026445150375366,0.6051619350910187,0.7835179567337036,1.2178740477561958,0.33509385112673046,0.15955392713190267,0.21702881902456284,0.326439768075943,0.4367391914129257,0.7817211890220644,-0.2622443230450153,0.11478380698971155,-0.3441826179623604,-0.2745746523141861,-0.17885206639766693,-0.015960933454334726,44,58,57,100
3dof_gp_L1200_N100_seed10,3dof,gp,1200,100,10,8.774191113092098,34.09822154673786,0.4625175669416761,1.2499839172690492,3.5604218882509153,217.9207142420447,7.083157280298472,26.248598320709007,0.4746329393458444,1.2372864168203346,3.1633841842478,117.2714185763613,-1.691033832793627,14.743672416648403,-0.05698535147906681,0.002404353399514364,0.07530648212262564,12.990343946471459,1.9160845789753305,3.5771645024843,0.1450809248662808,0.62059815955478,2.1330276440374645,19.167654472406987,2.201962918963894,5.039752021576915,0.1689786506541051,0.6209574520713379,2.2133467864255874,27.487063543381055,0.2858783399885636,2.277454861098635,-0.021577463343624037,-0.0015374947155048085,0.02051889510299393,6.570162076386408,0.7376761518418788,0.24721562043139075,0.5913581252098083,0.7370528280735016,0.9025986790657043,1.2775709152221684,0.5154340220987796,0.18404081030897684,0.3926464840769768,0.5150250494480133,0.6255582422018051,0.887233511805535,-0.2222421297430992,0.07371286278089509,-0.2679251432418823,-0.23232488334178925,-0.18235136568546295,-0.021554386913776362,41,48,55,100
3dof_zero_L50_N100_seed10,3dof,zero,50,100,10,43.30588414262597,109.36451124799501,4.72681872487257,8.224945674434341,25.661753622993267,504.4946108933681,29.338493824964885,118.35982905890062,1.4620991914270416,3.303371829745151,7.656025072296927,625.7623643865741,-13.967390317661092,162.42627972303603,-17.522736050340537,-3.847376611051542,-0.4007318107919309,613.4487111945914,5.843552650768647,20.481407410458385,0.34173662103035657,0.8333100467461207,2.463897638927338,101.73233742166626,23.34358620035193,182.1212239618824,0.06309105705328706,0.1656586857972104,0.5286951539624419,494.93320689724936,17.50003354958328,179.2883959791494,-1.4259893336553173,-0.5973142510509766,-0.21412195254681285,341.8984117649695,0.480366869661957,0.6279963035814244,0.19192272424697876,0.35024744272232056,0.4931405931711197,3.861755259037021,0.17488851156784221,0.5294780706036571,0.016025692457333207,0.03398190066218376,0.07584811747074127,3.23369658946991,-0.30547835809411483,0.20609653993006774,-0.4161690892651677,-0.30160316079854965,-0.14431679365225136,-0.017193894232623238,77,79,98,100
3dof_zero_L100_N100_seed10,3dof,zero,100,100,10,86.05110760363095,670.8413082699643,2.158588341886749,4.773631387181129,14.809136499692652,377.5101328543443,75.32841639688318,535.7223469136972,0.613143126220435,2.3970436965930455,6.293251091545231,1171.719681924908,-10.72269120674774,862.9478053780502,-7.2996844295627765,-1.39376248146747,2.3386634827218895,1166.4852017061519,4.516372329773902,24.973421420321706,0.02039923897843693,0.06428424393750684,0.5065191424100807,126.99289452047307,0.285087106717811,1.7313772636180955,0.0021774117826686944,0.004411330820329546,0.015418134288159049,5.651365328012449,-4.231285223056092,23.694169037643753,-0.4559899861708955,-0.04894766518392703,-0.017728726660906614,0.00036510766636527257,0.04224655653582886,0.04897660721556127,0.011971930740401149,0.027691364288330078,0.05031554028391838,0.18381109982729027,0.0033250348466390277,0.004248688696690491,0.0008367796835955232,0.0019835233688354492,0.004371891496703029,0.025333398580551152,-0.03892152168918983,0.04821629030015315,-0.04923817607777892,-0.023052892182022333,-0.007591277579194866,-0.0009042516443878405,64,66,98,100
3dof_zero_L150_N100_seed10,3dof,zero,150,100,10,17.893668614784257,62.18837577901534,1.713703732481124,3.6566903927411722,10.844424412743905,177.17820805696437,7.367103360937937,13.189074449072466,0.4390107604354329,2.0684996324240017,5.011935914718202,55.45062996254024,-10.52656525384632,64.14959078580141,-4.391928238491195,-0.7477116671825721,0.6306102570277059,51.327033788658035,2.046367117148595,9.217787045050752,0.0076881685569655505,0.02950514756544794,0.10661655987996818,50.571698637022706,0.06342725180527017,0.2833498781990927,0.0011448544417382346,0.0029671143145022566,0.006803603630696514,1.1256306805059162,-1.982939865343325,9.093178694370314,-0.10255833893982555,-0.023559543145462918,-0.005842438770907437,0.00015698048888681526,0.057152938325889406,0.05270186467884791,0.01607742952182889,0.035601478070020676,0.096640070900321,0.2014464195072653,0.005082297922490398,0.01276770326238422,0.0010019143373938277,0.0019831856479868293,0.0048917034873738885,0.08337198317050941,-0.05207064040339901,0.052102024485010875,-0.08376791205955669,-0.02818111761007458,-0.011355807917425409,-0.0013381689728703338,61,64,97,100
3dof_zero_L200_N100_seed10,3dof,zero,200,100,10,18.48523236492834,56.76271246574001,0.9438908943467632,2.7050892985598116,7.078969199676501,241.95516446350416,10.23883888913651,34.269501941256024,0.30476257024841785,1.4471100751566452,4.604010738026263,200.04331807856815,-8.246393475791832,63.990827495394655,-3.468386330653343,-0.7336420298193244,0.5345688065464447,140.83636333147743,3.178679297414231,22.083493002938614,0.006670743374008758,0.02288051830562337,0.059976469764412677,80.71263255200527,0.42276030876074233,3.6900715231902352,0.0007959144386461092,0.002748358172333899,0.011464758166511789,1.733834652580337,-2.7559189886534887,22.28110694565725,-0.04516816693230326,-0.016380777807579076,-0.0034072357659062475,0.3518413540802449,0.056504984182538465,0.15169202514887445,0.00857243943028152,0.01873326301574707,0.0576167032122612,0.23886150524020838,0.014019899105187505,0.09809186918430157,0.0006633897864958271,0.0013329784269444644,0.0037271680776029825,0.07791789785027974,-0.04248508507735096,0.0671580688843454,-0.05172073747962713,-0.015550713331322186,-0.006269544697715901,-0.0008098654751665887,66,69,93,100
3dof_zero_L250_N100_seed10,3dof,zero,250,100,10,8.235796925819828,22.996124801646776,0.609409615928795,2.042422288317289,4.75899322967804,122.70347936981094,60.82574411546387,491.90052535320524,0.2784937135863312,1.2154727719449792,4.660009814922726,430.19110487345705,52.589947189644036,492.63134590116164,-2.3947308698352225,-0.21331195022170174,0.9183002477813422,429.769462593508,0.9772071684769459,4.576543206058386,0.00437671444962019,0.012649393001464886,0.05805961827468727,28.924171290039872,0.2516636277708917,1.0256849011913995,0.0008376050880035879,0.002533947536833719,0.01901904160482601,6.120254896023247,-0.725543540706054,4.376831918006443,-0.03565716170658435,-0.007650302406724131,-0.0016763848183679155,2.405690724250454,0.08851831713109277,0.15546533290885428,0.010243416065350175,0.044847769662737846,0.11125997640192509,0.420177191197877,0.02062980902075651,0.10263631288063518,0.001395046798279509,0.00318300724029541,0.006358971702866256,0.2856408947706258,-0.06788850811033625,0.08623956269054926,-0.08475212228950113,-0.03397558315191418,-0.005808502668514848,-0.0008169334044214322,58,60,92,100
3dof_zero_L300_N100_seed10,3dof,zero,300,100,10,37.974912310361475,202.18070486557917,0.7019635555211866,3.266140887775328,13.56249908641871,465.0998300374503,5.733946119048171,12.730214195158606,0.21802221738382366,1.1351432387390936,5.299709173060879,65.33345422942705,-32.24096619131331,202.97410025807758,-9.037453769290604,-0.7001696881158216,0.6282269431701298,61.046850311340336,1.982033039643899,10.0558242086845,0.007264353985853969,0.03268394480079597,0.19952807980961107,25.02340740929645,0.05899851178704368,0.15645303571912525,0.001543191727601546,0.003783598659547116,0.021230140402035677,0.7988230680963521,-1.9230345278568557,10.000512693335724,-0.13892633913136093,-0.01889723922578091,-0.0032030443886339895,0.03359663884531763,0.04866290935780853,0.06233555560932669,0.01052854466252029,0.024800837971270084,0.07316774502396584,0.33557069808244727,0.006343304983456619,0.014411818879614614,0.0005526542663574219,0.001404106616973877,0.003437777457293123,0.06623694047331817,-0.042319604374351914,0.05725545015300902,-0.06206682190531865,-0.02024567179614678,-0.007067660742904991,-0.0013525591618963508,65,68,89,100
3dof_zero_L350_N100_seed10,3dof,zero,350,100,10,38.68136937056195,286.29043754714974,0.905548460156715,2.843068834662103,5.438381817600488,232.70404846430534,5.847150075168444,13.977408620779483,0.612968846929078,1.5353843694662546,4.161955071468132,48.28936267276987,-32.83421929539351,285.2546018069871,-1.868774118013096,-0.36569430070650455,0.5452591310651737,37.8716741698112,0.35468592331586934,1.3180994100276147,0.00889506452358302,0.03972349429933917,0.153993100166175,4.523757289701803,0.10073725346909328,0.3775977648747818,0.0030487810955369655,0.008455381331102985,0.036653079874673436,2.2872305673488547,-0.25394866984677605,1.1099042578367906,-0.1156499959270876,-0.022983591667745495,-0.0018234738130625682,0.5017203346156531,0.059414882998680696,0.06292235074639269,0.018383524380624294,0.03723661229014397,0.0762188583612442,0.2675555178523067,0.012354906788241351,0.025803560644406504,0.001133869111072272,0.003970206016674638,0.011844853637740016,0.11664474301040213,-0.04705997621043934,0.056126181568932294,-0.06803830899298191,-0.02118947042617947,-0.00877961513469927,-0.0007562281237915136,53,64,81,100
3dof_zero_L400_N100_seed10,3dof,zero,400,100,10,27.284869952959927,128.04018813022373,0.5873930010491377,3.3874973344883,10.363257696260886,441.36420580155675,6.864524357114231,18.768675353551032,0.12464537470967955,0.8329009458826344,3.1179727517619353,82.13977828183897,-20.420345595845696,122.29108617495785,-5.310390456503598,-0.7492921436214024,0.07003665098915945,51.72377997965923,0.8027204384347655,2.480296880618767,0.009074538485263359,0.028016087982113975,0.16781347291895413,11.814748432382602,0.14639139223767883,0.8390738941050142,0.001943884217482161,0.006564909725408059,0.025122196183828608,3.5003914702920933,-0.6563290461970867,2.462689809729541,-0.09834676380089855,-0.01812591398865719,-0.001964317603800828,2.1744313898506817,0.05184137806063518,0.05893512899652994,0.013465702999383211,0.02793453261256218,0.06946051307022572,0.30645650982856754,0.006310495813522721,0.01688623640532549,0.0008188983047148213,0.0017292500124312937,0.004706958890892565,0.06889425896108191,-0.04553088224711246,0.05518222731111619,-0.06697889478527941,-0.024469038151437417,-0.008292943370179273,-0.0008754973392933597,62,70,84,100
3dof_zero_L450_N100_seed10,3dof,zero,450,100,10,13.580520689260856,76.51467310590134,0.444296347110062,2.353438713844632,7.097903600656,67.44731010903584,7.896416022120313,27.228057937694537,0.1176802750345888,0.7080056344913588,3.122276750067334,167.66829435977982,-5.684104667140547,81.53292291426905,-2.9492915523067946,-0.28384654585849745,0.04858274864192787,151.8581703768524,1.1224454595290227,3.150121690779143,0.011586085173687442,0.045484640870790405,0.20698018982726787,14.882575856114691,1.506844288535149,11.568024663159601,0.002393428911279296,0.008371333344898327,0.043646924065433086,28.69898775286678,0.3843988290061256,11.183818905350941,-0.11989785497992045,-0.027232631109280127,-0.0031007493023586024,26.28513943997694,0.08984142623958177,0.10035025927138559,0.018633395433425903,0.05465245433151722,0.13038348034024239,0.3925649991631519,0.00876854960108176,0.024956508155956996,0.001394232123857364,0.0028557778568938375,0.006714125629514456,0.08428638756275253,-0.08107287663850002,0.09395528010475047,-0.11463467258727178,-0.04892376932548359,-0.012628546130144969,-0.0008531675286940297,68,71,87,100
3dof_zero_L500_N100_seed10,3dof,zero,500,100,10,13.833370665858899,68.77211640521877,0.21821761663052822,1.1609060931833464,5.252940733897003,242.04867206851682,5.550881129302781,12.689791872726497,0.10982474751028624,0.5139385579772462,3.5902341761363665,55.02294152962141,-8.282489536556119,69.43587961152606,-0.9675422947563036,-0.19852533226980176,0.20389202118097258,43.3129396638187,0.8270454600412493,3.811191758607487,0.007794865484024369,0.04829832506882402,0.16344092025440907,26.10435232214622,0.4904195716866005,2.400812061680237,0.0019479325803965415,0.013323318437953806,0.06698635618089242,13.831997204416112,-0.3366258883546487,3.04158251490957,-0.09117953695216212,-0.017110069822126185,-0.001775866658259621,1.3895453315895145,0.045001100082881745,0.06790147247493208,0.008722156519070268,0.01932450197637081,0.05097748152911663,0.29066993236541855,0.005108600645617117,0.014321059748834629,0.0009428660268895328,0.0017297069425694644,0.004175216192379594,0.037333478257060564,-0.03989249943726463,0.05800558037964763,-0.04771383834304288,-0.015940349083393812,-0.005349507147911936,-0.0013356417859904457,62,68,79,100
3dof_zero_L550_N100_seed10,3dof,zero,550,100,10,11.210261646755162,40.28698295240002,0.40380958115615295,1.6235260386758403,5.181426794735216,92.66712142570351,26.094888568768734,152.72140868792528,0.1629417885292307,0.6108115052932346,4.008326132681068,357.10587441605855,14.88462692201357,150.00949370346578,-1.4139343577373413,-0.25275971739149117,0.5253916147635139,242.67332046417232,0.4327787821740386,1.1741887938662767,0.012711322786186719,0.046135743657905876,0.23930641021583865,6.968524456653251,0.286847193755137,1.7338427859585128,0.004791837295574329,0.019762203522070976,0.0840176912166152,2.493214585233318,-0.1459315884189014,2.0216809673147162,-0.14433846325766372,-0.027888919001935825,-0.00042803570903337986,1.086886016928307,0.05289844863698818,0.057116581992034676,0.01060628960840404,0.029086251743137836,0.08014689199626446,0.23967930302023893,0.007084138474892825,0.01367870648075519,0.000961532219662331,0.0022403598995879292,0.0069163639564067125,0.07326911799609673,-0.045814310162095355,0.055168554108782825,-0.06463624846946914,-0.020463447392103262,-0.006125331507064402,-0.0009952524915570384,59,64,75,100
3dof_zero_L600_N100_seed10,3dof,zero,600,100,10,4.733040732446549,9.620364808731908,0.35734736848870774,1.1492309953448139,5.163567701260039,28.384500047325954,26.48783323672368,215.0681059703785,0.10338146813910815,0.6367481997253913,2.246367260721063,152.11540517793728,21.754792504277134,214.60188727777862,-1.3194000552566636,-0.30373604015744976,0.3292438678810332,138.24339591040263,1.0145043595218626,5.291797423219442,0.017757466630220303,0.06574143130574843,0.42047249766415773,14.170067878756822,0.17905205857366457,0.5362221546506539,0.004315198115221068,0.018071463694812426,0.10809974895789229,3.3192010054006813,-0.8354523009481979,5.158803775256432,-0.1206357826438366,-0.03442263871459832,-0.0009266107329567088,0.7328114215323674,0.052322511533275246,0.07012572621279721,0.011088460683822632,0.022648335434496403,0.06306164711713791,0.35617346644401554,0.010555821592715802,0.022185579379789218,0.0013130804290995002,0.0032545527210459113,0.007543167099356651,0.12607267975807196,-0.041766689940559446,0.05997973102466224,-0.05606374517083168,-0.016882957075722516,-0.006563504939549603,-0.0008712196302076323,62,67,77,100
3dof_zero_L650_N100_seed10,3dof,zero,650,100,10,7.945364322757594,23.987527503453535,0.3038230379190025,1.1401837046955157,4.5859306073301145,141.29822268602769,3.7120454772555496,11.319584581416063,0.04845814518244218,0.36277511021222064,2.3084726706939533,46.312252058793426,-4.233318845502041,25.973717959217463,-1.7776337191691751,-0.3385973501038657,-0.00048587589123107525,41.50898937382336,0.5639205139097667,2.0637177616629887,0.012098617710741433,0.07142323447393309,0.20384078302745323,5.231809672040877,1.0817341089831758,6.376671211921375,0.0024998095772459216,0.014783664271510132,0.06646448528173371,25.152203455428157,0.5178135950734091,6.067936904479351,-0.14641163875188762,-0.027960651396286156,-0.0005584470122875192,21.11658570411236,0.058288881757762284,0.0835503165487447,0.011347652180120349,0.026841839775443077,0.06563367694616318,0.40347923368215605,0.007421102296211757,0.010618601321179855,0.0014691154356114566,0.003907581209205091,0.008237550966441631,0.057629234828054925,-0.05086777946155053,0.0795618868159287,-0.05917859269538894,-0.018490195856429636,-0.006219585862709209,-0.0005195921333506645,66,75,78,99
3dof_zero_L700_N100_seed10,3dof,zero,700,100,10,4.186809121280826,8.644865628446846,0.208572281411533,1.1990934703050344,4.635114621452166,34.41902215369532,4.96297052444929,17.873413465532995,0.1118931984300483,0.44968935167240265,1.9876055261703283,67.23898724002072,0.7761614031684653,18.34011485474348,-1.5189277587657706,-0.2037897874343058,0.0654217667005879,60.79065642829013,1.7156496875368168,5.834772728958807,0.014446216732598693,0.07993789990322098,0.4232270337858622,34.01571219486892,1.2827484524756687,6.643872420963504,0.005274001547354322,0.030795444947355425,0.10053479251765209,17.31775248451414,-0.432901235061148,6.076693846048714,-0.14541509477315723,-0.018890387144219423,0.0025248575967541566,14.148420289208511,0.04877929514623247,0.06663024945409286,0.008276284206658602,0.019900621846318245,0.06256496906280518,0.27034683972597195,0.008663680409081281,0.013733339909345155,0.0016958018823061138,0.003450294490903616,0.009045482147485018,0.057356892488896936,-0.04011561473715119,0.06225685864759996,-0.046737096505239606,-0.013532442040741444,-0.004472037355299108,-0.0009975204046349946,57,66,68,100
3dof_zero_L750_N100_seed10,3dof,zero,750,100,10,6.69922081978333,23.61175178249017,0.12713092494833172,0.7613365845645896,2.3966164724479624,79.8717733619349,2.22981433206684,7.538468015818331,0.10584335580458659,0.4080852009303493,1.209167362742748,50.66769022271737,-4.46940648771649,22.953579923669707,-0.8901555549405646,-0.2428141283596749,0.046938245445946866,6.878327221371721,0.9089845552528434,2.915911372578903,0.017544965226352502,0.07960993999551455,0.23028024695951071,14.923888922650201,2.226132081458015,20.268944641785158,0.009201068623472836,0.04139685671596978,0.14030164280844637,5.358959392861509,1.3171475262051724,19.30310866695422,-0.1053671251411937,-0.023972541565289378,0.0046881825778543485,4.794275641102498,0.05528294646413997,0.057878652449993996,0.015117616392672062,0.03194630146026611,0.07364516519010067,0.24693348437547685,0.012087138440110721,0.019790067673524828,0.0019937257166020572,0.005904535762965679,0.013025691732764244,0.06795444771647498,-0.043195808024029246,0.050394968368139934,-0.05717157549224794,-0.02710616565309465,-0.007151435129344463,-0.0006484588049352105,63,66,70,99
3dof_zero_L800_N100_seed10,3dof,zero,800,100,10,5.176532099467434,17.61001983301142,0.23808061747073944,1.0347775483647392,3.475584971841005,57.0862755776609,4.846840137330442,16.660348965520654,0.09869827012558587,0.568499766070026,2.4925769663531896,88.306526300147,-0.32969196213699203,23.478132831583007,-0.6440388157186574,-0.10422754619148693,0.08240457198474427,81.6213138687314,0.8419024722105115,3.4954213951608035,0.025773961611975454,0.12825032593393795,0.4247630156104988,6.30990753089695,1.0104493784147293,5.893134657756936,0.01367012804406811,0.0411851387461098,0.29213332184496393,10.546121886760602,0.16854690620421753,6.087304540996728,-0.1134864812624355,-0.019633839520353052,0.0035881053053419478,4.824675291008838,0.07342532573267818,0.08031042073022998,0.013370157452300191,0.04060262627899647,0.09968583844602108,0.33155824005603796,0.010024888887419365,0.01395891475364858,0.0028537710895761847,0.005690078251063824,0.012000591261312366,0.06279022626578833,-0.06340043684525881,0.07743235911730871,-0.08266287064179778,-0.03089745994657278,-0.0063680215971544385,-0.0013853242248296703,59,67,67,100
3dof_zero_L850_N100_seed10,3dof,zero,850,100,10,6.953907953441711,14.625259930748571,0.2661034159923618,1.2785199633603432,5.822799011507472,68.46142910196426,3.2748093787794645,10.2247609655896,0.07365793209041473,0.5890745362487504,2.9871470325196925,22.456148027816774,-3.679098574662246,15.485389223884765,-1.6202474735153716,-0.21885650909196958,0.0078069963602167315,8.462662307822226,1.2103349823021297,3.852702097200049,0.027113480058690437,0.12943104884563522,0.5359588747164938,11.508489355317792,0.5550860545191767,2.10604324543153,0.012998283663680091,0.07238427552105867,0.2921994142536132,7.841156235847969,-0.6552489277829529,3.923303019644344,-0.16288681275479014,-0.022851953025232876,0.0007678143476972823,6.153622575804878,0.07605883765267209,0.09713503329693687,0.018042346462607384,0.03936700150370598,0.09623182564973831,0.4420065167546275,0.012943726397352293,0.022703029135444416,0.0025827587232924998,0.006735245697200298,0.011679728981107473,0.12603731676936164,-0.0631151112553198,0.08551206808193615,-0.08316595398355275,-0.0297511619864963,-0.009407889330759645,-0.001133454980445093,64,69,74,100
3dof_zero_L900_N100_seed10,3dof,zero,900,100,10,7.548965904172011,37.377747708281724,0.22999300647555057,1.2191053444658677,4.355239212719074,47.4093894326603,3.9856874281204915,9.985542748343583,0.13869174519929295,0.55623705904039,3.0412049022125967,55.233478973787676,-3.5632784760515195,31.388162519937488,-0.6832684428339204,-0.047691577788239105,0.22877812452612112,19.228552443366198,1.1973396050663399,3.3870245531112193,0.02271467137942907,0.1075163090512814,0.4560152261606481,15.858433637463094,0.9363289027747197,2.5551105864839836,0.01833603774030554,0.05847531638398467,0.2920486778165267,13.569025956475134,-0.26101070229162016,2.1956846467604896,-0.1572205992147483,-0.015988749334473192,0.0014965718290705192,5.225693307409873,0.07131405310705304,0.07939364638996263,0.017430692445486784,0.04086261987686157,0.0986811425536871,0.38577255278825767,0.01422082311124541,0.01910545190193287,0.0037252407637424767,0.007381558418273926,0.01567794941365719,0.08918542116880429,-0.05709322999580763,0.07294725452839747,-0.0724216504022479,-0.027764082420617342,-0.008407423505559564,-0.001975206290371716,58,64,71,100
3dof_zero_L950_N100_seed10,3dof,zero,950,100,10,9.813112297901515,33.225176941881486,0.29508222604510476,0.9953003618157743,4.028388191352822,152.0788546963112,3.471502812892634,9.539931180348288,0.1390141519307654,0.7653228616323032,2.604532140299291,62.695588553380695,-6.341609485008883,33.2277966529504,-0.594776672042121,-0.07831281477416013,0.028613001001103394,46.5784624021169,1.2901920242496536,3.3861744515654526,0.022216045648309413,0.1507655235199135,0.7080527824818763,18.18363439497943,0.5827685408146066,1.3420338134184444,0.02299495903827123,0.08580584842603614,0.3147722723320938,6.3670109204636445,-0.7074234834350469,2.942594467072484,-0.15207061260848576,-0.016699255062862902,0.011056096428928915,2.792297360964371,0.09003413397353142,0.09854898387799162,0.01674637198448181,0.05284067243337631,0.12722832150757313,0.3984802183508874,0.021844495796831325,0.02993910146478566,0.004314979072660208,0.011533698067069054,0.026498228311538696,0.13931526437401787,-0.0681896381767001,0.08428027207886435,-0.10234540840610862,-0.028008878231048584,-0.008203309029340744,-0.0018638597987592216,58,68,65,100
3dof_zero_L1000_N100_seed10,3dof,zero,1000,100,10,8.560619561764243,48.217273769581816,0.24424196840951676,1.077562456051936,4.67962241517846,61.890438143385964,6.548408576088907,24.508086183282952,0.12775781517167215,0.5557468954075307,2.352521546006537,144.37198003692814,-2.012210985675341,35.50867686786203,-0.9175682116321482,-0.1218032412653795,0.07403187009138308,96.57098008184437,2.103877113291926,6.204377009423737,0.032203418370578524,0.18425577608551436,1.3900391402557593,36.08521499402273,0.7452699156979279,1.5754362865267981,0.014798875721449618,0.09406552121812141,0.6016212640600772,7.682477809862194,-1.358607197593998,6.05197046257418,-0.17388383581870515,-0.018688912056942467,0.002409007807762185,4.598450287032802,0.13783399429637938,0.16430094478349358,0.03629177808761597,0.06419005244970322,0.1751023642718792,0.7513560348749165,0.02926273421267979,0.03917713210623743,0.007130493759177625,0.01460194680839777,0.036583502776920795,0.1887427508831027,-0.1085712600836996,0.14654515955704758,-0.125708413310349,-0.04919415805488825,-0.01282322476617992,1.9466876983663117e-06,53,65,73,99
3dof_zero_L1050_N100_seed10,3dof,zero,1050,100,10,5.023640265542082,27.375601916875482,0.16503413007806814,0.8848487090546753,2.6093379169347406,19.39011635346884,2.294102595093415,4.590659881217066,0.12371690337073427,0.7084819083588292,2.2669751241984804,18.78491122663736,-2.729537670448668,26.192867316481557,-0.2733752088141477,-0.022692552241119403,0.05085624772782539,2.646554115253854,1.531547784052953,4.395152093538509,0.02541456580008687,0.15884840810708728,0.8321052752029579,25.696978058809307,1.279766773530117,3.3533503111640934,0.022388391274259123,0.12568556812407777,0.688605126409675,18.05310901372051,-0.2517810105228361,1.624842050394049,-0.042343460691439266,-0.004802953130704641,0.010375612481014124,1.6447252532561505,0.2080732956994325,0.16941479955862745,0.06408780999481678,0.16958078742027283,0.2919287905097008,0.7336901718378068,0.04419461956480518,0.06075792779393854,0.015669922111555934,0.027039986103773117,0.05647338926792145,0.15181793063879223,-0.1638786761346273,0.14374185058379507,-0.23948513017967343,-0.12839855486527085,-0.041674586245790124,-0.005746152256615454,49,60,59,100
3dof_zero_L1100_N100_seed10,3dof,zero,1100,100,10,5.175269391096847,12.796968393540288,0.16154331009574616,0.9319036826757081,3.6702930663608226,66.37248704520763,4.9642364643530525,12.55771295714204,0.1973886109824448,0.9205488170872379,3.455463067944554,67.95295552813516,-0.21103292674379318,6.757333333965648,-0.08963537545486597,-0.0025532109961098684,0.08482708522014248,10.468523894214641,1.1062847437380205,2.733550364830652,0.03873712109345549,0.2287909232286707,0.8048785544040042,10.921382683556834,0.9838916967782807,2.855285701707845,0.04295237816595256,0.21943889699818042,0.7438622460514211,8.791708473849361,-0.12239304695974035,2.449950843194742,-0.054915055266300326,-0.004819510478584026,0.005568792486992164,0.6185377181679831,0.4166938189975917,0.22806513887344054,0.23301290720701218,0.41370196640491486,0.5525714159011841,1.015185129642487,0.15450604407116772,0.08751898122998032,0.08988822810351849,0.14390889555215836,0.20495835319161415,0.36183779209852257,-0.26218777492642403,0.1469221459518354,-0.34498561173677444,-0.26565010845661163,-0.15213105734437704,-0.006074337176978502,44,52,61,99
3dof_zero_L1150_N100_seed10,3dof,zero,1150,100,10,11.912411233278995,50.64305090231352,0.5218654717278619,1.7525494145588802,4.5655835375914515,241.00936065119032,9.901652069048097,36.59318690505792,0.5385494679808256,1.468889562279191,4.110977804056064,197.43921315398458,-2.0107591642309,14.777929761640316,-0.11043205272063325,-0.0012655528730168737,0.0721337172093317,3.331111519887526,2.0419579354560855,4.427267009406293,0.08050700370482328,0.45089104824283643,1.4489977528645483,26.38850619947566,1.9360923552578588,3.823179323346061,0.06630383643836343,0.4562420890622516,1.5426658183997706,17.728321427837326,-0.10586558019822638,2.154622786006018,-0.03914714580657609,-0.0025965606126353135,0.010367791920360539,4.9417544787245555,0.626674208343029,0.25022622026619507,0.44881942868232727,0.626056581735611,0.770438477396965,1.11895780324936,0.356547912415117,0.15935846166906764,0.2394729033112526,0.35182641446590424,0.4486592635512352,0.7348637413978577,-0.270126295927912,0.097484189232743,-0.3441412001848221,-0.27566708624362946,-0.20424918085336685,-0.03267094137147066,41,52,55,100
3dof_zero_L1200_N100_seed10,3dof,zero,1200,100,10,10.965344706499117,45.975711014704316,0.48245700879423836,2.2537271736020013,6.338133754069548,85.21673401341835,16.101309415288167,69.66160033991677,0.4376145194385622,2.09491734228413,6.003562890515012,470.5072217192306,5.13596470878905,43.38755141884258,-0.08554293116482502,-0.004006537350399644,0.37603227683552937,46.308097841682006,1.795980755407007,5.459309268819161,0.10226472526750574,0.47412330145851567,1.8747397487534014,11.491326331855609,2.0198430472792817,7.928430533971167,0.0996392961115835,0.44520102534213457,1.8891243212091666,11.966087561385,0.2238622918722747,2.5934779886102723,-0.028215121727971457,-0.002615845704389999,0.009581234054303115,1.0613312474958596,0.7774911922216415,0.28474735509370896,0.5668482035398483,0.7905106246471405,0.9649098217487335,1.3367208051681527,0.5456569758057594,0.21595385086860894,0.3761794790625572,0.538983166217804,0.7082446217536926,0.9936750268936161,-0.23183421641588212,0.07711322793144966,-0.280995175242424,-0.23719468712806702,-0.18494536727666855,-0.04586760371923429,48,56,60,100
3dof_spline_L50_N100_seed10,3dof,spline,50,100,10,429.48029321795235,3362.5598161748794,4.035131862115732,6.986579414154267,20.05897559776819,3069.622296714729,484.5065154301862,4602.417323415559,1.7072973036067058,4.218977147296959,12.091880145026131,938.6660330329132,55.02622221223357,5734.626522109489,-9.699010401640212,-2.2056922728563855,0.5757939704178154,740.0738190168111,79.34279502906041,597.9978502450382,0.37419875064037783,0.6911092545072707,3.502083810617668,950.2402445504061,196.91812027576012,1866.2719033652902,0.04083403917324498,0.15754537784394385,0.6619010840700216,741.0966789740775,117.57532524669966,1278.0798544499532,-2.185808107411098,-0.5377979898509659,-0.2735853717259238,631.5741895826453,0.3997761934809387,0.4304074080995115,0.18490265682339668,0.34632886946201324,0.4979895055294037,1.35532135844232,0.11431232964154332,0.303571808266141,0.01615605759434402,0.03143688291311264,0.07985502667725086,1.2356622576713632,-0.28546386383939537,0.206074414906152,-0.40244519151747227,-0.28176223672926426,-0.11819511267822236,-0.01238788601011025,71,73,98,99
3dof_spline_L100_N100_seed10,3dof,spline,100,100,10,41.77378546546757,202.89012857907673,1.8286320014567568,3.4180916643848964,11.613497356278586,567.6348400628939,16.943741637465696,66.10519809478986,0.408161445077925,1.4520834635065083,6.541338647990781,358.66558166622355,-24.830043828001866,214.26068752163104,-5.020106592873768,-1.4596163008741612,0.006299066637998722,348.71157508335693,4.92225723891902,39.83773154380112,0.02644626554928271,0.0591078962366656,0.3417874973756374,37.44644152435123,0.05338088618718353,0.16980583769732913,0.002213079217794525,0.005308361891792273,0.015583930471834982,0.8180464168377396,-4.868876352731836,39.77733190678311,-0.30874991838013255,-0.05063498703365466,-0.017589245095038293,0.01074139725900283,0.0356640850706026,0.03829898802868461,0.009216209640726447,0.022181054577231407,0.04939892049878836,0.168222215473652,0.0041825069297919985,0.005188474742155539,0.0011764765076804906,0.0022515853634104133,0.005306691047735512,0.030859454534947876,-0.031481578140810595,0.03658406458448859,-0.044122557155787945,-0.01813944149762392,-0.005144327995367348,-0.0010500367160420818,73,75,94,100
3dof_spline_L150_N100_seed10,3dof,spline,150,100,10,15.166951160767253,30.21745213381746,1.5222687416134466,4.1788971379638085,11.699047372449856,137.28956989620895,10.384708466522827,25.904134339087626,0.5459341830056181,1.698745184585287,5.892576076422335,139.39756656106556,-4.782242694244423,35.82357388234729,-8.510941812507893,-1.291579015176084,0.9376263452289527,97.36385054330246,1.0943624540529857,4.882096484614058,0.010906294949665319,0.034605986161246854,0.1371511869193705,25.585490812460858,0.442212523086166,3.6037150094917276,0.001646721973261363,0.0036932400304924493,0.01526124579788369,2.4006708151097023,-0.6521499309668196,5.717319577262872,-0.11273252631158082,-0.02345841838700098,-0.006432724139501101,0.3767192725201545,0.05366016600513831,0.05804640848786856,0.014580051647499204,0.030379971489310265,0.06723469495773315,0.25608698785305023,0.00609492202376714,0.015061675152397562,0.0014635026454925537,0.0029653909150511026,0.0063609679928049445,0.024754114057869363,-0.047565243981371165,0.05833481113317823,-0.06368807141552679,-0.023391446331515908,-0.006151458073873073,0.0022051124274730925,64,70,93,98
3dof_spline_L200_N100_seed10,3dof,spline,200,100,10,12.301859298847143,37.34894167925386,0.9037621523678407,2.338147694453566,6.703233754006223,131.06520959613712,5.0494605743745105,11.740090112064108,0.3309174813857459,0.9376137341783379,3.7140800128430635,65.65716488902595,-7.252398724472633,38.60415541116864,-2.7799627484615184,-0.7115004956844346,0.16246701649285378,51.970121545235145,4.330898517165579,26.790421807968247,0.012364150107153372,0.03284756972163799,0.10092082112303066,63.49411540316711,0.07683616924034073,0.2889456720241366,0.0013211222023893623,0.004140054765594779,0.016166666595831977,1.298356811254566,-4.254062347925237,26.747608570746106,-0.08250118709748977,-0.028122870998676504,-0.005396007372187983,0.11703198039168286,0.04909493857063353,0.06340299717923302,0.010975718731060624,0.02937549352645874,0.06535413302481174,0.2423252393305312,0.006570491967722774,0.01446848483919898,0.0014334619336295873,0.0026770831318572164,0.005715380306355655,0.040989895313978654,-0.042524446602910757,0.05496872021772749,-0.05471268386463635,-0.022251466871239245,-0.007723599555902183,-0.0007142990408465263,68,68,96,100
3dof_spline_L250_N100_seed10,3dof,spline,250,100,10,6.063616001201256,13.382543068551751,0.28999685199841174,1.7426073081680076,5.466184561845489,73.34004575491193,6.0994575265245405,16.134755301410923,0.1715739068681304,1.0243869275032327,3.813693759237801,87.3667227101297,0.035841525323287014,16.793756102485084,-2.2675332264779895,-0.12384607518636667,1.1066351847848375,79.87417906928714,7.28771763925693,71.21563732656807,0.004459863256483938,0.014487766282251884,0.045920694558627254,9.947681455074067,0.06438409107705856,0.16656132371005491,0.0012563939863544388,0.004529662616608666,0.02194457609459515,0.7359751791023166,-7.223333548179873,71.16246177481486,-0.027151261980426125,-0.0042828154227878956,-0.0011195808725824085,0.28493530927707733,0.08719015665352345,0.1379745009598353,0.018927167169749737,0.05077982135117054,0.10213633626699448,0.46508456647396457,0.014159589041373693,0.07437262181553211,0.002316465077456087,0.004396856063976884,0.007057110778987408,0.06977854862809532,-0.07303056761214975,0.09056192454059961,-0.08783488010521978,-0.04542094562202692,-0.009868929104413837,-0.001535567083628848,56,59,86,100
3dof_spline_L300_N100_seed10,3dof,spline,300,100,10,18.601317466106238,65.87349905488648,0.5224983100221464,2.186682404985121,8.907610652155036,292.99382221973974,6.823435327435,33.9901680972517,0.1633701722974269,0.8350840727188621,2.7363315817927325,68.2178580622472,-11.777882138671236,71.9589937667341,-4.2047513207625435,-0.4784722122152895,-0.012906542813509095,60.98454100732131,0.37961658361476563,1.4158723845195107,0.005505466258964484,0.03252804702652798,0.11149866547138171,5.258842376539404,0.05860156316749024,0.17444698735736183,0.0017696695560418024,0.006564532316612483,0.027042295647806976,0.7705033111760409,-0.32101502044727537,1.3830923256001826,-0.07178491631689884,-0.01487345522039877,-0.001666945911074403,0.5323593331795535,0.05353885232238099,0.06372964537785006,0.013359696371480823,0.0316063966602087,0.06865352392196655,0.25148153603077034,0.005902563834388275,0.00773267512126956,0.0018493732495699078,0.003327965852804482,0.006379574770107865,0.04163550931960347,-0.047636288487992715,0.06235138106552912,-0.06142975384136662,-0.02553957747295499,-0.007180532062193379,-0.0009680576366372402,68,75,86,100
3dof_spline_L350_N100_seed10,3dof,spline,350,100,10,5.551945946221261,20.07940229259466,0.9736683295485005,2.170857544151512,4.252587288875187,37.99560891415341,11.811172829896059,94.44304534861952,0.22608706998377184,0.9016742252245276,2.663007844212741,40.343461985689295,6.259226883674797,96.24345780186593,-2.0921263919740287,-0.6244802678699227,0.01964092025030259,34.18024901896,0.4931100542600552,2.4648048149379154,0.007193815385588859,0.026063734895720315,0.1089549034825783,7.559676830529349,0.22440501174874566,1.515719473899731,0.0017773204761282536,0.006997667589360431,0.026649394002073026,1.6221452700417824,-0.26870504251130967,2.609301959903852,-0.07750022058128302,-0.015739881651595584,-0.001460935539685415,1.2393167722608194,0.05003246676409617,0.05045969355735122,0.016910315491259098,0.031043908558785915,0.06419634819030762,0.22515485122799878,0.011057432433008217,0.01997689735702805,0.0021168292150832713,0.004251201869919896,0.010829946026206017,0.11814159825444222,-0.038975034331087954,0.04650552258132794,-0.04961430100956932,-0.02385626034811139,-0.009704321855679154,-0.0008220809884369362,70,74,87,100
3dof_spline_L400_N100_seed10,3dof,spline,400,100,10,5.5172672168681505,12.814156576654034,0.3367790110589151,1.7651812775724047,3.579664543202941,56.77459152388729,2.179279959710635,9.42617599047598,0.07721880059207373,0.4487997053823905,1.5360189516851288,51.6604659522647,-3.3379872571575153,15.927307354678463,-2.5311881746232245,-0.6160488250057198,-0.02666127235822084,41.7837943375738,0.43874686958925485,2.1374850239091097,0.009589468068830154,0.03719791981464018,0.10574211915822856,9.843010562367583,0.07203614413369773,0.34180928098673197,0.0015295087647924747,0.006263404576561743,0.023972083715879177,1.3267741005402387,-0.3667107254555571,2.0964216384355923,-0.09065895340765168,-0.024463158791434375,-0.004527381852475522,0.031007943202718834,0.042732969168573616,0.05047522002200551,0.012879908317700028,0.024791598320007324,0.048945398069918156,0.2878145787119867,0.005555456628208048,0.005740294814921833,0.0019738476839847863,0.003185967798344791,0.006730457302182913,0.026877178940922026,-0.03717751254036557,0.049369842810783486,-0.041402311879210174,-0.019660513498820364,-0.007563760387711227,-0.0019711375283077313,73,78,85,100
3dof_spline_L450_N100_seed10,3dof,spline,450,100,10,5.847495020021963,10.205340737329596,0.4597270763342363,2.03330331700642,5.928719092622842,53.7007978016255,5.215808324281676,15.36623478409473,0.10204862801968129,0.8668091678438745,3.6491985525187367,73.22016622554811,-0.6316866957402842,14.813201558373805,-3.28277307206307,-0.22370937601483093,0.1626746004933153,69.95197352732352,0.37455318975202984,0.9894218366146046,0.010384101386782267,0.03214044412373482,0.24912434244839984,4.5802286368318805,0.09135607354686055,0.21313109117012186,0.00432703016873578,0.012607208182277691,0.041221041051495946,0.7141070383291662,-0.28319711620516924,0.9089228677562353,-0.0897128764646409,-0.019198894724908745,-0.00038564894553863246,0.22480531144965898,0.08426834321580827,0.08884023847029407,0.019437124952673912,0.0491088442504406,0.12219733372330666,0.4094487529993064,0.008611614034161903,0.01452785427315771,0.0028537909383885562,0.004331628791987896,0.0070635577430948615,0.081256666481495,-0.07565672918164637,0.0842598445084019,-0.11514815967530012,-0.04267736547626555,-0.01549318409524858,-0.001758712530136101,63,66,78,100
3dof_spline_L500_N100_seed10,3dof,spline,500,100,10,12.89105047898439,76.06454594139491,0.3889539880599581,1.2128369612106376,3.8686525833947183,86.26973688014449,4.528961971317256,15.9574488344302,0.15550506276702444,0.42637919340978625,2.488127005825646,59.05511976852078,-8.362088507667135,77.3572762213552,-1.135170104570196,-0.20358202662596933,0.007019425829962057,55.30604006097126,2.4618391836983395,12.79237896154211,0.016360412302683296,0.047030930474096344,0.17043102330205775,54.69410627041217,0.47192915776632044,1.8824802138040428,0.005829477154293617,0.021983212920310878,0.0823563436405939,10.196273913355002,-1.9899100259320193,12.776275770806517,-0.08272561906653574,-0.01676592391416017,-0.001562413497206247,7.82036472368233,0.05394647354492918,0.06022934695781745,0.012172938324511051,0.027214945293962955,0.07434966415166855,0.2416991026699547,0.007000083730672486,0.00814216331582013,0.002400398312602192,0.003810207243077457,0.007512738578952849,0.03992416065186263,-0.04694638981425669,0.05508667867544686,-0.06785881845280528,-0.021387081826105714,-0.008926888753194362,-0.0010737734584836277,68,73,79,100
3dof_spline_L550_N100_seed10,3dof,spline,550,100,10,4.8803330788707715,13.714181776892966,0.244477040264376,1.0109713514576693,2.9170173742176306,55.680352185878675,3.903631949810341,13.405463166403399,0.11107531629532619,0.42115677281773534,1.523790774232759,73.99895730567313,-0.9767011290604298,18.34067527036436,-0.8581457965054105,-0.12701585150492445,0.25773254249387,64.97635914178449,0.500237098073647,1.29962183856193,0.01852993489947587,0.06229610846528892,0.3051599829404089,4.711801801549233,0.44711776794054614,1.2050060024786997,0.008667333015056147,0.03210844031495526,0.15437516975908977,5.583577521882214,-0.053119330133100925,1.4211888278085694,-0.08931436649660066,-0.014451675144147993,0.007384921909798016,4.931396670868684,0.05915319656021893,0.05989909388608789,0.017613311763852835,0.03858077712357044,0.08137632720172405,0.2513609653711323,0.010218870579265057,0.015126423121407315,0.003095319028943777,0.005234678741544485,0.009965261444449425,0.08326946079730989,-0.048934325980953874,0.05641513230309664,-0.062017681542783976,-0.02664079423993826,-0.010192582878516987,-0.001330787665210661,52,61,69,100
3dof_spline_L600_N100_seed10,3dof,spline,600,100,10,4.973084362156524,12.957332805637462,0.35418633717181797,0.9632581874668378,4.409694840233451,75.81549701523767,2.9768729573760737,9.089865144664415,0.17932591285562582,0.6653530989022928,2.146277092032282,50.55056247750564,-1.99621140478045,12.311490044990576,-0.9635980650375605,-0.19722743234002282,0.13933872499865355,22.09707938480058,0.9517244607367042,3.462755677760102,0.01343696324694367,0.05234248741625087,0.21200081479985494,15.085206077727545,0.23571461045230366,0.6640040388531192,0.006702612338753386,0.021776429624712164,0.07528887059098943,2.935635369314139,-0.7160098502844008,3.2037581835983304,-0.09284442188057049,-0.0186797330285247,-0.0007293181764491065,1.2592413116260288,0.06088791260728613,0.09050119457129074,0.015889476286247373,0.028660736046731472,0.0666450671851635,0.4007100465893759,0.016039993099402638,0.060299908003728676,0.002979765471536666,0.005663017509505153,0.011314024915918708,0.12288010790944343,-0.04484791950788349,0.060682364934491854,-0.06054242548998445,-0.018096129701007158,-0.007763564644847065,-0.0014310985989868634,64,70,78,100
3dof_spline_L650_N100_seed10,3dof,spline,650,100,10,6.1007202381044126,19.63135430349805,0.16153202493400712,0.6882662870007048,2.9149098573941465,83.03442655860106,2.647154716033352,9.020855258808066,0.07527498366852534,0.3642634119979238,1.1330182376804125,58.29434718918541,-3.453565522071059,20.471469756759372,-0.8493030569997817,-0.1310207503695745,0.07604038590761855,24.80209336111947,0.8102073765808747,2.985657084929817,0.012522809111111631,0.048740382639805686,0.22588078304776296,12.66025670941774,0.3948519974314273,1.5142138761952424,0.006613220495953254,0.02104837301285027,0.10653636120148983,7.969073860328398,-0.4153553791494473,3.0195860236241807,-0.07361574648068148,-0.013652391862719982,0.0033319793026362777,7.420404577226926,0.06833551846211776,0.09565826450252923,0.018016835674643517,0.0343470573425293,0.06817303597927094,0.44062590003013713,0.011241068013478071,0.013006671146056048,0.004218320362269878,0.006344020599499345,0.014393677935004234,0.05712203502655048,-0.05709445044863969,0.09330959450263494,-0.05742978083435446,-0.023972868802957237,-0.010797709226608276,-0.0012350963894277472,60,66,69,99
3dof_spline_L700_N100_seed10,3dof,spline,700,100,10,5.827230958387153,11.946658868892532,0.2726262486530399,0.8655395296928877,4.219540633157671,52.04007026256469,5.902144694133529,34.26366718346171,0.1340176225619484,0.49329480137347237,1.8064308625341583,36.639168757767585,0.0749137357463755,31.515613983916317,-1.142208420435676,-0.17437263898328256,0.07418607686282325,20.14580610778509,1.4532373538361187,3.5847873058730153,0.024519137801499093,0.11021565792095037,0.7232691051865792,13.831062126135398,0.9852013876737284,5.421492459018036,0.015629611671689216,0.04070544261423469,0.21820783999465015,15.01100779194023,-0.4680359661623903,6.278284387653135,-0.19030311551162815,-0.02204979048497239,0.007812348668792896,13.503009307242213,0.054653477468527854,0.0630869485659951,0.013296326622366905,0.028887630440294743,0.07644474692642689,0.28460122585296643,0.012794124293723143,0.015988802232184764,0.004308859584853053,0.007221281994134188,0.013514797203242779,0.0748077949881555,-0.04185935317480471,0.05664885505309894,-0.0593245520722121,-0.015597524121403694,-0.00611767137888819,-0.0016489627445116632,59,68,67,100
3dof_spline_L750_N100_seed10,3dof,spline,750,100,10,4.25398573220809,11.601779433291572,0.16062914716212562,0.7376705798078365,2.767378855978103,51.449949737488936,4.90226501677858,17.266641761825376,0.13863231202091325,0.5209163675055796,2.643168523749826,92.16549153901879,0.648279284570489,10.466660136691777,-0.2458413471821474,0.0041353715807491455,0.14618512844867249,13.831098406144434,1.2432895798754353,5.385076262184426,0.01659205976658512,0.10252525555335051,0.38376807850996025,12.478779970308867,0.8257015780154495,4.2199144369193515,0.01605769585159744,0.07106559839182014,0.2086079018469717,7.5228808361368,-0.4175880018599862,6.0367004174727175,-0.17060682501411778,-0.0064876970235242335,0.009471937478152856,7.0155504732594425,0.06748253074008971,0.06015276239893333,0.022384654264897108,0.05067680403590202,0.08638071268796921,0.2335658977925782,0.014246170402038842,0.016156946923422504,0.005210697767324746,0.008326232898980379,0.016479860991239548,0.07714507140219212,-0.053236360338050875,0.05212880279724849,-0.07901353784836829,-0.03482834808528423,-0.013509064563550055,-3.418823704123162e-05,45,48,63,99
3dof_spline_L800_N100_seed10,3dof,spline,800,100,10,3.481550100000252,9.388093171822177,0.2453135486421113,0.86987890818286,2.494579976472306,32.420114469544856,2.876947975082582,6.9075247862846085,0.17140658163359238,0.6181076512697279,1.8293576281631978,36.2095027989188,-0.6046021249176701,5.7532244957367045,-0.47057760844693197,-0.07204016590285112,0.14695846263501094,11.156381839666217,0.9800566244326504,3.6795886335141064,0.022202527581729088,0.08533131767902048,0.5430389540857192,11.780730844339628,0.5399355302677455,1.2502506107609008,0.011152168300655626,0.07108080459688351,0.36873332867373715,5.234011327395065,-0.4401210941649048,3.260501956158523,-0.07575283052037432,-0.016142079497505322,0.004899848360758644,1.6166970287812452,0.08339706522412599,0.08896789359600883,0.025217147544026375,0.05045152083039284,0.11291784793138504,0.3828540188074118,0.016938819652423262,0.03261723842809168,0.0064796110382303596,0.010321538429707289,0.01811503479257226,0.06173800531774893,-0.06645824557170271,0.07724784507589078,-0.10017591714859009,-0.03209088323637843,-0.011712800827808678,-0.0015931269805878367,53,59,65,100
3dof_spline_L850_N100_seed10,3dof,spline,850,100,10,3.3768215800383286,7.303288265752775,0.12649023662897257,0.7434753175464868,3.397203543470686,38.81400454357096,2.926613537072555,7.747578021287464,0.20637554583089557,0.6495570401255074,2.81591235827943,23.415283183750137,-0.4502080429657743,5.127836144778095,-0.5268986971233867,-0.04033125389642647,0.1413761658949377,15.824532851626538,0.9236654012261541,3.558679805274687,0.020420904439149457,0.09941987057933019,0.5825728237240189,22.907205072630457,1.0311925874761847,4.330602862190257,0.020011259499808472,0.07874199057589468,0.2809950132163708,26.798282414633626,0.1075271862500305,3.5352187733117306,-0.07251168106097744,-0.0053657324706151265,0.024704397043779892,7.830133216814932,0.09025770467706025,0.10474037015052604,0.021090120542794466,0.04884888790547848,0.11678340844810009,0.4706158015131959,0.01876997110666707,0.022003362159847693,0.006409178487956524,0.0115866269916296,0.021649341098964214,0.0868807404488329,-0.07148773357039317,0.09554185068546345,-0.0945580939296633,-0.03308846801519394,-0.008755674120038748,-0.0016972858738154117,46,56,58,100
3dof_spline_L900_N100_seed10,3dof,spline,900,100,10,3.9709713270542606,8.603501411246679,0.2009255175841661,1.0509653596766388,4.133660185072006,51.12712082625564,3.5852079648755857,7.210090322290949,0.20741886955675282,0.6527724196224385,3.385005475366863,30.199678278878736,-0.3857633621786757,8.068557355451077,-0.4596337849496628,-0.04298302190924126,0.1448534383033634,25.65040180014818,0.7223912660398777,1.8396001375909667,0.01908393193137283,0.12254853673630836,0.8178695371864156,4.039769301585783,0.4847990246241174,1.1075241903998412,0.017783166522775874,0.0813684378811537,0.4984045655584973,6.772599904483467,-0.23759224141576016,1.1291054804804477,-0.0975591701527952,-0.011214779690385236,0.009668688800364533,1.1950284470582455,0.07751674925908446,0.0677588628402118,0.02669034479185939,0.0514103788882494,0.11578772775828838,0.26841325461864474,0.020908703000750394,0.018433618660740808,0.008189877262338996,0.014423808082938194,0.026879798620939255,0.08826991535723212,-0.05660804625833407,0.05982216309949759,-0.08681865641847253,-0.026269732625223696,-0.011321944068185985,-0.0021138966595753957,55,63,64,100
3dof_spline_L950_N100_seed10,3dof,spline,950,100,10,5.442538271667818,20.10901119235329,0.1605394426040128,0.7787380430732089,3.176599528773899,86.88266532516599,6.863000362663948,26.261639781108304,0.11976189238247908,0.5765044049929251,1.6942481895396657,170.93792086449844,1.420462090996132,21.312595471141556,-0.29394269201744233,-0.06317285789633577,0.10240582224870431,74.28331437686126,0.6088474112986182,1.393507198885069,0.033106768626250574,0.13664603807739556,0.5624799601611434,6.598889143785101,0.5212838736279631,1.495502461246867,0.015102452024440856,0.10084443691758233,0.3465467318480677,6.607468568154388,-0.08756353767065503,0.5900192342350727,-0.08566866296764784,-0.01326084286371033,0.012359038929740756,1.6465572948286438,0.09652310376986861,0.09237842691414723,0.030926694627851248,0.05829829163849354,0.13596927747130394,0.3977219942212111,0.027423806535080076,0.02901418898950235,0.009240498300641775,0.01781386137008667,0.029623280744999647,0.13064321443438554,-0.06909929723478854,0.07816395496035448,-0.10867848852649331,-0.03447645856067538,-0.014612547121942043,-0.002235251730307926,52,61,64,100
3dof_spline_L1000_N100_seed10,3dof,spline,1000,100,10,3.6455215503907743,7.003617239903144,0.33763095089619266,1.4217671355378267,4.4884744298786385,35.84356228472309,2.4183330025399523,3.813485203907711,0.23324246527754267,1.2535337635006494,2.6447972470054584,21.16518132194668,-1.2271885478508222,5.354245854164704,-0.5102692530732937,-0.047400126778693624,0.09234849597329431,3.6663728041679606,0.6668967986078631,1.042133717749748,0.04280834401687278,0.2483135116829645,0.7898932191913552,4.23184704026147,0.5470860211689369,1.1055818919443885,0.03518593259674713,0.13654307002879418,0.4858271650121883,6.2945995142169,-0.119810777438926,0.663748477453036,-0.1144427798424123,-0.011715234836535287,0.008611657288950372,2.383314834264145,0.12552618474699556,0.13661911055658119,0.042378795333206654,0.07373561710119247,0.13768824562430382,0.5926811337471014,0.03217995383776724,0.03601571442632301,0.012730738613754511,0.019201260060071945,0.032455991953611374,0.1678495803475383,-0.09334623090922832,0.12172773290132864,-0.10160434106364846,-0.04660203028470278,-0.017541924491524696,-0.0014151205029338595,53,66,63,100
3dof_spline_L1050_N100_seed10,3dof,spline,1050,100,10,3.3074149216370667,7.817547378557966,0.28642191248670384,0.8493265247331474,2.5556322623406325,27.68475479243913,3.3113698706708954,7.707686768994997,0.2503974944270811,0.8363700571984962,2.4260771343231884,46.95097446144119,0.003954949033828215,7.28689349313459,-0.19157457176274412,-0.008691994746606091,0.1115250011657519,25.143287524057058,0.7603794440038268,1.7271937543871982,0.044285170050227196,0.21395545410776826,0.7488938246313436,7.79815556486188,0.5809305717125719,1.5617078160535771,0.03560724388999473,0.18626128941158404,0.6454181181646014,3.6336771702582573,-0.17944887229125503,0.7616386829268544,-0.0715634089927157,-0.008966844079499374,0.016460032454387902,0.2356063504259181,0.19006770435720682,0.16310470402693744,0.06496137380599976,0.1404128298163414,0.258583664894104,0.5705339306592965,0.04978494194336235,0.04252554234134152,0.023820560425519943,0.03612196631729603,0.07095671072602272,0.14926745280623507,-0.14028276241384446,0.14196627502608955,-0.21062268316745758,-0.09411879535764456,-0.03866795776411891,-0.0021259579062461505,47,53,61,99
3dof_spline_L1100_N100_seed10,3dof,spline,1100,100,10,5.960897766783606,35.134017499814284,0.26776639221549253,0.8728863729799389,2.480948138501499,36.845569419191875,3.5752434882862696,8.987676852755715,0.2851156054989426,0.9998193411616776,2.846074539770636,55.92757020657123,-2.3856542784973334,29.478502196657384,-0.09118115111584324,-0.0062431495795077195,0.14549846208331743,7.693181408222387,2.1834905779826213,7.999702500627333,0.07528495664985543,0.2703967454921238,1.15517896184502,36.72527692962686,4.321354679217364,22.637202933102763,0.0712091902883679,0.25342846569801847,1.051662620692503,72.38619476427478,2.137864101234742,19.355862682057918,-0.028202374591392056,-0.003197458330280573,0.05367980441218193,21.63965914070551,0.39634924873709676,0.23219203321663187,0.23161087185144424,0.37966035306453705,0.5389234572649002,0.9843069124221808,0.14673862379044295,0.08743914437377184,0.07759210839867592,0.13967468589544296,0.19709767028689384,0.39750756829977046,-0.24961062494665384,0.15004547782453287,-0.34632278233766556,-0.25391779094934464,-0.1446040030568838,-0.010445725768804539,42,51,53,100
3dof_spline_L1150_N100_seed10,3dof,spline,1150,100,10,4.061192902118867,6.5920389340551315,0.45611756818416427,1.9740997208777529,4.0866186159259215,28.5228180697926,4.144380957689452,7.106544918434604,0.4241142338506545,1.9056474934937864,3.6504512224051653,34.86797727029506,0.08318805557058527,2.4680948930979385,-0.09080506671358553,-0.0038523295094125623,0.046158107433897075,7.649546582859527,1.0414776374300856,1.4561058913502773,0.07683539881005783,0.3222293434404826,1.4708840120669244,5.1634290015546895,1.09088948202555,1.579745033095947,0.05869513848387739,0.34204297685467977,1.4535940689961695,6.151979316212313,0.049411844595464355,0.23039470734961284,-0.010023434347928961,0.0009856811327095308,0.023870781255878097,1.2334236279217712,0.6189302814006805,0.24891949974562985,0.45647119730710983,0.640260249376297,0.7641187310218811,1.1142512834072122,0.35334700368344785,0.15794149451879,0.23574187979102135,0.36161258816719055,0.4358881637454033,0.7150005835294727,-0.2655832777172327,0.09672938119319861,-0.33366862684488297,-0.2736488878726959,-0.2017233744263649,-0.0680965861678121,35,54,44,100
3dof_spline_L1200_N100_seed10,3dof,spline,1200,100,10,5.830661514148971,12.468744273517824,0.686628113761931,2.0023787032653217,4.8155065004556565,47.17905467773508,6.856578742200155,17.768129025927617,0.5266434518470285,1.8343742266672152,4.523732451465732,99.3334065250264,1.0259172280511846,7.143956536113303,-0.08280706181649017,-0.005731236540180568,0.07876109573212971,36.177910195308705,2.6867041277477184,6.333536314308822,0.21466473795465374,0.6648176158767269,1.8851048854283619,33.39063663358143,2.5675313688834676,5.864148173834547,0.1718546541731848,0.6580263921429426,1.7865746905526019,33.34481498080143,-0.11917275886425005,1.4238354408198928,-0.04533823930795177,-0.0036883582182550556,0.016233842902465406,2.3034038868831037,0.7692882755026221,0.28983647376300686,0.5991862863302231,0.728155791759491,0.9931575059890747,1.3820973837375647,0.5416736373864114,0.21565614462229593,0.3969254195690155,0.513877660036087,0.6967604458332062,0.9944532757997517,-0.2276146381162107,0.08186779651192598,-0.2865801900625229,-0.22528082132339478,-0.17727168649435043,-0.04990490844473218,43,56,56,100
