model,candidate_id,policy,length,seed,med_ung_nrmse_q,med_gui_nrmse_q,med_ung_nrmse_p,med_gui_nrmse_p,ratio_q,ratio_p,prob_q,prob_p
dpf,mode=robust_hamres|steps=30|after=10|before=20|alpha_q=0.01|alpha_p=0.01|trust=0.0|ham_sigma=1.0|ham_delta=2.0,sinusoidal,100,10,0.4781488234692677,0.3671621420800587,0.057895022602138746,0.042637582715971276,0.7678825588570282,0.7364637027431814,0.5833333333333334,0.75
dpf,mode=one_step|steps=30|after=15|before=20|alpha_q=0.01|alpha_p=0.01|trust=0.0,sinusoidal,100,10,0.4781488234692677,0.2941440507996305,0.057895022602138746,0.020063302812526065,0.6151725913815538,0.34654624716883503,0.6666666666666666,1.0
dpf,mode=robust_hamres|steps=30|after=15|before=20|alpha_q=0.01|alpha_p=0.01|trust=0.0|ham_sigma=0.5|ham_delta=2.0,sinusoidal,100,10,0.4781488234692677,0.3259642841431053,0.057895022602138746,0.028534549234920194,0.6817213974888222,0.492867054064611,0.75,0.9166666666666666
dpf,mode=robust_hamres|steps=50|after=15|before=20|alpha_q=0.005|alpha_p=0.005|trust=0.0|ham_sigma=1.0|ham_delta=1.0,sinusoidal,100,10,0.4781488234692677,0.384607804916331,0.057895022602138746,0.04221772784042513,0.8043684017159379,0.7292116997785839,0.6666666666666666,0.9166666666666666
dpf,mode=one_step|steps=30|after=15|before=20|alpha_q=0.01|alpha_p=0.01|trust=0.001,sinusoidal,100,10,0.4781488234692677,0.2941396234218725,0.057895022602138746,0.020067515277620317,0.6151633319678719,0.34661900757041914,0.6666666666666666,1.0
dpf,mode=robust_hamres|steps=30|after=15|before=20|alpha_q=0.01|alpha_p=0.01|trust=0.001|ham_sigma=0.5|ham_delta=2.0,sinusoidal,100,10,0.4781488234692677,0.32596808311095615,0.057895022602138746,0.028535014554419407,0.6817293426466149,0.4928750913617447,0.75,0.9166666666666666
dpf,mode=robust_hamres|steps=50|after=15|before=20|alpha_q=0.005|alpha_p=0.005|trust=0.001|ham_sigma=0.5|ham_delta=2.0,sinusoidal,100,10,0.4781488234692677,0.29616591351361393,0.057895022602138746,0.028318897654683997,0.6194011131612657,0.48914218151868977,0.75,0.9166666666666666
dpf,mode=one_step|steps=50|after=10|before=20|alpha_q=0.01|alpha_p=0.01|trust=0.001,sinusoidal,100,10,0.4781488234692677,0.28113696893557577,0.057895022602138746,0.020706767828718792,0.5879695925961961,0.3576605880442967,0.75,1.0
dpf,mode=robust_hamres|steps=50|after=10|before=20|alpha_q=0.01|alpha_p=0.01|trust=0.0|ham_sigma=1.0|ham_delta=2.0,sinusoidal,100,10,0.4781488234692677,0.32071260378635225,0.057895022602138746,0.05052207367299071,0.6707380381266703,0.872649692533747,0.5833333333333334,0.5833333333333334
dpf,mode=robust_hamres|steps=50|after=10|before=20|alpha_q=0.005|alpha_p=0.005|trust=0.0|ham_sigma=0.5|ham_delta=2.0,sinusoidal,100,10,0.4781488234692677,0.29877051601440374,0.057895022602138746,0.02819927649532488,0.6248483763833976,0.48707600805536516,0.75,0.9166666666666666
dpf,mode=robust_hamres|steps=30|after=15|before=20|alpha_q=0.005|alpha_p=0.005|trust=0.001|ham_sigma=0.5|ham_delta=2.0,sinusoidal,100,10,0.4781488234692677,0.34548216416570515,0.057895022602138746,0.02967152128246364,0.7225410734235771,0.5125055652256973,0.5833333333333334,1.0
dpf,mode=robust_hamres|steps=50|after=10|before=20|alpha_q=0.01|alpha_p=0.01|trust=0.001|ham_sigma=0.5|ham_delta=2.0,sinusoidal,100,10,0.4781488234692677,0.30228985213935544,0.057895022602138746,0.031430383597623235,0.6322087126473599,0.5428857643534651,0.75,0.8333333333333334
dpf,mode=robust_hamres|steps=30|after=10|before=20|alpha_q=0.01|alpha_p=0.01|trust=0.0|ham_sigma=1.0|ham_delta=2.0,sinusoidal,100,11,0.5639002827794086,0.44149060103490684,0.06955297367372439,0.04574096665314227,0.7829231772306328,0.6576421429185022,0.6666666666666666,0.9166666666666666
dpf,mode=one_step|steps=30|after=15|before=20|alpha_q=0.01|alpha_p=0.01|trust=0.0,sinusoidal,100,11,0.5639002827794086,0.32557538184703383,0.06955297367372439,0.016263994638825427,0.5773633952483673,0.23383607888744537,0.6666666666666666,1.0
dpf,mode=robust_hamres|steps=30|after=15|before=20|alpha_q=0.01|alpha_p=0.01|trust=0.0|ham_sigma=0.5|ham_delta=2.0,sinusoidal,100,11,0.5639002827794086,0.30619053191824286,0.06955297367372439,0.024328693147335635,0.5429870160891923,0.34978652762515156,0.75,1.0
dpf,mode=robust_hamres|steps=50|after=15|before=20|alpha_q=0.005|alpha_p=0.005|trust=0.0|ham_sigma=1.0|ham_delta=1.0,sinusoidal,100,11,0.5639002827794086,0.37066594102560757,0.06955297367372439,0.049333694943629165,0.6573253327674032,0.7092967034746118,0.75,0.9166666666666666
dpf,mode=one_step|steps=30|after=15|before=20|alpha_q=0.01|alpha_p=0.01|trust=0.001,sinusoidal,100,11,0.5639002827794086,0.32570129415724136,0.06955297367372439,0.016258618535779302,0.5775866835034945,0.23375878380195636,0.6666666666666666,1.0
dpf,mode=robust_hamres|steps=30|after=15|before=20|alpha_q=0.01|alpha_p=0.01|trust=0.001|ham_sigma=0.5|ham_delta=2.0,sinusoidal,100,11,0.5639002827794086,0.30608057908591935,0.06955297367372439,0.02432896192641229,0.5427920297845543,0.34979039200452255,0.75,1.0
dpf,mode=robust_hamres|steps=50|after=15|before=20|alpha_q=0.005|alpha_p=0.005|trust=0.001|ham_sigma=0.5|ham_delta=2.0,sinusoidal,100,11,0.5639002827794086,0.26907234795192747,0.06955297367372439,0.0246774063207498,0.4771629952474869,0.3548001619098623,0.75,1.0
dpf,mode=one_step|steps=50|after=10|before=20|alpha_q=0.01|alpha_p=0.01|trust=0.001,sinusoidal,100,11,0.5639002827794086,0.3111533853112732,0.06955297367372439,0.017853415824298578,0.5517879575758128,0.25668803045071265,0.5833333333333334,1.0
dpf,mode=robust_hamres|steps=50|after=10|before=20|alpha_q=0.01|alpha_p=0.01|trust=0.0|ham_sigma=1.0|ham_delta=2.0,sinusoidal,100,11,0.5639002827794086,0.38818508684705455,0.06955297367372439,0.054233708133873515,0.6883931409534478,0.7797467925424135,0.6666666666666666,0.6666666666666666
dpf,mode=robust_hamres|steps=50|after=10|before=20|alpha_q=0.005|alpha_p=0.005|trust=0.0|ham_sigma=0.5|ham_delta=2.0,sinusoidal,100,11,0.5639002827794086,0.27630819223708375,0.06955297367372439,0.024564914354758882,0.48999477509602946,0.3531828052384046,0.75,1.0
dpf,mode=robust_hamres|steps=30|after=15|before=20|alpha_q=0.005|alpha_p=0.005|trust=0.001|ham_sigma=0.5|ham_delta=2.0,sinusoidal,100,11,0.5639002827794086,0.4609133676226592,0.06955297367372439,0.03180413463284968,0.8173667963968078,0.45726491554543836,0.6666666666666666,1.0
dpf,mode=robust_hamres|steps=50|after=10|before=20|alpha_q=0.01|alpha_p=0.01|trust=0.001|ham_sigma=0.5|ham_delta=2.0,sinusoidal,100,11,0.5639002827794086,0.29399233231979605,0.06955297367372439,0.030882043131892127,0.5213551780303017,0.44400751687139867,0.75,0.9166666666666666
dpf,mode=robust_hamres|steps=30|after=10|before=20|alpha_q=0.01|alpha_p=0.01|trust=0.0|ham_sigma=1.0|ham_delta=2.0,sinusoidal,300,10,0.3797492684177398,0.24467037466054975,0.0433901585401609,0.026684003973163492,0.6442945253851082,0.6149782547686571,0.9166666666666666,0.8333333333333334
dpf,mode=one_step|steps=30|after=15|before=20|alpha_q=0.01|alpha_p=0.01|trust=0.0,sinusoidal,300,10,0.3797492684177398,0.20848694725925168,0.0433901585401609,0.025782044615088383,0.5490121103535807,0.5941910673413451,0.9166666666666666,0.5833333333333334
dpf,mode=robust_hamres|steps=30|after=15|before=20|alpha_q=0.01|alpha_p=0.01|trust=0.0|ham_sigma=0.5|ham_delta=2.0,sinusoidal,300,10,0.3797492684177398,0.22140373662111112,0.0433901585401609,0.02316163187136025,0.5830261044178179,0.5337991989571182,0.9166666666666666,0.9166666666666666
dpf,mode=robust_hamres|steps=50|after=15|before=20|alpha_q=0.005|alpha_p=0.005|trust=0.0|ham_sigma=1.0|ham_delta=1.0,sinusoidal,300,10,0.3797492684177398,0.18333644035187405,0.0433901585401609,0.025247680903655735,0.4827828664838833,0.5818757467845406,0.9166666666666666,0.75
dpf,mode=one_step|steps=30|after=15|before=20|alpha_q=0.01|alpha_p=0.01|trust=0.001,sinusoidal,300,10,0.3797492684177398,0.20857331888901776,0.0433901585401609,0.025783380276088633,0.5492395541881032,0.5942218499207407,0.9166666666666666,0.5833333333333334
dpf,mode=robust_hamres|steps=30|after=15|before=20|alpha_q=0.01|alpha_p=0.01|trust=0.001|ham_sigma=0.5|ham_delta=2.0,sinusoidal,300,10,0.3797492684177398,0.22137720411640932,0.0433901585401609,0.02315798773137511,0.5829562359364056,0.5337152135533367,0.9166666666666666,0.9166666666666666
dpf,mode=robust_hamres|steps=50|after=15|before=20|alpha_q=0.005|alpha_p=0.005|trust=0.001|ham_sigma=0.5|ham_delta=2.0,sinusoidal,300,10,0.3797492684177398,0.22440884015012516,0.0433901585401609,0.023702880685409235,0.590939493011126,0.5462731984136544,0.9166666666666666,0.8333333333333334
dpf,mode=one_step|steps=50|after=10|before=20|alpha_q=0.01|alpha_p=0.01|trust=0.001,sinusoidal,300,10,0.3797492684177398,0.18892337084005273,0.0433901585401609,0.0259193732945196,0.4974950225110882,0.5973560403225824,0.9166666666666666,0.6666666666666666
dpf,mode=robust_hamres|steps=50|after=10|before=20|alpha_q=0.01|alpha_p=0.01|trust=0.0|ham_sigma=1.0|ham_delta=2.0,sinusoidal,300,10,0.3797492684177398,0.26606645743958546,0.0433901585401609,0.02769420224456643,0.7006371823918865,0.638259992042512,1.0,0.75
dpf,mode=robust_hamres|steps=50|after=10|before=20|alpha_q=0.005|alpha_p=0.005|trust=0.0|ham_sigma=0.5|ham_delta=2.0,sinusoidal,300,10,0.3797492684177398,0.2229986361095457,0.0433901585401609,0.02353430510716773,0.5872259794961291,0.5423880875057172,0.9166666666666666,0.8333333333333334
dpf,mode=robust_hamres|steps=30|after=15|before=20|alpha_q=0.005|alpha_p=0.005|trust=0.001|ham_sigma=0.5|ham_delta=2.0,sinusoidal,300,10,0.3797492684177398,0.17621189643874516,0.0433901585401609,0.031030099838241745,0.46402168771239033,0.7151414256650163,0.9166666666666666,0.75
dpf,mode=robust_hamres|steps=50|after=10|before=20|alpha_q=0.01|alpha_p=0.01|trust=0.001|ham_sigma=0.5|ham_delta=2.0,sinusoidal,300,10,0.3797492684177398,0.21033346411932746,0.0433901585401609,0.02247814840543208,0.5538745735987883,0.5180471600403773,1.0,0.9166666666666666
dpf,mode=robust_hamres|steps=30|after=10|before=20|alpha_q=0.01|alpha_p=0.01|trust=0.0|ham_sigma=1.0|ham_delta=2.0,sinusoidal,300,11,0.19431655099916267,0.1439540983235273,0.03944586331671473,0.025082827194551925,0.7408226297931132,0.635879787777984,0.8333333333333334,0.8333333333333334
dpf,mode=one_step|steps=30|after=15|before=20|alpha_q=0.01|alpha_p=0.01|trust=0.0,sinusoidal,300,11,0.19431655099916267,0.07584691533039482,0.03944586331671473,0.020302689425363188,0.3903265827866699,0.5146975555421589,0.8333333333333334,0.9166666666666666
dpf,mode=robust_hamres|steps=30|after=15|before=20|alpha_q=0.01|alpha_p=0.01|trust=0.0|ham_sigma=0.5|ham_delta=2.0,sinusoidal,300,11,0.19431655099916267,0.12581401082058155,0.03944586331671473,0.018026157642161783,0.6474693492327562,0.4569847412750986,0.75,0.8333333333333334
dpf,mode=robust_hamres|steps=50|after=15|before=20|alpha_q=0.005|alpha_p=0.005|trust=0.0|ham_sigma=1.0|ham_delta=1.0,sinusoidal,300,11,0.19431655099916267,0.13767309013236909,0.03944586331671473,0.02289351378953426,0.7084990415096567,0.5803780641260144,0.75,0.8333333333333334
dpf,mode=one_step|steps=30|after=15|before=20|alpha_q=0.01|alpha_p=0.01|trust=0.001,sinusoidal,300,11,0.19431655099916267,0.07585113268144045,0.03944586331671473,0.020310385953038967,0.3903482862958354,0.5148926717604042,0.8333333333333334,0.9166666666666666
dpf,mode=robust_hamres|steps=30|after=15|before=20|alpha_q=0.01|alpha_p=0.01|trust=0.001|ham_sigma=0.5|ham_delta=2.0,sinusoidal,300,11,0.19431655099916267,0.1258026150662996,0.03944586331671473,0.018026106474356308,0.6474107039232171,0.4569834441097897,0.75,0.8333333333333334
dpf,mode=robust_hamres|steps=50|after=15|before=20|alpha_q=0.005|alpha_p=0.005|trust=0.001|ham_sigma=0.5|ham_delta=2.0,sinusoidal,300,11,0.19431655099916267,0.11893782203797333,0.03944586331671473,0.01848519910406196,0.6120828175798871,0.46862199353180517,0.75,0.8333333333333334
dpf,mode=one_step|steps=50|after=10|before=20|alpha_q=0.01|alpha_p=0.01|trust=0.001,sinusoidal,300,11,0.19431655099916267,0.08640618693714758,0.03944586331671473,0.019166068569463287,0.44466715003355484,0.4858828520389332,0.8333333333333334,0.9166666666666666
dpf,mode=robust_hamres|steps=50|after=10|before=20|alpha_q=0.01|alpha_p=0.01|trust=0.0|ham_sigma=1.0|ham_delta=2.0,sinusoidal,300,11,0.19431655099916267,0.15714888000941354,0.03944586331671473,0.02591749356933426,0.8087261697542723,0.6570395826107328,0.8333333333333334,0.5
dpf,mode=robust_hamres|steps=50|after=10|before=20|alpha_q=0.005|alpha_p=0.005|trust=0.0|ham_sigma=0.5|ham_delta=2.0,sinusoidal,300,11,0.19431655099916267,0.11896413133556347,0.03944586331671473,0.018724174523964132,0.6122182115926712,0.47468030737788364,0.75,0.8333333333333334
dpf,mode=robust_hamres|steps=30|after=15|before=20|alpha_q=0.005|alpha_p=0.005|trust=0.001|ham_sigma=0.5|ham_delta=2.0,sinusoidal,300,11,0.19431655099916267,0.09122206295707422,0.03944586331671473,0.0197290222235725,0.46945081357206314,0.5001544031414963,0.75,0.9166666666666666
dpf,mode=robust_hamres|steps=50|after=10|before=20|alpha_q=0.01|alpha_p=0.01|trust=0.001|ham_sigma=0.5|ham_delta=2.0,sinusoidal,300,11,0.19431655099916267,0.13073045909664674,0.03944586331671473,0.0187164207087794,0.6727705819418854,0.47448373885249795,0.8333333333333334,0.75
dpf,mode=robust_hamres|steps=30|after=10|before=20|alpha_q=0.01|alpha_p=0.01|trust=0.0|ham_sigma=1.0|ham_delta=2.0,sinusoidal,700,10,0.19867432372630445,0.18409592598337673,0.052210531621420427,0.0575626516502767,0.9266216314745782,1.1025103530388198,0.5833333333333334,0.6666666666666666
dpf,mode=one_step|steps=30|after=15|before=20|alpha_q=0.01|alpha_p=0.01|trust=0.0,sinusoidal,700,10,0.19867432372630445,0.18847509849411007,0.052210531621420427,0.046080816968106335,0.9486635965790682,0.8825962030465276,0.5,0.8333333333333334
dpf,mode=robust_hamres|steps=30|after=15|before=20|alpha_q=0.01|alpha_p=0.01|trust=0.0|ham_sigma=0.5|ham_delta=2.0,sinusoidal,700,10,0.19867432372630445,0.24992314330108656,0.052210531621420427,0.05582794354952793,1.2579539147966747,1.0692851004532462,0.5,0.5833333333333334
dpf,mode=robust_hamres|steps=50|after=15|before=20|alpha_q=0.005|alpha_p=0.005|trust=0.0|ham_sigma=1.0|ham_delta=1.0,sinusoidal,700,10,0.19867432372630445,0.18677572746404003,0.052210531621420427,0.05800830299130183,0.9401100452283103,1.1110460129370288,0.5833333333333334,0.75
dpf,mode=one_step|steps=30|after=15|before=20|alpha_q=0.01|alpha_p=0.01|trust=0.001,sinusoidal,700,10,0.19867432372630445,0.18857155084928903,0.052210531621420427,0.04609060014560587,0.9491490762996979,0.8827835824352394,0.5,0.8333333333333334
dpf,mode=robust_hamres|steps=30|after=15|before=20|alpha_q=0.01|alpha_p=0.01|trust=0.001|ham_sigma=0.5|ham_delta=2.0,sinusoidal,700,10,0.19867432372630445,0.2499503102629032,0.052210531621420427,0.05583551248177049,1.2580906559784597,1.06943006990687,0.5,0.5833333333333334
dpf,mode=robust_hamres|steps=50|after=15|before=20|alpha_q=0.005|alpha_p=0.005|trust=0.001|ham_sigma=0.5|ham_delta=2.0,sinusoidal,700,10,0.19867432372630445,0.26368919248281,0.052210531621420427,0.06076410123258305,1.3272434380905234,1.1638284335655633,0.5,0.6666666666666666
dpf,mode=one_step|steps=50|after=10|before=20|alpha_q=0.01|alpha_p=0.01|trust=0.001,sinusoidal,700,10,0.19867432372630445,0.14038466261914823,0.052210531621420427,0.03950505777461661,0.7066069735943504,0.7566492151634951,0.5833333333333334,0.75
dpf,mode=robust_hamres|steps=50|after=10|before=20|alpha_q=0.01|alpha_p=0.01|trust=0.0|ham_sigma=1.0|ham_delta=2.0,sinusoidal,700,10,0.19867432372630445,0.21113630030312647,0.052210531621420427,0.056455828390269275,1.0627256524300028,1.0813111193663296,0.5,0.6666666666666666
dpf,mode=robust_hamres|steps=50|after=10|before=20|alpha_q=0.005|alpha_p=0.005|trust=0.0|ham_sigma=0.5|ham_delta=2.0,sinusoidal,700,10,0.19867432372630445,0.2631946297740449,0.052210531621420427,0.060583593695889566,1.3247541244263865,1.1603711323068375,0.5,0.6666666666666666
dpf,mode=robust_hamres|steps=30|after=15|before=20|alpha_q=0.005|alpha_p=0.005|trust=0.001|ham_sigma=0.5|ham_delta=2.0,sinusoidal,700,10,0.19867432372630445,0.19275429741257066,0.052210531621420427,0.06785771529063435,0.9702023582982506,1.2996940115965865,0.5,0.8333333333333334
dpf,mode=robust_hamres|steps=50|after=10|before=20|alpha_q=0.01|alpha_p=0.01|trust=0.001|ham_sigma=0.5|ham_delta=2.0,sinusoidal,700,10,0.19867432372630445,0.1975838787028015,0.052210531621420427,0.04663209428006834,0.994511394310796,0.8931549408115312,0.5,0.8333333333333334
dpf,mode=robust_hamres|steps=30|after=10|before=20|alpha_q=0.01|alpha_p=0.01|trust=0.0|ham_sigma=1.0|ham_delta=2.0,sinusoidal,700,11,0.09339681385428472,0.05408576919722317,0.05057060499312888,0.03019816155174554,0.5790965126669779,0.597148512576597,0.8333333333333334,0.6666666666666666
dpf,mode=one_step|steps=30|after=15|before=20|alpha_q=0.01|alpha_p=0.01|trust=0.0,sinusoidal,700,11,0.09339681385428472,0.07481760431966174,0.05057060499312888,0.03315709318331994,0.8010723410371388,0.6556594129697491,0.6666666666666666,0.75
dpf,mode=robust_hamres|steps=30|after=15|before=20|alpha_q=0.01|alpha_p=0.01|trust=0.0|ham_sigma=0.5|ham_delta=2.0,sinusoidal,700,11,0.09339681385428472,0.04469193433200554,0.05057060499312888,0.02418193968436594,0.47851669117677537,0.47818173596403646,0.6666666666666666,0.75
dpf,mode=robust_hamres|steps=50|after=15|before=20|alpha_q=0.005|alpha_p=0.005|trust=0.0|ham_sigma=1.0|ham_delta=1.0,sinusoidal,700,11,0.09339681385428472,0.05835574023582095,0.05057060499312888,0.033968837642656145,0.6248151069357254,0.67171111849011,0.6666666666666666,0.6666666666666666
dpf,mode=one_step|steps=30|after=15|before=20|alpha_q=0.01|alpha_p=0.01|trust=0.001,sinusoidal,700,11,0.09339681385428472,0.07486754990598449,0.05057060499312888,0.033138794354655,0.8016071085978467,0.6552975658321197,0.6666666666666666,0.75
dpf,mode=robust_hamres|steps=30|after=15|before=20|alpha_q=0.01|alpha_p=0.01|trust=0.001|ham_sigma=0.5|ham_delta=2.0,sinusoidal,700,11,0.09339681385428472,0.044630994923199066,0.05057060499312888,0.02418446266600052,0.47786421272176566,0.4782316262438724,0.6666666666666666,0.75
dpf,mode=robust_hamres|steps=50|after=15|before=20|alpha_q=0.005|alpha_p=0.005|trust=0.001|ham_sigma=0.5|ham_delta=2.0,sinusoidal,700,11,0.09339681385428472,0.05501185305487655,0.05057060499312888,0.02635114239811845,0.5890120956449821,0.5210762734932443,0.75,0.6666666666666666
dpf,mode=one_step|steps=50|after=10|before=20|alpha_q=0.01|alpha_p=0.01|trust=0.001,sinusoidal,700,11,0.09339681385428472,0.081996267676611,0.05057060499312888,0.032124238508896064,0.8779343137394328,0.6352354003528501,0.5833333333333334,0.6666666666666666
dpf,mode=robust_hamres|steps=50|after=10|before=20|alpha_q=0.01|alpha_p=0.01|trust=0.0|ham_sigma=1.0|ham_delta=2.0,sinusoidal,700,11,0.09339681385428472,0.04131646838266696,0.05057060499312888,0.025168770981890395,0.4423755659066469,0.49769566698500284,0.8333333333333334,0.9166666666666666
dpf,mode=robust_hamres|steps=50|after=10|before=20|alpha_q=0.005|alpha_p=0.005|trust=0.0|ham_sigma=0.5|ham_delta=2.0,sinusoidal,700,11,0.09339681385428472,0.05771589476598768,0.05057060499312888,0.026895956812877913,0.6179642793386348,0.5318496153354763,0.75,0.6666666666666666
dpf,mode=robust_hamres|steps=30|after=15|before=20|alpha_q=0.005|alpha_p=0.005|trust=0.001|ham_sigma=0.5|ham_delta=2.0,sinusoidal,700,11,0.09339681385428472,0.07843786121466563,0.05057060499312888,0.03392917339779616,0.8398344437856556,0.6709267844908356,0.5833333333333334,0.5
dpf,mode=robust_hamres|steps=50|after=10|before=20|alpha_q=0.01|alpha_p=0.01|trust=0.001|ham_sigma=0.5|ham_delta=2.0,sinusoidal,700,11,0.09339681385428472,0.055738053561535,0.05057060499312888,0.02903173857118168,0.5967875269117431,0.5740832757513238,0.6666666666666666,0.9166666666666666
dpf,mode=robust_hamres|steps=30|after=10|before=20|alpha_q=0.01|alpha_p=0.01|trust=0.0|ham_sigma=1.0|ham_delta=2.0,sinusoidal,1000,10,0.2770705934354327,0.23075160783576082,0.159907080186257,0.15255830485825334,0.832826049760976,0.9540434649957718,0.5833333333333334,0.5833333333333334
dpf,mode=one_step|steps=30|after=15|before=20|alpha_q=0.01|alpha_p=0.01|trust=0.0,sinusoidal,1000,10,0.2770705934354327,0.21718298312062925,0.159907080186257,0.14328533342724806,0.7838543254545727,0.8960537160728079,0.9166666666666666,0.75
dpf,mode=robust_hamres|steps=30|after=15|before=20|alpha_q=0.01|alpha_p=0.01|trust=0.0|ham_sigma=0.5|ham_delta=2.0,sinusoidal,1000,10,0.2770705934354327,0.2402070224447151,0.159907080186257,0.15331407404261937,0.8669524234468854,0.9587697671925584,0.5833333333333334,0.5
dpf,mode=robust_hamres|steps=50|after=15|before=20|alpha_q=0.005|alpha_p=0.005|trust=0.0|ham_sigma=1.0|ham_delta=1.0,sinusoidal,1000,10,0.2770705934354327,0.2565036296819444,0.159907080186257,0.1544191895510983,0.9257699509050167,0.9656807526673209,0.6666666666666666,0.5833333333333334
dpf,mode=one_step|steps=30|after=15|before=20|alpha_q=0.01|alpha_p=0.01|trust=0.001,sinusoidal,1000,10,0.2770705934354327,0.21718443823456512,0.159907080186257,0.14328440554303778,0.7838595772350587,0.8960479134266137,0.9166666666666666,0.75
dpf,mode=robust_hamres|steps=30|after=15|before=20|alpha_q=0.01|alpha_p=0.01|trust=0.001|ham_sigma=0.5|ham_delta=2.0,sinusoidal,1000,10,0.2770705934354327,0.24026424006434716,0.159907080186257,0.15331009428843578,0.8671589326217589,0.958744879275282,0.5833333333333334,0.5
dpf,mode=robust_hamres|steps=50|after=15|before=20|alpha_q=0.005|alpha_p=0.005|trust=0.001|ham_sigma=0.5|ham_delta=2.0,sinusoidal,1000,10,0.2770705934354327,0.2641591151178713,0.159907080186257,0.1544693657859022,0.9534000409156729,0.9659945363643622,0.5833333333333334,0.5833333333333334
dpf,mode=one_step|steps=50|after=10|before=20|alpha_q=0.01|alpha_p=0.01|trust=0.001,sinusoidal,1000,10,0.2770705934354327,0.1615933887034392,0.159907080186257,0.1174091724637984,0.583221000467147,0.7342337332846189,0.8333333333333334,0.75
dpf,mode=robust_hamres|steps=50|after=10|before=20|alpha_q=0.01|alpha_p=0.01|trust=0.0|ham_sigma=1.0|ham_delta=2.0,sinusoidal,1000,10,0.2770705934354327,0.2056699176047554,0.159907080186257,0.14487193357475658,0.7423015017747951,0.9059757291923052,0.75,0.6666666666666666
dpf,mode=robust_hamres|steps=50|after=10|before=20|alpha_q=0.005|alpha_p=0.005|trust=0.0|ham_sigma=0.5|ham_delta=2.0,sinusoidal,1000,10,0.2770705934354327,0.26496535393139997,0.159907080186257,0.15458125796936667,0.9563099087711244,0.9666942688798589,0.5833333333333334,0.5833333333333334
dpf,mode=robust_hamres|steps=30|after=15|before=20|alpha_q=0.005|alpha_p=0.005|trust=0.001|ham_sigma=0.5|ham_delta=2.0,sinusoidal,1000,10,0.2770705934354327,0.2689440703304651,0.159907080186257,0.15690845962836242,0.9706698462503514,0.9812477311548568,0.5833333333333334,0.75
dpf,mode=robust_hamres|steps=50|after=10|before=20|alpha_q=0.01|alpha_p=0.01|trust=0.001|ham_sigma=0.5|ham_delta=2.0,sinusoidal,1000,10,0.2770705934354327,0.1847168818068135,0.159907080186257,0.13611085402902587,0.6666780458961232,0.8511871636358209,0.9166666666666666,0.75
dpf,mode=robust_hamres|steps=30|after=10|before=20|alpha_q=0.01|alpha_p=0.01|trust=0.0|ham_sigma=1.0|ham_delta=2.0,sinusoidal,1000,11,0.23900369539176636,0.17804440839883917,0.08453410331998044,0.08119573898101384,0.7449441654322336,0.9605086680066842,0.9166666666666666,0.6666666666666666
dpf,mode=one_step|steps=30|after=15|before=20|alpha_q=0.01|alpha_p=0.01|trust=0.0,sinusoidal,1000,11,0.23900369539176636,0.15286992005961586,0.08453410331998044,0.0789611809243049,0.6396132068545506,0.9340748623714528,0.75,0.5
dpf,mode=robust_hamres|steps=30|after=15|before=20|alpha_q=0.01|alpha_p=0.01|trust=0.0|ham_sigma=0.5|ham_delta=2.0,sinusoidal,1000,11,0.23900369539176636,0.18312174279281573,0.08453410331998044,0.09139760596195348,0.7661879139259713,1.0811921150448967,0.75,0.5
dpf,mode=robust_hamres|steps=50|after=15|before=20|alpha_q=0.005|alpha_p=0.005|trust=0.0|ham_sigma=1.0|ham_delta=1.0,sinusoidal,1000,11,0.23900369539176636,0.1881732872132332,0.08453410331998044,0.0712333336374722,0.7873237562489829,0.8426579432426003,0.75,0.5833333333333334
dpf,mode=one_step|steps=30|after=15|before=20|alpha_q=0.01|alpha_p=0.01|trust=0.001,sinusoidal,1000,11,0.23900369539176636,0.15286415292582023,0.08453410331998044,0.07896641257702636,0.6395890769607171,0.9341367504440292,0.75,0.5
dpf,mode=robust_hamres|steps=30|after=15|before=20|alpha_q=0.01|alpha_p=0.01|trust=0.001|ham_sigma=0.5|ham_delta=2.0,sinusoidal,1000,11,0.23900369539176636,0.1831129350985783,0.08453410331998044,0.09139533493455923,0.7661510622186242,1.0811652498235829,0.75,0.5
dpf,mode=robust_hamres|steps=50|after=15|before=20|alpha_q=0.005|alpha_p=0.005|trust=0.001|ham_sigma=0.5|ham_delta=2.0,sinusoidal,1000,11,0.23900369539176636,0.17805992404214485,0.08453410331998044,0.08363972079318344,0.7450090834381258,0.9894198614325916,0.75,0.5833333333333334
dpf,mode=one_step|steps=50|after=10|before=20|alpha_q=0.01|alpha_p=0.01|trust=0.001,sinusoidal,1000,11,0.23900369539176636,0.1524730397217528,0.08453410331998044,0.04356262063342002,0.6379526453422589,0.5153259917896779,0.9166666666666666,0.9166666666666666
dpf,mode=robust_hamres|steps=50|after=10|before=20|alpha_q=0.01|alpha_p=0.01|trust=0.0|ham_sigma=1.0|ham_delta=2.0,sinusoidal,1000,11,0.23900369539176636,0.15815775239169821,0.08453410331998044,0.0767357057170406,0.6617376862414267,0.9077485027146834,0.9166666666666666,0.75
dpf,mode=robust_hamres|steps=50|after=10|before=20|alpha_q=0.005|alpha_p=0.005|trust=0.0|ham_sigma=0.5|ham_delta=2.0,sinusoidal,1000,11,0.23900369539176636,0.17623846143577493,0.08453410331998044,0.07242252271226354,0.7373880188207597,0.8567255092081374,0.75,0.5833333333333334
dpf,mode=robust_hamres|steps=30|after=15|before=20|alpha_q=0.005|alpha_p=0.005|trust=0.001|ham_sigma=0.5|ham_delta=2.0,sinusoidal,1000,11,0.23900369539176636,0.24874329198957493,0.08453410331998044,0.07760944255848587,1.0407508201153282,0.9180844122131019,0.6666666666666666,0.4166666666666667
dpf,mode=robust_hamres|steps=50|after=10|before=20|alpha_q=0.01|alpha_p=0.01|trust=0.001|ham_sigma=0.5|ham_delta=2.0,sinusoidal,1000,11,0.23900369539176636,0.14740808141236464,0.08453410331998044,0.04119558123314174,0.6167606788285785,0.4873249921065262,0.8333333333333334,0.75
dpf,mode=robust_hamres|steps=30|after=10|before=20|alpha_q=0.01|alpha_p=0.01|trust=0.0|ham_sigma=1.0|ham_delta=2.0,gp,100,10,0.3885172033431996,0.24817291020827226,0.05945876711367483,0.05002153761749804,0.6387694240376965,0.8412811103510699,0.9166666666666666,0.6666666666666666
dpf,mode=one_step|steps=30|after=15|before=20|alpha_q=0.01|alpha_p=0.01|trust=0.0,gp,100,10,0.3885172033431996,0.1625406134123098,0.05945876711367483,0.015814442222706764,0.4183614316525601,0.2659732616465508,0.8333333333333334,0.9166666666666666
dpf,mode=robust_hamres|steps=30|after=15|before=20|alpha_q=0.01|alpha_p=0.01|trust=0.0|ham_sigma=0.5|ham_delta=2.0,gp,100,10,0.3885172033431996,0.23152866582826775,0.05945876711367483,0.030510400076912747,0.5959289931976195,0.513135430786551,0.75,0.8333333333333334
dpf,mode=robust_hamres|steps=50|after=15|before=20|alpha_q=0.005|alpha_p=0.005|trust=0.0|ham_sigma=1.0|ham_delta=1.0,gp,100,10,0.3885172033431996,0.256188055876671,0.05945876711367483,0.04917607396665566,0.6593995160887774,0.8270617833807343,0.8333333333333334,0.75
dpf,mode=one_step|steps=30|after=15|before=20|alpha_q=0.01|alpha_p=0.01|trust=0.001,gp,100,10,0.3885172033431996,0.16256013156933763,0.05945876711367483,0.01582719379757593,0.41841166921439743,0.26618772244834954,0.8333333333333334,0.9166666666666666
dpf,mode=robust_hamres|steps=30|after=15|before=20|alpha_q=0.01|alpha_p=0.01|trust=0.001|ham_sigma=0.5|ham_delta=2.0,gp,100,10,0.3885172033431996,0.23153051139959213,0.05945876711367483,0.03051077165604832,0.595933743492609,0.5131416801447805,0.75,0.8333333333333334
dpf,mode=robust_hamres|steps=50|after=15|before=20|alpha_q=0.005|alpha_p=0.005|trust=0.001|ham_sigma=0.5|ham_delta=2.0,gp,100,10,0.3885172033431996,0.22214865405362905,0.05945876711367483,0.029992933712050654,0.5717858878372301,0.5044324860404418,0.9166666666666666,0.9166666666666666
dpf,mode=one_step|steps=50|after=10|before=20|alpha_q=0.01|alpha_p=0.01|trust=0.001,gp,100,10,0.3885172033431996,0.1401796101417424,0.05945876711367483,0.01693574998317271,0.3608067002837804,0.28483183902542913,0.8333333333333334,0.9166666666666666
dpf,mode=robust_hamres|steps=50|after=10|before=20|alpha_q=0.01|alpha_p=0.01|trust=0.0|ham_sigma=1.0|ham_delta=2.0,gp,100,10,0.3885172033431996,0.2511803036314374,0.05945876711367483,0.057524785666884834,0.6465101196807375,0.9674735696572289,0.8333333333333334,0.5
dpf,mode=robust_hamres|steps=50|after=10|before=20|alpha_q=0.005|alpha_p=0.005|trust=0.0|ham_sigma=0.5|ham_delta=2.0,gp,100,10,0.3885172033431996,0.22121604902223782,0.05945876711367483,0.029856570270733705,0.5693854663800433,0.5021390741865389,0.8333333333333334,0.9166666666666666
dpf,mode=robust_hamres|steps=30|after=15|before=20|alpha_q=0.005|alpha_p=0.005|trust=0.001|ham_sigma=0.5|ham_delta=2.0,gp,100,10,0.3885172033431996,0.24122852568411013,0.05945876711367483,0.032583918614284696,0.620895351887466,0.5480086486150967,0.8333333333333334,0.9166666666666666
dpf,mode=robust_hamres|steps=50|after=10|before=20|alpha_q=0.01|alpha_p=0.01|trust=0.001|ham_sigma=0.5|ham_delta=2.0,gp,100,10,0.3885172033431996,0.2022995356475124,0.05945876711367483,0.035671847706356716,0.5206964682817651,0.5999426062460788,0.75,0.6666666666666666
dpf,mode=robust_hamres|steps=30|after=10|before=20|alpha_q=0.01|alpha_p=0.01|trust=0.0|ham_sigma=1.0|ham_delta=2.0,gp,100,11,0.5963795764149276,0.4602112109527008,0.05530741879448231,0.03842858829343091,0.7716750022179022,0.6948179671198957,0.75,0.75
dpf,mode=one_step|steps=30|after=15|before=20|alpha_q=0.01|alpha_p=0.01|trust=0.0,gp,100,11,0.5963795764149276,0.3039002376830636,0.05530741879448231,0.01112849678203286,0.5095751928829079,0.20121164618774587,0.8333333333333334,1.0
dpf,mode=robust_hamres|steps=30|after=15|before=20|alpha_q=0.01|alpha_p=0.01|trust=0.0|ham_sigma=0.5|ham_delta=2.0,gp,100,11,0.5963795764149276,0.33054358139140927,0.05530741879448231,0.02212045129774772,0.5542503373077208,0.39995450483678235,0.8333333333333334,0.9166666666666666
dpf,mode=robust_hamres|steps=50|after=15|before=20|alpha_q=0.005|alpha_p=0.005|trust=0.0|ham_sigma=1.0|ham_delta=1.0,gp,100,11,0.5963795764149276,0.49612820690080417,0.05530741879448231,0.03927266505508073,0.83190006251258,0.7100795139439544,0.75,0.9166666666666666
dpf,mode=one_step|steps=30|after=15|before=20|alpha_q=0.01|alpha_p=0.01|trust=0.001,gp,100,11,0.5963795764149276,0.30416397596269196,0.05530741879448231,0.01114169211713556,0.5100174251290451,0.2014502278353858,0.8333333333333334,1.0
dpf,mode=robust_hamres|steps=30|after=15|before=20|alpha_q=0.01|alpha_p=0.01|trust=0.001|ham_sigma=0.5|ham_delta=2.0,gp,100,11,0.5963795764149276,0.33054562366102996,0.05530741879448231,0.02212118333118747,0.5542537617536634,0.39996774055552864,0.8333333333333334,0.9166666666666666
dpf,mode=robust_hamres|steps=50|after=15|before=20|alpha_q=0.005|alpha_p=0.005|trust=0.001|ham_sigma=0.5|ham_delta=2.0,gp,100,11,0.5963795764149276,0.29850764870243063,0.05530741879448231,0.021378353648389033,0.5005329835352137,0.3865368175620198,0.9166666666666666,0.9166666666666666
dpf,mode=one_step|steps=50|after=10|before=20|alpha_q=0.01|alpha_p=0.01|trust=0.001,gp,100,11,0.5963795764149276,0.2854242328893893,0.05530741879448231,0.012687621142355134,0.47859491534768295,0.22940179489303705,0.8333333333333334,1.0
dpf,mode=robust_hamres|steps=50|after=10|before=20|alpha_q=0.01|alpha_p=0.01|trust=0.0|ham_sigma=1.0|ham_delta=2.0,gp,100,11,0.5963795764149276,0.42816286911226087,0.05530741879448231,0.0544976204137428,0.7179368409731877,0.9853582322518313,0.6666666666666666,0.3333333333333333
dpf,mode=robust_hamres|steps=50|after=10|before=20|alpha_q=0.005|alpha_p=0.005|trust=0.0|ham_sigma=0.5|ham_delta=2.0,gp,100,11,0.5963795764149276,0.3054265524139915,0.05530741879448231,0.021046548967700904,0.5121344936894566,0.38053753775615706,0.9166666666666666,0.9166666666666666
dpf,mode=robust_hamres|steps=30|after=15|before=20|alpha_q=0.005|alpha_p=0.005|trust=0.001|ham_sigma=0.5|ham_delta=2.0,gp,100,11,0.5963795764149276,0.3758102559134046,0.05530741879448231,0.022739013125144786,0.6301527932471264,0.41113857093278994,0.75,1.0
dpf,mode=robust_hamres|steps=50|after=10|before=20|alpha_q=0.01|alpha_p=0.01|trust=0.001|ham_sigma=0.5|ham_delta=2.0,gp,100,11,0.5963795764149276,0.34602107914980135,0.05530741879448231,0.03067617263753058,0.5802027648731204,0.5546484234153223,0.8333333333333334,0.8333333333333334
dpf,mode=robust_hamres|steps=30|after=10|before=20|alpha_q=0.01|alpha_p=0.01|trust=0.0|ham_sigma=1.0|ham_delta=2.0,gp,300,10,0.2227382405449947,0.3769299857245838,0.03047384070903507,0.025558393236078697,1.692255379239387,0.8386994432408709,0.3333333333333333,0.75
dpf,mode=one_step|steps=30|after=15|before=20|alpha_q=0.01|alpha_p=0.01|trust=0.0,gp,300,10,0.2227382405449947,0.21139835052659267,0.03047384070903507,0.018681488577406723,0.9490887151184474,0.6130336099009641,0.4166666666666667,0.6666666666666666
dpf,mode=robust_hamres|steps=30|after=15|before=20|alpha_q=0.01|alpha_p=0.01|trust=0.0|ham_sigma=0.5|ham_delta=2.0,gp,300,10,0.2227382405449947,0.2733625705575123,0.03047384070903507,0.02096070625609106,1.2272817181668054,0.6878262066217503,0.5,0.5833333333333334
dpf,mode=robust_hamres|steps=50|after=15|before=20|alpha_q=0.005|alpha_p=0.005|trust=0.0|ham_sigma=1.0|ham_delta=1.0,gp,300,10,0.2227382405449947,0.3771977069644017,0.03047384070903507,0.022943693291502594,1.6934573337810177,0.7528979858682568,0.3333333333333333,0.75
dpf,mode=one_step|steps=30|after=15|before=20|alpha_q=0.01|alpha_p=0.01|trust=0.001,gp,300,10,0.2227382405449947,0.21145159876362873,0.03047384070903507,0.018668921088007762,0.9493277770635619,0.6126212073581092,0.4166666666666667,0.6666666666666666
dpf,mode=robust_hamres|steps=30|after=15|before=20|alpha_q=0.01|alpha_p=0.01|trust=0.001|ham_sigma=0.5|ham_delta=2.0,gp,300,10,0.2227382405449947,0.27336625936569825,0.03047384070903507,0.02096025397151967,1.2272982793472158,0.6878113648899282,0.5,0.5833333333333334
dpf,mode=robust_hamres|steps=50|after=15|before=20|alpha_q=0.005|alpha_p=0.005|trust=0.001|ham_sigma=0.5|ham_delta=2.0,gp,300,10,0.2227382405449947,0.2502186132905768,0.03047384070903507,0.018030375374213328,1.1233751899913698,0.5916673105424343,0.5,0.6666666666666666
dpf,mode=one_step|steps=50|after=10|before=20|alpha_q=0.01|alpha_p=0.01|trust=0.001,gp,300,10,0.2227382405449947,0.24052350313178233,0.03047384070903507,0.021126272272588877,1.0798482673800007,0.6932592604359591,0.5,0.5833333333333334
dpf,mode=robust_hamres|steps=50|after=10|before=20|alpha_q=0.01|alpha_p=0.01|trust=0.0|ham_sigma=1.0|ham_delta=2.0,gp,300,10,0.2227382405449947,0.3590777669654103,0.03047384070903507,0.031376242390199906,1.6121065071126577,1.0296123383258773,0.4166666666666667,0.6666666666666666
dpf,mode=robust_hamres|steps=50|after=10|before=20|alpha_q=0.005|alpha_p=0.005|trust=0.0|ham_sigma=0.5|ham_delta=2.0,gp,300,10,0.2227382405449947,0.25449513167748,0.03047384070903507,0.018297791740464475,1.1425749393313995,0.6004425866490611,0.5,0.6666666666666666
dpf,mode=robust_hamres|steps=30|after=15|before=20|alpha_q=0.005|alpha_p=0.005|trust=0.001|ham_sigma=0.5|ham_delta=2.0,gp,300,10,0.2227382405449947,0.32414440054365523,0.03047384070903507,0.023394038064782657,1.4552705442520355,0.7676760631569046,0.3333333333333333,0.75
dpf,mode=robust_hamres|steps=50|after=10|before=20|alpha_q=0.01|alpha_p=0.01|trust=0.001|ham_sigma=0.5|ham_delta=2.0,gp,300,10,0.2227382405449947,0.310094883054697,0.03047384070903507,0.024334589895667266,1.3921941840608896,0.7985402997939934,0.4166666666666667,0.5833333333333334
dpf,mode=robust_hamres|steps=30|after=10|before=20|alpha_q=0.01|alpha_p=0.01|trust=0.0|ham_sigma=1.0|ham_delta=2.0,gp,300,11,0.20372636787120935,0.19907516654758528,0.03440975627673486,0.030716667834311102,0.9771693700122095,0.8926732170747537,0.8333333333333334,0.8333333333333334
dpf,mode=one_step|steps=30|after=15|before=20|alpha_q=0.01|alpha_p=0.01|trust=0.0,gp,300,11,0.20372636787120935,0.1489241433262539,0.03440975627673486,0.018582767929828527,0.7310008266598066,0.5400435789309185,0.75,0.8333333333333334
dpf,mode=robust_hamres|steps=30|after=15|before=20|alpha_q=0.01|alpha_p=0.01|trust=0.0|ham_sigma=0.5|ham_delta=2.0,gp,300,11,0.20372636787120935,0.15783723857607246,0.03440975627673486,0.02070898009060662,0.7747511538410834,0.6018345472736867,0.8333333333333334,0.8333333333333334
dpf,mode=robust_hamres|steps=50|after=15|before=20|alpha_q=0.005|alpha_p=0.005|trust=0.0|ham_sigma=1.0|ham_delta=1.0,gp,300,11,0.20372636787120935,0.19108522267712114,0.03440975627673486,0.03064818513970021,0.9379503727171947,0.8906830055178879,0.8333333333333334,0.75
dpf,mode=one_step|steps=30|after=15|before=20|alpha_q=0.01|alpha_p=0.01|trust=0.001,gp,300,11,0.20372636787120935,0.14888670102463358,0.03440975627673486,0.01859940914909039,0.7308170394455566,0.540527198144261,0.75,0.8333333333333334
dpf,mode=robust_hamres|steps=30|after=15|before=20|alpha_q=0.01|alpha_p=0.01|trust=0.001|ham_sigma=0.5|ham_delta=2.0,gp,300,11,0.20372636787120935,0.157838806298765,0.03440975627673486,0.020709443200235166,0.7747588490781258,0.6018480059458383,0.8333333333333334,0.8333333333333334
dpf,mode=robust_hamres|steps=50|after=15|before=20|alpha_q=0.005|alpha_p=0.005|trust=0.001|ham_sigma=0.5|ham_delta=2.0,gp,300,11,0.20372636787120935,0.15802733887821985,0.03440975627673486,0.020662473176534715,0.7756842696872736,0.6004829854172794,0.8333333333333334,0.9166666666666666
dpf,mode=one_step|steps=50|after=10|before=20|alpha_q=0.01|alpha_p=0.01|trust=0.001,gp,300,11,0.20372636787120935,0.1479716715619126,0.03440975627673486,0.017361165236265363,0.7263255763508067,0.504541941437801,0.75,0.8333333333333334
dpf,mode=robust_hamres|steps=50|after=10|before=20|alpha_q=0.01|alpha_p=0.01|trust=0.0|ham_sigma=1.0|ham_delta=2.0,gp,300,11,0.20372636787120935,0.23770335518654678,0.03440975627673486,0.03336913566322594,1.1667775637997768,0.969757977791534,0.75,0.6666666666666666
dpf,mode=robust_hamres|steps=50|after=10|before=20|alpha_q=0.005|alpha_p=0.005|trust=0.0|ham_sigma=0.5|ham_delta=2.0,gp,300,11,0.20372636787120935,0.15918841010894152,0.03440975627673486,0.02107447927293789,0.7813834398185335,0.6124565109804855,0.8333333333333334,0.9166666666666666
dpf,mode=robust_hamres|steps=30|after=15|before=20|alpha_q=0.005|alpha_p=0.005|trust=0.001|ham_sigma=0.5|ham_delta=2.0,gp,300,11,0.20372636787120935,0.18783109234542528,0.03440975627673486,0.02631387017898764,0.9219773282571225,0.7647212019568702,0.8333333333333334,0.9166666666666666
dpf,mode=robust_hamres|steps=50|after=10|before=20|alpha_q=0.01|alpha_p=0.01|trust=0.001|ham_sigma=0.5|ham_delta=2.0,gp,300,11,0.20372636787120935,0.12970596716722343,0.03440975627673486,0.02095210994567491,0.6366675483520143,0.6089002716895459,0.8333333333333334,0.8333333333333334
dpf,mode=robust_hamres|steps=30|after=10|before=20|alpha_q=0.01|alpha_p=0.01|trust=0.0|ham_sigma=1.0|ham_delta=2.0,gp,700,10,0.2674504855634876,0.2956029073204679,0.0553547134511488,0.040092618935977736,1.1052621822602653,0.7242855474513468,0.4166666666666667,0.5833333333333334
dpf,mode=one_step|steps=30|after=15|before=20|alpha_q=0.01|alpha_p=0.01|trust=0.0,gp,700,10,0.2674504855634876,0.22307205415530149,0.0553547134511488,0.05302324797408135,0.83406860782217,0.9578813558645735,0.5,0.5833333333333334
dpf,mode=robust_hamres|steps=30|after=15|before=20|alpha_q=0.01|alpha_p=0.01|trust=0.0|ham_sigma=0.5|ham_delta=2.0,gp,700,10,0.2674504855634876,0.2123676967151787,0.0553547134511488,0.04917399660049182,0.7940449099119945,0.8883434405976731,0.5833333333333334,0.5833333333333334
dpf,mode=robust_hamres|steps=50|after=15|before=20|alpha_q=0.005|alpha_p=0.005|trust=0.0|ham_sigma=1.0|ham_delta=1.0,gp,700,10,0.2674504855634876,0.37655228357376797,0.0553547134511488,0.04285411028637302,1.407932697450204,0.7741727418423417,0.3333333333333333,0.5
dpf,mode=one_step|steps=30|after=15|before=20|alpha_q=0.01|alpha_p=0.01|trust=0.001,gp,700,10,0.2674504855634876,0.22307727616006445,0.0553547134511488,0.053018952690589705,0.8340881329494173,0.9578037602412949,0.5,0.5833333333333334
dpf,mode=robust_hamres|steps=30|after=15|before=20|alpha_q=0.01|alpha_p=0.01|trust=0.001|ham_sigma=0.5|ham_delta=2.0,gp,700,10,0.2674504855634876,0.21235514822772614,0.0553547134511488,0.049201635168101804,0.7939979909938025,0.8888427398603164,0.5833333333333334,0.5833333333333334
dpf,mode=robust_hamres|steps=50|after=15|before=20|alpha_q=0.005|alpha_p=0.005|trust=0.001|ham_sigma=0.5|ham_delta=2.0,gp,700,10,0.2674504855634876,0.24525284420777066,0.0553547134511488,0.0430872746575449,0.9170028003166678,0.7783849282422886,0.5,0.4166666666666667
dpf,mode=one_step|steps=50|after=10|before=20|alpha_q=0.01|alpha_p=0.01|trust=0.001,gp,700,10,0.2674504855634876,0.1277740049223145,0.0553547134511488,0.02507860243747594,0.4777482630218796,0.45305270091603145,0.75,0.6666666666666666
dpf,mode=robust_hamres|steps=50|after=10|before=20|alpha_q=0.01|alpha_p=0.01|trust=0.0|ham_sigma=1.0|ham_delta=2.0,gp,700,10,0.2674504855634876,0.21091136412993072,0.0553547134511488,0.03931083085649428,0.7885996680303817,0.7101623042667643,0.5,0.5833333333333334
dpf,mode=robust_hamres|steps=50|after=10|before=20|alpha_q=0.005|alpha_p=0.005|trust=0.0|ham_sigma=0.5|ham_delta=2.0,gp,700,10,0.2674504855634876,0.24693641414151515,0.0553547134511488,0.04315339481215352,0.923297684882674,0.7795794092627164,0.5,0.4166666666666667
dpf,mode=robust_hamres|steps=30|after=15|before=20|alpha_q=0.005|alpha_p=0.005|trust=0.001|ham_sigma=0.5|ham_delta=2.0,gp,700,10,0.2674504855634876,0.38528259101011236,0.0553547134511488,0.05132202925116368,1.4405754029511892,0.9271483140537976,0.5,0.5833333333333334
dpf,mode=robust_hamres|steps=50|after=10|before=20|alpha_q=0.01|alpha_p=0.01|trust=0.001|ham_sigma=0.5|ham_delta=2.0,gp,700,10,0.2674504855634876,0.15969395891478147,0.0553547134511488,0.02912593418953033,0.5970972854221018,0.5261689994156382,0.75,0.5833333333333334
dpf,mode=robust_hamres|steps=30|after=10|before=20|alpha_q=0.01|alpha_p=0.01|trust=0.0|ham_sigma=1.0|ham_delta=2.0,gp,700,11,0.2373925053528606,0.18305991932414706,0.05921341827844377,0.04199613175527657,0.771127627016053,0.70923336257662,0.6666666666666666,0.5
dpf,mode=one_step|steps=30|after=15|before=20|alpha_q=0.01|alpha_p=0.01|trust=0.0,gp,700,11,0.2373925053528606,0.19116786944769262,0.05921341827844377,0.041400804477874725,0.8052818228761703,0.6991794373902308,0.6666666666666666,0.5833333333333334
dpf,mode=robust_hamres|steps=30|after=15|before=20|alpha_q=0.01|alpha_p=0.01|trust=0.0|ham_sigma=0.5|ham_delta=2.0,gp,700,11,0.2373925053528606,0.19141501046592083,0.05921341827844377,0.034865908163287565,0.8063228878325424,0.5888176899251948,0.5,0.5833333333333334
dpf,mode=robust_hamres|steps=50|after=15|before=20|alpha_q=0.005|alpha_p=0.005|trust=0.0|ham_sigma=1.0|ham_delta=1.0,gp,700,11,0.2373925053528606,0.1950622593753426,0.05921341827844377,0.047971900663442466,0.8216866791367392,0.8101525305946794,0.5833333333333334,0.4166666666666667
dpf,mode=one_step|steps=30|after=15|before=20|alpha_q=0.01|alpha_p=0.01|trust=0.001,gp,700,11,0.2373925053528606,0.19114027597810865,0.05921341827844377,0.04139957938344817,0.805165587237042,0.6991587479170983,0.6666666666666666,0.5833333333333334
dpf,mode=robust_hamres|steps=30|after=15|before=20|alpha_q=0.01|alpha_p=0.01|trust=0.001|ham_sigma=0.5|ham_delta=2.0,gp,700,11,0.2373925053528606,0.19138515874203033,0.05921341827844377,0.03485803746516125,0.8061971394486743,0.5886847690711866,0.5,0.5833333333333334
dpf,mode=robust_hamres|steps=50|after=15|before=20|alpha_q=0.005|alpha_p=0.005|trust=0.001|ham_sigma=0.5|ham_delta=2.0,gp,700,11,0.2373925053528606,0.18926704860740767,0.05921341827844377,0.03887989034959123,0.7972747426296413,0.6566060781487628,0.4166666666666667,0.5833333333333334
dpf,mode=one_step|steps=50|after=10|before=20|alpha_q=0.01|alpha_p=0.01|trust=0.001,gp,700,11,0.2373925053528606,0.1820665330369926,0.05921341827844377,0.03168958809922265,0.7669430539366381,0.5351757932670984,0.6666666666666666,0.5
dpf,mode=robust_hamres|steps=50|after=10|before=20|alpha_q=0.01|alpha_p=0.01|trust=0.0|ham_sigma=1.0|ham_delta=2.0,gp,700,11,0.2373925053528606,0.17791857951527174,0.05921341827844377,0.03369294732112321,0.7494700780499084,0.5690086521046006,0.6666666666666666,0.5
dpf,mode=robust_hamres|steps=50|after=10|before=20|alpha_q=0.005|alpha_p=0.005|trust=0.0|ham_sigma=0.5|ham_delta=2.0,gp,700,11,0.2373925053528606,0.19067952171142344,0.05921341827844377,0.038298511851835686,0.8032246908047795,0.6467877208463405,0.4166666666666667,0.5833333333333334
dpf,mode=robust_hamres|steps=30|after=15|before=20|alpha_q=0.005|alpha_p=0.005|trust=0.001|ham_sigma=0.5|ham_delta=2.0,gp,700,11,0.2373925053528606,0.21448417643033119,0.05921341827844377,0.05132170293655884,0.9035002015397309,0.8667242059092904,0.5,0.5
dpf,mode=robust_hamres|steps=50|after=10|before=20|alpha_q=0.01|alpha_p=0.01|trust=0.001|ham_sigma=0.5|ham_delta=2.0,gp,700,11,0.2373925053528606,0.18889078756438638,0.05921341827844377,0.028064975789783682,0.7956897682326525,0.473963108459836,0.75,0.6666666666666666
dpf,mode=robust_hamres|steps=30|after=10|before=20|alpha_q=0.01|alpha_p=0.01|trust=0.0|ham_sigma=1.0|ham_delta=2.0,gp,1000,10,0.3325899139364255,0.2382510614692748,0.0732264351265831,0.04922933362250255,0.7163508317176943,0.6722890925579282,0.4166666666666667,0.5833333333333334
dpf,mode=one_step|steps=30|after=15|before=20|alpha_q=0.01|alpha_p=0.01|trust=0.0,gp,1000,10,0.3325899139364255,0.180515912725436,0.0732264351265831,0.051506350920959815,0.5427582291624802,0.7033846565372629,0.6666666666666666,0.75
dpf,mode=robust_hamres|steps=30|after=15|before=20|alpha_q=0.01|alpha_p=0.01|trust=0.0|ham_sigma=0.5|ham_delta=2.0,gp,1000,10,0.3325899139364255,0.20401004590255112,0.0732264351265831,0.047183247473173026,0.6133981740094127,0.6443471867995426,0.5833333333333334,0.75
dpf,mode=robust_hamres|steps=50|after=15|before=20|alpha_q=0.005|alpha_p=0.005|trust=0.0|ham_sigma=1.0|ham_delta=1.0,gp,1000,10,0.3325899139364255,0.2716821667698755,0.0732264351265831,0.051704079279459164,0.8168683275879721,0.7060848884706835,0.5833333333333334,0.5
dpf,mode=one_step|steps=30|after=15|before=20|alpha_q=0.01|alpha_p=0.01|trust=0.001,gp,1000,10,0.3325899139364255,0.1805200258744719,0.0732264351265831,0.05150691221528077,0.5427705961912551,0.7033923217242952,0.6666666666666666,0.75
dpf,mode=robust_hamres|steps=30|after=15|before=20|alpha_q=0.01|alpha_p=0.01|trust=0.001|ham_sigma=0.5|ham_delta=2.0,gp,1000,10,0.3325899139364255,0.20405358674306864,0.0732264351265831,0.04718193096717545,0.6135290885040893,0.6443292082376297,0.5833333333333334,0.75
dpf,mode=robust_hamres|steps=50|after=15|before=20|alpha_q=0.005|alpha_p=0.005|trust=0.001|ham_sigma=0.5|ham_delta=2.0,gp,1000,10,0.3325899139364255,0.2505495708526314,0.0732264351265831,0.053654921891043775,0.7533288303520951,0.7327261227218427,0.5,0.6666666666666666
dpf,mode=one_step|steps=50|after=10|before=20|alpha_q=0.01|alpha_p=0.01|trust=0.001,gp,1000,10,0.3325899139364255,0.18807583900968167,0.0732264351265831,0.053997080843199805,0.5654887028403162,0.7373987378991971,0.6666666666666666,0.5833333333333334
dpf,mode=robust_hamres|steps=50|after=10|before=20|alpha_q=0.01|alpha_p=0.01|trust=0.0|ham_sigma=1.0|ham_delta=2.0,gp,1000,10,0.3325899139364255,0.15705124728219358,0.0732264351265831,0.03918191705484062,0.4722068851198353,0.53507885488497,0.6666666666666666,0.75
dpf,mode=robust_hamres|steps=50|after=10|before=20|alpha_q=0.005|alpha_p=0.005|trust=0.0|ham_sigma=0.5|ham_delta=2.0,gp,1000,10,0.3325899139364255,0.24916124824426966,0.0732264351265831,0.05330612619452961,0.749154552810332,0.7279628743688235,0.5,0.5833333333333334
dpf,mode=robust_hamres|steps=30|after=15|before=20|alpha_q=0.005|alpha_p=0.005|trust=0.001|ham_sigma=0.5|ham_delta=2.0,gp,1000,10,0.3325899139364255,0.2912082534227316,0.0732264351265831,0.0649804055331331,0.8755775242131847,0.8873899899784077,0.5833333333333334,0.5833333333333334
dpf,mode=robust_hamres|steps=50|after=10|before=20|alpha_q=0.01|alpha_p=0.01|trust=0.001|ham_sigma=0.5|ham_delta=2.0,gp,1000,10,0.3325899139364255,0.1726423521635491,0.0732264351265831,0.044107728337961116,0.5190847495049102,0.6023470658064148,0.6666666666666666,0.6666666666666666
dpf,mode=robust_hamres|steps=30|after=10|before=20|alpha_q=0.01|alpha_p=0.01|trust=0.0|ham_sigma=1.0|ham_delta=2.0,gp,1000,11,0.3442203826392479,0.28431162244560737,0.1238913396721779,0.099654160774522,0.8259581267840652,0.804367448428691,0.5833333333333334,0.75
dpf,mode=one_step|steps=30|after=15|before=20|alpha_q=0.01|alpha_p=0.01|trust=0.0,gp,1000,11,0.3442203826392479,0.2680405422071547,0.1238913396721779,0.09875404912390422,0.7786887579172447,0.7971021169454774,0.5833333333333334,0.6666666666666666
dpf,mode=robust_hamres|steps=30|after=15|before=20|alpha_q=0.01|alpha_p=0.01|trust=0.0|ham_sigma=0.5|ham_delta=2.0,gp,1000,11,0.3442203826392479,0.2898224194767892,0.1238913396721779,0.09653864684566313,0.8419676291526605,0.7792202998297441,0.6666666666666666,0.5833333333333334
dpf,mode=robust_hamres|steps=50|after=15|before=20|alpha_q=0.005|alpha_p=0.005|trust=0.0|ham_sigma=1.0|ham_delta=1.0,gp,1000,11,0.3442203826392479,0.3160363292618754,0.1238913396721779,0.09718694805670158,0.9181220671440885,0.7844531208869212,0.5833333333333334,0.75
dpf,mode=one_step|steps=30|after=15|before=20|alpha_q=0.01|alpha_p=0.01|trust=0.001,gp,1000,11,0.3442203826392479,0.26805447721298886,0.1238913396721779,0.09875115595854767,0.7787292407199403,0.7970787645032147,0.5833333333333334,0.6666666666666666
dpf,mode=robust_hamres|steps=30|after=15|before=20|alpha_q=0.01|alpha_p=0.01|trust=0.001|ham_sigma=0.5|ham_delta=2.0,gp,1000,11,0.3442203826392479,0.2898196511842351,0.1238913396721779,0.09653288318545378,0.8419595869428039,0.7791737779322119,0.6666666666666666,0.5833333333333334
dpf,mode=robust_hamres|steps=50|after=15|before=20|alpha_q=0.005|alpha_p=0.005|trust=0.001|ham_sigma=0.5|ham_delta=2.0,gp,1000,11,0.3442203826392479,0.31155694974357406,0.1238913396721779,0.101677365169419,0.9051089518719582,0.8206979231838312,0.5,0.5833333333333334
dpf,mode=one_step|steps=50|after=10|before=20|alpha_q=0.01|alpha_p=0.01|trust=0.001,gp,1000,11,0.3442203826392479,0.14470666598879942,0.1238913396721779,0.08123341649148288,0.4203895913405449,0.6556827677094313,0.6666666666666666,0.6666666666666666
dpf,mode=robust_hamres|steps=50|after=10|before=20|alpha_q=0.01|alpha_p=0.01|trust=0.0|ham_sigma=1.0|ham_delta=2.0,gp,1000,11,0.3442203826392479,0.2490274801816057,0.1238913396721779,0.10435103983762123,0.7234536150132431,0.8422787267757279,0.75,0.6666666666666666
dpf,mode=robust_hamres|steps=50|after=10|before=20|alpha_q=0.005|alpha_p=0.005|trust=0.0|ham_sigma=0.5|ham_delta=2.0,gp,1000,11,0.3442203826392479,0.31074203167979764,0.1238913396721779,0.10124864298056785,0.9027415207003111,0.8172374537919789,0.5,0.5833333333333334
dpf,mode=robust_hamres|steps=30|after=15|before=20|alpha_q=0.005|alpha_p=0.005|trust=0.001|ham_sigma=0.5|ham_delta=2.0,gp,1000,11,0.3442203826392479,0.3531086246967473,0.1238913396721779,0.10872709729111887,1.025821370568908,0.8776004648816915,0.4166666666666667,0.5833333333333334
dpf,mode=robust_hamres|steps=50|after=10|before=20|alpha_q=0.01|alpha_p=0.01|trust=0.001|ham_sigma=0.5|ham_delta=2.0,gp,1000,11,0.3442203826392479,0.19463868365306178,0.1238913396721779,0.10070908906058978,0.5654478742969973,0.8128823961954935,0.75,0.6666666666666666
dpf,mode=robust_hamres|steps=30|after=10|before=20|alpha_q=0.01|alpha_p=0.01|trust=0.0|ham_sigma=1.0|ham_delta=2.0,zero,100,10,0.422988088527784,0.33986253706788006,0.06314271213543843,0.04932236948925321,0.803480160046058,0.7811252925509254,0.6666666666666666,0.5833333333333334
dpf,mode=one_step|steps=30|after=15|before=20|alpha_q=0.01|alpha_p=0.01|trust=0.0,zero,100,10,0.422988088527784,0.2738092807635839,0.06314271213543843,0.025135224505190137,0.6473214924717643,0.3980700805387667,0.75,1.0
dpf,mode=robust_hamres|steps=30|after=15|before=20|alpha_q=0.01|alpha_p=0.01|trust=0.0|ham_sigma=0.5|ham_delta=2.0,zero,100,10,0.422988088527784,0.2724572130853903,0.06314271213543843,0.02957638635916566,0.6441250249709901,0.4684053845473975,0.6666666666666666,0.8333333333333334
dpf,mode=robust_hamres|steps=50|after=15|before=20|alpha_q=0.005|alpha_p=0.005|trust=0.0|ham_sigma=1.0|ham_delta=1.0,zero,100,10,0.422988088527784,0.28564626712175745,0.06314271213543843,0.04690183592082516,0.6753056997797581,0.7427909624823008,0.75,0.5833333333333334
dpf,mode=one_step|steps=30|after=15|before=20|alpha_q=0.01|alpha_p=0.01|trust=0.001,zero,100,10,0.422988088527784,0.27383568584334206,0.06314271213543843,0.025143102932928367,0.6473839175860271,0.398194852305322,0.75,1.0
dpf,mode=robust_hamres|steps=30|after=15|before=20|alpha_q=0.01|alpha_p=0.01|trust=0.001|ham_sigma=0.5|ham_delta=2.0,zero,100,10,0.422988088527784,0.27246206414401225,0.06314271213543843,0.029577137552641748,0.6441364935176314,0.4684172813039777,0.6666666666666666,0.8333333333333334
dpf,mode=robust_hamres|steps=50|after=15|before=20|alpha_q=0.005|alpha_p=0.005|trust=0.001|ham_sigma=0.5|ham_delta=2.0,zero,100,10,0.422988088527784,0.25782686996963156,0.06314271213543843,0.029051449391669135,0.6095369514233878,0.4600918840697722,0.6666666666666666,0.8333333333333334
dpf,mode=one_step|steps=50|after=10|before=20|alpha_q=0.01|alpha_p=0.01|trust=0.001,zero,100,10,0.422988088527784,0.2640333776875362,0.06314271213543843,0.022954122002446696,0.6242099596858817,0.3635276538836514,0.75,0.9166666666666666
dpf,mode=robust_hamres|steps=50|after=10|before=20|alpha_q=0.01|alpha_p=0.01|trust=0.0|ham_sigma=1.0|ham_delta=2.0,zero,100,10,0.422988088527784,0.3634390761759414,0.06314271213543843,0.0639678662142211,0.8592182286761223,1.0130680810322614,0.6666666666666666,0.5
dpf,mode=robust_hamres|steps=50|after=10|before=20|alpha_q=0.005|alpha_p=0.005|trust=0.0|ham_sigma=0.5|ham_delta=2.0,zero,100,10,0.422988088527784,0.2584057834695952,0.06314271213543843,0.029749057145857787,0.61090557979772,0.4711399960465323,0.6666666666666666,0.8333333333333334
dpf,mode=robust_hamres|steps=30|after=15|before=20|alpha_q=0.005|alpha_p=0.005|trust=0.001|ham_sigma=0.5|ham_delta=2.0,zero,100,10,0.422988088527784,0.262647083609912,0.06314271213543843,0.03815713076812295,0.6209325764327286,0.6042998388519887,0.75,0.9166666666666666
dpf,mode=robust_hamres|steps=50|after=10|before=20|alpha_q=0.01|alpha_p=0.01|trust=0.001|ham_sigma=0.5|ham_delta=2.0,zero,100,10,0.422988088527784,0.2614742622262955,0.06314271213543843,0.03530463120988432,0.6181598709702686,0.5591244027364138,0.5833333333333334,0.75
dpf,mode=robust_hamres|steps=30|after=10|before=20|alpha_q=0.01|alpha_p=0.01|trust=0.0|ham_sigma=1.0|ham_delta=2.0,zero,100,11,0.5841836410899408,0.5312629267180219,0.0667708903389915,0.0395545164863985,0.9094108245256884,0.592391628830809,0.5833333333333334,0.8333333333333334
dpf,mode=one_step|steps=30|after=15|before=20|alpha_q=0.01|alpha_p=0.01|trust=0.0,zero,100,11,0.5841836410899408,0.271209580559023,0.0667708903389915,0.013943999223723854,0.4642539802261728,0.20883350743012516,0.6666666666666666,1.0
dpf,mode=robust_hamres|steps=30|after=15|before=20|alpha_q=0.01|alpha_p=0.01|trust=0.0|ham_sigma=0.5|ham_delta=2.0,zero,100,11,0.5841836410899408,0.22094428180089642,0.0667708903389915,0.024029895740606592,0.3782103199409514,0.35988580680305987,0.5833333333333334,0.9166666666666666
dpf,mode=robust_hamres|steps=50|after=15|before=20|alpha_q=0.005|alpha_p=0.005|trust=0.0|ham_sigma=1.0|ham_delta=1.0,zero,100,11,0.5841836410899408,0.49135891336716814,0.0667708903389915,0.03840967991864992,0.841103514042973,0.5752458852000694,0.6666666666666666,0.8333333333333334
dpf,mode=one_step|steps=30|after=15|before=20|alpha_q=0.01|alpha_p=0.01|trust=0.001,zero,100,11,0.5841836410899408,0.2713682208982773,0.0667708903389915,0.013946915513419363,0.46452553924990425,0.20887718349436069,0.6666666666666666,1.0
dpf,mode=robust_hamres|steps=30|after=15|before=20|alpha_q=0.01|alpha_p=0.01|trust=0.001|ham_sigma=0.5|ham_delta=2.0,zero,100,11,0.5841836410899408,0.22096014013815496,0.0667708903389915,0.024029190071011626,0.37823746609182435,0.3598752382814873,0.5833333333333334,0.9166666666666666
dpf,mode=robust_hamres|steps=50|after=15|before=20|alpha_q=0.005|alpha_p=0.005|trust=0.001|ham_sigma=0.5|ham_delta=2.0,zero,100,11,0.5841836410899408,0.27811560758429804,0.0667708903389915,0.023829543629623237,0.47607565159716514,0.3568852161270006,0.5833333333333334,0.9166666666666666
dpf,mode=one_step|steps=50|after=10|before=20|alpha_q=0.01|alpha_p=0.01|trust=0.001,zero,100,11,0.5841836410899408,0.2327353453082035,0.0667708903389915,0.014514893380265688,0.39839415029489267,0.2173835530210023,0.8333333333333334,1.0
dpf,mode=robust_hamres|steps=50|after=10|before=20|alpha_q=0.01|alpha_p=0.01|trust=0.0|ham_sigma=1.0|ham_delta=2.0,zero,100,11,0.5841836410899408,0.5907050959626594,0.0667708903389915,0.05446270803086578,1.011163364418338,0.815665445740833,0.5833333333333334,0.5833333333333334
dpf,mode=robust_hamres|steps=50|after=10|before=20|alpha_q=0.005|alpha_p=0.005|trust=0.0|ham_sigma=0.5|ham_delta=2.0,zero,100,11,0.5841836410899408,0.3306295075362753,0.0667708903389915,0.023665865743079315,0.5659684460170832,0.35443388013742577,0.5833333333333334,0.9166666666666666
dpf,mode=robust_hamres|steps=30|after=15|before=20|alpha_q=0.005|alpha_p=0.005|trust=0.001|ham_sigma=0.5|ham_delta=2.0,zero,100,11,0.5841836410899408,0.405147402545208,0.0667708903389915,0.03677334717268518,0.6935274698711249,0.550739206651121,0.75,1.0
dpf,mode=robust_hamres|steps=50|after=10|before=20|alpha_q=0.01|alpha_p=0.01|trust=0.001|ham_sigma=0.5|ham_delta=2.0,zero,100,11,0.5841836410899408,0.19934278661742408,0.0667708903389915,0.03016023692761892,0.34123308596163393,0.4516973905020188,0.75,0.8333333333333334
dpf,mode=robust_hamres|steps=30|after=10|before=20|alpha_q=0.01|alpha_p=0.01|trust=0.0|ham_sigma=1.0|ham_delta=2.0,zero,300,10,0.41576835111622235,0.25307068438560254,0.02758902512327535,0.02475970112344169,0.6086819347989768,0.8974474818449922,0.5833333333333334,0.75
dpf,mode=one_step|steps=30|after=15|before=20|alpha_q=0.01|alpha_p=0.01|trust=0.0,zero,300,10,0.41576835111622235,0.23312480607725491,0.02758902512327535,0.012441174906756667,0.5607083979609792,0.4509465213491987,0.75,0.8333333333333334
dpf,mode=robust_hamres|steps=30|after=15|before=20|alpha_q=0.01|alpha_p=0.01|trust=0.0|ham_sigma=0.5|ham_delta=2.0,zero,300,10,0.41576835111622235,0.23415299764885575,0.02758902512327535,0.01636318655542481,0.5631813893968122,0.5931049206091767,0.8333333333333334,0.75
dpf,mode=robust_hamres|steps=50|after=15|before=20|alpha_q=0.005|alpha_p=0.005|trust=0.0|ham_sigma=1.0|ham_delta=1.0,zero,300,10,0.41576835111622235,0.26404335108317034,0.02758902512327535,0.02436848153423938,0.6350732333865419,0.8832672204021093,0.6666666666666666,0.75
dpf,mode=one_step|steps=30|after=15|before=20|alpha_q=0.01|alpha_p=0.01|trust=0.001,zero,300,10,0.41576835111622235,0.23313604414480354,0.02758902512327535,0.012424891743109567,0.5607354275978393,0.4503563169626956,0.75,0.8333333333333334
dpf,mode=robust_hamres|steps=30|after=15|before=20|alpha_q=0.01|alpha_p=0.01|trust=0.001|ham_sigma=0.5|ham_delta=2.0,zero,300,10,0.41576835111622235,0.23415411109388717,0.02758902512327535,0.0163657038727609,0.5631840674386315,0.5931961640411154,0.8333333333333334,0.75
dpf,mode=robust_hamres|steps=50|after=15|before=20|alpha_q=0.005|alpha_p=0.005|trust=0.001|ham_sigma=0.5|ham_delta=2.0,zero,300,10,0.41576835111622235,0.23113430350427927,0.02758902512327535,0.019462792151941057,0.555920870080053,0.7054541458052958,0.8333333333333334,0.75
dpf,mode=one_step|steps=50|after=10|before=20|alpha_q=0.01|alpha_p=0.01|trust=0.001,zero,300,10,0.41576835111622235,0.22691668590909314,0.02758902512327535,0.01701393646870693,0.5457767174915671,0.6166921952727211,0.75,0.8333333333333334
dpf,mode=robust_hamres|steps=50|after=10|before=20|alpha_q=0.01|alpha_p=0.01|trust=0.0|ham_sigma=1.0|ham_delta=2.0,zero,300,10,0.41576835111622235,0.23860910265720298,0.02758902512327535,0.02971736387225868,0.5738991484479372,1.0771443985234463,0.6666666666666666,0.6666666666666666
dpf,mode=robust_hamres|steps=50|after=10|before=20|alpha_q=0.005|alpha_p=0.005|trust=0.0|ham_sigma=0.5|ham_delta=2.0,zero,300,10,0.41576835111622235,0.23014728111719107,0.02758902512327535,0.01932178983240163,0.5535468981689194,0.7003433338462145,0.8333333333333334,0.75
dpf,mode=robust_hamres|steps=30|after=15|before=20|alpha_q=0.005|alpha_p=0.005|trust=0.001|ham_sigma=0.5|ham_delta=2.0,zero,300,10,0.41576835111622235,0.2393593449475977,0.02758902512327535,0.023000748211579172,0.5757036203092045,0.8336919521007178,0.6666666666666666,0.9166666666666666
dpf,mode=robust_hamres|steps=50|after=10|before=20|alpha_q=0.01|alpha_p=0.01|trust=0.001|ham_sigma=0.5|ham_delta=2.0,zero,300,10,0.41576835111622235,0.18774138416713382,0.02758902512327535,0.019145327191770943,0.45155285067538314,0.6939472165552917,0.8333333333333334,0.75
dpf,mode=robust_hamres|steps=30|after=10|before=20|alpha_q=0.01|alpha_p=0.01|trust=0.0|ham_sigma=1.0|ham_delta=2.0,zero,300,11,0.37217855299421965,0.26190519116645267,0.046586580038510045,0.030397805465158093,0.7037084460117194,0.6525013306413615,0.75,0.75
dpf,mode=one_step|steps=30|after=15|before=20|alpha_q=0.01|alpha_p=0.01|trust=0.0,zero,300,11,0.37217855299421965,0.1765185212973129,0.046586580038510045,0.016670704997293825,0.47428450639404374,0.35784350307563373,0.6666666666666666,0.9166666666666666
dpf,mode=robust_hamres|steps=30|after=15|before=20|alpha_q=0.01|alpha_p=0.01|trust=0.0|ham_sigma=0.5|ham_delta=2.0,zero,300,11,0.37217855299421965,0.19389112072295636,0.046586580038510045,0.023532235664130572,0.5209626378604565,0.505129066024551,0.6666666666666666,0.8333333333333334
dpf,mode=robust_hamres|steps=50|after=15|before=20|alpha_q=0.005|alpha_p=0.005|trust=0.0|ham_sigma=1.0|ham_delta=1.0,zero,300,11,0.37217855299421965,0.2797621760852201,0.046586580038510045,0.029975447509738927,0.7516880643296099,0.6434352443334584,0.75,0.75
dpf,mode=one_step|steps=30|after=15|before=20|alpha_q=0.01|alpha_p=0.01|trust=0.001,zero,300,11,0.37217855299421965,0.17654773666569706,0.046586580038510045,0.016655320314812,0.47436300465287434,0.3575132645719894,0.6666666666666666,0.9166666666666666
dpf,mode=robust_hamres|steps=30|after=15|before=20|alpha_q=0.01|alpha_p=0.01|trust=0.001|ham_sigma=0.5|ham_delta=2.0,zero,300,11,0.37217855299421965,0.19388928404333244,0.046586580038510045,0.023531617060061117,0.5209577029183188,0.5051157874351173,0.6666666666666666,0.8333333333333334
dpf,mode=robust_hamres|steps=50|after=15|before=20|alpha_q=0.005|alpha_p=0.005|trust=0.001|ham_sigma=0.5|ham_delta=2.0,zero,300,11,0.37217855299421965,0.18414399880818633,0.046586580038510045,0.023082221253742388,0.4947732676338453,0.49546932259594595,0.75,0.8333333333333334
dpf,mode=one_step|steps=50|after=10|before=20|alpha_q=0.01|alpha_p=0.01|trust=0.001,zero,300,11,0.37217855299421965,0.1551249250918156,0.046586580038510045,0.01838604518179498,0.41680242948933405,0.39466398191488733,0.6666666666666666,0.9166666666666666
dpf,mode=robust_hamres|steps=50|after=10|before=20|alpha_q=0.01|alpha_p=0.01|trust=0.0|ham_sigma=1.0|ham_delta=2.0,zero,300,11,0.37217855299421965,0.23273825825773592,0.046586580038510045,0.031824699139677746,0.6253403276070844,0.6831301871348009,0.75,0.75
dpf,mode=robust_hamres|steps=50|after=10|before=20|alpha_q=0.005|alpha_p=0.005|trust=0.0|ham_sigma=0.5|ham_delta=2.0,zero,300,11,0.37217855299421965,0.1765621440610435,0.046586580038510045,0.023026440911306456,0.47440171562971745,0.49427197472473877,0.6666666666666666,0.8333333333333334
dpf,mode=robust_hamres|steps=30|after=15|before=20|alpha_q=0.005|alpha_p=0.005|trust=0.001|ham_sigma=0.5|ham_delta=2.0,zero,300,11,0.37217855299421965,0.2505936163542843,0.046586580038510045,0.023844591530751316,0.6733155748450027,0.5118339124924081,0.5833333333333334,0.8333333333333334
dpf,mode=robust_hamres|steps=50|after=10|before=20|alpha_q=0.01|alpha_p=0.01|trust=0.001|ham_sigma=0.5|ham_delta=2.0,zero,300,11,0.37217855299421965,0.16953324433474326,0.046586580038510045,0.024355066342993958,0.4555158887335894,0.5227914631823422,0.6666666666666666,0.9166666666666666
dpf,mode=robust_hamres|steps=30|after=10|before=20|alpha_q=0.01|alpha_p=0.01|trust=0.0|ham_sigma=1.0|ham_delta=2.0,zero,700,10,0.254164223407567,0.17103503664582648,0.1379032465671215,0.09596318905931495,0.6729312031125715,0.6958733129796686,0.5,0.5
dpf,mode=one_step|steps=30|after=15|before=20|alpha_q=0.01|alpha_p=0.01|trust=0.0,zero,700,10,0.254164223407567,0.18121388199417368,0.1379032465671215,0.04364133463499362,0.7129795042144337,0.3164634315824618,0.5833333333333334,0.6666666666666666
dpf,mode=robust_hamres|steps=30|after=15|before=20|alpha_q=0.01|alpha_p=0.01|trust=0.0|ham_sigma=0.5|ham_delta=2.0,zero,700,10,0.254164223407567,0.1540168022729063,0.1379032465671215,0.03267577058088873,0.6059735717639987,0.23694707263461337,0.6666666666666666,0.5833333333333334
dpf,mode=robust_hamres|steps=50|after=15|before=20|alpha_q=0.005|alpha_p=0.005|trust=0.0|ham_sigma=1.0|ham_delta=1.0,zero,700,10,0.254164223407567,0.1862584420788072,0.1379032465671215,0.10521563858290545,0.732827144519593,0.762967088898041,0.5,0.5833333333333334
dpf,mode=one_step|steps=30|after=15|before=20|alpha_q=0.01|alpha_p=0.01|trust=0.001,zero,700,10,0.254164223407567,0.1812046215762133,0.1379032465671215,0.043634985532278805,0.7129430694328731,0.31641739131239666,0.5833333333333334,0.6666666666666666
dpf,mode=robust_hamres|steps=30|after=15|before=20|alpha_q=0.01|alpha_p=0.01|trust=0.001|ham_sigma=0.5|ham_delta=2.0,zero,700,10,0.254164223407567,0.1539889063699738,0.1379032465671215,0.03267215609131893,0.6058638163367458,0.23692086230483667,0.6666666666666666,0.5833333333333334
dpf,mode=robust_hamres|steps=50|after=15|before=20|alpha_q=0.005|alpha_p=0.005|trust=0.001|ham_sigma=0.5|ham_delta=2.0,zero,700,10,0.254164223407567,0.1561245029722459,0.1379032465671215,0.03196781732975659,0.6142662443954248,0.23181337731738558,0.5833333333333334,0.5
dpf,mode=one_step|steps=50|after=10|before=20|alpha_q=0.01|alpha_p=0.01|trust=0.001,zero,700,10,0.254164223407567,0.17027395886496743,0.1379032465671215,0.03291052563874077,0.6699367699439087,0.23864938975691385,0.6666666666666666,0.75
dpf,mode=robust_hamres|steps=50|after=10|before=20|alpha_q=0.01|alpha_p=0.01|trust=0.0|ham_sigma=1.0|ham_delta=2.0,zero,700,10,0.254164223407567,0.1758505616722561,0.1379032465671215,0.08135969598631089,0.6918777132148516,0.5899766540065522,0.5833333333333334,0.3333333333333333
dpf,mode=robust_hamres|steps=50|after=10|before=20|alpha_q=0.005|alpha_p=0.005|trust=0.0|ham_sigma=0.5|ham_delta=2.0,zero,700,10,0.254164223407567,0.15673136319436592,0.1379032465671215,0.03223083734843356,0.6166539141232247,0.23372065669785286,0.5833333333333334,0.5
dpf,mode=robust_hamres|steps=30|after=15|before=20|alpha_q=0.005|alpha_p=0.005|trust=0.001|ham_sigma=0.5|ham_delta=2.0,zero,700,10,0.254164223407567,0.16923705597526678,0.1379032465671215,0.11122237591926767,0.6658571128001969,0.8065247098090075,0.5,0.5
dpf,mode=robust_hamres|steps=50|after=10|before=20|alpha_q=0.01|alpha_p=0.01|trust=0.001|ham_sigma=0.5|ham_delta=2.0,zero,700,10,0.254164223407567,0.16198039367813394,0.1379032465671215,0.04541006809234809,0.6373060358632341,0.32928933308503144,0.6666666666666666,0.5833333333333334
dpf,mode=robust_hamres|steps=30|after=10|before=20|alpha_q=0.01|alpha_p=0.01|trust=0.0|ham_sigma=1.0|ham_delta=2.0,zero,700,11,0.15208870335084024,0.14003070435907838,0.09200054457552484,0.07438384475542309,0.9207173266251978,0.8085152658456288,0.75,0.5833333333333334
dpf,mode=one_step|steps=30|after=15|before=20|alpha_q=0.01|alpha_p=0.01|trust=0.0,zero,700,11,0.15208870335084024,0.08843983972274952,0.09200054457552484,0.05053371311467762,0.5815017011403886,0.5492762390465377,0.75,0.75
dpf,mode=robust_hamres|steps=30|after=15|before=20|alpha_q=0.01|alpha_p=0.01|trust=0.0|ham_sigma=0.5|ham_delta=2.0,zero,700,11,0.15208870335084024,0.10839554604145442,0.09200054457552484,0.05122772353296409,0.7127126713113342,0.5568197858971408,0.75,0.75
dpf,mode=robust_hamres|steps=50|after=15|before=20|alpha_q=0.005|alpha_p=0.005|trust=0.0|ham_sigma=1.0|ham_delta=1.0,zero,700,11,0.15208870335084024,0.13464476123449465,0.09200054457552484,0.07241082015545483,0.8853041565085497,0.7870694732248191,0.6666666666666666,0.6666666666666666
dpf,mode=one_step|steps=30|after=15|before=20|alpha_q=0.01|alpha_p=0.01|trust=0.001,zero,700,11,0.15208870335084024,0.0884664089893952,0.09200054457552484,0.05054208822567628,0.5816763969991888,0.5493672723228873,0.75,0.75
dpf,mode=robust_hamres|steps=30|after=15|before=20|alpha_q=0.01|alpha_p=0.01|trust=0.001|ham_sigma=0.5|ham_delta=2.0,zero,700,11,0.15208870335084024,0.10838568061605945,0.09200054457552484,0.05122083601506481,0.7126478050512005,0.5567449220152902,0.75,0.75
dpf,mode=robust_hamres|steps=50|after=15|before=20|alpha_q=0.005|alpha_p=0.005|trust=0.001|ham_sigma=0.5|ham_delta=2.0,zero,700,11,0.15208870335084024,0.13889317904621382,0.09200054457552484,0.06083814223450877,0.9132379722234412,0.6612802404073346,0.8333333333333334,0.75
dpf,mode=one_step|steps=50|after=10|before=20|alpha_q=0.01|alpha_p=0.01|trust=0.001,zero,700,11,0.15208870335084024,0.07241163454461529,0.09200054457552484,0.04446596260384633,0.47611448417424646,0.4833228195442197,0.6666666666666666,0.75
dpf,mode=robust_hamres|steps=50|after=10|before=20|alpha_q=0.01|alpha_p=0.01|trust=0.0|ham_sigma=1.0|ham_delta=2.0,zero,700,11,0.15208870335084024,0.15510080264225157,0.09200054457552484,0.06459599553380617,1.0198048850772499,0.7021262301418031,0.6666666666666666,0.5833333333333334
dpf,mode=robust_hamres|steps=50|after=10|before=20|alpha_q=0.005|alpha_p=0.005|trust=0.0|ham_sigma=0.5|ham_delta=2.0,zero,700,11,0.15208870335084024,0.1425672229881175,0.09200054457552484,0.061515896158781815,0.9373952163905398,0.6686470872819926,0.8333333333333334,0.75
dpf,mode=robust_hamres|steps=30|after=15|before=20|alpha_q=0.005|alpha_p=0.005|trust=0.001|ham_sigma=0.5|ham_delta=2.0,zero,700,11,0.15208870335084024,0.15403492321992307,0.09200054457552484,0.07149249626928447,1.0127966103083492,0.7770877509382028,0.9166666666666666,0.6666666666666666
dpf,mode=robust_hamres|steps=50|after=10|before=20|alpha_q=0.01|alpha_p=0.01|trust=0.001|ham_sigma=0.5|ham_delta=2.0,zero,700,11,0.15208870335084024,0.08840649785096283,0.09200054457552484,0.047482481470103116,0.5812824746557642,0.5161108740081851,0.75,0.6666666666666666
dpf,mode=robust_hamres|steps=30|after=10|before=20|alpha_q=0.01|alpha_p=0.01|trust=0.0|ham_sigma=1.0|ham_delta=2.0,zero,1000,10,0.09384501682777813,0.09896843803358349,0.09881489097851345,0.06702327776950262,1.054594493975186,0.6782710288480339,0.6666666666666666,0.6666666666666666
dpf,mode=one_step|steps=30|after=15|before=20|alpha_q=0.01|alpha_p=0.01|trust=0.0,zero,1000,10,0.09384501682777813,0.10047197134420546,0.09881489097851345,0.07663334493862768,1.0706159446759858,0.7755242573236357,0.6666666666666666,0.5833333333333334
dpf,mode=robust_hamres|steps=30|after=15|before=20|alpha_q=0.01|alpha_p=0.01|trust=0.0|ham_sigma=0.5|ham_delta=2.0,zero,1000,10,0.09384501682777813,0.08978960991419371,0.09881489097851345,0.05627578375178849,0.95678612407277,0.5695071177483283,0.75,0.5
dpf,mode=robust_hamres|steps=50|after=15|before=20|alpha_q=0.005|alpha_p=0.005|trust=0.0|ham_sigma=1.0|ham_delta=1.0,zero,1000,10,0.09384501682777813,0.08895261822807407,0.09881489097851345,0.05331911551778423,0.9478672521452849,0.539585835594132,0.6666666666666666,0.6666666666666666
dpf,mode=one_step|steps=30|after=15|before=20|alpha_q=0.01|alpha_p=0.01|trust=0.001,zero,1000,10,0.09384501682777813,0.10044379736123092,0.09881489097851345,0.0766445410121259,1.0703157264659315,0.7756375608286779,0.6666666666666666,0.5833333333333334
dpf,mode=robust_hamres|steps=30|after=15|before=20|alpha_q=0.01|alpha_p=0.01|trust=0.001|ham_sigma=0.5|ham_delta=2.0,zero,1000,10,0.09384501682777813,0.089838160357191,0.09881489097851345,0.05620630192961992,0.9573034711268644,0.5688039664167778,0.75,0.5
dpf,mode=robust_hamres|steps=50|after=15|before=20|alpha_q=0.005|alpha_p=0.005|trust=0.001|ham_sigma=0.5|ham_delta=2.0,zero,1000,10,0.09384501682777813,0.08383709857076822,0.09881489097851345,0.07106666233935177,0.8933569560184941,0.7191898066740232,0.75,0.75
dpf,mode=one_step|steps=50|after=10|before=20|alpha_q=0.01|alpha_p=0.01|trust=0.001,zero,1000,10,0.09384501682777813,0.18586122303614863,0.09881489097851345,0.08815481407571087,1.9805124376208083,0.8921207441789261,0.5833333333333334,0.4166666666666667
dpf,mode=robust_hamres|steps=50|after=10|before=20|alpha_q=0.01|alpha_p=0.01|trust=0.0|ham_sigma=1.0|ham_delta=2.0,zero,1000,10,0.09384501682777813,0.1154370936303851,0.09881489097851345,0.06364144260483702,1.2300822945370895,0.6440470861691824,0.4166666666666667,0.5
dpf,mode=robust_hamres|steps=50|after=10|before=20|alpha_q=0.005|alpha_p=0.005|trust=0.0|ham_sigma=0.5|ham_delta=2.0,zero,1000,10,0.09384501682777813,0.08221897966622263,0.09881489097851345,0.07163365847076049,0.8761144964906203,0.7249277690984518,0.8333333333333334,0.75
dpf,mode=robust_hamres|steps=30|after=15|before=20|alpha_q=0.005|alpha_p=0.005|trust=0.001|ham_sigma=0.5|ham_delta=2.0,zero,1000,10,0.09384501682777813,0.0795905931948194,0.09881489097851345,0.08324003466885113,0.8481067603289147,0.8423835096569711,0.8333333333333334,0.75
dpf,mode=robust_hamres|steps=50|after=10|before=20|alpha_q=0.01|alpha_p=0.01|trust=0.001|ham_sigma=0.5|ham_delta=2.0,zero,1000,10,0.09384501682777813,0.14390162689177302,0.09881489097851345,0.07290489807147305,1.5333965697492222,0.7377926277055313,0.5,0.3333333333333333
dpf,mode=robust_hamres|steps=30|after=10|before=20|alpha_q=0.01|alpha_p=0.01|trust=0.0|ham_sigma=1.0|ham_delta=2.0,zero,1000,11,0.32914108800194336,0.28824068847674816,0.20324861691541066,0.16307883218854494,0.8757359654685418,0.8023613378703391,0.6666666666666666,0.5
dpf,mode=one_step|steps=30|after=15|before=20|alpha_q=0.01|alpha_p=0.01|trust=0.0,zero,1000,11,0.32914108800194336,0.209162332505504,0.20324861691541066,0.08682805279637246,0.6354792523024929,0.4272011987786816,0.8333333333333334,0.6666666666666666
dpf,mode=robust_hamres|steps=30|after=15|before=20|alpha_q=0.01|alpha_p=0.01|trust=0.0|ham_sigma=0.5|ham_delta=2.0,zero,1000,11,0.32914108800194336,0.24635542457879261,0.20324861691541066,0.12016143690131098,0.7484797053880373,0.5912042046087849,0.8333333333333334,0.6666666666666666
dpf,mode=robust_hamres|steps=50|after=15|before=20|alpha_q=0.005|alpha_p=0.005|trust=0.0|ham_sigma=1.0|ham_delta=1.0,zero,1000,11,0.32914108800194336,0.30453135225035466,0.20324861691541066,0.1660629266779941,0.9252304356743106,0.817043329486012,0.6666666666666666,0.4166666666666667
dpf,mode=one_step|steps=30|after=15|before=20|alpha_q=0.01|alpha_p=0.01|trust=0.001,zero,1000,11,0.32914108800194336,0.2092156402551903,0.20324861691541066,0.08684756489397677,0.6356412124819707,0.4272971999121724,0.8333333333333334,0.6666666666666666
dpf,mode=robust_hamres|steps=30|after=15|before=20|alpha_q=0.01|alpha_p=0.01|trust=0.001|ham_sigma=0.5|ham_delta=2.0,zero,1000,11,0.32914108800194336,0.2463938597726058,0.20324861691541066,0.12016888254712038,0.7485964796080123,0.5912408378017797,0.8333333333333334,0.6666666666666666
dpf,mode=robust_hamres|steps=50|after=15|before=20|alpha_q=0.005|alpha_p=0.005|trust=0.001|ham_sigma=0.5|ham_delta=2.0,zero,1000,11,0.32914108800194336,0.23981812050213874,0.20324861691541066,0.10904457172278481,0.7286179977041419,0.5365083087781488,0.75,0.5
dpf,mode=one_step|steps=50|after=10|before=20|alpha_q=0.01|alpha_p=0.01|trust=0.001,zero,1000,11,0.32914108800194336,0.1366855938528332,0.20324861691541066,0.0868247614200747,0.4152796440049021,0.4271850049351627,0.75,0.6666666666666666
dpf,mode=robust_hamres|steps=50|after=10|before=20|alpha_q=0.01|alpha_p=0.01|trust=0.0|ham_sigma=1.0|ham_delta=2.0,zero,1000,11,0.32914108800194336,0.2978439007825532,0.20324861691541066,0.14081025294559216,0.9049125485688211,0.6927980868090998,0.6666666666666666,0.5833333333333334
dpf,mode=robust_hamres|steps=50|after=10|before=20|alpha_q=0.005|alpha_p=0.005|trust=0.0|ham_sigma=0.5|ham_delta=2.0,zero,1000,11,0.32914108800194336,0.23964800546403672,0.20324861691541066,0.10786722510004404,0.7281011523624232,0.5307156660501996,0.75,0.5
dpf,mode=robust_hamres|steps=30|after=15|before=20|alpha_q=0.005|alpha_p=0.005|trust=0.001|ham_sigma=0.5|ham_delta=2.0,zero,1000,11,0.32914108800194336,0.28328479918022964,0.20324861691541066,0.15519940305689955,0.8606789292090966,0.7635938950644444,0.5833333333333334,0.4166666666666667
dpf,mode=robust_hamres|steps=50|after=10|before=20|alpha_q=0.01|alpha_p=0.01|trust=0.001|ham_sigma=0.5|ham_delta=2.0,zero,1000,11,0.32914108800194336,0.22774220895914687,0.20324861691541066,0.09483627893644794,0.6919288331385786,0.46660233351510344,0.75,0.5833333333333334
dpf,mode=robust_hamres|steps=30|after=10|before=20|alpha_q=0.01|alpha_p=0.01|trust=0.0|ham_sigma=1.0|ham_delta=2.0,spline,100,10,0.4208751146007917,0.29362922348294035,0.0568739487330525,0.04846080949270823,0.6976635426911696,0.8520739384593681,0.8333333333333334,0.5833333333333334
dpf,mode=one_step|steps=30|after=15|before=20|alpha_q=0.01|alpha_p=0.01|trust=0.0,spline,100,10,0.4208751146007917,0.34504678493051233,0.0568739487330525,0.01811319571108775,0.8198317575934514,0.3184796574632983,0.75,1.0
dpf,mode=robust_hamres|steps=30|after=15|before=20|alpha_q=0.01|alpha_p=0.01|trust=0.0|ham_sigma=0.5|ham_delta=2.0,spline,100,10,0.4208751146007917,0.2726863478731104,0.0568739487330525,0.030063351532254423,0.6479032340312132,0.5285961710406614,0.75,1.0
dpf,mode=robust_hamres|steps=50|after=15|before=20|alpha_q=0.005|alpha_p=0.005|trust=0.0|ham_sigma=1.0|ham_delta=1.0,spline,100,10,0.4208751146007917,0.32190821499167543,0.0568739487330525,0.04488426844977393,0.7648544754113383,0.7891885379797671,0.9166666666666666,0.8333333333333334
dpf,mode=one_step|steps=30|after=15|before=20|alpha_q=0.01|alpha_p=0.01|trust=0.001,spline,100,10,0.4208751146007917,0.3451061574246543,0.0568739487330525,0.018113086282591347,0.8199728267421899,0.3184777334102153,0.75,1.0
dpf,mode=robust_hamres|steps=30|after=15|before=20|alpha_q=0.01|alpha_p=0.01|trust=0.001|ham_sigma=0.5|ham_delta=2.0,spline,100,10,0.4208751146007917,0.27267888995899936,0.0568739487330525,0.03006315674397524,0.6478855140143903,0.5285927461284912,0.75,1.0
dpf,mode=robust_hamres|steps=50|after=15|before=20|alpha_q=0.005|alpha_p=0.005|trust=0.001|ham_sigma=0.5|ham_delta=2.0,spline,100,10,0.4208751146007917,0.26878199623322996,0.0568739487330525,0.02849272681736588,0.6386264877840899,0.5009802809912375,0.75,1.0
dpf,mode=one_step|steps=50|after=10|before=20|alpha_q=0.01|alpha_p=0.01|trust=0.001,spline,100,10,0.4208751146007917,0.3318203558983366,0.0568739487330525,0.01964507324881333,0.7884057393440206,0.34541426587101953,0.75,1.0
dpf,mode=robust_hamres|steps=50|after=10|before=20|alpha_q=0.01|alpha_p=0.01|trust=0.0|ham_sigma=1.0|ham_delta=2.0,spline,100,10,0.4208751146007917,0.3046616981250714,0.0568739487330525,0.06284642198166573,0.7238767215164265,1.105012459687757,0.9166666666666666,0.4166666666666667
dpf,mode=robust_hamres|steps=50|after=10|before=20|alpha_q=0.005|alpha_p=0.005|trust=0.0|ham_sigma=0.5|ham_delta=2.0,spline,100,10,0.4208751146007917,0.26777952139389083,0.0568739487330525,0.028645046582826607,0.6362446058325044,0.5036584802169615,0.75,1.0
dpf,mode=robust_hamres|steps=30|after=15|before=20|alpha_q=0.005|alpha_p=0.005|trust=0.001|ham_sigma=0.5|ham_delta=2.0,spline,100,10,0.4208751146007917,0.2995040207106334,0.0568739487330525,0.027020981580038208,0.7116220710619084,0.47510296334207,0.75,1.0
dpf,mode=robust_hamres|steps=50|after=10|before=20|alpha_q=0.01|alpha_p=0.01|trust=0.001|ham_sigma=0.5|ham_delta=2.0,spline,100,10,0.4208751146007917,0.2546283508604825,0.0568739487330525,0.03765792893432587,0.6049974019062698,0.6621296704943018,0.8333333333333334,0.8333333333333334
dpf,mode=robust_hamres|steps=30|after=10|before=20|alpha_q=0.01|alpha_p=0.01|trust=0.0|ham_sigma=1.0|ham_delta=2.0,spline,100,11,0.7047042560329362,0.6717778084751431,0.08133138696119926,0.044072346887222016,0.9532762186748391,0.541886085236043,0.6666666666666666,0.75
dpf,mode=one_step|steps=30|after=15|before=20|alpha_q=0.01|alpha_p=0.01|trust=0.0,spline,100,11,0.7047042560329362,0.27675011712280584,0.08133138696119926,0.01611304612208548,0.39271810089631587,0.1981159638870111,0.9166666666666666,1.0
dpf,mode=robust_hamres|steps=30|after=15|before=20|alpha_q=0.01|alpha_p=0.01|trust=0.0|ham_sigma=0.5|ham_delta=2.0,spline,100,11,0.7047042560329362,0.3308220597500393,0.08133138696119926,0.02448141216167342,0.4694480796985246,0.3010081725687619,0.8333333333333334,0.9166666666666666
dpf,mode=robust_hamres|steps=50|after=15|before=20|alpha_q=0.005|alpha_p=0.005|trust=0.0|ham_sigma=1.0|ham_delta=1.0,spline,100,11,0.7047042560329362,0.7559050589187828,0.08133138696119926,0.04348280889732471,1.0726557310354226,0.5346374938628434,0.5833333333333334,0.75
dpf,mode=one_step|steps=30|after=15|before=20|alpha_q=0.01|alpha_p=0.01|trust=0.001,spline,100,11,0.7047042560329362,0.27683282785736407,0.08133138696119926,0.01612129199506417,0.392835470323065,0.19821734999742655,0.9166666666666666,1.0
dpf,mode=robust_hamres|steps=30|after=15|before=20|alpha_q=0.01|alpha_p=0.01|trust=0.001|ham_sigma=0.5|ham_delta=2.0,spline,100,11,0.7047042560329362,0.33082694852329003,0.08133138696119926,0.024481555584337567,0.46945501703884696,0.301009936004374,0.8333333333333334,0.9166666666666666
dpf,mode=robust_hamres|steps=50|after=15|before=20|alpha_q=0.005|alpha_p=0.005|trust=0.001|ham_sigma=0.5|ham_delta=2.0,spline,100,11,0.7047042560329362,0.29356872309177495,0.08133138696119926,0.024241920141923667,0.4165842913229891,0.2980635280877326,0.75,0.9166666666666666
dpf,mode=one_step|steps=50|after=10|before=20|alpha_q=0.01|alpha_p=0.01|trust=0.001,spline,100,11,0.7047042560329362,0.27312798316378334,0.08133138696119926,0.01547936666976783,0.387578166054127,0.1903246366270941,0.9166666666666666,1.0
dpf,mode=robust_hamres|steps=50|after=10|before=20|alpha_q=0.01|alpha_p=0.01|trust=0.0|ham_sigma=1.0|ham_delta=2.0,spline,100,11,0.7047042560329362,0.46885550107719365,0.08133138696119926,0.05487650594664266,0.6653223633366001,0.6747272854552766,0.75,0.6666666666666666
dpf,mode=robust_hamres|steps=50|after=10|before=20|alpha_q=0.005|alpha_p=0.005|trust=0.0|ham_sigma=0.5|ham_delta=2.0,spline,100,11,0.7047042560329362,0.29319371288909435,0.08133138696119926,0.02355705019278747,0.41605213872213537,0.28964279441128704,0.75,0.9166666666666666
dpf,mode=robust_hamres|steps=30|after=15|before=20|alpha_q=0.005|alpha_p=0.005|trust=0.001|ham_sigma=0.5|ham_delta=2.0,spline,100,11,0.7047042560329362,0.45559428493972387,0.08133138696119926,0.03355293447938135,0.6465042335694798,0.4125459522212308,0.6666666666666666,1.0
dpf,mode=robust_hamres|steps=50|after=10|before=20|alpha_q=0.01|alpha_p=0.01|trust=0.001|ham_sigma=0.5|ham_delta=2.0,spline,100,11,0.7047042560329362,0.2582185710351718,0.08133138696119926,0.02915762263846526,0.36642118849797795,0.3585039395968432,0.8333333333333334,0.8333333333333334
dpf,mode=robust_hamres|steps=30|after=10|before=20|alpha_q=0.01|alpha_p=0.01|trust=0.0|ham_sigma=1.0|ham_delta=2.0,spline,300,10,0.29894486739130033,0.17976482275649788,0.024462113081556016,0.023366298902770602,0.6013310224229301,0.9552036173190762,0.9166666666666666,0.75
dpf,mode=one_step|steps=30|after=15|before=20|alpha_q=0.01|alpha_p=0.01|trust=0.0,spline,300,10,0.29894486739130033,0.18995565670685474,0.024462113081556016,0.01443839328241691,0.6354203648467881,0.5902349169215145,0.75,0.8333333333333334
dpf,mode=robust_hamres|steps=30|after=15|before=20|alpha_q=0.01|alpha_p=0.01|trust=0.0|ham_sigma=0.5|ham_delta=2.0,spline,300,10,0.29894486739130033,0.1627079253262162,0.024462113081556016,0.015043894401823795,0.5442740219829284,0.6149875258800359,0.75,0.8333333333333334
dpf,mode=robust_hamres|steps=50|after=15|before=20|alpha_q=0.005|alpha_p=0.005|trust=0.0|ham_sigma=1.0|ham_delta=1.0,spline,300,10,0.29894486739130033,0.17706134810853735,0.024462113081556016,0.021411471462464794,0.5922876336818822,0.8752911652022675,0.9166666666666666,0.8333333333333334
dpf,mode=one_step|steps=30|after=15|before=20|alpha_q=0.01|alpha_p=0.01|trust=0.001,spline,300,10,0.29894486739130033,0.18992236426623005,0.024462113081556016,0.014439629230248722,0.6353089983566549,0.5902854419038696,0.75,0.8333333333333334
dpf,mode=robust_hamres|steps=30|after=15|before=20|alpha_q=0.01|alpha_p=0.01|trust=0.001|ham_sigma=0.5|ham_delta=2.0,spline,300,10,0.29894486739130033,0.16270767123911492,0.024462113081556016,0.01504380788619992,0.5442731720365703,0.6149839891608823,0.75,0.8333333333333334
dpf,mode=robust_hamres|steps=50|after=15|before=20|alpha_q=0.005|alpha_p=0.005|trust=0.001|ham_sigma=0.5|ham_delta=2.0,spline,300,10,0.29894486739130033,0.15970648803021759,0.024462113081556016,0.01474076119465352,0.5342339188622753,0.6025955789472571,0.75,0.9166666666666666
dpf,mode=one_step|steps=50|after=10|before=20|alpha_q=0.01|alpha_p=0.01|trust=0.001,spline,300,10,0.29894486739130033,0.1904250073093467,0.024462113081556016,0.014792952907147796,0.6369903887999928,0.6047291522947545,0.75,0.75
dpf,mode=robust_hamres|steps=50|after=10|before=20|alpha_q=0.01|alpha_p=0.01|trust=0.0|ham_sigma=1.0|ham_delta=2.0,spline,300,10,0.29894486739130033,0.18864497300686056,0.024462113081556016,0.025088284024018054,0.6310359988885039,1.0255975818758747,0.9166666666666666,0.6666666666666666
dpf,mode=robust_hamres|steps=50|after=10|before=20|alpha_q=0.005|alpha_p=0.005|trust=0.0|ham_sigma=0.5|ham_delta=2.0,spline,300,10,0.29894486739130033,0.1592641325298163,0.024462113081556016,0.014625658941826124,0.5327541961820987,0.597890251470287,0.75,0.8333333333333334
dpf,mode=robust_hamres|steps=30|after=15|before=20|alpha_q=0.005|alpha_p=0.005|trust=0.001|ham_sigma=0.5|ham_delta=2.0,spline,300,10,0.29894486739130033,0.16916388219900919,0.024462113081556016,0.015616162681992243,0.5658698330404319,0.6383815915627724,0.75,0.9166666666666666
dpf,mode=robust_hamres|steps=50|after=10|before=20|alpha_q=0.01|alpha_p=0.01|trust=0.001|ham_sigma=0.5|ham_delta=2.0,spline,300,10,0.29894486739130033,0.15816362361812036,0.024462113081556016,0.017251582732332956,0.5290728855735595,0.705236815593839,0.75,0.75
dpf,mode=robust_hamres|steps=30|after=10|before=20|alpha_q=0.01|alpha_p=0.01|trust=0.0|ham_sigma=1.0|ham_delta=2.0,spline,300,11,0.29683836785827533,0.23163352992433825,0.04476426892088173,0.036900001009799246,0.7803355462287511,0.8243181872358483,0.8333333333333334,0.5833333333333334
dpf,mode=one_step|steps=30|after=15|before=20|alpha_q=0.01|alpha_p=0.01|trust=0.0,spline,300,11,0.29683836785827533,0.16339326577755625,0.04476426892088173,0.03335685887227753,0.5504452371048204,0.745167064634382,0.8333333333333334,0.75
dpf,mode=robust_hamres|steps=30|after=15|before=20|alpha_q=0.01|alpha_p=0.01|trust=0.0|ham_sigma=0.5|ham_delta=2.0,spline,300,11,0.29683836785827533,0.1700967285833676,0.04476426892088173,0.02889717308442121,0.5730281089019457,0.645541048274357,0.8333333333333334,0.75
dpf,mode=robust_hamres|steps=50|after=15|before=20|alpha_q=0.005|alpha_p=0.005|trust=0.0|ham_sigma=1.0|ham_delta=1.0,spline,300,11,0.29683836785827533,0.2401705225974322,0.04476426892088173,0.034055729864612784,0.8090952808098614,0.760779315413468,0.9166666666666666,0.75
dpf,mode=one_step|steps=30|after=15|before=20|alpha_q=0.01|alpha_p=0.01|trust=0.001,spline,300,11,0.29683836785827533,0.1634614349076613,0.04476426892088173,0.03335976835298632,0.5506748877749709,0.7452320602386647,0.8333333333333334,0.75
dpf,mode=robust_hamres|steps=30|after=15|before=20|alpha_q=0.01|alpha_p=0.01|trust=0.001|ham_sigma=0.5|ham_delta=2.0,spline,300,11,0.29683836785827533,0.17009776552737932,0.04476426892088173,0.028898143879725408,0.5730316021970314,0.6455627351091384,0.8333333333333334,0.75
dpf,mode=robust_hamres|steps=50|after=15|before=20|alpha_q=0.005|alpha_p=0.005|trust=0.001|ham_sigma=0.5|ham_delta=2.0,spline,300,11,0.29683836785827533,0.17818981081946567,0.04476426892088173,0.028733880375436893,0.6002923816928609,0.6418932123346497,0.8333333333333334,0.75
dpf,mode=one_step|steps=50|after=10|before=20|alpha_q=0.01|alpha_p=0.01|trust=0.001,spline,300,11,0.29683836785827533,0.15479289183858255,0.04476426892088173,0.034739860708029674,0.5214719813864763,0.7760622823848722,0.8333333333333334,0.75
dpf,mode=robust_hamres|steps=50|after=10|before=20|alpha_q=0.01|alpha_p=0.01|trust=0.0|ham_sigma=1.0|ham_delta=2.0,spline,300,11,0.29683836785827533,0.22027351603816986,0.04476426892088173,0.036711508319044565,0.7420655140623157,0.8201074027128656,0.9166666666666666,0.5833333333333334
dpf,mode=robust_hamres|steps=50|after=10|before=20|alpha_q=0.005|alpha_p=0.005|trust=0.0|ham_sigma=0.5|ham_delta=2.0,spline,300,11,0.29683836785827533,0.17885163854404237,0.04476426892088173,0.028991238730663695,0.6025219712481191,0.647642403853485,0.8333333333333334,0.75
dpf,mode=robust_hamres|steps=30|after=15|before=20|alpha_q=0.005|alpha_p=0.005|trust=0.001|ham_sigma=0.5|ham_delta=2.0,spline,300,11,0.29683836785827533,0.22655465503381098,0.04476426892088173,0.03247899567853755,0.7632256458908266,0.7255562630977467,0.8333333333333334,0.75
dpf,mode=robust_hamres|steps=50|after=10|before=20|alpha_q=0.01|alpha_p=0.01|trust=0.001|ham_sigma=0.5|ham_delta=2.0,spline,300,11,0.29683836785827533,0.15777269832762703,0.04476426892088173,0.02918196869946184,0.5315104629700537,0.6519031674802798,0.8333333333333334,0.6666666666666666
dpf,mode=robust_hamres|steps=30|after=10|before=20|alpha_q=0.01|alpha_p=0.01|trust=0.0|ham_sigma=1.0|ham_delta=2.0,spline,700,10,0.13926919164474016,0.13792481028011971,0.06309723321089977,0.04286436142017005,0.9903468861365275,0.6793382092824541,0.5833333333333334,0.25
dpf,mode=one_step|steps=30|after=15|before=20|alpha_q=0.01|alpha_p=0.01|trust=0.0,spline,700,10,0.13926919164474016,0.1589789035548096,0.06309723321089977,0.038081128203561555,1.1415224119369247,0.6035308723645145,0.5833333333333334,0.5
dpf,mode=robust_hamres|steps=30|after=15|before=20|alpha_q=0.01|alpha_p=0.01|trust=0.0|ham_sigma=0.5|ham_delta=2.0,spline,700,10,0.13926919164474016,0.18701341432635976,0.06309723321089977,0.034697773926963,1.3428197013120438,0.549909594466483,0.5,0.4166666666666667
dpf,mode=robust_hamres|steps=50|after=15|before=20|alpha_q=0.005|alpha_p=0.005|trust=0.0|ham_sigma=1.0|ham_delta=1.0,spline,700,10,0.13926919164474016,0.13280925547496242,0.06309723321089977,0.04192900410319496,0.9536154687660118,0.664514146968205,0.5833333333333334,0.25
dpf,mode=one_step|steps=30|after=15|before=20|alpha_q=0.01|alpha_p=0.01|trust=0.001,spline,700,10,0.13926919164474016,0.15896514627000524,0.06309723321089977,0.038069706158001745,1.1414236299691263,0.6033498494419779,0.5833333333333334,0.5
dpf,mode=robust_hamres|steps=30|after=15|before=20|alpha_q=0.01|alpha_p=0.01|trust=0.001|ham_sigma=0.5|ham_delta=2.0,spline,700,10,0.13926919164474016,0.18700960503171293,0.06309723321089977,0.0346930135789503,1.3427923492853546,0.5498341498269885,0.5,0.4166666666666667
dpf,mode=robust_hamres|steps=50|after=15|before=20|alpha_q=0.005|alpha_p=0.005|trust=0.001|ham_sigma=0.5|ham_delta=2.0,spline,700,10,0.13926919164474016,0.1797826841029324,0.06309723321089977,0.0351702468742983,1.2909006075194114,0.557397608176309,0.5,0.4166666666666667
dpf,mode=one_step|steps=50|after=10|before=20|alpha_q=0.01|alpha_p=0.01|trust=0.001,spline,700,10,0.13926919164474016,0.1921013818379022,0.06309723321089977,0.03470692342904898,1.3793530325639496,0.5500546008577363,0.6666666666666666,0.5833333333333334
dpf,mode=robust_hamres|steps=50|after=10|before=20|alpha_q=0.01|alpha_p=0.01|trust=0.0|ham_sigma=1.0|ham_delta=2.0,spline,700,10,0.13926919164474016,0.14728936183558883,0.06309723321089977,0.046480482931021305,1.0575875403320154,0.7366485116021221,0.5833333333333334,0.4166666666666667
dpf,mode=robust_hamres|steps=50|after=10|before=20|alpha_q=0.005|alpha_p=0.005|trust=0.0|ham_sigma=0.5|ham_delta=2.0,spline,700,10,0.13926919164474016,0.1812543730633838,0.06309723321089977,0.03525099985998783,1.3014678330706697,0.5586774263486782,0.5,0.4166666666666667
dpf,mode=robust_hamres|steps=30|after=15|before=20|alpha_q=0.005|alpha_p=0.005|trust=0.001|ham_sigma=0.5|ham_delta=2.0,spline,700,10,0.13926919164474016,0.13778600560093127,0.06309723321089977,0.043298213247043034,0.9893502214934058,0.6862141340226541,0.5,0.25
dpf,mode=robust_hamres|steps=50|after=10|before=20|alpha_q=0.01|alpha_p=0.01|trust=0.001|ham_sigma=0.5|ham_delta=2.0,spline,700,10,0.13926919164474016,0.1373931607513082,0.06309723321089977,0.033654980160433605,0.9865294623220223,0.5333828196229031,0.5,0.5833333333333334
dpf,mode=robust_hamres|steps=30|after=10|before=20|alpha_q=0.01|alpha_p=0.01|trust=0.0|ham_sigma=1.0|ham_delta=2.0,spline,700,11,0.18608310660878422,0.1178613122255554,0.059504752964176066,0.04058922147939281,0.6333799686252211,0.6821173008453448,0.4166666666666667,0.5833333333333334
dpf,mode=one_step|steps=30|after=15|before=20|alpha_q=0.01|alpha_p=0.01|trust=0.0,spline,700,11,0.18608310660878422,0.2060131117592487,0.059504752964176066,0.04808824379232024,1.10710271079236,0.8081412222864119,0.75,0.75
dpf,mode=robust_hamres|steps=30|after=15|before=20|alpha_q=0.01|alpha_p=0.01|trust=0.0|ham_sigma=0.5|ham_delta=2.0,spline,700,11,0.18608310660878422,0.13585954907174083,0.059504752964176066,0.0381875201774218,0.7301014667460817,0.6417557972287024,0.5833333333333334,0.6666666666666666
dpf,mode=robust_hamres|steps=50|after=15|before=20|alpha_q=0.005|alpha_p=0.005|trust=0.0|ham_sigma=1.0|ham_delta=1.0,spline,700,11,0.18608310660878422,0.11946016393770159,0.059504752964176066,0.04250421163351223,0.641972106521476,0.7142994385524337,0.4166666666666667,0.6666666666666666
dpf,mode=one_step|steps=30|after=15|before=20|alpha_q=0.01|alpha_p=0.01|trust=0.001,spline,700,11,0.18608310660878422,0.20598122607446276,0.059504752964176066,0.048095396463150225,1.1069313589412058,0.8082614256394834,0.75,0.75
dpf,mode=robust_hamres|steps=30|after=15|before=20|alpha_q=0.01|alpha_p=0.01|trust=0.001|ham_sigma=0.5|ham_delta=2.0,spline,700,11,0.18608310660878422,0.13573989747760573,0.059504752964176066,0.038195103517901396,0.7294584659045993,0.641883238148996,0.5833333333333334,0.6666666666666666
dpf,mode=robust_hamres|steps=50|after=15|before=20|alpha_q=0.005|alpha_p=0.005|trust=0.001|ham_sigma=0.5|ham_delta=2.0,spline,700,11,0.18608310660878422,0.12944221064433437,0.059504752964176066,0.03991766612249199,0.6956150561075378,0.6708315577164704,0.5,0.5833333333333334
dpf,mode=one_step|steps=50|after=10|before=20|alpha_q=0.01|alpha_p=0.01|trust=0.001,spline,700,11,0.18608310660878422,0.18810694830091992,0.059504752964176066,0.04322745748736152,1.010876009805611,0.7264538601376256,0.6666666666666666,0.6666666666666666
dpf,mode=robust_hamres|steps=50|after=10|before=20|alpha_q=0.01|alpha_p=0.01|trust=0.0|ham_sigma=1.0|ham_delta=2.0,spline,700,11,0.18608310660878422,0.11386843029743329,0.059504752964176066,0.03241271169212302,0.6119224489132536,0.544707944786135,0.5833333333333334,0.5833333333333334
dpf,mode=robust_hamres|steps=50|after=10|before=20|alpha_q=0.005|alpha_p=0.005|trust=0.0|ham_sigma=0.5|ham_delta=2.0,spline,700,11,0.18608310660878422,0.12834798643465534,0.059504752964176066,0.04014221033631466,0.6897347576235948,0.674605108611772,0.5,0.6666666666666666
dpf,mode=robust_hamres|steps=30|after=15|before=20|alpha_q=0.005|alpha_p=0.005|trust=0.001|ham_sigma=0.5|ham_delta=2.0,spline,700,11,0.18608310660878422,0.16601914005197815,0.059504752964176066,0.04815047094553289,0.8921773882516484,0.809186973257769,0.5833333333333334,0.8333333333333334
dpf,mode=robust_hamres|steps=50|after=10|before=20|alpha_q=0.01|alpha_p=0.01|trust=0.001|ham_sigma=0.5|ham_delta=2.0,spline,700,11,0.18608310660878422,0.12699436607274706,0.059504752964176066,0.032957693798378686,0.6824604790145532,0.5538665763089609,0.75,0.6666666666666666
dpf,mode=robust_hamres|steps=30|after=10|before=20|alpha_q=0.01|alpha_p=0.01|trust=0.0|ham_sigma=1.0|ham_delta=2.0,spline,1000,10,0.286594764879531,0.2811311346253043,0.0824890938375164,0.06706305576118803,0.9809360430693027,0.8129929987264262,0.6666666666666666,0.5833333333333334
dpf,mode=one_step|steps=30|after=15|before=20|alpha_q=0.01|alpha_p=0.01|trust=0.0,spline,1000,10,0.286594764879531,0.2205658410361117,0.0824890938375164,0.06041245623373939,0.7696087579576888,0.7323690129599113,0.5833333333333334,0.5
dpf,mode=robust_hamres|steps=30|after=15|before=20|alpha_q=0.01|alpha_p=0.01|trust=0.0|ham_sigma=0.5|ham_delta=2.0,spline,1000,10,0.286594764879531,0.28738499056125605,0.0824890938375164,0.06347557742551194,1.0027572928000175,0.7695026635950626,0.5833333333333334,0.5833333333333334
dpf,mode=robust_hamres|steps=50|after=15|before=20|alpha_q=0.005|alpha_p=0.005|trust=0.0|ham_sigma=1.0|ham_delta=1.0,spline,1000,10,0.286594764879531,0.27530257976542705,0.0824890938375164,0.06840806015641329,0.9605987739557957,0.8292982377908121,0.6666666666666666,0.75
dpf,mode=one_step|steps=30|after=15|before=20|alpha_q=0.01|alpha_p=0.01|trust=0.001,spline,1000,10,0.286594764879531,0.22056266653194895,0.0824890938375164,0.06041071495808985,0.7695976813277158,0.7323479037978569,0.5833333333333334,0.5
dpf,mode=robust_hamres|steps=30|after=15|before=20|alpha_q=0.01|alpha_p=0.01|trust=0.001|ham_sigma=0.5|ham_delta=2.0,spline,1000,10,0.286594764879531,0.2874166434565782,0.0824890938375164,0.06347398125865875,1.0028677375785027,0.7694833135600587,0.5833333333333334,0.5833333333333334
dpf,mode=robust_hamres|steps=50|after=15|before=20|alpha_q=0.005|alpha_p=0.005|trust=0.001|ham_sigma=0.5|ham_delta=2.0,spline,1000,10,0.286594764879531,0.28196210088832396,0.0824890938375164,0.07511148432633025,0.9838354898312452,0.910562606909972,0.5833333333333334,0.5833333333333334
dpf,mode=one_step|steps=50|after=10|before=20|alpha_q=0.01|alpha_p=0.01|trust=0.001,spline,1000,10,0.286594764879531,0.20177435812696484,0.0824890938375164,0.06898272596718728,0.7040406275801301,0.8362648049336873,0.5,0.4166666666666667
dpf,mode=robust_hamres|steps=50|after=10|before=20|alpha_q=0.01|alpha_p=0.01|trust=0.0|ham_sigma=1.0|ham_delta=2.0,spline,1000,10,0.286594764879531,0.29431744261271964,0.0824890938375164,0.07172267267673735,1.02694633217196,0.8694806712025919,0.5,0.4166666666666667
dpf,mode=robust_hamres|steps=50|after=10|before=20|alpha_q=0.005|alpha_p=0.005|trust=0.0|ham_sigma=0.5|ham_delta=2.0,spline,1000,10,0.286594764879531,0.28339292359852886,0.0824890938375164,0.07417162469287648,0.9888279840619278,0.8991688627223458,0.5833333333333334,0.5833333333333334
dpf,mode=robust_hamres|steps=30|after=15|before=20|alpha_q=0.005|alpha_p=0.005|trust=0.001|ham_sigma=0.5|ham_delta=2.0,spline,1000,10,0.286594764879531,0.29926396414161044,0.0824890938375164,0.08715173807084914,1.044205968896204,1.0565243720887154,0.5833333333333334,0.5833333333333334
dpf,mode=robust_hamres|steps=50|after=10|before=20|alpha_q=0.01|alpha_p=0.01|trust=0.001|ham_sigma=0.5|ham_delta=2.0,spline,1000,10,0.286594764879531,0.27865750103003184,0.0824890938375164,0.059663429186464056,0.9723049238082365,0.7232886968547213,0.5,0.4166666666666667
dpf,mode=robust_hamres|steps=30|after=10|before=20|alpha_q=0.01|alpha_p=0.01|trust=0.0|ham_sigma=1.0|ham_delta=2.0,spline,1000,11,0.20472755315166657,0.19500733352284144,0.10524775374202947,0.09219523329752705,0.9525211947332551,0.8759829071839844,0.4166666666666667,0.3333333333333333
dpf,mode=one_step|steps=30|after=15|before=20|alpha_q=0.01|alpha_p=0.01|trust=0.0,spline,1000,11,0.20472755315166657,0.1850327494849397,0.10524775374202947,0.16341614701670173,0.9037999362394736,1.552680615087022,0.25,0.16666666666666666
dpf,mode=robust_hamres|steps=30|after=15|before=20|alpha_q=0.01|alpha_p=0.01|trust=0.0|ham_sigma=0.5|ham_delta=2.0,spline,1000,11,0.20472755315166657,0.20588600018672903,0.10524775374202947,0.09651134915941167,1.0056584813193379,0.9169920091213404,0.4166666666666667,0.25
dpf,mode=robust_hamres|steps=50|after=15|before=20|alpha_q=0.005|alpha_p=0.005|trust=0.0|ham_sigma=1.0|ham_delta=1.0,spline,1000,11,0.20472755315166657,0.20783339932174733,0.10524775374202947,0.08574584644858577,1.0151706310277633,0.8147047647093314,0.4166666666666667,0.4166666666666667
dpf,mode=one_step|steps=30|after=15|before=20|alpha_q=0.01|alpha_p=0.01|trust=0.001,spline,1000,11,0.20472755315166657,0.18498096058282565,0.10524775374202947,0.1634066285927418,0.9035469712559294,1.552590176824717,0.25,0.16666666666666666
dpf,mode=robust_hamres|steps=30|after=15|before=20|alpha_q=0.01|alpha_p=0.01|trust=0.001|ham_sigma=0.5|ham_delta=2.0,spline,1000,11,0.20472755315166657,0.20588177055469306,0.10524775374202947,0.09653944943984615,1.0056378215108712,0.9172590008568918,0.4166666666666667,0.25
dpf,mode=robust_hamres|steps=50|after=15|before=20|alpha_q=0.005|alpha_p=0.005|trust=0.001|ham_sigma=0.5|ham_delta=2.0,spline,1000,11,0.20472755315166657,0.2097589009655511,0.10524775374202947,0.08547398699561568,1.0245758215561596,0.8121217219050504,0.4166666666666667,0.3333333333333333
dpf,mode=one_step|steps=50|after=10|before=20|alpha_q=0.01|alpha_p=0.01|trust=0.001,spline,1000,11,0.20472755315166657,0.21971864626780196,0.10524775374202947,0.14962995961292927,1.0732245996464855,1.42169266604667,0.4166666666666667,0.5
dpf,mode=robust_hamres|steps=50|after=10|before=20|alpha_q=0.01|alpha_p=0.01|trust=0.0|ham_sigma=1.0|ham_delta=2.0,spline,1000,11,0.20472755315166657,0.2091416891295122,0.10524775374202947,0.15554691874348855,1.0215610254208214,1.47791200489415,0.4166666666666667,0.25
dpf,mode=robust_hamres|steps=50|after=10|before=20|alpha_q=0.005|alpha_p=0.005|trust=0.0|ham_sigma=0.5|ham_delta=2.0,spline,1000,11,0.20472755315166657,0.2095523624044725,0.10524775374202947,0.08579827458178486,1.0235669756148142,0.8152029048722806,0.4166666666666667,0.3333333333333333
dpf,mode=robust_hamres|steps=30|after=15|before=20|alpha_q=0.005|alpha_p=0.005|trust=0.001|ham_sigma=0.5|ham_delta=2.0,spline,1000,11,0.20472755315166657,0.19492699195109353,0.10524775374202947,0.07558925507177013,0.9521287630819649,0.7182030246179443,0.4166666666666667,0.4166666666666667
dpf,mode=robust_hamres|steps=50|after=10|before=20|alpha_q=0.01|alpha_p=0.01|trust=0.001|ham_sigma=0.5|ham_delta=2.0,spline,1000,11,0.20472755315166657,0.21196508568942135,0.10524775374202947,0.15625279745771675,1.035352019922756,1.4846188341530278,0.3333333333333333,0.3333333333333333
fixed_diffusion,mode=robust_hamres|steps=30|after=10|before=20|alpha_q=0.01|alpha_p=0.01|trust=0.0|ham_sigma=1.0|ham_delta=2.0,sinusoidal,100,10,0.6165859560510325,0.5901977529050815,0.6796369269874893,0.6573787865790647,0.9572027178254982,0.9672499543144536,0.8333333333333334,1.0
fixed_diffusion,mode=one_step|steps=30|after=15|before=20|alpha_q=0.01|alpha_p=0.01|trust=0.0,sinusoidal,100,10,0.6165859560510325,0.6102094870009452,0.6796369269874893,0.6617185242316064,0.9896584263921193,0.973635330800363,0.75,1.0
fixed_diffusion,mode=robust_hamres|steps=30|after=15|before=20|alpha_q=0.01|alpha_p=0.01|trust=0.0|ham_sigma=0.5|ham_delta=2.0,sinusoidal,100,10,0.6165859560510325,0.5943951754533119,0.6796369269874893,0.6608306697571654,0.9640102399674443,0.9723289649464999,0.75,0.9166666666666666
fixed_diffusion,mode=robust_hamres|steps=50|after=15|before=20|alpha_q=0.005|alpha_p=0.005|trust=0.0|ham_sigma=1.0|ham_delta=1.0,sinusoidal,100,10,0.6165859560510325,0.5897705339234869,0.6796369269874893,0.663936914434985,0.9565098396024346,0.9768994121286272,0.8333333333333334,1.0
fixed_diffusion,mode=one_step|steps=30|after=15|before=20|alpha_q=0.01|alpha_p=0.01|trust=0.001,sinusoidal,100,10,0.6165859560510325,0.6102100088714792,0.6796369269874893,0.6617188015075861,0.9896592727794379,0.9736357387769881,0.75,1.0
fixed_diffusion,mode=robust_hamres|steps=30|after=15|before=20|alpha_q=0.01|alpha_p=0.01|trust=0.001|ham_sigma=0.5|ham_delta=2.0,sinusoidal,100,10,0.6165859560510325,0.5943955530734768,0.6796369269874893,0.6608297878730923,0.9640108524046255,0.9723276673653384,0.75,0.9166666666666666
fixed_diffusion,mode=robust_hamres|steps=50|after=15|before=20|alpha_q=0.005|alpha_p=0.005|trust=0.001|ham_sigma=0.5|ham_delta=2.0,sinusoidal,100,10,0.6165859560510325,0.5944982602493054,0.6796369269874893,0.6638621647289549,0.9641774263831936,0.9767894273660842,0.75,1.0
fixed_diffusion,mode=one_step|steps=50|after=10|before=20|alpha_q=0.01|alpha_p=0.01|trust=0.001,sinusoidal,100,10,0.6165859560510325,0.5990858112306019,0.6796369269874893,0.6333748087286625,0.9716176720395783,0.931931129075218,0.75,1.0
fixed_diffusion,mode=robust_hamres|steps=50|after=10|before=20|alpha_q=0.01|alpha_p=0.01|trust=0.0|ham_sigma=1.0|ham_delta=2.0,sinusoidal,100,10,0.6165859560510325,0.582743731900893,0.6796369269874893,0.6384402651046772,0.9451135339395591,0.939384309111311,0.9166666666666666,0.9166666666666666
fixed_diffusion,mode=robust_hamres|steps=50|after=10|before=20|alpha_q=0.005|alpha_p=0.005|trust=0.0|ham_sigma=0.5|ham_delta=2.0,sinusoidal,100,10,0.6165859560510325,0.5960294679985818,0.6796369269874893,0.6603562134670269,0.9666607910045403,0.9716308623695231,0.75,1.0
fixed_diffusion,mode=robust_hamres|steps=30|after=15|before=20|alpha_q=0.005|alpha_p=0.005|trust=0.001|ham_sigma=0.5|ham_delta=2.0,sinusoidal,100,10,0.6165859560510325,0.6050767548336806,0.6796369269874893,0.670090135693099,0.9813339874118066,0.9859531009642064,0.75,1.0
fixed_diffusion,mode=robust_hamres|steps=50|after=10|before=20|alpha_q=0.01|alpha_p=0.01|trust=0.001|ham_sigma=0.5|ham_delta=2.0,sinusoidal,100,10,0.6165859560510325,0.5972636689913094,0.6796369269874893,0.6364008473429085,0.968662460002375,0.9363835631530116,0.8333333333333334,0.9166666666666666
fixed_diffusion,mode=robust_hamres|steps=30|after=10|before=20|alpha_q=0.01|alpha_p=0.01|trust=0.0|ham_sigma=1.0|ham_delta=2.0,sinusoidal,100,11,0.6170397050571337,0.6032100265997771,0.7204206943438239,0.6843670157274677,0.977587052593194,0.9499546877270165,0.9166666666666666,1.0
fixed_diffusion,mode=one_step|steps=30|after=15|before=20|alpha_q=0.01|alpha_p=0.01|trust=0.0,sinusoidal,100,11,0.6170397050571337,0.6029662718804337,0.7204206943438239,0.6890142086760523,0.9771920136397109,0.9564053532687906,0.8333333333333334,0.8333333333333334
fixed_diffusion,mode=robust_hamres|steps=30|after=15|before=20|alpha_q=0.01|alpha_p=0.01|trust=0.0|ham_sigma=0.5|ham_delta=2.0,sinusoidal,100,11,0.6170397050571337,0.6098022901707187,0.7204206943438239,0.6889414419366882,0.9882707468788499,0.9563043473705211,0.8333333333333334,1.0
fixed_diffusion,mode=robust_hamres|steps=50|after=15|before=20|alpha_q=0.005|alpha_p=0.005|trust=0.0|ham_sigma=1.0|ham_delta=1.0,sinusoidal,100,11,0.6170397050571337,0.6079274389991286,0.7204206943438239,0.696930953877617,0.9852322857292282,0.9673944118337663,0.9166666666666666,1.0
fixed_diffusion,mode=one_step|steps=30|after=15|before=20|alpha_q=0.01|alpha_p=0.01|trust=0.001,sinusoidal,100,11,0.6170397050571337,0.6029658490694878,0.7204206943438239,0.6890130905510718,0.9771913284148501,0.9564038012242848,0.8333333333333334,0.8333333333333334
fixed_diffusion,mode=robust_hamres|steps=30|after=15|before=20|alpha_q=0.01|alpha_p=0.01|trust=0.001|ham_sigma=0.5|ham_delta=2.0,sinusoidal,100,11,0.6170397050571337,0.6098017968395504,0.7204206943438239,0.6889389477900584,0.9882699473660076,0.956300885300859,0.8333333333333334,1.0
fixed_diffusion,mode=robust_hamres|steps=50|after=15|before=20|alpha_q=0.005|alpha_p=0.005|trust=0.001|ham_sigma=0.5|ham_delta=2.0,sinusoidal,100,11,0.6170397050571337,0.6125588392651801,0.7204206943438239,0.6943637494076044,0.9927381240538828,0.9638309322028112,0.8333333333333334,1.0
fixed_diffusion,mode=one_step|steps=50|after=10|before=20|alpha_q=0.01|alpha_p=0.01|trust=0.001,sinusoidal,100,11,0.6170397050571337,0.5999048217319118,0.7204206943438239,0.6533606438554855,0.972230501238757,0.9069154300885008,0.75,0.9166666666666666
fixed_diffusion,mode=robust_hamres|steps=50|after=10|before=20|alpha_q=0.01|alpha_p=0.01|trust=0.0|ham_sigma=1.0|ham_delta=2.0,sinusoidal,100,11,0.6170397050571337,0.5898757325502626,0.7204206943438239,0.6594175973927334,0.9559769455932242,0.9153229530605675,1.0,0.9166666666666666
fixed_diffusion,mode=robust_hamres|steps=50|after=10|before=20|alpha_q=0.005|alpha_p=0.005|trust=0.0|ham_sigma=0.5|ham_delta=2.0,sinusoidal,100,11,0.6170397050571337,0.6118398482484729,0.7204206943438239,0.687911581828497,0.9915728975525501,0.9548748213778936,0.8333333333333334,1.0
fixed_diffusion,mode=robust_hamres|steps=30|after=15|before=20|alpha_q=0.005|alpha_p=0.005|trust=0.001|ham_sigma=0.5|ham_delta=2.0,sinusoidal,100,11,0.6170397050571337,0.612507708354989,0.7204206943438239,0.7050791871874167,0.9926552591915864,0.9787047939115898,0.8333333333333334,0.9166666666666666
fixed_diffusion,mode=robust_hamres|steps=50|after=10|before=20|alpha_q=0.01|alpha_p=0.01|trust=0.001|ham_sigma=0.5|ham_delta=2.0,sinusoidal,100,11,0.6170397050571337,0.5989581581190104,0.7204206943438239,0.6486665030008235,0.9706962991361325,0.9003995971987508,0.9166666666666666,1.0
fixed_diffusion,mode=robust_hamres|steps=30|after=10|before=20|alpha_q=0.01|alpha_p=0.01|trust=0.0|ham_sigma=1.0|ham_delta=2.0,sinusoidal,300,10,0.6042127046205124,0.6108473213155285,0.5016382299463372,0.5070993927151137,1.0109805977998811,1.0108866558463072,0.75,0.5833333333333334
fixed_diffusion,mode=one_step|steps=30|after=15|before=20|alpha_q=0.01|alpha_p=0.01|trust=0.0,sinusoidal,300,10,0.6042127046205124,0.6204803043956493,0.5016382299463372,0.5030429467192612,1.0269236307855427,1.0028002586108204,0.25,0.8333333333333334
fixed_diffusion,mode=robust_hamres|steps=30|after=15|before=20|alpha_q=0.01|alpha_p=0.01|trust=0.0|ham_sigma=0.5|ham_delta=2.0,sinusoidal,300,10,0.6042127046205124,0.6146063216772437,0.5016382299463372,0.5034041176575645,1.0172019174328009,1.0035202414923923,0.5833333333333334,0.75
fixed_diffusion,mode=robust_hamres|steps=50|after=15|before=20|alpha_q=0.005|alpha_p=0.005|trust=0.0|ham_sigma=1.0|ham_delta=1.0,sinusoidal,300,10,0.6042127046205124,0.6028973185421489,0.5016382299463372,0.5072075403244416,0.997822975140535,1.0111022446967413,0.8333333333333334,0.5833333333333334
fixed_diffusion,mode=one_step|steps=30|after=15|before=20|alpha_q=0.01|alpha_p=0.01|trust=0.001,sinusoidal,300,10,0.6042127046205124,0.6204807197491453,0.5016382299463372,0.5030438461518749,1.026924318214809,1.0028020516013862,0.25,0.8333333333333334
fixed_diffusion,mode=robust_hamres|steps=30|after=15|before=20|alpha_q=0.01|alpha_p=0.01|trust=0.001|ham_sigma=0.5|ham_delta=2.0,sinusoidal,300,10,0.6042127046205124,0.6146070754009876,0.5016382299463372,0.5034045470658098,1.017203164880493,1.0035210975041946,0.5833333333333334,0.75
fixed_diffusion,mode=robust_hamres|steps=50|after=15|before=20|alpha_q=0.005|alpha_p=0.005|trust=0.001|ham_sigma=0.5|ham_delta=2.0,sinusoidal,300,10,0.6042127046205124,0.6091771872369915,0.5016382299463372,0.5028489498728524,1.0082164485759981,1.0024135320121927,0.5,0.75
fixed_diffusion,mode=one_step|steps=50|after=10|before=20|alpha_q=0.01|alpha_p=0.01|trust=0.001,sinusoidal,300,10,0.6042127046205124,0.6420647955765102,0.5016382299463372,0.5032514142205411,1.0626469630091138,1.0032158320038256,0.25,0.75
fixed_diffusion,mode=robust_hamres|steps=50|after=10|before=20|alpha_q=0.01|alpha_p=0.01|trust=0.0|ham_sigma=1.0|ham_delta=2.0,sinusoidal,300,10,0.6042127046205124,0.6289070356557322,0.5016382299463372,0.5059357842178627,1.040870261161969,1.0085670389834227,0.9166666666666666,0.5833333333333334
fixed_diffusion,mode=robust_hamres|steps=50|after=10|before=20|alpha_q=0.005|alpha_p=0.005|trust=0.0|ham_sigma=0.5|ham_delta=2.0,sinusoidal,300,10,0.6042127046205124,0.6136768179797354,0.5016382299463372,0.5032035560596808,1.015663545779242,1.003120428268617,0.4166666666666667,0.75
fixed_diffusion,mode=robust_hamres|steps=30|after=15|before=20|alpha_q=0.005|alpha_p=0.005|trust=0.001|ham_sigma=0.5|ham_delta=2.0,sinusoidal,300,10,0.6042127046205124,0.6041654727648607,0.5016382299463372,0.5021059769930956,0.999921829092155,1.0009324389945486,0.5833333333333334,0.75
fixed_diffusion,mode=robust_hamres|steps=50|after=10|before=20|alpha_q=0.01|alpha_p=0.01|trust=0.001|ham_sigma=0.5|ham_delta=2.0,sinusoidal,300,10,0.6042127046205124,0.6369178021762707,0.5016382299463372,0.498985820394964,1.0541284506361042,0.9947125051620228,0.6666666666666666,0.8333333333333334
fixed_diffusion,mode=robust_hamres|steps=30|after=10|before=20|alpha_q=0.01|alpha_p=0.01|trust=0.0|ham_sigma=1.0|ham_delta=2.0,sinusoidal,300,11,0.6037161352362944,0.6057688446272003,0.4927045868352955,0.48627861370038705,1.0034001234538852,0.9869577566221104,0.75,0.5833333333333334
fixed_diffusion,mode=one_step|steps=30|after=15|before=20|alpha_q=0.01|alpha_p=0.01|trust=0.0,sinusoidal,300,11,0.6037161352362944,0.6072517735272884,0.4927045868352955,0.4878909845476749,1.0058564581673972,0.9902302466503529,0.5833333333333334,0.75
fixed_diffusion,mode=robust_hamres|steps=30|after=15|before=20|alpha_q=0.01|alpha_p=0.01|trust=0.0|ham_sigma=0.5|ham_delta=2.0,sinusoidal,300,11,0.6037161352362944,0.6076651835637088,0.4927045868352955,0.488156577170745,1.006541233697305,0.9907692970878089,0.6666666666666666,0.5833333333333334
fixed_diffusion,mode=robust_hamres|steps=50|after=15|before=20|alpha_q=0.005|alpha_p=0.005|trust=0.0|ham_sigma=1.0|ham_delta=1.0,sinusoidal,300,11,0.6037161352362944,0.6055454380203613,0.4927045868352955,0.48750815053309093,1.0030300710504465,0.9894532414735938,0.75,0.5833333333333334
fixed_diffusion,mode=one_step|steps=30|after=15|before=20|alpha_q=0.01|alpha_p=0.01|trust=0.001,sinusoidal,300,11,0.6037161352362944,0.6072518536797291,0.4927045868352955,0.48789017147546454,1.0058565909325097,0.9902285964278219,0.5833333333333334,0.75
fixed_diffusion,mode=robust_hamres|steps=30|after=15|before=20|alpha_q=0.01|alpha_p=0.01|trust=0.001|ham_sigma=0.5|ham_delta=2.0,sinusoidal,300,11,0.6037161352362944,0.6076650175416811,0.4927045868352955,0.4881562068542224,1.0065409586971552,0.9907685454883058,0.6666666666666666,0.5833333333333334
fixed_diffusion,mode=robust_hamres|steps=50|after=15|before=20|alpha_q=0.005|alpha_p=0.005|trust=0.001|ham_sigma=0.5|ham_delta=2.0,sinusoidal,300,11,0.6037161352362944,0.6071458985376676,0.4927045868352955,0.48880728642787097,1.0056810860290006,0.9920899855378709,0.6666666666666666,0.5833333333333334
fixed_diffusion,mode=one_step|steps=50|after=10|before=20|alpha_q=0.01|alpha_p=0.01|trust=0.001,sinusoidal,300,11,0.6037161352362944,0.6087836055061012,0.4927045868352955,0.4826812049252459,1.0083937963126055,0.9796564063378604,0.5833333333333334,0.75
fixed_diffusion,mode=robust_hamres|steps=50|after=10|before=20|alpha_q=0.01|alpha_p=0.01|trust=0.0|ham_sigma=1.0|ham_delta=2.0,sinusoidal,300,11,0.6037161352362944,0.592165095012479,0.4927045868352955,0.48804266178146355,0.980866769082966,0.9905380928483413,0.8333333333333334,0.5
fixed_diffusion,mode=robust_hamres|steps=50|after=10|before=20|alpha_q=0.005|alpha_p=0.005|trust=0.0|ham_sigma=0.5|ham_delta=2.0,sinusoidal,300,11,0.6037161352362944,0.607536301946954,0.4927045868352955,0.4881767173299386,1.0063277532066695,0.9908101738316666,0.6666666666666666,0.6666666666666666
fixed_diffusion,mode=robust_hamres|steps=30|after=15|before=20|alpha_q=0.005|alpha_p=0.005|trust=0.001|ham_sigma=0.5|ham_delta=2.0,sinusoidal,300,11,0.6037161352362944,0.605910168664927,0.4927045868352955,0.49032562830564586,1.0036342136652912,0.9951716330774796,0.5833333333333334,0.5833333333333334
fixed_diffusion,mode=robust_hamres|steps=50|after=10|before=20|alpha_q=0.01|alpha_p=0.01|trust=0.001|ham_sigma=0.5|ham_delta=2.0,sinusoidal,300,11,0.6037161352362944,0.6030385621142017,0.4927045868352955,0.4859859370013201,0.9988776627250032,0.9863637359718322,0.8333333333333334,0.75
fixed_diffusion,mode=robust_hamres|steps=30|after=10|before=20|alpha_q=0.01|alpha_p=0.01|trust=0.0|ham_sigma=1.0|ham_delta=2.0,sinusoidal,700,10,0.6306480040925719,0.6282606287671495,0.4762112532363636,0.4749912036846209,0.9962144091316715,0.9974380077256655,0.75,0.4166666666666667
fixed_diffusion,mode=one_step|steps=30|after=15|before=20|alpha_q=0.01|alpha_p=0.01|trust=0.0,sinusoidal,700,10,0.6306480040925719,0.6285534127902366,0.4762112532363636,0.474605424823452,0.9966786681496769,0.9966279074633406,0.75,0.5833333333333334
fixed_diffusion,mode=robust_hamres|steps=30|after=15|before=20|alpha_q=0.01|alpha_p=0.01|trust=0.0|ham_sigma=0.5|ham_delta=2.0,sinusoidal,700,10,0.6306480040925719,0.6282741658177856,0.4762112532363636,0.47400086556272025,0.9962358744348966,0.9953583884072008,0.6666666666666666,0.5833333333333334
fixed_diffusion,mode=robust_hamres|steps=50|after=15|before=20|alpha_q=0.005|alpha_p=0.005|trust=0.0|ham_sigma=1.0|ham_delta=1.0,sinusoidal,700,10,0.6306480040925719,0.6289325058505616,0.4762112532363636,0.4753350085412357,0.9972797848706764,0.9981599664242018,0.75,0.3333333333333333
fixed_diffusion,mode=one_step|steps=30|after=15|before=20|alpha_q=0.01|alpha_p=0.01|trust=0.001,sinusoidal,700,10,0.6306480040925719,0.6285527551739885,0.4762112532363636,0.4746044661890945,0.9966776253869252,0.9966258944190226,0.75,0.5833333333333334
fixed_diffusion,mode=robust_hamres|steps=30|after=15|before=20|alpha_q=0.01|alpha_p=0.01|trust=0.001|ham_sigma=0.5|ham_delta=2.0,sinusoidal,700,10,0.6306480040925719,0.6282742531969515,0.4762112532363636,0.47400078783494115,0.9962360129894711,0.9953582251859863,0.6666666666666666,0.5833333333333334
fixed_diffusion,mode=robust_hamres|steps=50|after=15|before=20|alpha_q=0.005|alpha_p=0.005|trust=0.001|ham_sigma=0.5|ham_delta=2.0,sinusoidal,700,10,0.6306480040925719,0.6288373842990872,0.4762112532363636,0.4746945990788082,0.9971289534229321,0.9968151652291958,0.6666666666666666,0.5833333333333334
fixed_diffusion,mode=one_step|steps=50|after=10|before=20|alpha_q=0.01|alpha_p=0.01|trust=0.001,sinusoidal,700,10,0.6306480040925719,0.6259175445265693,0.4762112532363636,0.47243695516962925,0.9924990493344871,0.9920743198715193,0.75,0.6666666666666666
fixed_diffusion,mode=robust_hamres|steps=50|after=10|before=20|alpha_q=0.01|alpha_p=0.01|trust=0.0|ham_sigma=1.0|ham_delta=2.0,sinusoidal,700,10,0.6306480040925719,0.6207366743046605,0.4762112532363636,0.4725642026208422,0.98428389573329,0.9923415278603019,0.9166666666666666,0.5
fixed_diffusion,mode=robust_hamres|steps=50|after=10|before=20|alpha_q=0.005|alpha_p=0.005|trust=0.0|ham_sigma=0.5|ham_delta=2.0,sinusoidal,700,10,0.6306480040925719,0.6286604621485439,0.4762112532363636,0.47475149662780464,0.9968484131700569,0.9969346448689771,0.6666666666666666,0.5833333333333334
fixed_diffusion,mode=robust_hamres|steps=30|after=15|before=20|alpha_q=0.005|alpha_p=0.005|trust=0.001|ham_sigma=0.5|ham_delta=2.0,sinusoidal,700,10,0.6306480040925719,0.6297178573308317,0.4762112532363636,0.47562450127302347,0.9985250936248049,0.9987678746368287,0.6666666666666666,0.5
fixed_diffusion,mode=robust_hamres|steps=50|after=10|before=20|alpha_q=0.01|alpha_p=0.01|trust=0.001|ham_sigma=0.5|ham_delta=2.0,sinusoidal,700,10,0.6306480040925719,0.6222423364901393,0.4762112532363636,0.47044055142893837,0.9866713799966315,0.9878820549321186,0.8333333333333334,0.5833333333333334
fixed_diffusion,mode=robust_hamres|steps=30|after=10|before=20|alpha_q=0.01|alpha_p=0.01|trust=0.0|ham_sigma=1.0|ham_delta=2.0,sinusoidal,700,11,0.5590938246752064,0.5658422639229943,0.5043146571368728,0.509132752627607,1.0120703161973006,1.0095537486816024,0.5833333333333334,0.3333333333333333
fixed_diffusion,mode=one_step|steps=30|after=15|before=20|alpha_q=0.01|alpha_p=0.01|trust=0.0,sinusoidal,700,11,0.5590938246752064,0.5573575294344024,0.5043146571368728,0.505900074880528,0.9968944474716518,1.003143707447759,0.5833333333333334,0.6666666666666666
fixed_diffusion,mode=robust_hamres|steps=30|after=15|before=20|alpha_q=0.01|alpha_p=0.01|trust=0.0|ham_sigma=0.5|ham_delta=2.0,sinusoidal,700,11,0.5590938246752064,0.5628010535494918,0.5043146571368728,0.507790292942049,1.0066307812940682,1.0068918001013658,0.5,0.4166666666666667
fixed_diffusion,mode=robust_hamres|steps=50|after=15|before=20|alpha_q=0.005|alpha_p=0.005|trust=0.0|ham_sigma=1.0|ham_delta=1.0,sinusoidal,700,11,0.5590938246752064,0.5647034898570241,0.5043146571368728,0.5085379521530102,1.010033495156339,1.0083743253470248,0.5833333333333334,0.3333333333333333
fixed_diffusion,mode=one_step|steps=30|after=15|before=20|alpha_q=0.01|alpha_p=0.01|trust=0.001,sinusoidal,700,11,0.5590938246752064,0.5573574570935395,0.5043146571368728,0.5059001190791069,0.9968943180821651,1.0031437950886362,0.5833333333333334,0.6666666666666666
fixed_diffusion,mode=robust_hamres|steps=30|after=15|before=20|alpha_q=0.01|alpha_p=0.01|trust=0.001|ham_sigma=0.5|ham_delta=2.0,sinusoidal,700,11,0.5590938246752064,0.5628005918291925,0.5043146571368728,0.5077869748797299,1.0066299554571891,1.006885220752001,0.5,0.4166666666666667
fixed_diffusion,mode=robust_hamres|steps=50|after=15|before=20|alpha_q=0.005|alpha_p=0.005|trust=0.001|ham_sigma=0.5|ham_delta=2.0,sinusoidal,700,11,0.5590938246752064,0.5616327412068995,0.5043146571368728,0.5073853068434673,1.0045411278387273,1.0060887576102335,0.4166666666666667,0.4166666666666667
fixed_diffusion,mode=one_step|steps=50|after=10|before=20|alpha_q=0.01|alpha_p=0.01|trust=0.001,sinusoidal,700,11,0.5590938246752064,0.5583947460264875,0.5043146571368728,0.5045988595645052,0.9987496219456099,1.0005635418753163,0.6666666666666666,0.6666666666666666
fixed_diffusion,mode=robust_hamres|steps=50|after=10|before=20|alpha_q=0.01|alpha_p=0.01|trust=0.0|ham_sigma=1.0|ham_delta=2.0,sinusoidal,700,11,0.5590938246752064,0.5843957422886829,0.5043146571368728,0.5096231523605477,1.0452552263981365,1.0105261569310964,0.6666666666666666,0.3333333333333333
fixed_diffusion,mode=robust_hamres|steps=50|after=10|before=20|alpha_q=0.005|alpha_p=0.005|trust=0.0|ham_sigma=0.5|ham_delta=2.0,sinusoidal,700,11,0.5590938246752064,0.5615037407626411,0.5043146571368728,0.508266959530378,1.0043103965400346,1.0078369770490976,0.3333333333333333,0.4166666666666667
fixed_diffusion,mode=robust_hamres|steps=30|after=15|before=20|alpha_q=0.005|alpha_p=0.005|trust=0.001|ham_sigma=0.5|ham_delta=2.0,sinusoidal,700,11,0.5590938246752064,0.560051220127293,0.5043146571368728,0.5062712373943736,1.0017124056997817,1.0038796815238502,0.3333333333333333,0.4166666666666667
fixed_diffusion,mode=robust_hamres|steps=50|after=10|before=20|alpha_q=0.01|alpha_p=0.01|trust=0.001|ham_sigma=0.5|ham_delta=2.0,sinusoidal,700,11,0.5590938246752064,0.5692789490212673,0.5043146571368728,0.5075508954241756,1.0182172005780563,1.006417101389985,0.6666666666666666,0.4166666666666667
fixed_diffusion,mode=robust_hamres|steps=30|after=10|before=20|alpha_q=0.01|alpha_p=0.01|trust=0.0|ham_sigma=1.0|ham_delta=2.0,sinusoidal,1000,10,0.15758768895295377,0.17703545818997302,0.07628538846258318,0.08145854882338821,1.1234091912016375,1.0678132531676416,0.6666666666666666,0.6666666666666666
fixed_diffusion,mode=one_step|steps=30|after=15|before=20|alpha_q=0.01|alpha_p=0.01|trust=0.0,sinusoidal,1000,10,0.15758768895295377,0.13899304937895657,0.07628538846258318,0.07379769509217124,0.8820044909755073,0.9673896479975046,0.5833333333333334,0.5833333333333334
fixed_diffusion,mode=robust_hamres|steps=30|after=15|before=20|alpha_q=0.01|alpha_p=0.01|trust=0.0|ham_sigma=0.5|ham_delta=2.0,sinusoidal,1000,10,0.15758768895295377,0.15503313972418836,0.07628538846258318,0.0780050937090338,0.9837896650065854,1.0225430489522134,0.5,0.5833333333333334
fixed_diffusion,mode=robust_hamres|steps=50|after=15|before=20|alpha_q=0.005|alpha_p=0.005|trust=0.0|ham_sigma=1.0|ham_delta=1.0,sinusoidal,1000,10,0.15758768895295377,0.17011038218326585,0.07628538846258318,0.08002491649779767,1.0794649208546399,1.049020239794003,0.5833333333333334,0.6666666666666666
fixed_diffusion,mode=one_step|steps=30|after=15|before=20|alpha_q=0.01|alpha_p=0.01|trust=0.001,sinusoidal,1000,10,0.15758768895295377,0.13898911381224388,0.07628538846258318,0.07379682420719835,0.8819795171546534,0.9673782318535951,0.5833333333333334,0.5833333333333334
fixed_diffusion,mode=robust_hamres|steps=30|after=15|before=20|alpha_q=0.01|alpha_p=0.01|trust=0.001|ham_sigma=0.5|ham_delta=2.0,sinusoidal,1000,10,0.15758768895295377,0.1550043178077402,0.07628538846258318,0.07795407214354008,0.9836067705391326,1.0218742240760217,0.5,0.5833333333333334
fixed_diffusion,mode=robust_hamres|steps=50|after=15|before=20|alpha_q=0.005|alpha_p=0.005|trust=0.001|ham_sigma=0.5|ham_delta=2.0,sinusoidal,1000,10,0.15758768895295377,0.1663918624809606,0.07628538846258318,0.08046839845516457,1.0558684094328918,1.054833698521875,0.5,0.5
fixed_diffusion,mode=one_step|steps=50|after=10|before=20|alpha_q=0.01|alpha_p=0.01|trust=0.001,sinusoidal,1000,10,0.15758768895295377,0.11527801251684432,0.07628538846258318,0.061298502995904613,0.7315166132759229,0.8035418607846586,0.5833333333333334,0.5833333333333334
fixed_diffusion,mode=robust_hamres|steps=50|after=10|before=20|alpha_q=0.01|alpha_p=0.01|trust=0.0|ham_sigma=1.0|ham_delta=2.0,sinusoidal,1000,10,0.15758768895295377,0.1627942618318411,0.07628538846258318,0.07846476368055717,1.0330392108259274,1.0285687110191875,0.6666666666666666,0.6666666666666666
fixed_diffusion,mode=robust_hamres|steps=50|after=10|before=20|alpha_q=0.005|alpha_p=0.005|trust=0.0|ham_sigma=0.5|ham_delta=2.0,sinusoidal,1000,10,0.15758768895295377,0.17760564424622166,0.07628538846258318,0.08439753231380237,1.1270274056702745,1.1063394185270234,0.5,0.5833333333333334
fixed_diffusion,mode=robust_hamres|steps=30|after=15|before=20|alpha_q=0.005|alpha_p=0.005|trust=0.001|ham_sigma=0.5|ham_delta=2.0,sinusoidal,1000,10,0.15758768895295377,0.1878640078553034,0.07628538846258318,0.08379768566481866,1.1921236303642242,1.098476226622614,0.5,0.5833333333333334
fixed_diffusion,mode=robust_hamres|steps=50|after=10|before=20|alpha_q=0.01|alpha_p=0.01|trust=0.001|ham_sigma=0.5|ham_delta=2.0,sinusoidal,1000,10,0.15758768895295377,0.13749226158850295,0.07628538846258318,0.07509710709088524,0.8724809818713052,0.9844232113692287,0.5833333333333334,0.5833333333333334
fixed_diffusion,mode=robust_hamres|steps=30|after=10|before=20|alpha_q=0.01|alpha_p=0.01|trust=0.0|ham_sigma=1.0|ham_delta=2.0,sinusoidal,1000,11,0.17817649274098846,0.16156388557388418,0.08901595690212633,0.08535348864965811,0.9067631935529583,0.958856048062314,0.75,0.8333333333333334
fixed_diffusion,mode=one_step|steps=30|after=15|before=20|alpha_q=0.01|alpha_p=0.01|trust=0.0,sinusoidal,1000,11,0.17817649274098846,0.1457452316098873,0.08901595690212633,0.06878083007142052,0.8179823800985587,0.7726797808514886,0.75,0.8333333333333334
fixed_diffusion,mode=robust_hamres|steps=30|after=15|before=20|alpha_q=0.01|alpha_p=0.01|trust=0.0|ham_sigma=0.5|ham_delta=2.0,sinusoidal,1000,11,0.17817649274098846,0.15181699369692694,0.08901595690212633,0.07034197465963354,0.8520596143825786,0.7902175869094464,0.8333333333333334,0.9166666666666666
fixed_diffusion,mode=robust_hamres|steps=50|after=15|before=20|alpha_q=0.005|alpha_p=0.005|trust=0.0|ham_sigma=1.0|ham_delta=1.0,sinusoidal,1000,11,0.17817649274098846,0.1650286417681392,0.08901595690212633,0.08846827173333716,0.9262088350119113,0.9938473371758352,0.8333333333333334,0.8333333333333334
fixed_diffusion,mode=one_step|steps=30|after=15|before=20|alpha_q=0.01|alpha_p=0.01|trust=0.001,sinusoidal,1000,11,0.17817649274098846,0.14575188675531575,0.08901595690212633,0.06878528770733155,0.8180197315208819,0.7727298576699172,0.75,0.8333333333333334
fixed_diffusion,mode=robust_hamres|steps=30|after=15|before=20|alpha_q=0.01|alpha_p=0.01|trust=0.001|ham_sigma=0.5|ham_delta=2.0,sinusoidal,1000,11,0.17817649274098846,0.15181752006312116,0.08901595690212633,0.07034415978547667,0.8520625685668602,0.7902421344840518,0.8333333333333334,0.9166666666666666
fixed_diffusion,mode=robust_hamres|steps=50|after=15|before=20|alpha_q=0.005|alpha_p=0.005|trust=0.001|ham_sigma=0.5|ham_delta=2.0,sinusoidal,1000,11,0.17817649274098846,0.15815400291753007,0.08901595690212633,0.07216939126167723,0.8876255250317185,0.8107466770371069,0.8333333333333334,0.9166666666666666
fixed_diffusion,mode=one_step|steps=50|after=10|before=20|alpha_q=0.01|alpha_p=0.01|trust=0.001,sinusoidal,1000,11,0.17817649274098846,0.14726578212897723,0.08901595690212633,0.06607988716021568,0.8265163370515689,0.7423375477822587,0.75,0.8333333333333334
fixed_diffusion,mode=robust_hamres|steps=50|after=10|before=20|alpha_q=0.01|alpha_p=0.01|trust=0.0|ham_sigma=1.0|ham_delta=2.0,sinusoidal,1000,11,0.17817649274098846,0.15753435007787897,0.08901595690212633,0.07275682576110876,0.884147777602085,0.8173458814929709,0.75,0.8333333333333334
fixed_diffusion,mode=robust_hamres|steps=50|after=10|before=20|alpha_q=0.005|alpha_p=0.005|trust=0.0|ham_sigma=0.5|ham_delta=2.0,sinusoidal,1000,11,0.17817649274098846,0.15894116539662884,0.08901595690212633,0.07237370325090037,0.8920434056791003,0.8130419058515067,0.8333333333333334,0.9166666666666666
fixed_diffusion,mode=robust_hamres|steps=30|after=15|before=20|alpha_q=0.005|alpha_p=0.005|trust=0.001|ham_sigma=0.5|ham_delta=2.0,sinusoidal,1000,11,0.17817649274098846,0.16793702861325033,0.08901595690212633,0.07964463290065596,0.9425319021032531,0.8947230999069729,0.8333333333333334,0.8333333333333334
fixed_diffusion,mode=robust_hamres|steps=50|after=10|before=20|alpha_q=0.01|alpha_p=0.01|trust=0.001|ham_sigma=0.5|ham_delta=2.0,sinusoidal,1000,11,0.17817649274098846,0.14236827111976547,0.08901595690212633,0.06882300734477667,0.7990294843592153,0.7731535978481707,0.9166666666666666,0.9166666666666666
fixed_diffusion,mode=robust_hamres|steps=30|after=10|before=20|alpha_q=0.01|alpha_p=0.01|trust=0.0|ham_sigma=1.0|ham_delta=2.0,gp,100,10,0.6044130921833523,0.5820661518210434,0.7179981555121173,0.6822092663688817,0.9630270411886945,0.9501546224478683,0.75,1.0
fixed_diffusion,mode=one_step|steps=30|after=15|before=20|alpha_q=0.01|alpha_p=0.01|trust=0.0,gp,100,10,0.6044130921833523,0.6026783578026429,0.7179981555121173,0.6920085165327017,0.9971298861604024,0.9638026382381465,0.8333333333333334,1.0
fixed_diffusion,mode=robust_hamres|steps=30|after=15|before=20|alpha_q=0.01|alpha_p=0.01|trust=0.0|ham_sigma=0.5|ham_delta=2.0,gp,100,10,0.6044130921833523,0.5889879532581264,0.7179981555121173,0.6926463061874608,0.974479144934626,0.9646909269473344,0.6666666666666666,1.0
fixed_diffusion,mode=robust_hamres|steps=50|after=15|before=20|alpha_q=0.005|alpha_p=0.005|trust=0.0|ham_sigma=1.0|ham_delta=1.0,gp,100,10,0.6044130921833523,0.5822753453201358,0.7179981555121173,0.6945289106455249,0.96337315132727,0.967312945463136,0.75,1.0
fixed_diffusion,mode=one_step|steps=30|after=15|before=20|alpha_q=0.01|alpha_p=0.01|trust=0.001,gp,100,10,0.6044130921833523,0.6026783903845867,0.7179981555121173,0.6920083521442226,0.9971299400671497,0.9638024092842449,0.8333333333333334,1.0
fixed_diffusion,mode=robust_hamres|steps=30|after=15|before=20|alpha_q=0.01|alpha_p=0.01|trust=0.001|ham_sigma=0.5|ham_delta=2.0,gp,100,10,0.6044130921833523,0.5889881561618568,0.7179981555121173,0.6926458712035197,0.9744794806383575,0.9646903211185621,0.6666666666666666,1.0
fixed_diffusion,mode=robust_hamres|steps=50|after=15|before=20|alpha_q=0.005|alpha_p=0.005|trust=0.001|ham_sigma=0.5|ham_delta=2.0,gp,100,10,0.6044130921833523,0.5902767198626145,0.7179981555121173,0.6973513893773815,0.976611406166481,0.9712439844361308,0.6666666666666666,1.0
fixed_diffusion,mode=one_step|steps=50|after=10|before=20|alpha_q=0.01|alpha_p=0.01|trust=0.001,gp,100,10,0.6044130921833523,0.5988290524747157,0.7179981555121173,0.6698144164658058,0.9907612198000791,0.9328915559512209,0.5833333333333334,1.0
fixed_diffusion,mode=robust_hamres|steps=50|after=10|before=20|alpha_q=0.01|alpha_p=0.01|trust=0.0|ham_sigma=1.0|ham_delta=2.0,gp,100,10,0.6044130921833523,0.5646027660436912,0.7179981555121173,0.663925990520871,0.9341339116334291,0.9246903845418949,1.0,1.0
fixed_diffusion,mode=robust_hamres|steps=50|after=10|before=20|alpha_q=0.005|alpha_p=0.005|trust=0.0|ham_sigma=0.5|ham_delta=2.0,gp,100,10,0.6044130921833523,0.591627299183314,0.7179981555121173,0.690994718727385,0.9788459363878909,0.9623906599516654,0.6666666666666666,1.0
fixed_diffusion,mode=robust_hamres|steps=30|after=15|before=20|alpha_q=0.005|alpha_p=0.005|trust=0.001|ham_sigma=0.5|ham_delta=2.0,gp,100,10,0.6044130921833523,0.6016198974059116,0.7179981555121173,0.7058181439370119,0.9953786659925736,0.9830361519990007,0.6666666666666666,1.0
fixed_diffusion,mode=robust_hamres|steps=50|after=10|before=20|alpha_q=0.01|alpha_p=0.01|trust=0.001|ham_sigma=0.5|ham_delta=2.0,gp,100,10,0.6044130921833523,0.5775464125277684,0.7179981555121173,0.6672517155788273,0.9555491434533094,0.9293223254910805,0.8333333333333334,1.0
fixed_diffusion,mode=robust_hamres|steps=30|after=10|before=20|alpha_q=0.01|alpha_p=0.01|trust=0.0|ham_sigma=1.0|ham_delta=2.0,gp,100,11,0.6510292097578596,0.623903853040189,0.7315251961228806,0.6879212620812738,0.9583346548647803,0.9403931207390944,1.0,0.6666666666666666
fixed_diffusion,mode=one_step|steps=30|after=15|before=20|alpha_q=0.01|alpha_p=0.01|trust=0.0,gp,100,11,0.6510292097578596,0.6275064651215745,0.7315251961228806,0.6989483743183665,0.9638683729029085,0.9554672593956124,0.75,0.8333333333333334
fixed_diffusion,mode=robust_hamres|steps=30|after=15|before=20|alpha_q=0.01|alpha_p=0.01|trust=0.0|ham_sigma=0.5|ham_delta=2.0,gp,100,11,0.6510292097578596,0.6373421633979164,0.7315251961228806,0.6930990840437723,0.9789762945275007,0.9474712391551671,0.8333333333333334,0.8333333333333334
fixed_diffusion,mode=robust_hamres|steps=50|after=15|before=20|alpha_q=0.005|alpha_p=0.005|trust=0.0|ham_sigma=1.0|ham_delta=1.0,gp,100,11,0.6510292097578596,0.6365204631883528,0.7315251961228806,0.7036845335707355,0.9777141388557617,0.9619416218338043,0.8333333333333334,0.75
fixed_diffusion,mode=one_step|steps=30|after=15|before=20|alpha_q=0.01|alpha_p=0.01|trust=0.001,gp,100,11,0.6510292097578596,0.6275067242464765,0.7315251961228806,0.6989502190359754,0.9638687709263737,0.9554697811373359,0.75,0.8333333333333334
fixed_diffusion,mode=robust_hamres|steps=30|after=15|before=20|alpha_q=0.01|alpha_p=0.01|trust=0.001|ham_sigma=0.5|ham_delta=2.0,gp,100,11,0.6510292097578596,0.6373420057447641,0.7315251961228806,0.6930988327649608,0.9789760523676253,0.9474708956552946,0.8333333333333334,0.8333333333333334
fixed_diffusion,mode=robust_hamres|steps=50|after=15|before=20|alpha_q=0.005|alpha_p=0.005|trust=0.001|ham_sigma=0.5|ham_delta=2.0,gp,100,11,0.6510292097578596,0.6424101454075093,0.7315251961228806,0.7001100348739348,0.9867608638427205,0.9570552574054213,0.9166666666666666,0.8333333333333334
fixed_diffusion,mode=one_step|steps=50|after=10|before=20|alpha_q=0.01|alpha_p=0.01|trust=0.001,gp,100,11,0.6510292097578596,0.6152951130980815,0.7315251961228806,0.6668729367935549,0.9451113773019971,0.9116199145675558,0.75,0.8333333333333334
fixed_diffusion,mode=robust_hamres|steps=50|after=10|before=20|alpha_q=0.01|alpha_p=0.01|trust=0.0|ham_sigma=1.0|ham_delta=2.0,gp,100,11,0.6510292097578596,0.6026764286948524,0.7315251961228806,0.6510451588982964,0.9257287071942727,0.8899832327702007,0.9166666666666666,0.6666666666666666
fixed_diffusion,mode=robust_hamres|steps=50|after=10|before=20|alpha_q=0.005|alpha_p=0.005|trust=0.0|ham_sigma=0.5|ham_delta=2.0,gp,100,11,0.6510292097578596,0.6404744943043447,0.7315251961228806,0.6906411969947124,0.9837876468592851,0.9441112905681781,0.9166666666666666,0.8333333333333334
fixed_diffusion,mode=robust_hamres|steps=30|after=15|before=20|alpha_q=0.005|alpha_p=0.005|trust=0.001|ham_sigma=0.5|ham_delta=2.0,gp,100,11,0.6510292097578596,0.6494261351440873,0.7315251961228806,0.7128343078869235,0.9975376302787267,0.9744494265747513,0.9166666666666666,0.8333333333333334
fixed_diffusion,mode=robust_hamres|steps=50|after=10|before=20|alpha_q=0.01|alpha_p=0.01|trust=0.001|ham_sigma=0.5|ham_delta=2.0,gp,100,11,0.6510292097578596,0.6091495904333957,0.7315251961228806,0.648557683220793,0.9356716738715296,0.8865828363235887,0.9166666666666666,0.75
fixed_diffusion,mode=robust_hamres|steps=30|after=10|before=20|alpha_q=0.01|alpha_p=0.01|trust=0.0|ham_sigma=1.0|ham_delta=2.0,gp,300,10,0.6436868837770029,0.6423660169457736,0.5237648266076441,0.5210509710569258,0.9979479668383503,0.9948185609020452,0.6666666666666666,0.9166666666666666
fixed_diffusion,mode=one_step|steps=30|after=15|before=20|alpha_q=0.01|alpha_p=0.01|trust=0.0,gp,300,10,0.6436868837770029,0.6478457768569502,0.5237648266076441,0.5200381490248829,1.0064610499060411,0.9928848265606179,0.25,0.9166666666666666
fixed_diffusion,mode=robust_hamres|steps=30|after=15|before=20|alpha_q=0.01|alpha_p=0.01|trust=0.0|ham_sigma=0.5|ham_delta=2.0,gp,300,10,0.6436868837770029,0.6464249501165659,0.5237648266076441,0.5191150680851746,1.0042537239899882,0.9911224307432299,0.4166666666666667,0.9166666666666666
fixed_diffusion,mode=robust_hamres|steps=50|after=15|before=20|alpha_q=0.005|alpha_p=0.005|trust=0.0|ham_sigma=1.0|ham_delta=1.0,gp,300,10,0.6436868837770029,0.6431899487329187,0.5237648266076441,0.5219529501540344,0.9992279863756609,0.996540667945679,0.75,0.9166666666666666
fixed_diffusion,mode=one_step|steps=30|after=15|before=20|alpha_q=0.01|alpha_p=0.01|trust=0.001,gp,300,10,0.6436868837770029,0.6478454398593553,0.5237648266076441,0.5200376995259133,1.006460526363301,0.9928839683529898,0.25,0.9166666666666666
fixed_diffusion,mode=robust_hamres|steps=30|after=15|before=20|alpha_q=0.01|alpha_p=0.01|trust=0.001|ham_sigma=0.5|ham_delta=2.0,gp,300,10,0.6436868837770029,0.6464247442584705,0.5237648266076441,0.519114859578464,1.004253404179067,0.9911220326509947,0.4166666666666667,0.9166666666666666
fixed_diffusion,mode=robust_hamres|steps=50|after=15|before=20|alpha_q=0.005|alpha_p=0.005|trust=0.001|ham_sigma=0.5|ham_delta=2.0,gp,300,10,0.6436868837770029,0.6461414978970474,0.5237648266076441,0.5198498997081681,1.0038133666879174,0.9925254108321239,0.4166666666666667,0.9166666666666666
fixed_diffusion,mode=one_step|steps=50|after=10|before=20|alpha_q=0.01|alpha_p=0.01|trust=0.001,gp,300,10,0.6436868837770029,0.6605312364705485,0.5237648266076441,0.5126535231508316,1.026168550452212,0.9787857013446684,0.25,0.9166666666666666
fixed_diffusion,mode=robust_hamres|steps=50|after=10|before=20|alpha_q=0.01|alpha_p=0.01|trust=0.0|ham_sigma=1.0|ham_delta=2.0,gp,300,10,0.6436868837770029,0.6327898471248662,0.5237648266076441,0.5168663097967731,0.9830709046171712,0.9868289803735928,0.6666666666666666,0.8333333333333334
fixed_diffusion,mode=robust_hamres|steps=50|after=10|before=20|alpha_q=0.005|alpha_p=0.005|trust=0.0|ham_sigma=0.5|ham_delta=2.0,gp,300,10,0.6436868837770029,0.646655593236322,0.5237648266076441,0.519335863613097,1.0046120396952933,0.9915439854500484,0.4166666666666667,0.9166666666666666
fixed_diffusion,mode=robust_hamres|steps=30|after=15|before=20|alpha_q=0.005|alpha_p=0.005|trust=0.001|ham_sigma=0.5|ham_delta=2.0,gp,300,10,0.6436868837770029,0.6452494006805956,0.5237648266076441,0.5214967702699859,1.0024274487223108,0.9956697047559528,0.3333333333333333,0.9166666666666666
fixed_diffusion,mode=robust_hamres|steps=50|after=10|before=20|alpha_q=0.01|alpha_p=0.01|trust=0.001|ham_sigma=0.5|ham_delta=2.0,gp,300,10,0.6436868837770029,0.6513557244318269,0.5237648266076441,0.5154338371980074,1.0119139302789968,0.9840940265813658,0.5833333333333334,0.8333333333333334
fixed_diffusion,mode=robust_hamres|steps=30|after=10|before=20|alpha_q=0.01|alpha_p=0.01|trust=0.0|ham_sigma=1.0|ham_delta=2.0,gp,300,11,0.6068591829780011,0.6077893890786858,0.5317316427647647,0.5371969050487251,1.0015328203424723,1.0102782340647314,0.75,0.5
fixed_diffusion,mode=one_step|steps=30|after=15|before=20|alpha_q=0.01|alpha_p=0.01|trust=0.0,gp,300,11,0.6068591829780011,0.6085379595780498,0.5317316427647647,0.5288591038410426,1.002766336321732,0.994597765691005,0.5,0.75
fixed_diffusion,mode=robust_hamres|steps=30|after=15|before=20|alpha_q=0.01|alpha_p=0.01|trust=0.0|ham_sigma=0.5|ham_delta=2.0,gp,300,11,0.6068591829780011,0.6078109668374733,0.5317316427647647,0.5359106013085433,1.0015683767934458,1.0078591496305351,0.75,0.5833333333333334
fixed_diffusion,mode=robust_hamres|steps=50|after=15|before=20|alpha_q=0.005|alpha_p=0.005|trust=0.0|ham_sigma=1.0|ham_delta=1.0,gp,300,11,0.6068591829780011,0.6079527706407324,0.5317316427647647,0.5363654017932173,1.001802045175233,1.008714469209241,0.75,0.5
fixed_diffusion,mode=one_step|steps=30|after=15|before=20|alpha_q=0.01|alpha_p=0.01|trust=0.001,gp,300,11,0.6068591829780011,0.6085379649405431,0.5317316427647647,0.5288598467417606,1.0027663451582027,0.9945991628256838,0.5,0.75
fixed_diffusion,mode=robust_hamres|steps=30|after=15|before=20|alpha_q=0.01|alpha_p=0.01|trust=0.001|ham_sigma=0.5|ham_delta=2.0,gp,300,11,0.6068591829780011,0.6078112437298611,0.5317316427647647,0.5359109292227391,1.001568833064679,1.0078597663216806,0.75,0.5833333333333334
fixed_diffusion,mode=robust_hamres|steps=50|after=15|before=20|alpha_q=0.005|alpha_p=0.005|trust=0.001|ham_sigma=0.5|ham_delta=2.0,gp,300,11,0.6068591829780011,0.6077802751710869,0.5317316427647647,0.5352707373915921,1.0015178021836397,1.0066557908956213,0.5833333333333334,0.5833333333333334
fixed_diffusion,mode=one_step|steps=50|after=10|before=20|alpha_q=0.01|alpha_p=0.01|trust=0.001,gp,300,11,0.6068591829780011,0.6099339864620623,0.5317316427647647,0.5274288071753137,1.005066749536478,0.9919078812630405,0.75,0.6666666666666666
fixed_diffusion,mode=robust_hamres|steps=50|after=10|before=20|alpha_q=0.01|alpha_p=0.01|trust=0.0|ham_sigma=1.0|ham_delta=2.0,gp,300,11,0.6068591829780011,0.6014605997429979,0.5317316427647647,0.5402990943653843,0.9911040594153803,1.0161123599040913,0.8333333333333334,0.4166666666666667
fixed_diffusion,mode=robust_hamres|steps=50|after=10|before=20|alpha_q=0.005|alpha_p=0.005|trust=0.0|ham_sigma=0.5|ham_delta=2.0,gp,300,11,0.6068591829780011,0.6079702789244179,0.5317316427647647,0.5349784736629376,1.0018308958281958,1.006106145726613,0.5833333333333334,0.5833333333333334
fixed_diffusion,mode=robust_hamres|steps=30|after=15|before=20|alpha_q=0.005|alpha_p=0.005|trust=0.001|ham_sigma=0.5|ham_delta=2.0,gp,300,11,0.6068591829780011,0.6075768009843028,0.5317316427647647,0.5338214893152229,1.0011825115717623,1.0039302655369386,0.5833333333333334,0.5833333333333334
fixed_diffusion,mode=robust_hamres|steps=50|after=10|before=20|alpha_q=0.01|alpha_p=0.01|trust=0.001|ham_sigma=0.5|ham_delta=2.0,gp,300,11,0.6068591829780011,0.6057628149234875,0.5317316427647647,0.5376622283202905,0.9981933732152928,1.0111533433005595,0.75,0.5833333333333334
fixed_diffusion,mode=robust_hamres|steps=30|after=10|before=20|alpha_q=0.01|alpha_p=0.01|trust=0.0|ham_sigma=1.0|ham_delta=2.0,gp,700,10,0.5776238018754546,0.5796082787061698,0.46972437262865885,0.47020822253191485,1.003435587010563,1.0010300719559182,0.75,0.5833333333333334
fixed_diffusion,mode=one_step|steps=30|after=15|before=20|alpha_q=0.01|alpha_p=0.01|trust=0.0,gp,700,10,0.5776238018754546,0.5791822109207279,0.46972437262865885,0.46884483519824716,1.0026979654235393,0.9981275456806943,0.6666666666666666,0.6666666666666666
fixed_diffusion,mode=robust_hamres|steps=30|after=15|before=20|alpha_q=0.01|alpha_p=0.01|trust=0.0|ham_sigma=0.5|ham_delta=2.0,gp,700,10,0.5776238018754546,0.5792516888673264,0.46972437262865885,0.4694760885358856,1.002818247770584,0.9994714259952411,0.75,0.6666666666666666
fixed_diffusion,mode=robust_hamres|steps=50|after=15|before=20|alpha_q=0.005|alpha_p=0.005|trust=0.0|ham_sigma=1.0|ham_delta=1.0,gp,700,10,0.5776238018754546,0.5791406345439972,0.46972437262865885,0.47039693035879804,1.0026259871279848,1.0014318135684028,0.75,0.5833333333333334
fixed_diffusion,mode=one_step|steps=30|after=15|before=20|alpha_q=0.01|alpha_p=0.01|trust=0.001,gp,700,10,0.5776238018754546,0.5791844730790594,0.46972437262865885,0.4688449600071637,1.0027018817412605,0.9981278113874019,0.6666666666666666,0.6666666666666666
fixed_diffusion,mode=robust_hamres|steps=30|after=15|before=20|alpha_q=0.01|alpha_p=0.01|trust=0.001|ham_sigma=0.5|ham_delta=2.0,gp,700,10,0.5776238018754546,0.579246699822785,0.46972437262865885,0.4694754505097314,1.0028096105840187,0.9994700676962227,0.75,0.6666666666666666
fixed_diffusion,mode=robust_hamres|steps=50|after=15|before=20|alpha_q=0.005|alpha_p=0.005|trust=0.001|ham_sigma=0.5|ham_delta=2.0,gp,700,10,0.5776238018754546,0.5788557951673539,0.46972437262865885,0.4698415556522402,1.002132864483595,1.000249471882682,0.8333333333333334,0.6666666666666666
fixed_diffusion,mode=one_step|steps=50|after=10|before=20|alpha_q=0.01|alpha_p=0.01|trust=0.001,gp,700,10,0.5776238018754546,0.5834000184471869,0.46972437262865885,0.46631090168805645,1.009999962870259,0.9927330342228144,0.75,0.6666666666666666
fixed_diffusion,mode=robust_hamres|steps=50|after=10|before=20|alpha_q=0.01|alpha_p=0.01|trust=0.0|ham_sigma=1.0|ham_delta=2.0,gp,700,10,0.5776238018754546,0.5841260524075129,0.46972437262865885,0.46702516643087966,1.011256895077638,0.9942536381864242,0.75,0.75
fixed_diffusion,mode=robust_hamres|steps=50|after=10|before=20|alpha_q=0.005|alpha_p=0.005|trust=0.0|ham_sigma=0.5|ham_delta=2.0,gp,700,10,0.5776238018754546,0.5791973066408194,0.46972437262865885,0.46987340572260083,1.002724099596062,1.00031727775399,0.75,0.6666666666666666
fixed_diffusion,mode=robust_hamres|steps=30|after=15|before=20|alpha_q=0.005|alpha_p=0.005|trust=0.001|ham_sigma=0.5|ham_delta=2.0,gp,700,10,0.5776238018754546,0.5782482886505389,0.46972437262865885,0.4701299737443323,1.0010811306131373,1.000863487481826,0.6666666666666666,0.5833333333333334
fixed_diffusion,mode=robust_hamres|steps=50|after=10|before=20|alpha_q=0.01|alpha_p=0.01|trust=0.001|ham_sigma=0.5|ham_delta=2.0,gp,700,10,0.5776238018754546,0.5855946906722587,0.46972437262865885,0.46550194068242945,1.0137994465791123,0.991010830622648,0.75,0.75
fixed_diffusion,mode=robust_hamres|steps=30|after=10|before=20|alpha_q=0.01|alpha_p=0.01|trust=0.0|ham_sigma=1.0|ham_delta=2.0,gp,700,11,0.5545456384280286,0.5543370675497169,0.4874050199203044,0.4914645311546728,0.9996238887048089,1.0083288252448286,0.5,0.25
fixed_diffusion,mode=one_step|steps=30|after=15|before=20|alpha_q=0.01|alpha_p=0.01|trust=0.0,gp,700,11,0.5545456384280286,0.5542737899701672,0.4874050199203044,0.4893379386630838,0.9995097816319825,1.0039657341713375,0.6666666666666666,0.4166666666666667
fixed_diffusion,mode=robust_hamres|steps=30|after=15|before=20|alpha_q=0.01|alpha_p=0.01|trust=0.0|ham_sigma=0.5|ham_delta=2.0,gp,700,11,0.5545456384280286,0.5536149266507387,0.4874050199203044,0.49022019556985685,0.9983216678433751,1.0057758445943228,0.6666666666666666,0.3333333333333333
fixed_diffusion,mode=robust_hamres|steps=50|after=15|before=20|alpha_q=0.005|alpha_p=0.005|trust=0.0|ham_sigma=1.0|ham_delta=1.0,gp,700,11,0.5545456384280286,0.5539474205181465,0.4874050199203044,0.49033866486613603,0.9989212467497213,1.0060189058912674,0.4166666666666667,0.16666666666666666
fixed_diffusion,mode=one_step|steps=30|after=15|before=20|alpha_q=0.01|alpha_p=0.01|trust=0.001,gp,700,11,0.5545456384280286,0.5542748719733384,0.4874050199203044,0.4893380352126284,0.9995117327845949,1.0039659322602794,0.6666666666666666,0.4166666666666667
fixed_diffusion,mode=robust_hamres|steps=30|after=15|before=20|alpha_q=0.01|alpha_p=0.01|trust=0.001|ham_sigma=0.5|ham_delta=2.0,gp,700,11,0.5545456384280286,0.5536154708436691,0.4874050199203044,0.4902201261053412,0.9983226491745635,1.0057757020752416,0.6666666666666666,0.3333333333333333
fixed_diffusion,mode=robust_hamres|steps=50|after=15|before=20|alpha_q=0.005|alpha_p=0.005|trust=0.001|ham_sigma=0.5|ham_delta=2.0,gp,700,11,0.5545456384280286,0.5539313943499113,0.4874050199203044,0.48965923808802947,0.998892347111667,1.0046249383481805,0.6666666666666666,0.3333333333333333
fixed_diffusion,mode=one_step|steps=50|after=10|before=20|alpha_q=0.01|alpha_p=0.01|trust=0.001,gp,700,11,0.5545456384280286,0.5519649208466133,0.4874050199203044,0.4922573453167186,0.9953462485274776,1.0099554276178928,0.6666666666666666,0.4166666666666667
fixed_diffusion,mode=robust_hamres|steps=50|after=10|before=20|alpha_q=0.01|alpha_p=0.01|trust=0.0|ham_sigma=1.0|ham_delta=2.0,gp,700,11,0.5545456384280286,0.5561443165599178,0.4874050199203044,0.4938021892992766,1.0028828612491136,1.0131249558734914,0.5,0.25
fixed_diffusion,mode=robust_hamres|steps=50|after=10|before=20|alpha_q=0.005|alpha_p=0.005|trust=0.0|ham_sigma=0.5|ham_delta=2.0,gp,700,11,0.5545456384280286,0.5545286854903572,0.4874050199203044,0.4906523890753278,0.9999694291389262,1.0066625681359507,0.5833333333333334,0.3333333333333333
fixed_diffusion,mode=robust_hamres|steps=30|after=15|before=20|alpha_q=0.005|alpha_p=0.005|trust=0.001|ham_sigma=0.5|ham_delta=2.0,gp,700,11,0.5545456384280286,0.5542360168736719,0.4874050199203044,0.48857896391690103,0.9994416662346594,1.002408559511325,0.6666666666666666,0.4166666666666667
fixed_diffusion,mode=robust_hamres|steps=50|after=10|before=20|alpha_q=0.01|alpha_p=0.01|trust=0.001|ham_sigma=0.5|ham_delta=2.0,gp,700,11,0.5545456384280286,0.5518097764104415,0.4874050199203044,0.4942113191652189,0.9950664799648546,1.0139643601660635,0.5833333333333334,0.25
fixed_diffusion,mode=robust_hamres|steps=30|after=10|before=20|alpha_q=0.01|alpha_p=0.01|trust=0.0|ham_sigma=1.0|ham_delta=2.0,gp,1000,10,0.21624198201300665,0.20542951926380087,0.07721729268233724,0.06997062227689582,0.9499983183258308,0.9061522341212692,0.5,0.5
fixed_diffusion,mode=one_step|steps=30|after=15|before=20|alpha_q=0.01|alpha_p=0.01|trust=0.0,gp,1000,10,0.21624198201300665,0.1984329176731846,0.07721729268233724,0.06944542322713057,0.9176428916622174,0.8993506611636954,0.5,0.5
fixed_diffusion,mode=robust_hamres|steps=30|after=15|before=20|alpha_q=0.01|alpha_p=0.01|trust=0.0|ham_sigma=0.5|ham_delta=2.0,gp,1000,10,0.21624198201300665,0.20357938579772383,0.07721729268233724,0.06726302900590059,0.941442470618304,0.8710876368407876,0.5,0.5
fixed_diffusion,mode=robust_hamres|steps=50|after=15|before=20|alpha_q=0.005|alpha_p=0.005|trust=0.0|ham_sigma=1.0|ham_delta=1.0,gp,1000,10,0.21624198201300665,0.20480978052380933,0.07721729268233724,0.06782507965695422,0.9471323681795069,0.8783664552444042,0.5,0.5
fixed_diffusion,mode=one_step|steps=30|after=15|before=20|alpha_q=0.01|alpha_p=0.01|trust=0.001,gp,1000,10,0.21624198201300665,0.19841709890561965,0.07721729268233724,0.06944425314395511,0.9175697385796489,0.8993355080401552,0.5,0.5
fixed_diffusion,mode=robust_hamres|steps=30|after=15|before=20|alpha_q=0.01|alpha_p=0.01|trust=0.001|ham_sigma=0.5|ham_delta=2.0,gp,1000,10,0.21624198201300665,0.20355921660922366,0.07721729268233724,0.06726699598495675,0.9413491992363437,0.8711390110721076,0.5,0.5
fixed_diffusion,mode=robust_hamres|steps=50|after=15|before=20|alpha_q=0.005|alpha_p=0.005|trust=0.001|ham_sigma=0.5|ham_delta=2.0,gp,1000,10,0.21624198201300665,0.20338289858743405,0.07721729268233724,0.06791413718995977,0.940533825551048,0.8795197918858727,0.5,0.5
fixed_diffusion,mode=one_step|steps=50|after=10|before=20|alpha_q=0.01|alpha_p=0.01|trust=0.001,gp,1000,10,0.21624198201300665,0.2054226834213892,0.07721729268233724,0.06797773820587184,0.9499667063217785,0.8803434547430221,0.4166666666666667,0.4166666666666667
fixed_diffusion,mode=robust_hamres|steps=50|after=10|before=20|alpha_q=0.01|alpha_p=0.01|trust=0.0|ham_sigma=1.0|ham_delta=2.0,gp,1000,10,0.21624198201300665,0.2059081956636969,0.07721729268233724,0.07249734642196831,0.9522119328859638,0.9388744917568371,0.5,0.5
fixed_diffusion,mode=robust_hamres|steps=50|after=10|before=20|alpha_q=0.005|alpha_p=0.005|trust=0.0|ham_sigma=0.5|ham_delta=2.0,gp,1000,10,0.21624198201300665,0.20291091266736125,0.07721729268233724,0.06865003195046827,0.9383511507731022,0.889049972690526,0.5,0.5
fixed_diffusion,mode=robust_hamres|steps=30|after=15|before=20|alpha_q=0.005|alpha_p=0.005|trust=0.001|ham_sigma=0.5|ham_delta=2.0,gp,1000,10,0.21624198201300665,0.20319716689499745,0.07721729268233724,0.06643979479268022,0.9396749188267033,0.8604263693367966,0.5,0.5
fixed_diffusion,mode=robust_hamres|steps=50|after=10|before=20|alpha_q=0.01|alpha_p=0.01|trust=0.001|ham_sigma=0.5|ham_delta=2.0,gp,1000,10,0.21624198201300665,0.20597399244547698,0.07721729268233724,0.06930385031930704,0.9525162067423519,0.8975172258941381,0.5,0.5
fixed_diffusion,mode=robust_hamres|steps=30|after=10|before=20|alpha_q=0.01|alpha_p=0.01|trust=0.0|ham_sigma=1.0|ham_delta=2.0,gp,1000,11,0.27536683160320186,0.24451806829977413,0.20774451716939146,0.17878303516512212,0.8879721165987043,0.8605908719090063,0.5833333333333334,0.75
fixed_diffusion,mode=one_step|steps=30|after=15|before=20|alpha_q=0.01|alpha_p=0.01|trust=0.0,gp,1000,11,0.27536683160320186,0.25919295758732064,0.20774451716939146,0.20064671267006004,0.9412642622144578,0.9658339743640791,0.6666666666666666,0.6666666666666666
fixed_diffusion,mode=robust_hamres|steps=30|after=15|before=20|alpha_q=0.01|alpha_p=0.01|trust=0.0|ham_sigma=0.5|ham_delta=2.0,gp,1000,11,0.27536683160320186,0.26810964653120145,0.20774451716939146,0.20230684015398734,0.9736453913866508,0.9738251719492056,0.6666666666666666,0.75
fixed_diffusion,mode=robust_hamres|steps=50|after=15|before=20|alpha_q=0.005|alpha_p=0.005|trust=0.0|ham_sigma=1.0|ham_delta=1.0,gp,1000,11,0.27536683160320186,0.24867164101177977,0.20774451716939146,0.16529969266481992,0.903055896616157,0.7956873900553403,0.5,0.5833333333333334
fixed_diffusion,mode=one_step|steps=30|after=15|before=20|alpha_q=0.01|alpha_p=0.01|trust=0.001,gp,1000,11,0.27536683160320186,0.2591962887431416,0.20774451716939146,0.2006477613934839,0.941276359371554,0.9658390225041608,0.6666666666666666,0.6666666666666666
fixed_diffusion,mode=robust_hamres|steps=30|after=15|before=20|alpha_q=0.01|alpha_p=0.01|trust=0.001|ham_sigma=0.5|ham_delta=2.0,gp,1000,11,0.27536683160320186,0.26809979052911453,0.20774451716939146,0.2023030841212877,0.9736095991235466,0.9738070918922644,0.6666666666666666,0.75
fixed_diffusion,mode=robust_hamres|steps=50|after=15|before=20|alpha_q=0.005|alpha_p=0.005|trust=0.001|ham_sigma=0.5|ham_delta=2.0,gp,1000,11,0.27536683160320186,0.24066917479967986,0.20774451716939146,0.17386132978058194,0.87399478505995,0.8368997273647336,0.6666666666666666,0.6666666666666666
fixed_diffusion,mode=one_step|steps=50|after=10|before=20|alpha_q=0.01|alpha_p=0.01|trust=0.001,gp,1000,11,0.27536683160320186,0.2065434660687322,0.20774451716939146,0.185729448560559,0.7500666106597661,0.8940281606042015,0.75,0.8333333333333334
fixed_diffusion,mode=robust_hamres|steps=50|after=10|before=20|alpha_q=0.01|alpha_p=0.01|trust=0.0|ham_sigma=1.0|ham_delta=2.0,gp,1000,11,0.27536683160320186,0.2615653394530656,0.20774451716939146,0.19368478863168678,0.949879613060937,0.9323220235639692,0.5833333333333334,0.75
fixed_diffusion,mode=robust_hamres|steps=50|after=10|before=20|alpha_q=0.005|alpha_p=0.005|trust=0.0|ham_sigma=0.5|ham_delta=2.0,gp,1000,11,0.27536683160320186,0.24193590227372058,0.20774451716939146,0.16705101861147797,0.8785949304974588,0.8041175809962162,0.6666666666666666,0.6666666666666666
fixed_diffusion,mode=robust_hamres|steps=30|after=15|before=20|alpha_q=0.005|alpha_p=0.005|trust=0.001|ham_sigma=0.5|ham_delta=2.0,gp,1000,11,0.27536683160320186,0.2538670263498303,0.20774451716939146,0.1813763046845207,0.9219230394299909,0.8730738464526091,0.6666666666666666,0.5833333333333334
fixed_diffusion,mode=robust_hamres|steps=50|after=10|before=20|alpha_q=0.01|alpha_p=0.01|trust=0.001|ham_sigma=0.5|ham_delta=2.0,gp,1000,11,0.27536683160320186,0.22343188725882424,0.20774451716939146,0.1825647411553746,0.8113972403938073,0.8787945099244873,0.6666666666666666,0.8333333333333334
fixed_diffusion,mode=robust_hamres|steps=30|after=10|before=20|alpha_q=0.01|alpha_p=0.01|trust=0.0|ham_sigma=1.0|ham_delta=2.0,zero,100,10,0.6015370733941943,0.58537646316619,0.6721867608329573,0.6406319196482242,0.9731344734301787,0.9530564375507321,0.8333333333333334,1.0
fixed_diffusion,mode=one_step|steps=30|after=15|before=20|alpha_q=0.01|alpha_p=0.01|trust=0.0,zero,100,10,0.6015370733941943,0.5976924393592296,0.6721867608329573,0.6486943403172238,0.9936086498987149,0.9650507539204994,0.6666666666666666,1.0
fixed_diffusion,mode=robust_hamres|steps=30|after=15|before=20|alpha_q=0.01|alpha_p=0.01|trust=0.0|ham_sigma=0.5|ham_delta=2.0,zero,100,10,0.6015370733941943,0.5895054251592993,0.6721867608329573,0.6427649835993673,0.9799984925833316,0.9562297579364235,0.5833333333333334,1.0
fixed_diffusion,mode=robust_hamres|steps=50|after=15|before=20|alpha_q=0.005|alpha_p=0.005|trust=0.0|ham_sigma=1.0|ham_delta=1.0,zero,100,10,0.6015370733941943,0.5912101107945629,0.6721867608329573,0.6517818180956587,0.9828323754987184,0.9696439383721077,0.8333333333333334,1.0
fixed_diffusion,mode=one_step|steps=30|after=15|before=20|alpha_q=0.01|alpha_p=0.01|trust=0.001,zero,100,10,0.6015370733941943,0.5976923983662771,0.6721867608329573,0.648694138261803,0.9936085817517057,0.9650504533263303,0.6666666666666666,1.0
fixed_diffusion,mode=robust_hamres|steps=30|after=15|before=20|alpha_q=0.01|alpha_p=0.01|trust=0.001|ham_sigma=0.5|ham_delta=2.0,zero,100,10,0.6015370733941943,0.5895041417987653,0.6721867608329573,0.6427654571082773,0.979996359114605,0.9562304623670037,0.5833333333333334,1.0
fixed_diffusion,mode=robust_hamres|steps=50|after=15|before=20|alpha_q=0.005|alpha_p=0.005|trust=0.001|ham_sigma=0.5|ham_delta=2.0,zero,100,10,0.6015370733941943,0.6001069406855332,0.6721867608329573,0.6467908606224335,0.9976225360465457,0.9622189818510353,0.5833333333333334,1.0
fixed_diffusion,mode=one_step|steps=50|after=10|before=20|alpha_q=0.01|alpha_p=0.01|trust=0.001,zero,100,10,0.6015370733941943,0.5967192346947141,0.6721867608329573,0.6221156564582044,0.9919907867485285,0.9255101300824403,0.6666666666666666,1.0
fixed_diffusion,mode=robust_hamres|steps=50|after=10|before=20|alpha_q=0.01|alpha_p=0.01|trust=0.0|ham_sigma=1.0|ham_delta=2.0,zero,100,10,0.6015370733941943,0.5648166389538559,0.6721867608329573,0.6147112912804262,0.9389556586543503,0.9144947908802773,0.9166666666666666,0.9166666666666666
fixed_diffusion,mode=robust_hamres|steps=50|after=10|before=20|alpha_q=0.005|alpha_p=0.005|trust=0.0|ham_sigma=0.5|ham_delta=2.0,zero,100,10,0.6015370733941943,0.5964760575397576,0.6721867608329573,0.6418107163863205,0.9915865271181381,0.9548101119858482,0.5,1.0
fixed_diffusion,mode=robust_hamres|steps=30|after=15|before=20|alpha_q=0.005|alpha_p=0.005|trust=0.001|ham_sigma=0.5|ham_delta=2.0,zero,100,10,0.6015370733941943,0.602100587403946,0.6721867608329573,0.656996385019776,1.000936790157541,0.9774015546001564,0.6666666666666666,1.0
fixed_diffusion,mode=robust_hamres|steps=50|after=10|before=20|alpha_q=0.01|alpha_p=0.01|trust=0.001|ham_sigma=0.5|ham_delta=2.0,zero,100,10,0.6015370733941943,0.5839208405860692,0.6721867608329573,0.6152953582974987,0.9707146349123175,0.9153636967426134,0.75,1.0
fixed_diffusion,mode=robust_hamres|steps=30|after=10|before=20|alpha_q=0.01|alpha_p=0.01|trust=0.0|ham_sigma=1.0|ham_delta=2.0,zero,100,11,0.6119462143169201,0.6051927056769111,0.6566553914829625,0.6264299835796178,0.9889638852533019,0.9539706697068535,0.9166666666666666,0.8333333333333334
fixed_diffusion,mode=one_step|steps=30|after=15|before=20|alpha_q=0.01|alpha_p=0.01|trust=0.0,zero,100,11,0.6119462143169201,0.606875933442112,0.6566553914829625,0.628548463010691,0.9917144991566493,0.9571968359099344,0.8333333333333334,0.8333333333333334
fixed_diffusion,mode=robust_hamres|steps=30|after=15|before=20|alpha_q=0.01|alpha_p=0.01|trust=0.0|ham_sigma=0.5|ham_delta=2.0,zero,100,11,0.6119462143169201,0.6089386387501787,0.6566553914829625,0.6280237043858086,0.9950852289034935,0.9563976973789962,0.8333333333333334,0.9166666666666666
fixed_diffusion,mode=robust_hamres|steps=50|after=15|before=20|alpha_q=0.005|alpha_p=0.005|trust=0.0|ham_sigma=1.0|ham_delta=1.0,zero,100,11,0.6119462143169201,0.606151791918708,0.6566553914829625,0.6366500549611249,0.9905311573751951,0.969534497422372,0.9166666666666666,0.9166666666666666
fixed_diffusion,mode=one_step|steps=30|after=15|before=20|alpha_q=0.01|alpha_p=0.01|trust=0.001,zero,100,11,0.6119462143169201,0.6068758039356204,0.6566553914829625,0.6285478939669573,0.9917142875261357,0.9571959693309936,0.8333333333333334,0.8333333333333334
fixed_diffusion,mode=robust_hamres|steps=30|after=15|before=20|alpha_q=0.01|alpha_p=0.01|trust=0.001|ham_sigma=0.5|ham_delta=2.0,zero,100,11,0.6119462143169201,0.608940583515509,0.6566553914829625,0.6280228058655155,0.9950884069039202,0.9563963290504867,0.8333333333333334,0.9166666666666666
fixed_diffusion,mode=robust_hamres|steps=50|after=15|before=20|alpha_q=0.005|alpha_p=0.005|trust=0.001|ham_sigma=0.5|ham_delta=2.0,zero,100,11,0.6119462143169201,0.6091378667652901,0.6566553914829625,0.6328454265683439,0.9954107934881748,0.9637405475940017,0.8333333333333334,0.9166666666666666
fixed_diffusion,mode=one_step|steps=50|after=10|before=20|alpha_q=0.01|alpha_p=0.01|trust=0.001,zero,100,11,0.6119462143169201,0.6023779065259247,0.6566553914829625,0.5961137738623349,0.9843641359859119,0.907803060165389,0.6666666666666666,0.8333333333333334
fixed_diffusion,mode=robust_hamres|steps=50|after=10|before=20|alpha_q=0.01|alpha_p=0.01|trust=0.0|ham_sigma=1.0|ham_delta=2.0,zero,100,11,0.6119462143169201,0.5841751322056248,0.6566553914829625,0.6074858628832698,0.9546184264865589,0.9251212595869345,1.0,0.75
fixed_diffusion,mode=robust_hamres|steps=50|after=10|before=20|alpha_q=0.005|alpha_p=0.005|trust=0.0|ham_sigma=0.5|ham_delta=2.0,zero,100,11,0.6119462143169201,0.6094645913041208,0.6566553914829625,0.6272479602300716,0.9959447040364987,0.9552163408169414,0.8333333333333334,1.0
fixed_diffusion,mode=robust_hamres|steps=30|after=15|before=20|alpha_q=0.005|alpha_p=0.005|trust=0.001|ham_sigma=0.5|ham_delta=2.0,zero,100,11,0.6119462143169201,0.6092755827119496,0.6566553914829625,0.6424234561684699,0.9956358393229844,0.9783266299202207,0.8333333333333334,1.0
fixed_diffusion,mode=robust_hamres|steps=50|after=10|before=20|alpha_q=0.01|alpha_p=0.01|trust=0.001|ham_sigma=0.5|ham_delta=2.0,zero,100,11,0.6119462143169201,0.5951531961087073,0.6566553914829625,0.5952622314430722,0.9725580160227679,0.9065062727936452,0.9166666666666666,0.8333333333333334
fixed_diffusion,mode=robust_hamres|steps=30|after=10|before=20|alpha_q=0.01|alpha_p=0.01|trust=0.0|ham_sigma=1.0|ham_delta=2.0,zero,300,10,0.6533719845913089,0.6525112575875669,0.5238974698374158,0.5213351621692197,0.9986826386437729,0.9951091428844059,0.6666666666666666,0.5833333333333334
fixed_diffusion,mode=one_step|steps=30|after=15|before=20|alpha_q=0.01|alpha_p=0.01|trust=0.0,zero,300,10,0.6533719845913089,0.6559434788330429,0.5238974698374158,0.5204755889631596,1.0039357277360808,0.9934684149642522,0.25,0.75
fixed_diffusion,mode=robust_hamres|steps=30|after=15|before=20|alpha_q=0.01|alpha_p=0.01|trust=0.0|ham_sigma=0.5|ham_delta=2.0,zero,300,10,0.6533719845913089,0.6563022804926171,0.5238974698374158,0.5198723874229603,1.0044848814617313,0.9923170416995817,0.5,0.75
fixed_diffusion,mode=robust_hamres|steps=50|after=15|before=20|alpha_q=0.005|alpha_p=0.005|trust=0.0|ham_sigma=1.0|ham_delta=1.0,zero,300,10,0.6533719845913089,0.6532475331453712,0.5238974698374158,0.5224206130248029,0.9998095243615083,0.9971810193832942,0.6666666666666666,0.5833333333333334
fixed_diffusion,mode=one_step|steps=30|after=15|before=20|alpha_q=0.01|alpha_p=0.01|trust=0.001,zero,300,10,0.6533719845913089,0.6559436226288804,0.5238974698374158,0.5204763367998497,1.0039359478187302,0.9934698424128146,0.25,0.75
fixed_diffusion,mode=robust_hamres|steps=30|after=15|before=20|alpha_q=0.01|alpha_p=0.01|trust=0.001|ham_sigma=0.5|ham_delta=2.0,zero,300,10,0.6533719845913089,0.656302166233789,0.5238974698374158,0.519871482598464,1.0044847065861158,0.9923153145973368,0.5,0.75
fixed_diffusion,mode=robust_hamres|steps=50|after=15|before=20|alpha_q=0.005|alpha_p=0.005|trust=0.001|ham_sigma=0.5|ham_delta=2.0,zero,300,10,0.6533719845913089,0.6562406185077909,0.5238974698374158,0.5208407316684411,1.0043905064559455,0.9941653885636759,0.4166666666666667,0.75
fixed_diffusion,mode=one_step|steps=50|after=10|before=20|alpha_q=0.01|alpha_p=0.01|trust=0.001,zero,300,10,0.6533719845913089,0.6568672292171249,0.5238974698374158,0.515075102825623,1.0053495477434686,0.9831601267046952,0.25,0.8333333333333334
fixed_diffusion,mode=robust_hamres|steps=50|after=10|before=20|alpha_q=0.01|alpha_p=0.01|trust=0.0|ham_sigma=1.0|ham_delta=2.0,zero,300,10,0.6533719845913089,0.6443143389148371,0.5238974698374158,0.5181039235894214,0.986137076749415,0.9889414502234715,0.75,0.5833333333333334
fixed_diffusion,mode=robust_hamres|steps=50|after=10|before=20|alpha_q=0.005|alpha_p=0.005|trust=0.0|ham_sigma=0.5|ham_delta=2.0,zero,300,10,0.6533719845913089,0.6563637347637175,0.5238974698374158,0.5203761495437844,1.0045789385571529,0.9932786079407404,0.4166666666666667,0.6666666666666666
fixed_diffusion,mode=robust_hamres|steps=30|after=15|before=20|alpha_q=0.005|alpha_p=0.005|trust=0.001|ham_sigma=0.5|ham_delta=2.0,zero,300,10,0.6533719845913089,0.6557668494590545,0.5238974698374158,0.5222558635853356,1.0036653926464931,0.9968665505244955,0.4166666666666667,0.75
fixed_diffusion,mode=robust_hamres|steps=50|after=10|before=20|alpha_q=0.01|alpha_p=0.01|trust=0.001|ham_sigma=0.5|ham_delta=2.0,zero,300,10,0.6533719845913089,0.6524810178083629,0.5238974698374158,0.5156800860349369,0.9986363560055252,0.9843149007666918,0.5,0.6666666666666666
fixed_diffusion,mode=robust_hamres|steps=30|after=10|before=20|alpha_q=0.01|alpha_p=0.01|trust=0.0|ham_sigma=1.0|ham_delta=2.0,zero,300,11,0.6071492360207253,0.6069197542485563,0.5305289786173726,0.5351119185893529,0.9996220339933669,1.0086384347635902,0.6666666666666666,0.5
fixed_diffusion,mode=one_step|steps=30|after=15|before=20|alpha_q=0.01|alpha_p=0.01|trust=0.0,zero,300,11,0.6071492360207253,0.6110544943715737,0.5305289786173726,0.5260812242204285,1.0064321226465565,0.9916163780373778,0.5,0.5833333333333334
fixed_diffusion,mode=robust_hamres|steps=30|after=15|before=20|alpha_q=0.01|alpha_p=0.01|trust=0.0|ham_sigma=0.5|ham_delta=2.0,zero,300,11,0.6071492360207253,0.6128874005623821,0.5305289786173726,0.5317748752945357,1.009450995243385,1.0023484045686064,0.6666666666666666,0.5
fixed_diffusion,mode=robust_hamres|steps=50|after=15|before=20|alpha_q=0.005|alpha_p=0.005|trust=0.0|ham_sigma=1.0|ham_delta=1.0,zero,300,11,0.6071492360207253,0.6081583455213739,0.5305289786173726,0.5350554420952317,1.00166204524486,1.008531981588745,0.75,0.5
fixed_diffusion,mode=one_step|steps=30|after=15|before=20|alpha_q=0.01|alpha_p=0.01|trust=0.001,zero,300,11,0.6071492360207253,0.6110549835379241,0.5305289786173726,0.5260809931775516,1.0064329283238453,0.9916159425420776,0.5,0.5833333333333334
fixed_diffusion,mode=robust_hamres|steps=30|after=15|before=20|alpha_q=0.01|alpha_p=0.01|trust=0.001|ham_sigma=0.5|ham_delta=2.0,zero,300,11,0.6071492360207253,0.6128871700362615,0.5305289786173726,0.5317759587833912,1.009450615557293,1.0023504468488573,0.6666666666666666,0.5
fixed_diffusion,mode=robust_hamres|steps=50|after=15|before=20|alpha_q=0.005|alpha_p=0.005|trust=0.001|ham_sigma=0.5|ham_delta=2.0,zero,300,11,0.6071492360207253,0.6124715800036573,0.5305289786173726,0.531467969100364,1.008766121518681,1.0017699136537999,0.5833333333333334,0.5
fixed_diffusion,mode=one_step|steps=50|after=10|before=20|alpha_q=0.01|alpha_p=0.01|trust=0.001,zero,300,11,0.6071492360207253,0.5949213796783435,0.5305289786173726,0.5229085280544035,0.9798602129148286,0.9856361275818919,0.5833333333333334,0.5833333333333334
fixed_diffusion,mode=robust_hamres|steps=50|after=10|before=20|alpha_q=0.01|alpha_p=0.01|trust=0.0|ham_sigma=1.0|ham_delta=2.0,zero,300,11,0.6071492360207253,0.5854918875323215,0.5305289786173726,0.5379939890838424,0.9643294478465513,1.0140708816433075,0.8333333333333334,0.3333333333333333
fixed_diffusion,mode=robust_hamres|steps=50|after=10|before=20|alpha_q=0.005|alpha_p=0.005|trust=0.0|ham_sigma=0.5|ham_delta=2.0,zero,300,11,0.6071492360207253,0.6128359902906417,0.5305289786173726,0.5311442926089825,1.009366320391322,1.0011598122183891,0.5,0.5
fixed_diffusion,mode=robust_hamres|steps=30|after=15|before=20|alpha_q=0.005|alpha_p=0.005|trust=0.001|ham_sigma=0.5|ham_delta=2.0,zero,300,11,0.6071492360207253,0.6103844879230156,0.5305289786173726,0.5308754199185407,1.0053285942077341,1.0006530110797547,0.5,0.5
fixed_diffusion,mode=robust_hamres|steps=50|after=10|before=20|alpha_q=0.01|alpha_p=0.01|trust=0.001|ham_sigma=0.5|ham_delta=2.0,zero,300,11,0.6071492360207253,0.591954571749246,0.5305289786173726,0.5325912804236127,0.9749737570764881,1.0038872557190273,0.75,0.5833333333333334
fixed_diffusion,mode=robust_hamres|steps=30|after=10|before=20|alpha_q=0.01|alpha_p=0.01|trust=0.0|ham_sigma=1.0|ham_delta=2.0,zero,700,10,0.560429744776261,0.5585613780228182,0.47165003953969364,0.47409681696981765,0.9966661891684772,1.0051876968620885,0.75,0.5
fixed_diffusion,mode=one_step|steps=30|after=15|before=20|alpha_q=0.01|alpha_p=0.01|trust=0.0,zero,700,10,0.560429744776261,0.5597276883287914,0.47165003953969364,0.47431792066693634,0.9987472891044535,1.0056564844770213,0.5833333333333334,0.6666666666666666
fixed_diffusion,mode=robust_hamres|steps=30|after=15|before=20|alpha_q=0.01|alpha_p=0.01|trust=0.0|ham_sigma=0.5|ham_delta=2.0,zero,700,10,0.560429744776261,0.5589338076061827,0.47165003953969364,0.47445607022515224,0.9973307320248046,1.0059493913923916,0.6666666666666666,0.6666666666666666
fixed_diffusion,mode=robust_hamres|steps=50|after=15|before=20|alpha_q=0.005|alpha_p=0.005|trust=0.0|ham_sigma=1.0|ham_delta=1.0,zero,700,10,0.560429744776261,0.5585026355762079,0.47165003953969364,0.47441081892419346,0.9965613723789368,1.0058534488562625,0.6666666666666666,0.5
fixed_diffusion,mode=one_step|steps=30|after=15|before=20|alpha_q=0.01|alpha_p=0.01|trust=0.001,zero,700,10,0.560429744776261,0.5597280587186898,0.47165003953969364,0.4743178756567915,0.9987479500078082,1.0056563890457881,0.5833333333333334,0.6666666666666666
fixed_diffusion,mode=robust_hamres|steps=30|after=15|before=20|alpha_q=0.01|alpha_p=0.01|trust=0.001|ham_sigma=0.5|ham_delta=2.0,zero,700,10,0.560429744776261,0.558934184301491,0.47165003953969364,0.4744560173037306,0.9973314041791858,1.0059492791875422,0.6666666666666666,0.6666666666666666
fixed_diffusion,mode=robust_hamres|steps=50|after=15|before=20|alpha_q=0.005|alpha_p=0.005|trust=0.001|ham_sigma=0.5|ham_delta=2.0,zero,700,10,0.560429744776261,0.5589621824184778,0.47165003953969364,0.4745469724009196,0.997381362478594,1.0061421236475527,0.6666666666666666,0.6666666666666666
fixed_diffusion,mode=one_step|steps=50|after=10|before=20|alpha_q=0.01|alpha_p=0.01|trust=0.001,zero,700,10,0.560429744776261,0.5597588615310884,0.47165003953969364,0.47408488348731903,0.9988029128513863,1.005162395300553,0.5,0.5833333333333334
fixed_diffusion,mode=robust_hamres|steps=50|after=10|before=20|alpha_q=0.01|alpha_p=0.01|trust=0.0|ham_sigma=1.0|ham_delta=2.0,zero,700,10,0.560429744776261,0.5581709359862208,0.47165003953969364,0.474424311321124,0.9959695058817016,1.0058820556532506,0.6666666666666666,0.5
fixed_diffusion,mode=robust_hamres|steps=50|after=10|before=20|alpha_q=0.005|alpha_p=0.005|trust=0.0|ham_sigma=0.5|ham_delta=2.0,zero,700,10,0.560429744776261,0.5591172292866455,0.47165003953969364,0.4744574342854878,0.9976580195789939,1.005952283495055,0.6666666666666666,0.4166666666666667
fixed_diffusion,mode=robust_hamres|steps=30|after=15|before=20|alpha_q=0.005|alpha_p=0.005|trust=0.001|ham_sigma=0.5|ham_delta=2.0,zero,700,10,0.560429744776261,0.559215226694094,0.47165003953969364,0.47417276111351264,0.9978328807607243,1.0053487148570601,0.6666666666666666,0.6666666666666666
fixed_diffusion,mode=robust_hamres|steps=50|after=10|before=20|alpha_q=0.01|alpha_p=0.01|trust=0.001|ham_sigma=0.5|ham_delta=2.0,zero,700,10,0.560429744776261,0.5592929091133668,0.47165003953969364,0.47476399947932174,0.9979714929953477,1.006602267949913,0.6666666666666666,0.6666666666666666
fixed_diffusion,mode=robust_hamres|steps=30|after=10|before=20|alpha_q=0.01|alpha_p=0.01|trust=0.0|ham_sigma=1.0|ham_delta=2.0,zero,700,11,0.5748488389586595,0.5807632728440048,0.501249679197944,0.5068862565852721,1.0102886767520647,1.0112450493661107,0.6666666666666666,0.25
fixed_diffusion,mode=one_step|steps=30|after=15|before=20|alpha_q=0.01|alpha_p=0.01|trust=0.0,zero,700,11,0.5748488389586595,0.5739905348458196,0.501249679197944,0.5039439753083889,0.9985069046770719,1.005375157775175,0.6666666666666666,0.5833333333333334
fixed_diffusion,mode=robust_hamres|steps=30|after=15|before=20|alpha_q=0.01|alpha_p=0.01|trust=0.0|ham_sigma=0.5|ham_delta=2.0,zero,700,11,0.5748488389586595,0.5745503044033925,0.501249679197944,0.5050874515493116,0.9994806729438512,1.0076564085936341,0.5833333333333334,0.25
fixed_diffusion,mode=robust_hamres|steps=50|after=15|before=20|alpha_q=0.005|alpha_p=0.005|trust=0.0|ham_sigma=1.0|ham_delta=1.0,zero,700,11,0.5748488389586595,0.5794327796081148,0.501249679197944,0.5050589952659577,1.0079741670136433,1.0075996379171932,0.5833333333333334,0.25
fixed_diffusion,mode=one_step|steps=30|after=15|before=20|alpha_q=0.01|alpha_p=0.01|trust=0.001,zero,700,11,0.5748488389586595,0.5739910311204348,0.501249679197944,0.5039442130406151,0.9985077679903145,1.0053756320542342,0.6666666666666666,0.5833333333333334
fixed_diffusion,mode=robust_hamres|steps=30|after=15|before=20|alpha_q=0.01|alpha_p=0.01|trust=0.001|ham_sigma=0.5|ham_delta=2.0,zero,700,11,0.5748488389586595,0.5745448964479591,0.501249679197944,0.5050872756509504,0.9994712653308113,1.0076560576739857,0.5833333333333334,0.25
fixed_diffusion,mode=robust_hamres|steps=50|after=15|before=20|alpha_q=0.005|alpha_p=0.005|trust=0.001|ham_sigma=0.5|ham_delta=2.0,zero,700,11,0.5748488389586595,0.5731836428808532,0.501249679197944,0.5046188956979939,0.9971032452969327,1.0067216332296531,0.5833333333333334,0.4166666666666667
fixed_diffusion,mode=one_step|steps=50|after=10|before=20|alpha_q=0.01|alpha_p=0.01|trust=0.001,zero,700,11,0.5748488389586595,0.5739305839585132,0.501249679197944,0.5040592626995122,0.9984026148477403,1.0056051577051657,0.5833333333333334,0.3333333333333333
fixed_diffusion,mode=robust_hamres|steps=50|after=10|before=20|alpha_q=0.01|alpha_p=0.01|trust=0.0|ham_sigma=1.0|ham_delta=2.0,zero,700,11,0.5748488389586595,0.5778148091908284,0.501249679197944,0.5066783425203019,1.0051595654912373,1.0108302579485822,0.75,0.3333333333333333
fixed_diffusion,mode=robust_hamres|steps=50|after=10|before=20|alpha_q=0.005|alpha_p=0.005|trust=0.0|ham_sigma=0.5|ham_delta=2.0,zero,700,11,0.5748488389586595,0.5737245535969167,0.501249679197944,0.5058403941216738,0.9980442069539891,1.009158539375178,0.4166666666666667,0.3333333333333333
fixed_diffusion,mode=robust_hamres|steps=30|after=15|before=20|alpha_q=0.005|alpha_p=0.005|trust=0.001|ham_sigma=0.5|ham_delta=2.0,zero,700,11,0.5748488389586595,0.5736534893509857,0.501249679197944,0.5032605952780254,0.9979205844621012,1.0040118052211007,0.5833333333333334,0.4166666666666667
fixed_diffusion,mode=robust_hamres|steps=50|after=10|before=20|alpha_q=0.01|alpha_p=0.01|trust=0.001|ham_sigma=0.5|ham_delta=2.0,zero,700,11,0.5748488389586595,0.5788294445678613,0.501249679197944,0.5062509155311378,1.0069246127667453,1.0099775352299403,0.75,0.4166666666666667
fixed_diffusion,mode=robust_hamres|steps=30|after=10|before=20|alpha_q=0.01|alpha_p=0.01|trust=0.0|ham_sigma=1.0|ham_delta=2.0,zero,1000,10,0.29319441981133837,0.2968634842500795,0.13348204887625315,0.11996518387026556,1.0125141005108558,0.8987364584243187,0.5833333333333334,0.5833333333333334
fixed_diffusion,mode=one_step|steps=30|after=15|before=20|alpha_q=0.01|alpha_p=0.01|trust=0.0,zero,1000,10,0.29319441981133837,0.2640673721566561,0.13348204887625315,0.11518099139851451,0.900656200505369,0.862894991260548,0.5833333333333334,0.5833333333333334
fixed_diffusion,mode=robust_hamres|steps=30|after=15|before=20|alpha_q=0.01|alpha_p=0.01|trust=0.0|ham_sigma=0.5|ham_delta=2.0,zero,1000,10,0.29319441981133837,0.2850786469659896,0.13348204887625315,0.11815491324783664,0.9723194839432108,0.8851745552495542,0.6666666666666666,0.6666666666666666
fixed_diffusion,mode=robust_hamres|steps=50|after=15|before=20|alpha_q=0.005|alpha_p=0.005|trust=0.0|ham_sigma=1.0|ham_delta=1.0,zero,1000,10,0.29319441981133837,0.2842074520992007,0.13348204887625315,0.11957520666496702,0.969348094285285,0.8958148880065611,0.5,0.5833333333333334
fixed_diffusion,mode=one_step|steps=30|after=15|before=20|alpha_q=0.01|alpha_p=0.01|trust=0.001,zero,1000,10,0.29319441981133837,0.2640767603523269,0.13348204887625315,0.11518181860293797,0.9006882208817352,0.8629011883816623,0.5833333333333334,0.5833333333333334
fixed_diffusion,mode=robust_hamres|steps=30|after=15|before=20|alpha_q=0.01|alpha_p=0.01|trust=0.001|ham_sigma=0.5|ham_delta=2.0,zero,1000,10,0.29319441981133837,0.28502724012437286,0.13348204887625315,0.11815778353053981,0.9721441503142494,0.8851960583859485,0.6666666666666666,0.6666666666666666
fixed_diffusion,mode=robust_hamres|steps=50|after=15|before=20|alpha_q=0.005|alpha_p=0.005|trust=0.001|ham_sigma=0.5|ham_delta=2.0,zero,1000,10,0.29319441981133837,0.29287990196719094,0.13348204887625315,0.11778539237407848,0.998927272066263,0.882406236386688,0.5833333333333334,0.6666666666666666
fixed_diffusion,mode=one_step|steps=50|after=10|before=20|alpha_q=0.01|alpha_p=0.01|trust=0.001,zero,1000,10,0.29319441981133837,0.2541092381372051,0.13348204887625315,0.12546161409959672,0.8666919319293888,0.9399137573615467,0.6666666666666666,0.6666666666666666
fixed_diffusion,mode=robust_hamres|steps=50|after=10|before=20|alpha_q=0.01|alpha_p=0.01|trust=0.0|ham_sigma=1.0|ham_delta=2.0,zero,1000,10,0.29319441981133837,0.3026088570705424,0.13348204887625315,0.12156431140551183,1.0321098787120913,0.9107165527419356,0.5833333333333334,0.5833333333333334
fixed_diffusion,mode=robust_hamres|steps=50|after=10|before=20|alpha_q=0.005|alpha_p=0.005|trust=0.0|ham_sigma=0.5|ham_delta=2.0,zero,1000,10,0.29319441981133837,0.29849629790252674,0.13348204887625315,0.11787465968039942,1.018083148016937,0.8830749952727889,0.5833333333333334,0.6666666666666666
fixed_diffusion,mode=robust_hamres|steps=30|after=15|before=20|alpha_q=0.005|alpha_p=0.005|trust=0.001|ham_sigma=0.5|ham_delta=2.0,zero,1000,10,0.29319441981133837,0.2638922689606443,0.13348204887625315,0.11600820898792671,0.9000589749642948,0.869092211009393,0.6666666666666666,0.75
fixed_diffusion,mode=robust_hamres|steps=50|after=10|before=20|alpha_q=0.01|alpha_p=0.01|trust=0.001|ham_sigma=0.5|ham_delta=2.0,zero,1000,10,0.29319441981133837,0.27660230941639596,0.13348204887625315,0.12915930337909035,0.9434091876454576,0.967615529327316,0.6666666666666666,0.6666666666666666
fixed_diffusion,mode=robust_hamres|steps=30|after=10|before=20|alpha_q=0.01|alpha_p=0.01|trust=0.0|ham_sigma=1.0|ham_delta=2.0,zero,1000,11,0.35834088886701454,0.17874798951810258,0.13559501397528295,0.07660775538458561,0.49882108090779037,0.5649747224374351,0.6666666666666666,0.5
fixed_diffusion,mode=one_step|steps=30|after=15|before=20|alpha_q=0.01|alpha_p=0.01|trust=0.0,zero,1000,11,0.35834088886701454,0.1988743721594698,0.13559501397528295,0.084579610970106,0.5549865458788739,0.623766379680625,0.6666666666666666,0.5
fixed_diffusion,mode=robust_hamres|steps=30|after=15|before=20|alpha_q=0.01|alpha_p=0.01|trust=0.0|ham_sigma=0.5|ham_delta=2.0,zero,1000,11,0.35834088886701454,0.17931011496818106,0.13559501397528295,0.07815227163730262,0.5003897700179162,0.5763653791248451,0.6666666666666666,0.5
fixed_diffusion,mode=robust_hamres|steps=50|after=15|before=20|alpha_q=0.005|alpha_p=0.005|trust=0.0|ham_sigma=1.0|ham_delta=1.0,zero,1000,11,0.35834088886701454,0.18705262380188825,0.13559501397528295,0.07992424699469505,0.5219963158357465,0.5894335245193021,0.6666666666666666,0.5
fixed_diffusion,mode=one_step|steps=30|after=15|before=20|alpha_q=0.01|alpha_p=0.01|trust=0.001,zero,1000,11,0.35834088886701454,0.19888850914857203,0.13559501397528295,0.08455861210043777,0.5550259971096473,0.6236115150653815,0.6666666666666666,0.5
fixed_diffusion,mode=robust_hamres|steps=30|after=15|before=20|alpha_q=0.01|alpha_p=0.01|trust=0.001|ham_sigma=0.5|ham_delta=2.0,zero,1000,11,0.35834088886701454,0.17931589995366515,0.13559501397528295,0.0781718884784805,0.5004059138230577,0.576510051414797,0.6666666666666666,0.5
fixed_diffusion,mode=robust_hamres|steps=50|after=15|before=20|alpha_q=0.005|alpha_p=0.005|trust=0.001|ham_sigma=0.5|ham_delta=2.0,zero,1000,11,0.35834088886701454,0.18549899892953062,0.13559501397528295,0.080751886719542,0.5176607099347013,0.5955372867490683,0.6666666666666666,0.5
fixed_diffusion,mode=one_step|steps=50|after=10|before=20|alpha_q=0.01|alpha_p=0.01|trust=0.001,zero,1000,11,0.35834088886701454,0.18478963004526555,0.13559501397528295,0.07389730831181252,0.5156811175791989,0.5449854396953191,0.8333333333333334,0.6666666666666666
fixed_diffusion,mode=robust_hamres|steps=50|after=10|before=20|alpha_q=0.01|alpha_p=0.01|trust=0.0|ham_sigma=1.0|ham_delta=2.0,zero,1000,11,0.35834088886701454,0.1544585112345625,0.13559501397528295,0.06962072103321858,0.4310379195712836,0.5134460257211925,0.6666666666666666,0.5833333333333334
fixed_diffusion,mode=robust_hamres|steps=50|after=10|before=20|alpha_q=0.005|alpha_p=0.005|trust=0.0|ham_sigma=0.5|ham_delta=2.0,zero,1000,11,0.35834088886701454,0.18765175163934616,0.13559501397528295,0.08134887479475574,0.5236682652450149,0.5999400155641746,0.6666666666666666,0.5
fixed_diffusion,mode=robust_hamres|steps=30|after=15|before=20|alpha_q=0.005|alpha_p=0.005|trust=0.001|ham_sigma=0.5|ham_delta=2.0,zero,1000,11,0.35834088886701454,0.2710332611632991,0.13559501397528295,0.08550154609571384,0.7563559436943951,0.6305655612919481,0.75,0.5
fixed_diffusion,mode=robust_hamres|steps=50|after=10|before=20|alpha_q=0.01|alpha_p=0.01|trust=0.001|ham_sigma=0.5|ham_delta=2.0,zero,1000,11,0.35834088886701454,0.1674755641712697,0.13559501397528295,0.07351990380697933,0.46736381299043517,0.5422021182901383,0.75,0.6666666666666666
fixed_diffusion,mode=robust_hamres|steps=30|after=10|before=20|alpha_q=0.01|alpha_p=0.01|trust=0.0|ham_sigma=1.0|ham_delta=2.0,spline,100,10,0.5945361400811956,0.5902844998076837,0.7224809130563787,0.6788260382866376,0.9928488110530485,0.939576431735665,0.9166666666666666,0.9166666666666666
fixed_diffusion,mode=one_step|steps=30|after=15|before=20|alpha_q=0.01|alpha_p=0.01|trust=0.0,spline,100,10,0.5945361400811956,0.5937140406521523,0.7224809130563787,0.6879094304587495,0.9986172422942514,0.9521489329712833,0.6666666666666666,1.0
fixed_diffusion,mode=robust_hamres|steps=30|after=15|before=20|alpha_q=0.01|alpha_p=0.01|trust=0.0|ham_sigma=0.5|ham_delta=2.0,spline,100,10,0.5945361400811956,0.595631429613878,0.7224809130563787,0.6906379466341679,1.0018422589626474,0.9559255257173472,0.6666666666666666,0.9166666666666666
fixed_diffusion,mode=robust_hamres|steps=50|after=15|before=20|alpha_q=0.005|alpha_p=0.005|trust=0.0|ham_sigma=1.0|ham_delta=1.0,spline,100,10,0.5945361400811956,0.5930819125343773,0.7224809130563787,0.6909893449615294,0.9975540132066324,0.9564119030333582,0.9166666666666666,0.9166666666666666
fixed_diffusion,mode=one_step|steps=30|after=15|before=20|alpha_q=0.01|alpha_p=0.01|trust=0.001,spline,100,10,0.5945361400811956,0.5937141203158872,0.7224809130563787,0.6879093857258494,0.998617376287342,0.952148871055599,0.6666666666666666,1.0
fixed_diffusion,mode=robust_hamres|steps=30|after=15|before=20|alpha_q=0.01|alpha_p=0.01|trust=0.001|ham_sigma=0.5|ham_delta=2.0,spline,100,10,0.5945361400811956,0.5956314948542838,0.7224809130563787,0.6906387056539931,1.001842368695936,0.9559265762915721,0.6666666666666666,0.9166666666666666
fixed_diffusion,mode=robust_hamres|steps=50|after=15|before=20|alpha_q=0.005|alpha_p=0.005|trust=0.001|ham_sigma=0.5|ham_delta=2.0,spline,100,10,0.5945361400811956,0.5953016945489932,0.7224809130563787,0.6946492225311436,1.0012876500118109,0.9614776113496256,0.6666666666666666,0.9166666666666666
fixed_diffusion,mode=one_step|steps=50|after=10|before=20|alpha_q=0.01|alpha_p=0.01|trust=0.001,spline,100,10,0.5945361400811956,0.5937553022897073,0.7224809130563787,0.6722834478038442,0.9986866436893447,0.9305207039447181,0.6666666666666666,1.0
fixed_diffusion,mode=robust_hamres|steps=50|after=10|before=20|alpha_q=0.01|alpha_p=0.01|trust=0.0|ham_sigma=1.0|ham_delta=2.0,spline,100,10,0.5945361400811956,0.5731646578229022,0.7224809130563787,0.6606230120106569,0.9640535186719268,0.9143812660959602,0.9166666666666666,0.9166666666666666
fixed_diffusion,mode=robust_hamres|steps=50|after=10|before=20|alpha_q=0.005|alpha_p=0.005|trust=0.0|ham_sigma=0.5|ham_delta=2.0,spline,100,10,0.5945361400811956,0.595296688400287,0.7224809130563787,0.6892392618013337,1.0012792297521016,0.9539895786112608,0.6666666666666666,1.0
fixed_diffusion,mode=robust_hamres|steps=30|after=15|before=20|alpha_q=0.005|alpha_p=0.005|trust=0.001|ham_sigma=0.5|ham_delta=2.0,spline,100,10,0.5945361400811956,0.5956252423772141,0.7224809130563787,0.70668828637745,1.001831852132437,0.9781411157118051,0.5833333333333334,0.9166666666666666
fixed_diffusion,mode=robust_hamres|steps=50|after=10|before=20|alpha_q=0.01|alpha_p=0.01|trust=0.001|ham_sigma=0.5|ham_delta=2.0,spline,100,10,0.5945361400811956,0.5792026189319388,0.7224809130563787,0.6673653990260098,0.9742092698567278,0.92371353618574,0.75,0.9166666666666666
fixed_diffusion,mode=robust_hamres|steps=30|after=10|before=20|alpha_q=0.01|alpha_p=0.01|trust=0.0|ham_sigma=1.0|ham_delta=2.0,spline,100,11,0.6084177743657441,0.6021588284360493,0.6878928782497183,0.6582491871676568,0.9897127497035741,0.9569065300436207,0.8333333333333334,1.0
fixed_diffusion,mode=one_step|steps=30|after=15|before=20|alpha_q=0.01|alpha_p=0.01|trust=0.0,spline,100,11,0.6084177743657441,0.6066935919339398,0.6878928782497183,0.6691309447600088,0.9971661208721233,0.972725501189302,0.8333333333333334,0.75
fixed_diffusion,mode=robust_hamres|steps=30|after=15|before=20|alpha_q=0.01|alpha_p=0.01|trust=0.0|ham_sigma=0.5|ham_delta=2.0,spline,100,11,0.6084177743657441,0.6055754138552081,0.6878928782497183,0.6595442437143095,0.9953282750269762,0.9587891728032722,0.8333333333333334,1.0
fixed_diffusion,mode=robust_hamres|steps=50|after=15|before=20|alpha_q=0.005|alpha_p=0.005|trust=0.0|ham_sigma=1.0|ham_delta=1.0,spline,100,11,0.6084177743657441,0.6034166567980164,0.6878928782497183,0.6706323516532218,0.9917801257977034,0.974908118484357,0.8333333333333334,1.0
fixed_diffusion,mode=one_step|steps=30|after=15|before=20|alpha_q=0.01|alpha_p=0.01|trust=0.001,spline,100,11,0.6084177743657441,0.6066939495986207,0.6878928782497183,0.6691307849689724,0.9971667087324653,0.9727252688987209,0.8333333333333334,0.75
fixed_diffusion,mode=robust_hamres|steps=30|after=15|before=20|alpha_q=0.01|alpha_p=0.01|trust=0.001|ham_sigma=0.5|ham_delta=2.0,spline,100,11,0.6084177743657441,0.605574986415367,0.6878928782497183,0.659543655586476,0.9953275724836597,0.9587883178331859,0.8333333333333334,1.0
fixed_diffusion,mode=robust_hamres|steps=50|after=15|before=20|alpha_q=0.005|alpha_p=0.005|trust=0.001|ham_sigma=0.5|ham_delta=2.0,spline,100,11,0.6084177743657441,0.6071873641482789,0.6878928782497183,0.6650437319888073,0.9979776885730404,0.9667838598372341,0.8333333333333334,1.0
fixed_diffusion,mode=one_step|steps=50|after=10|before=20|alpha_q=0.01|alpha_p=0.01|trust=0.001,spline,100,11,0.6084177743657441,0.604259618666932,0.6878928782497183,0.6426273703894583,0.9931656242240017,0.9341968651057501,0.6666666666666666,0.8333333333333334
fixed_diffusion,mode=robust_hamres|steps=50|after=10|before=20|alpha_q=0.01|alpha_p=0.01|trust=0.0|ham_sigma=1.0|ham_delta=2.0,spline,100,11,0.6084177743657441,0.5894783713462913,0.6878928782497183,0.6226435668893056,0.9688710556834135,0.9051461158800862,0.9166666666666666,0.75
fixed_diffusion,mode=robust_hamres|steps=50|after=10|before=20|alpha_q=0.005|alpha_p=0.005|trust=0.0|ham_sigma=0.5|ham_delta=2.0,spline,100,11,0.6084177743657441,0.6071947557543668,0.6878928782497183,0.6591908266967936,0.997989837472036,0.9582754052840982,0.8333333333333334,1.0
fixed_diffusion,mode=robust_hamres|steps=30|after=15|before=20|alpha_q=0.005|alpha_p=0.005|trust=0.001|ham_sigma=0.5|ham_delta=2.0,spline,100,11,0.6084177743657441,0.6071903853639554,0.6878928782497183,0.675392425305946,0.9979826542657007,0.9818279076015751,0.8333333333333334,1.0
fixed_diffusion,mode=robust_hamres|steps=50|after=10|before=20|alpha_q=0.01|alpha_p=0.01|trust=0.001|ham_sigma=0.5|ham_delta=2.0,spline,100,11,0.6084177743657441,0.5995051422160423,0.6878928782497183,0.6212297099587373,0.9853511312042241,0.9030907712540948,0.9166666666666666,1.0
fixed_diffusion,mode=robust_hamres|steps=30|after=10|before=20|alpha_q=0.01|alpha_p=0.01|trust=0.0|ham_sigma=1.0|ham_delta=2.0,spline,300,10,0.6338549389497627,0.6344652112909746,0.5042042505659777,0.49460330696681665,1.0009627949609778,0.9809582255834142,0.6666666666666666,0.8333333333333334
fixed_diffusion,mode=one_step|steps=30|after=15|before=20|alpha_q=0.01|alpha_p=0.01|trust=0.0,spline,300,10,0.6338549389497627,0.6383226080364142,0.5042042505659777,0.4933117417535505,1.0070484093632748,0.9783966343000874,0.3333333333333333,0.9166666666666666
fixed_diffusion,mode=robust_hamres|steps=30|after=15|before=20|alpha_q=0.01|alpha_p=0.01|trust=0.0|ham_sigma=0.5|ham_delta=2.0,spline,300,10,0.6338549389497627,0.6372558735434593,0.5042042505659777,0.49521875078921185,1.0053654777847618,0.9821788496096978,0.5,0.9166666666666666
fixed_diffusion,mode=robust_hamres|steps=50|after=15|before=20|alpha_q=0.005|alpha_p=0.005|trust=0.0|ham_sigma=1.0|ham_delta=1.0,spline,300,10,0.6338549389497627,0.6344194488295298,0.5042042505659777,0.49813543834053153,1.000890597903524,0.9879635837686139,0.6666666666666666,0.75
fixed_diffusion,mode=one_step|steps=30|after=15|before=20|alpha_q=0.01|alpha_p=0.01|trust=0.001,spline,300,10,0.6338549389497627,0.6383225205295981,0.5042042505659777,0.49331158032055755,1.0070482713083182,0.9783963141262833,0.3333333333333333,0.9166666666666666
fixed_diffusion,mode=robust_hamres|steps=30|after=15|before=20|alpha_q=0.01|alpha_p=0.01|trust=0.001|ham_sigma=0.5|ham_delta=2.0,spline,300,10,0.6338549389497627,0.6372560463932103,0.5042042505659777,0.49521858423029574,1.0053657504808322,0.9821785192695313,0.5,0.9166666666666666
fixed_diffusion,mode=robust_hamres|steps=50|after=15|before=20|alpha_q=0.005|alpha_p=0.005|trust=0.001|ham_sigma=0.5|ham_delta=2.0,spline,300,10,0.6338549389497627,0.6368729342959247,0.5042042505659777,0.4967540785284763,1.0047613344327055,0.985223900772081,0.5,0.9166666666666666
fixed_diffusion,mode=one_step|steps=50|after=10|before=20|alpha_q=0.01|alpha_p=0.01|trust=0.001,spline,300,10,0.6338549389497627,0.645581771173466,0.5042042505659777,0.48568323957363546,1.018500813834682,0.9632668487591048,0.3333333333333333,0.9166666666666666
fixed_diffusion,mode=robust_hamres|steps=50|after=10|before=20|alpha_q=0.01|alpha_p=0.01|trust=0.0|ham_sigma=1.0|ham_delta=2.0,spline,300,10,0.6338549389497627,0.6331116037881459,0.5042042505659777,0.48847401467171997,0.9988272787416494,0.9688018578252755,0.8333333333333334,0.75
fixed_diffusion,mode=robust_hamres|steps=50|after=10|before=20|alpha_q=0.005|alpha_p=0.005|trust=0.0|ham_sigma=0.5|ham_delta=2.0,spline,300,10,0.6338549389497627,0.6374150008019198,0.5042042505659777,0.4948130281147546,1.0056165245916608,0.981374170406772,0.5,0.9166666666666666
fixed_diffusion,mode=robust_hamres|steps=30|after=15|before=20|alpha_q=0.005|alpha_p=0.005|trust=0.001|ham_sigma=0.5|ham_delta=2.0,spline,300,10,0.6338549389497627,0.6358471848625099,0.5042042505659777,0.49978382624538975,1.003143062852911,0.9912328697831762,0.5833333333333334,1.0
fixed_diffusion,mode=robust_hamres|steps=50|after=10|before=20|alpha_q=0.01|alpha_p=0.01|trust=0.001|ham_sigma=0.5|ham_delta=2.0,spline,300,10,0.6338549389497627,0.6425496742502165,0.5042042505659777,0.48526843167485556,1.0137172320765695,0.9624441506197808,0.5833333333333334,0.8333333333333334
fixed_diffusion,mode=robust_hamres|steps=30|after=10|before=20|alpha_q=0.01|alpha_p=0.01|trust=0.0|ham_sigma=1.0|ham_delta=2.0,spline,300,11,0.6334264423965408,0.6284594550532165,0.512140139019786,0.5115050247435071,0.9921585412119333,0.9987598818606672,0.8333333333333334,0.6666666666666666
fixed_diffusion,mode=one_step|steps=30|after=15|before=20|alpha_q=0.01|alpha_p=0.01|trust=0.0,spline,300,11,0.6334264423965408,0.6350672672731656,0.512140139019786,0.512326183037703,1.0025903952958088,1.0003632677928216,0.4166666666666667,0.75
fixed_diffusion,mode=robust_hamres|steps=30|after=15|before=20|alpha_q=0.01|alpha_p=0.01|trust=0.0|ham_sigma=0.5|ham_delta=2.0,spline,300,11,0.6334264423965408,0.6316687193545918,0.512140139019786,0.5122603701887776,0.9972250557850115,1.000234762245392,0.75,0.75
fixed_diffusion,mode=robust_hamres|steps=50|after=15|before=20|alpha_q=0.005|alpha_p=0.005|trust=0.0|ham_sigma=1.0|ham_delta=1.0,spline,300,11,0.6334264423965408,0.6307878759772688,0.512140139019786,0.5110862327967437,0.9958344548906277,0.9979421526595057,0.8333333333333334,0.5833333333333334
fixed_diffusion,mode=one_step|steps=30|after=15|before=20|alpha_q=0.01|alpha_p=0.01|trust=0.001,spline,300,11,0.6334264423965408,0.6350671599623705,0.512140139019786,0.5123264172037114,1.0025902258826174,1.0003637250231587,0.4166666666666667,0.75
fixed_diffusion,mode=robust_hamres|steps=30|after=15|before=20|alpha_q=0.01|alpha_p=0.01|trust=0.001|ham_sigma=0.5|ham_delta=2.0,spline,300,11,0.6334264423965408,0.6316685653331011,0.512140139019786,0.5122604722355887,0.9972248126289316,1.0002349615010317,0.75,0.75
fixed_diffusion,mode=robust_hamres|steps=50|after=15|before=20|alpha_q=0.005|alpha_p=0.005|trust=0.001|ham_sigma=0.5|ham_delta=2.0,spline,300,11,0.6334264423965408,0.6326590137713193,0.512140139019786,0.5121717318895777,0.9987884487071332,1.0000616879392663,0.75,0.75
fixed_diffusion,mode=one_step|steps=50|after=10|before=20|alpha_q=0.01|alpha_p=0.01|trust=0.001,spline,300,11,0.6334264423965408,0.6337748354258665,0.512140139019786,0.5128468791170547,1.00055001339699,1.0013799740411315,0.3333333333333333,0.75
fixed_diffusion,mode=robust_hamres|steps=50|after=10|before=20|alpha_q=0.01|alpha_p=0.01|trust=0.0|ham_sigma=1.0|ham_delta=2.0,spline,300,11,0.6334264423965408,0.6096534964501685,0.512140139019786,0.5149635361919418,0.9624692871102312,1.0055129386608122,0.9166666666666666,0.5
fixed_diffusion,mode=robust_hamres|steps=50|after=10|before=20|alpha_q=0.005|alpha_p=0.005|trust=0.0|ham_sigma=0.5|ham_delta=2.0,spline,300,11,0.6334264423965408,0.6324101721424075,0.512140139019786,0.5124335980886261,0.998395598626593,1.0005730054070783,0.6666666666666666,0.75
fixed_diffusion,mode=robust_hamres|steps=30|after=15|before=20|alpha_q=0.005|alpha_p=0.005|trust=0.001|ham_sigma=0.5|ham_delta=2.0,spline,300,11,0.6334264423965408,0.6340316914826056,0.512140139019786,0.5121013504722034,1.000955515977159,0.9999242618482184,0.6666666666666666,0.75
fixed_diffusion,mode=robust_hamres|steps=50|after=10|before=20|alpha_q=0.01|alpha_p=0.01|trust=0.001|ham_sigma=0.5|ham_delta=2.0,spline,300,11,0.6334264423965408,0.6233759558828507,0.512140139019786,0.5149450623952823,0.9841331434228344,1.005476866899878,0.8333333333333334,0.75
fixed_diffusion,mode=robust_hamres|steps=30|after=10|before=20|alpha_q=0.01|alpha_p=0.01|trust=0.0|ham_sigma=1.0|ham_delta=2.0,spline,700,10,0.5930733882182406,0.5829187996052105,0.4749699134178561,0.47270580568208176,0.9828780235047515,0.9952331554656126,1.0,0.6666666666666666
fixed_diffusion,mode=one_step|steps=30|after=15|before=20|alpha_q=0.01|alpha_p=0.01|trust=0.0,spline,700,10,0.5930733882182406,0.5786329459462152,0.4749699134178561,0.47393944466571414,0.9756515086346925,0.9978304546813781,1.0,0.75
fixed_diffusion,mode=robust_hamres|steps=30|after=15|before=20|alpha_q=0.01|alpha_p=0.01|trust=0.0|ham_sigma=0.5|ham_delta=2.0,spline,700,10,0.5930733882182406,0.5798114863678773,0.4749699134178561,0.4741287382731463,0.9776386833167379,0.9982289927826022,1.0,0.8333333333333334
fixed_diffusion,mode=robust_hamres|steps=50|after=15|before=20|alpha_q=0.005|alpha_p=0.005|trust=0.0|ham_sigma=1.0|ham_delta=1.0,spline,700,10,0.5930733882182406,0.5858404388640539,0.4749699134178561,0.47156632511390084,0.9878042928617712,0.9928340970495094,0.9166666666666666,0.6666666666666666
fixed_diffusion,mode=one_step|steps=30|after=15|before=20|alpha_q=0.01|alpha_p=0.01|trust=0.001,spline,700,10,0.5930733882182406,0.5786332792249005,0.4749699134178561,0.473939566152054,0.9756520705865386,0.9978307104582945,1.0,0.75
fixed_diffusion,mode=robust_hamres|steps=30|after=15|before=20|alpha_q=0.01|alpha_p=0.01|trust=0.001|ham_sigma=0.5|ham_delta=2.0,spline,700,10,0.5930733882182406,0.5798124103271036,0.4749699134178561,0.47412866514142316,0.9776402412339277,0.9982288388113273,1.0,0.8333333333333334
fixed_diffusion,mode=robust_hamres|steps=50|after=15|before=20|alpha_q=0.005|alpha_p=0.005|trust=0.001|ham_sigma=0.5|ham_delta=2.0,spline,700,10,0.5930733882182406,0.581689212635331,0.4749699134178561,0.47438795555997304,0.9808047776058358,0.998774747954675,1.0,0.8333333333333334
fixed_diffusion,mode=one_step|steps=50|after=10|before=20|alpha_q=0.01|alpha_p=0.01|trust=0.001,spline,700,10,0.5930733882182406,0.5702064041988851,0.4749699134178561,0.47268532271284036,0.9614432472041035,0.9951900306935739,1.0,0.75
fixed_diffusion,mode=robust_hamres|steps=50|after=10|before=20|alpha_q=0.01|alpha_p=0.01|trust=0.0|ham_sigma=1.0|ham_delta=2.0,spline,700,10,0.5930733882182406,0.5741088184853649,0.4749699134178561,0.4663737399183784,0.9680232326898858,0.981901646279824,0.9166666666666666,0.5833333333333334
fixed_diffusion,mode=robust_hamres|steps=50|after=10|before=20|alpha_q=0.005|alpha_p=0.005|trust=0.0|ham_sigma=0.5|ham_delta=2.0,spline,700,10,0.5930733882182406,0.5801895096736649,0.4749699134178561,0.4742546319100919,0.9782760804977567,0.9984940488069716,1.0,0.75
fixed_diffusion,mode=robust_hamres|steps=30|after=15|before=20|alpha_q=0.005|alpha_p=0.005|trust=0.001|ham_sigma=0.5|ham_delta=2.0,spline,700,10,0.5930733882182406,0.585721024942089,0.4749699134178561,0.4747947614942699,0.9876029452303698,0.9996312357506483,1.0,0.8333333333333334
fixed_diffusion,mode=robust_hamres|steps=50|after=10|before=20|alpha_q=0.01|alpha_p=0.01|trust=0.001|ham_sigma=0.5|ham_delta=2.0,spline,700,10,0.5930733882182406,0.5669477804623271,0.4749699134178561,0.4694242471321207,0.9559487775460601,0.9883241735337949,0.9166666666666666,0.6666666666666666
fixed_diffusion,mode=robust_hamres|steps=30|after=10|before=20|alpha_q=0.01|alpha_p=0.01|trust=0.0|ham_sigma=1.0|ham_delta=2.0,spline,700,11,0.5711092012375962,0.5695444510274126,0.4919836451845786,0.49456985124713126,0.9972601558392111,1.0052566911275727,0.5833333333333334,0.4166666666666667
fixed_diffusion,mode=one_step|steps=30|after=15|before=20|alpha_q=0.01|alpha_p=0.01|trust=0.0,spline,700,11,0.5711092012375962,0.5698804186228296,0.4919836451845786,0.49291442943180785,0.99784842791518,1.0018919007904827,0.5833333333333334,0.75
fixed_diffusion,mode=robust_hamres|steps=30|after=15|before=20|alpha_q=0.01|alpha_p=0.01|trust=0.0|ham_sigma=0.5|ham_delta=2.0,spline,700,11,0.5711092012375962,0.5690997435110671,0.4919836451845786,0.49362197246819595,0.9964814824867562,1.0033300441989341,0.5,0.5
fixed_diffusion,mode=robust_hamres|steps=50|after=15|before=20|alpha_q=0.005|alpha_p=0.005|trust=0.0|ham_sigma=1.0|ham_delta=1.0,spline,700,11,0.5711092012375962,0.5699179995037356,0.4919836451845786,0.49380023532656836,0.997914231234098,1.0036923791263594,0.5833333333333334,0.4166666666666667
fixed_diffusion,mode=one_step|steps=30|after=15|before=20|alpha_q=0.01|alpha_p=0.01|trust=0.001,spline,700,11,0.5711092012375962,0.569880615133604,0.4919836451845786,0.4929138756239393,0.9978487720013443,1.001890775127315,0.5833333333333334,0.75
fixed_diffusion,mode=robust_hamres|steps=30|after=15|before=20|alpha_q=0.01|alpha_p=0.01|trust=0.001|ham_sigma=0.5|ham_delta=2.0,spline,700,11,0.5711092012375962,0.5690999816376403,0.4919836451845786,0.49362199809701374,0.9964818994412944,1.0033300962917588,0.5,0.5
fixed_diffusion,mode=robust_hamres|steps=50|after=15|before=20|alpha_q=0.005|alpha_p=0.005|trust=0.001|ham_sigma=0.5|ham_delta=2.0,spline,700,11,0.5711092012375962,0.5694960177102496,0.4919836451845786,0.4933087608444089,0.9971753501364523,1.002693414044959,0.5,0.5
fixed_diffusion,mode=one_step|steps=50|after=10|before=20|alpha_q=0.01|alpha_p=0.01|trust=0.001,spline,700,11,0.5711092012375962,0.5681536850902049,0.4919836451845786,0.49448329661536705,0.9948249544202988,1.0050807612310988,0.9166666666666666,0.75
fixed_diffusion,mode=robust_hamres|steps=50|after=10|before=20|alpha_q=0.01|alpha_p=0.01|trust=0.0|ham_sigma=1.0|ham_delta=2.0,spline,700,11,0.5711092012375962,0.5675670825600027,0.4919836451845786,0.49647915432623013,0.9937978259325576,1.009137517447282,0.6666666666666666,0.5
fixed_diffusion,mode=robust_hamres|steps=50|after=10|before=20|alpha_q=0.005|alpha_p=0.005|trust=0.0|ham_sigma=0.5|ham_delta=2.0,spline,700,11,0.5711092012375962,0.570041808035433,0.4919836451845786,0.4939353369047433,0.9981310173258456,1.0039669849582753,0.5833333333333334,0.5
fixed_diffusion,mode=robust_hamres|steps=30|after=15|before=20|alpha_q=0.005|alpha_p=0.005|trust=0.001|ham_sigma=0.5|ham_delta=2.0,spline,700,11,0.5711092012375962,0.5701447597339098,0.4919836451845786,0.492717861018947,0.9983112835485815,1.0014923582146575,0.5833333333333334,0.5833333333333334
fixed_diffusion,mode=robust_hamres|steps=50|after=10|before=20|alpha_q=0.01|alpha_p=0.01|trust=0.001|ham_sigma=0.5|ham_delta=2.0,spline,700,11,0.5711092012375962,0.5670747177639045,0.4919836451845786,0.49657379849971917,0.9929357057022563,1.0093298900483134,0.6666666666666666,0.4166666666666667
fixed_diffusion,mode=robust_hamres|steps=30|after=10|before=20|alpha_q=0.01|alpha_p=0.01|trust=0.0|ham_sigma=1.0|ham_delta=2.0,spline,1000,10,0.32016440600801915,0.28466888895203213,0.11055858735316795,0.10120599937235272,0.8891334689618872,0.9154060466516332,0.25,0.6666666666666666
fixed_diffusion,mode=one_step|steps=30|after=15|before=20|alpha_q=0.01|alpha_p=0.01|trust=0.0,spline,1000,10,0.32016440600801915,0.2863191616098242,0.11055858735316795,0.10154212077776853,0.8942879228200424,0.9184462573983759,0.25,0.5833333333333334
fixed_diffusion,mode=robust_hamres|steps=30|after=15|before=20|alpha_q=0.01|alpha_p=0.01|trust=0.0|ham_sigma=0.5|ham_delta=2.0,spline,1000,10,0.32016440600801915,0.2814242782586496,0.11055858735316795,0.10421349013530168,0.8789992671815016,0.9426087347010186,0.25,0.6666666666666666
fixed_diffusion,mode=robust_hamres|steps=50|after=15|before=20|alpha_q=0.005|alpha_p=0.005|trust=0.0|ham_sigma=1.0|ham_delta=1.0,spline,1000,10,0.32016440600801915,0.29011292214050044,0.11055858735316795,0.09770582354392088,0.9061373366195928,0.8837470329808914,0.25,0.5833333333333334
fixed_diffusion,mode=one_step|steps=30|after=15|before=20|alpha_q=0.01|alpha_p=0.01|trust=0.001,spline,1000,10,0.32016440600801915,0.28632163856766824,0.11055858735316795,0.10154072084900015,0.8942956593385235,0.9184335950733419,0.25,0.5833333333333334
fixed_diffusion,mode=robust_hamres|steps=30|after=15|before=20|alpha_q=0.01|alpha_p=0.01|trust=0.001|ham_sigma=0.5|ham_delta=2.0,spline,1000,10,0.32016440600801915,0.28151110068294316,0.11055858735316795,0.10421001988984006,0.8792704479332164,0.9425773464068599,0.25,0.6666666666666666
fixed_diffusion,mode=robust_hamres|steps=50|after=15|before=20|alpha_q=0.005|alpha_p=0.005|trust=0.001|ham_sigma=0.5|ham_delta=2.0,spline,1000,10,0.32016440600801915,0.28808242234793985,0.11055858735316795,0.10417655690709313,0.8997952831169004,0.9422746744611697,0.25,0.6666666666666666
fixed_diffusion,mode=one_step|steps=50|after=10|before=20|alpha_q=0.01|alpha_p=0.01|trust=0.001,spline,1000,10,0.32016440600801915,0.26842545228502535,0.11055858735316795,0.09374884876059272,0.8383987952686474,0.8479562827726962,0.4166666666666667,0.6666666666666666
fixed_diffusion,mode=robust_hamres|steps=50|after=10|before=20|alpha_q=0.01|alpha_p=0.01|trust=0.0|ham_sigma=1.0|ham_delta=2.0,spline,1000,10,0.32016440600801915,0.26785667276133096,0.11055858735316795,0.0998442496148945,0.8366222719792966,0.9030890499346956,0.3333333333333333,0.75
fixed_diffusion,mode=robust_hamres|steps=50|after=10|before=20|alpha_q=0.005|alpha_p=0.005|trust=0.0|ham_sigma=0.5|ham_delta=2.0,spline,1000,10,0.32016440600801915,0.28683867933997614,0.11055858735316795,0.10485843262921643,0.8959105820551199,0.948442225426208,0.25,0.6666666666666666
fixed_diffusion,mode=robust_hamres|steps=30|after=15|before=20|alpha_q=0.005|alpha_p=0.005|trust=0.001|ham_sigma=0.5|ham_delta=2.0,spline,1000,10,0.32016440600801915,0.30390570805160677,0.11055858735316795,0.09980069745664247,0.9492176592672043,0.9026951216176404,0.25,0.5
fixed_diffusion,mode=robust_hamres|steps=50|after=10|before=20|alpha_q=0.01|alpha_p=0.01|trust=0.001|ham_sigma=0.5|ham_delta=2.0,spline,1000,10,0.32016440600801915,0.25633240232587506,0.11055858735316795,0.09584009046049932,0.8006274198995584,0.8668715181241243,0.3333333333333333,0.75
fixed_diffusion,mode=robust_hamres|steps=30|after=10|before=20|alpha_q=0.01|alpha_p=0.01|trust=0.0|ham_sigma=1.0|ham_delta=2.0,spline,1000,11,0.2541843135077269,0.20714134367137851,0.1518578144810997,0.1338619846836172,0.8149257553026837,0.8814955301511845,0.5833333333333334,0.6666666666666666
fixed_diffusion,mode=one_step|steps=30|after=15|before=20|alpha_q=0.01|alpha_p=0.01|trust=0.0,spline,1000,11,0.2541843135077269,0.255617813273405,0.1518578144810997,0.1377204727017743,1.0056396075190317,0.9069040876978711,0.4166666666666667,0.5833333333333334
fixed_diffusion,mode=robust_hamres|steps=30|after=15|before=20|alpha_q=0.01|alpha_p=0.01|trust=0.0|ham_sigma=0.5|ham_delta=2.0,spline,1000,11,0.2541843135077269,0.23957595920670138,0.1518578144810997,0.13687304981845888,0.9425284979256541,0.9013237170978394,0.5833333333333334,0.6666666666666666
fixed_diffusion,mode=robust_hamres|steps=50|after=15|before=20|alpha_q=0.005|alpha_p=0.005|trust=0.0|ham_sigma=1.0|ham_delta=1.0,spline,1000,11,0.2541843135077269,0.20133801782764466,0.1518578144810997,0.13110977412083563,0.7920945830574404,0.863371928332036,0.5833333333333334,0.6666666666666666
fixed_diffusion,mode=one_step|steps=30|after=15|before=20|alpha_q=0.01|alpha_p=0.01|trust=0.001,spline,1000,11,0.2541843135077269,0.2555861628409664,0.1518578144810997,0.13778988485721544,1.0055150898727545,0.9073611741881406,0.4166666666666667,0.5833333333333334
fixed_diffusion,mode=robust_hamres|steps=30|after=15|before=20|alpha_q=0.01|alpha_p=0.01|trust=0.001|ham_sigma=0.5|ham_delta=2.0,spline,1000,11,0.2541843135077269,0.239568287566939,0.1518578144810997,0.1368695603174873,0.9424983165204504,0.9013007383595801,0.5833333333333334,0.6666666666666666
fixed_diffusion,mode=robust_hamres|steps=50|after=15|before=20|alpha_q=0.005|alpha_p=0.005|trust=0.001|ham_sigma=0.5|ham_delta=2.0,spline,1000,11,0.2541843135077269,0.24249711254866435,0.1518578144810997,0.1412586985986481,0.9540207623445367,0.9302036848174792,0.5833333333333334,0.6666666666666666
fixed_diffusion,mode=one_step|steps=50|after=10|before=20|alpha_q=0.01|alpha_p=0.01|trust=0.001,spline,1000,11,0.2541843135077269,0.26670512965342863,0.1518578144810997,0.12087624496878609,1.0492588074099274,0.7959830409901653,0.5833333333333334,0.75
fixed_diffusion,mode=robust_hamres|steps=50|after=10|before=20|alpha_q=0.01|alpha_p=0.01|trust=0.0|ham_sigma=1.0|ham_delta=2.0,spline,1000,11,0.2541843135077269,0.2290222827511723,0.1518578144810997,0.12566676465705515,0.901008719187584,0.8275291270749566,0.5833333333333334,0.6666666666666666
fixed_diffusion,mode=robust_hamres|steps=50|after=10|before=20|alpha_q=0.005|alpha_p=0.005|trust=0.0|ham_sigma=0.5|ham_delta=2.0,spline,1000,11,0.2541843135077269,0.23659136188356147,0.1518578144810997,0.14252067769764637,0.9307866351727853,0.9385139525722898,0.5833333333333334,0.6666666666666666
fixed_diffusion,mode=robust_hamres|steps=30|after=15|before=20|alpha_q=0.005|alpha_p=0.005|trust=0.001|ham_sigma=0.5|ham_delta=2.0,spline,1000,11,0.2541843135077269,0.19142323573862963,0.1518578144810997,0.1646110323825395,0.7530883125595025,1.0839813080743834,0.4166666666666667,0.5
fixed_diffusion,mode=robust_hamres|steps=50|after=10|before=20|alpha_q=0.01|alpha_p=0.01|trust=0.001|ham_sigma=0.5|ham_delta=2.0,spline,1000,11,0.2541843135077269,0.22047611874460904,0.1518578144810997,0.11668708748366427,0.8673868017347452,0.7683969895285646,0.6666666666666666,0.75
